user_id,umur,pendapatan_bulanan,status_premium,ab_test_group,tema_aktif,avatar_aktif
USER_05159,24,13600000,False,B,Light Mode,Tech Robot
USER_07204,21,9400000,False,B,Light Mode,Crypto Ninja
USER_00903,28,7800000,False,B,Light Mode,Default User
USER_01769,25,7600000,False,A,Light Mode,Finance Wizard
USER_03544,22,8100000,False,A,Light Mode,Tech Robot
USER_07548,24,13100000,False,B,Dark Mode,Tech Robot
USER_05280,27,11700000,False,A,Light Mode,Default User
USER_03459,20,8300000,True,B,Dark Mode,Default User
USER_04329,24,8900000,False,B,Light Mode,Tech Robot
USER_07264,28,8600000,False,B,Dark Mode,Tech Robot
USER_00434,28,7600000,False,B,Light Mode,Crypto Ninja
USER_00723,25,6000000,False,B,Light Mode,Crypto Ninja
USER_01944,22,13400000,False,A,Dark Mode,Tech Robot
USER_06471,21,7500000,False,B,Dark Mode,Crypto Ninja
USER_01395,25,14300000,False,B,Dark Mode,Default User
USER_00384,25,5500000,False,A,Light Mode,Finance Wizard
USER_00257,20,14200000,False,A,Dark Mode,Crypto Ninja
USER_04931,23,14300000,False,A,Dark Mode,Finance Wizard
USER_05181,22,3400000,True,B,Cute Hello Kitty,Crypto Ninja
USER_07275,19,11300000,False,A,Dark Mode,Tech Robot
USER_05710,25,8100000,False,B,Dark Mode,Crypto Ninja
USER_03731,23,13400000,True,A,Cyberpunk Maskulin,Finance Wizard
USER_01167,19,10400000,False,A,Dark Mode,Finance Wizard
USER_06153,22,14900000,False,B,Light Mode,Tech Robot
USER_01839,18,8300000,False,A,Dark Mode,Finance Wizard
USER_09865,27,6200000,False,B,Dark Mode,Tech Robot
USER_05566,23,7900000,False,B,Light Mode,Tech Robot
USER_04900,26,6700000,True,B,Sunset Lo-Fi,Finance Wizard
USER_06975,18,5600000,False,A,Light Mode,Default User
USER_08737,28,12700000,False,B,Light Mode,Finance Wizard
USER_08347,28,4400000,False,B,Dark Mode,Finance Wizard
USER_06829,27,12500000,True,B,Dark Mode,Crypto Ninja
USER_04117,20,9000000,True,A,Midnight Galaxy,Finance Wizard
USER_06155,24,5000000,False,B,Dark Mode,Crypto Ninja
USER_00051,21,7500000,False,B,Light Mode,Crypto Ninja
USER_00930,26,9800000,False,B,Light Mode,Finance Wizard
USER_03591,20,3500000,False,A,Light Mode,Tech Robot
USER_02590,22,6700000,False,A,Dark Mode,Default User
USER_03043,20,9100000,False,A,Light Mode,Finance Wizard
USER_03935,24,11500000,False,A,Light Mode,Finance Wizard
USER_03336,22,9100000,False,A,Dark Mode,Tech Robot
USER_03325,26,11100000,True,A,Dark Mode,Crypto Ninja
USER_03528,24,10700000,False,B,Light Mode,Tech Robot
USER_01473,19,10300000,True,A,Cyberpunk Maskulin,Tech Robot
USER_03895,21,7500000,False,B,Light Mode,Crypto Ninja
USER_00326,26,4200000,False,A,Light Mode,Finance Wizard
USER_06052,19,12400000,False,A,Light Mode,Tech Robot
USER_03700,27,12300000,True,A,Sunset Lo-Fi,Tech Robot
USER_07984,26,3200000,False,A,Light Mode,Finance Wizard
USER_04870,27,12300000,True,B,Cyberpunk Maskulin,Finance Wizard
USER_04742,22,3500000,False,B,Light Mode,Default User
USER_08741,19,12200000,True,A,Light Mode,Tech Robot
USER_07974,21,3700000,True,A,Cyberpunk Maskulin,Default User
USER_05484,24,7300000,False,A,Dark Mode,Crypto Ninja
USER_07662,25,13800000,True,B,Light Mode,Finance Wizard
USER_01404,20,13600000,False,B,Dark Mode,Finance Wizard
USER_06644,18,13700000,False,B,Light Mode,Default User
USER_03963,21,6200000,True,B,Cute Hello Kitty,Tech Robot
USER_02160,19,11000000,False,B,Light Mode,Crypto Ninja
USER_00509,25,14100000,False,A,Light Mode,Tech Robot
USER_05421,21,10400000,False,A,Dark Mode,Tech Robot
USER_00536,19,10600000,True,B,Light Mode,Default User
USER_03732,23,7900000,False,B,Dark Mode,Tech Robot
USER_00058,23,4000000,True,B,Cyberpunk Maskulin,Default User
USER_01431,27,12400000,False,B,Light Mode,Finance Wizard
USER_01569,21,5700000,False,A,Light Mode,Finance Wizard
USER_09093,23,13700000,False,B,Dark Mode,Finance Wizard
USER_08679,19,9900000,False,B,Light Mode,Crypto Ninja
USER_03820,27,7000000,False,A,Dark Mode,Crypto Ninja
USER_03468,19,4500000,False,B,Dark Mode,Tech Robot
USER_02224,27,9700000,True,B,Cute Hello Kitty,Default User
USER_04519,21,12800000,False,A,Dark Mode,Tech Robot
USER_00916,25,7700000,False,A,Light Mode,Finance Wizard
USER_06348,24,8500000,False,A,Dark Mode,Tech Robot
USER_01868,26,9300000,False,B,Dark Mode,Tech Robot
USER_00724,25,8800000,False,A,Dark Mode,Tech Robot
USER_09458,22,11900000,True,B,Light Mode,Finance Wizard
USER_06794,19,9100000,False,B,Dark Mode,Default User
USER_01317,22,15000000,True,A,Dark Mode,Tech Robot
USER_02077,25,10500000,False,B,Dark Mode,Finance Wizard
USER_06845,27,4000000,False,B,Light Mode,Crypto Ninja
USER_02524,26,13000000,False,A,Light Mode,Default User
USER_06965,26,11800000,False,A,Dark Mode,Finance Wizard
USER_02936,18,4700000,False,B,Dark Mode,Tech Robot
USER_00889,26,4800000,True,B,Cute Hello Kitty,Finance Wizard
USER_02268,24,11600000,False,A,Light Mode,Default User
USER_06110,26,8400000,True,A,Light Mode,Tech Robot
USER_06578,25,13100000,False,A,Dark Mode,Crypto Ninja
USER_03529,18,14700000,False,B,Dark Mode,Crypto Ninja
USER_03485,25,11100000,True,A,Dark Mode,Crypto Ninja
USER_00515,25,5500000,False,B,Dark Mode,Finance Wizard
USER_02129,28,3500000,False,B,Light Mode,Default User
USER_08642,20,3300000,False,A,Light Mode,Crypto Ninja
USER_00975,18,13700000,False,B,Light Mode,Tech Robot
USER_06105,25,14400000,True,A,Sunset Lo-Fi,Tech Robot
USER_05483,20,5800000,True,B,Cyberpunk Maskulin,Tech Robot
USER_03020,20,8800000,False,A,Light Mode,Finance Wizard
USER_00836,18,12700000,False,B,Light Mode,Default User
USER_09219,28,4600000,True,B,Sunset Lo-Fi,Default User
USER_02867,22,13600000,False,A,Light Mode,Crypto Ninja
USER_08415,27,7200000,True,A,Sunset Lo-Fi,Default User
USER_00933,24,14600000,False,A,Dark Mode,Tech Robot
USER_00664,27,10900000,False,A,Light Mode,Tech Robot
USER_06850,26,9500000,False,B,Dark Mode,Finance Wizard
USER_09242,24,6300000,False,B,Dark Mode,Tech Robot
USER_06733,26,14800000,False,A,Light Mode,Default User
USER_01196,25,3700000,True,B,Dark Mode,Tech Robot
USER_02750,19,4200000,True,B,Midnight Galaxy,Crypto Ninja
USER_05320,18,13500000,False,B,Dark Mode,Finance Wizard
USER_09262,24,3700000,False,A,Light Mode,Finance Wizard
USER_06818,24,12300000,False,A,Dark Mode,Default User
USER_01268,25,12500000,False,A,Light Mode,Tech Robot
USER_07258,22,12900000,False,B,Light Mode,Tech Robot
USER_09996,20,14000000,True,A,Dark Mode,Default User
USER_03718,25,12300000,False,A,Dark Mode,Default User
USER_02774,23,9400000,False,A,Light Mode,Crypto Ninja
USER_02811,28,7200000,False,B,Dark Mode,Default User
USER_02102,20,6800000,False,A,Light Mode,Tech Robot
USER_09149,18,11000000,True,A,Midnight Galaxy,Crypto Ninja
USER_02898,20,8800000,False,A,Dark Mode,Finance Wizard
USER_03240,22,11300000,False,A,Dark Mode,Tech Robot
USER_02003,20,11700000,False,B,Dark Mode,Finance Wizard
USER_00265,18,14300000,True,A,Light Mode,Finance Wizard
USER_02119,22,11500000,True,A,Cute Hello Kitty,Finance Wizard
USER_09176,27,12200000,False,B,Light Mode,Tech Robot
USER_01496,24,11500000,False,A,Light Mode,Finance Wizard
USER_05834,24,7300000,False,A,Dark Mode,Tech Robot
USER_00028,28,3800000,False,B,Dark Mode,Finance Wizard
USER_05235,26,6600000,False,A,Dark Mode,Default User
USER_01438,27,10300000,False,A,Dark Mode,Default User
USER_00531,27,6500000,False,A,Dark Mode,Tech Robot
USER_02780,20,13000000,False,A,Light Mode,Finance Wizard
USER_09440,24,12100000,False,B,Dark Mode,Finance Wizard
USER_01017,18,5700000,False,B,Light Mode,Finance Wizard
USER_00037,21,7100000,True,B,Cyberpunk Maskulin,Default User
USER_07960,21,7200000,True,A,Light Mode,Finance Wizard
USER_03376,22,11400000,False,A,Light Mode,Finance Wizard
USER_05098,24,11700000,False,B,Dark Mode,Tech Robot
USER_05169,24,7100000,False,B,Dark Mode,Finance Wizard
USER_09907,28,13300000,True,A,Light Mode,Default User
USER_00371,21,9500000,False,A,Light Mode,Finance Wizard
USER_04371,24,8400000,False,A,Dark Mode,Default User
USER_02079,28,10100000,True,A,Sunset Lo-Fi,Default User
USER_06707,20,7700000,False,A,Dark Mode,Crypto Ninja
USER_09491,23,12000000,False,A,Light Mode,Default User
USER_06445,19,5100000,False,B,Dark Mode,Crypto Ninja
USER_05897,27,13000000,True,B,Light Mode,Crypto Ninja
USER_08042,26,5600000,True,A,Sunset Lo-Fi,Finance Wizard
USER_09116,22,15000000,False,A,Light Mode,Crypto Ninja
USER_08946,23,12200000,True,B,Midnight Galaxy,Tech Robot
USER_00408,21,9600000,False,A,Dark Mode,Default User
USER_04676,28,13700000,True,B,Sunset Lo-Fi,Tech Robot
USER_09923,27,4200000,False,A,Light Mode,Crypto Ninja
USER_01043,24,7400000,True,B,Cyberpunk Maskulin,Finance Wizard
USER_06172,26,3900000,False,A,Light Mode,Default User
USER_01705,24,12900000,False,A,Light Mode,Tech Robot
USER_05568,18,3800000,True,A,Cyberpunk Maskulin,Finance Wizard
USER_00301,18,8300000,False,A,Dark Mode,Crypto Ninja
USER_06067,26,14900000,False,A,Dark Mode,Finance Wizard
USER_03315,28,14800000,False,B,Dark Mode,Tech Robot
USER_00414,26,5600000,False,A,Light Mode,Finance Wizard
USER_07678,21,6300000,False,A,Dark Mode,Tech Robot
USER_02353,26,14400000,False,B,Light Mode,Finance Wizard
USER_05321,20,3000000,False,B,Light Mode,Default User
USER_08451,24,6100000,True,B,Dark Mode,Finance Wizard
USER_02656,23,11800000,True,B,Sunset Lo-Fi,Default User
USER_08017,25,12200000,False,A,Light Mode,Tech Robot
USER_02075,28,10000000,False,B,Light Mode,Default User
USER_08782,26,14200000,False,B,Light Mode,Finance Wizard
USER_08433,22,9600000,False,B,Light Mode,Default User
USER_04308,18,11300000,False,A,Dark Mode,Tech Robot
USER_00698,20,4900000,False,A,Dark Mode,Finance Wizard
USER_04926,27,14600000,False,A,Light Mode,Default User
USER_01698,25,12300000,False,B,Light Mode,Default User
USER_00532,28,6400000,False,B,Dark Mode,Crypto Ninja
USER_05398,23,12800000,True,B,Cute Hello Kitty,Default User
USER_02641,25,14200000,False,A,Dark Mode,Crypto Ninja
USER_01608,26,13200000,False,B,Light Mode,Tech Robot
USER_03541,21,12000000,False,B,Dark Mode,Crypto Ninja
USER_05974,18,11900000,False,A,Dark Mode,Tech Robot
USER_09037,18,10700000,False,B,Light Mode,Default User
USER_05270,27,4600000,False,A,Light Mode,Default User
USER_01958,21,4700000,False,B,Dark Mode,Crypto Ninja
USER_00886,24,7400000,False,B,Light Mode,Tech Robot
USER_00898,19,14500000,False,B,Dark Mode,Default User
USER_08809,20,12200000,False,B,Dark Mode,Crypto Ninja
USER_00654,18,11300000,False,B,Light Mode,Crypto Ninja
USER_02819,22,8200000,False,A,Light Mode,Crypto Ninja
USER_05547,18,12000000,False,A,Dark Mode,Default User
USER_05720,25,11100000,False,B,Light Mode,Tech Robot
USER_04638,18,9700000,False,A,Light Mode,Default User
USER_08645,28,9400000,False,A,Light Mode,Finance Wizard
USER_08934,18,14300000,False,B,Light Mode,Finance Wizard
USER_00514,19,3000000,False,B,Light Mode,Default User
USER_02294,19,8700000,False,A,Light Mode,Tech Robot
USER_02074,23,5500000,False,A,Light Mode,Crypto Ninja
USER_05613,24,13800000,False,A,Dark Mode,Finance Wizard
USER_01587,22,4900000,False,A,Light Mode,Finance Wizard
USER_06019,18,14500000,False,A,Dark Mode,Default User
USER_01432,18,11600000,False,B,Light Mode,Finance Wizard
USER_08132,20,3900000,False,A,Dark Mode,Finance Wizard
USER_05470,19,8800000,False,A,Light Mode,Crypto Ninja
USER_05934,22,10400000,True,A,Dark Mode,Crypto Ninja
USER_03232,27,7000000,False,B,Light Mode,Tech Robot
USER_01357,23,13400000,False,A,Dark Mode,Finance Wizard
USER_03739,24,3400000,False,A,Light Mode,Tech Robot
USER_02393,21,9400000,False,A,Light Mode,Tech Robot
USER_09084,24,4600000,False,B,Dark Mode,Crypto Ninja
USER_03612,28,5100000,False,B,Dark Mode,Crypto Ninja
USER_09761,25,12700000,True,A,Cyberpunk Maskulin,Default User
USER_02259,28,14900000,False,A,Dark Mode,Crypto Ninja
USER_01625,18,13800000,False,A,Dark Mode,Tech Robot
USER_07297,23,7000000,False,B,Light Mode,Finance Wizard
USER_03619,25,12200000,False,B,Dark Mode,Tech Robot
USER_00638,22,9700000,False,A,Light Mode,Tech Robot
USER_08615,21,9800000,False,A,Dark Mode,Tech Robot
USER_02212,19,4000000,False,A,Light Mode,Crypto Ninja
USER_03802,23,8500000,False,A,Dark Mode,Tech Robot
USER_02110,23,8000000,False,B,Light Mode,Default User
USER_08040,28,5000000,False,A,Light Mode,Finance Wizard
USER_00129,18,12800000,False,A,Dark Mode,Crypto Ninja
USER_03360,26,10500000,False,A,Dark Mode,Tech Robot
USER_04883,28,5500000,False,B,Light Mode,Default User
USER_01936,23,14400000,False,B,Light Mode,Finance Wizard
USER_08983,20,4800000,False,A,Dark Mode,Tech Robot
USER_06197,21,13800000,False,A,Dark Mode,Finance Wizard
USER_02530,28,8900000,False,A,Dark Mode,Crypto Ninja
USER_07797,21,10000000,True,A,Dark Mode,Crypto Ninja
USER_03907,20,7600000,False,A,Dark Mode,Default User
USER_01658,27,14800000,True,B,Midnight Galaxy,Crypto Ninja
USER_04724,20,10000000,True,B,Sunset Lo-Fi,Default User
USER_02766,20,5500000,False,B,Dark Mode,Tech Robot
USER_03998,21,6900000,False,A,Dark Mode,Finance Wizard
USER_08369,24,3400000,False,B,Dark Mode,Crypto Ninja
USER_00056,21,5000000,False,B,Dark Mode,Finance Wizard
USER_02349,26,10700000,False,A,Light Mode,Finance Wizard
USER_00676,18,3300000,True,A,Sunset Lo-Fi,Tech Robot
USER_02402,25,5200000,False,A,Light Mode,Tech Robot
USER_05241,24,13500000,False,A,Light Mode,Crypto Ninja
USER_03498,19,11300000,False,A,Dark Mode,Tech Robot
USER_03413,25,4400000,False,B,Light Mode,Finance Wizard
USER_07915,18,14300000,False,A,Dark Mode,Default User
USER_08975,28,14500000,False,B,Dark Mode,Default User
USER_08792,26,13800000,False,A,Light Mode,Default User
USER_09413,26,12200000,False,B,Light Mode,Crypto Ninja
USER_05151,19,3700000,True,A,Cute Hello Kitty,Tech Robot
USER_03461,24,7000000,False,B,Light Mode,Tech Robot
USER_09969,27,14100000,True,A,Dark Mode,Tech Robot
USER_02721,20,4800000,False,A,Dark Mode,Tech Robot
USER_04273,24,14100000,False,B,Dark Mode,Finance Wizard
USER_08680,27,13200000,False,A,Dark Mode,Default User
USER_09953,26,7500000,False,B,Light Mode,Finance Wizard
USER_03062,21,5700000,False,B,Dark Mode,Crypto Ninja
USER_06999,18,13900000,False,A,Dark Mode,Default User
USER_06474,19,15000000,False,A,Dark Mode,Default User
USER_03284,18,12000000,False,B,Light Mode,Finance Wizard
USER_09008,22,9700000,True,A,Dark Mode,Crypto Ninja
USER_09640,22,4400000,False,B,Dark Mode,Crypto Ninja
USER_08561,28,12800000,False,B,Light Mode,Default User
USER_06026,24,6600000,True,A,Cute Hello Kitty,Tech Robot
USER_03949,26,3000000,False,A,Dark Mode,Crypto Ninja
USER_05154,26,9600000,True,B,Midnight Galaxy,Finance Wizard
USER_08381,20,14000000,False,A,Light Mode,Crypto Ninja
USER_00400,20,5300000,False,A,Light Mode,Default User
USER_06847,20,5600000,False,A,Dark Mode,Tech Robot
USER_08542,21,6900000,True,B,Dark Mode,Crypto Ninja
USER_09488,25,9200000,False,A,Dark Mode,Default User
USER_00922,23,9000000,True,A,Cyberpunk Maskulin,Crypto Ninja
USER_04607,25,6500000,False,B,Light Mode,Tech Robot
USER_01456,18,12700000,False,A,Light Mode,Finance Wizard
USER_05910,25,12200000,False,A,Light Mode,Default User
USER_00917,21,5300000,False,B,Light Mode,Default User
USER_06600,28,5300000,False,B,Light Mode,Tech Robot
USER_05474,18,13500000,False,B,Dark Mode,Default User
USER_02147,25,3300000,False,A,Light Mode,Tech Robot
USER_07878,21,9600000,False,B,Dark Mode,Default User
USER_05315,23,6300000,False,A,Light Mode,Tech Robot
USER_03179,25,8600000,False,A,Dark Mode,Crypto Ninja
USER_06659,21,7800000,True,A,Midnight Galaxy,Crypto Ninja
USER_08234,20,11600000,False,A,Dark Mode,Crypto Ninja
USER_04984,26,8200000,True,B,Midnight Galaxy,Default User
USER_01854,20,14900000,False,A,Light Mode,Tech Robot
USER_09123,26,14500000,False,B,Light Mode,Tech Robot
USER_00747,19,5200000,False,B,Light Mode,Finance Wizard
USER_01784,19,13800000,False,B,Dark Mode,Crypto Ninja
USER_00108,19,9800000,True,A,Cute Hello Kitty,Finance Wizard
USER_09183,23,12400000,False,B,Dark Mode,Crypto Ninja
USER_04936,20,8200000,False,A,Light Mode,Finance Wizard
USER_07078,26,9100000,False,A,Light Mode,Crypto Ninja
USER_08919,21,7000000,False,B,Dark Mode,Tech Robot
USER_01306,18,8600000,False,A,Light Mode,Crypto Ninja
USER_09911,21,15000000,False,A,Light Mode,Default User
USER_04981,18,8900000,False,B,Light Mode,Crypto Ninja
USER_00778,22,8300000,True,A,Dark Mode,Crypto Ninja
USER_09711,21,9900000,False,B,Light Mode,Tech Robot
USER_09742,25,13000000,False,A,Light Mode,Default User
USER_02432,25,8600000,False,A,Dark Mode,Tech Robot
USER_08199,24,3900000,False,A,Dark Mode,Finance Wizard
USER_00242,20,6900000,False,A,Light Mode,Finance Wizard
USER_02621,18,3600000,False,A,Light Mode,Default User
USER_08067,18,13200000,False,B,Light Mode,Finance Wizard
USER_09889,28,6700000,True,B,Midnight Galaxy,Default User
USER_04443,20,11400000,False,B,Dark Mode,Crypto Ninja
USER_02737,23,9000000,True,A,Dark Mode,Finance Wizard
USER_03856,24,11300000,True,B,Midnight Galaxy,Crypto Ninja
USER_03347,23,3200000,False,B,Dark Mode,Tech Robot
USER_06144,23,8000000,False,B,Dark Mode,Finance Wizard
USER_06735,23,11500000,False,A,Dark Mode,Tech Robot
USER_07707,20,7600000,False,B,Dark Mode,Tech Robot
USER_00644,23,9700000,False,B,Dark Mode,Default User
USER_08775,25,12100000,False,A,Dark Mode,Tech Robot
USER_02748,28,10500000,False,B,Light Mode,Default User
USER_02713,28,6700000,False,A,Dark Mode,Default User
USER_05744,19,14400000,False,B,Dark Mode,Default User
USER_06734,22,6500000,False,B,Light Mode,Default User
USER_08129,18,14000000,False,B,Dark Mode,Default User
USER_08898,18,7000000,True,A,Cyberpunk Maskulin,Crypto Ninja
USER_07051,22,9800000,False,A,Dark Mode,Default User
USER_08196,20,4200000,False,B,Light Mode,Finance Wizard
USER_02163,21,11600000,False,A,Light Mode,Default User
USER_02417,20,8700000,True,A,Sunset Lo-Fi,Crypto Ninja
USER_03666,18,7900000,False,B,Dark Mode,Finance Wizard
USER_04488,18,5900000,False,A,Light Mode,Finance Wizard
USER_08442,22,9100000,False,A,Dark Mode,Crypto Ninja
USER_05836,23,13000000,True,A,Cute Hello Kitty,Finance Wizard
USER_02809,20,5400000,False,A,Dark Mode,Crypto Ninja
USER_08127,26,14100000,False,B,Dark Mode,Tech Robot
USER_02847,22,5600000,False,B,Dark Mode,Tech Robot
USER_01038,25,8000000,False,B,Dark Mode,Default User
USER_06610,18,10700000,False,B,Dark Mode,Default User
USER_04050,22,8600000,False,B,Light Mode,Default User
USER_00394,20,14100000,True,B,Cute Hello Kitty,Default User
USER_08128,18,7600000,True,A,Dark Mode,Crypto Ninja
USER_08366,21,14700000,False,B,Light Mode,Tech Robot
USER_07001,22,12900000,False,A,Dark Mode,Crypto Ninja
USER_00788,24,6800000,True,B,Light Mode,Finance Wizard
USER_00387,18,4500000,False,B,Light Mode,Finance Wizard
USER_03053,20,14900000,False,A,Dark Mode,Finance Wizard
USER_06171,19,5100000,True,B,Cute Hello Kitty,Finance Wizard
USER_04843,26,11400000,False,A,Light Mode,Finance Wizard
USER_06243,27,8300000,True,B,Cute Hello Kitty,Tech Robot
USER_06832,23,5000000,True,A,Cyberpunk Maskulin,Crypto Ninja
USER_06352,27,10100000,True,B,Cyberpunk Maskulin,Finance Wizard
USER_09538,20,14200000,False,A,Dark Mode,Default User
USER_06453,25,4500000,True,A,Cute Hello Kitty,Tech Robot
USER_00926,25,8800000,True,A,Sunset Lo-Fi,Default User
USER_07860,19,14800000,False,A,Light Mode,Tech Robot
USER_00789,23,6000000,False,A,Dark Mode,Tech Robot
USER_05480,24,7100000,False,B,Dark Mode,Default User
USER_02316,19,10300000,False,A,Dark Mode,Default User
USER_09204,28,6100000,True,A,Midnight Galaxy,Finance Wizard
USER_05813,27,8800000,False,A,Light Mode,Default User
USER_03578,19,6300000,False,B,Light Mode,Crypto Ninja
USER_03310,27,3800000,False,B,Light Mode,Tech Robot
USER_06891,18,11000000,False,B,Dark Mode,Tech Robot
USER_07513,25,4000000,False,B,Light Mode,Finance Wizard
USER_04754,18,12500000,True,A,Midnight Galaxy,Tech Robot
USER_09794,26,3900000,False,A,Light Mode,Default User
USER_06161,28,11500000,True,A,Dark Mode,Tech Robot
USER_04601,23,15000000,False,B,Dark Mode,Tech Robot
USER_03936,24,4600000,False,B,Light Mode,Default User
USER_06480,27,9700000,False,A,Dark Mode,Default User
USER_05351,24,7700000,False,A,Light Mode,Tech Robot
USER_07068,27,8100000,False,A,Light Mode,Crypto Ninja
USER_08989,20,14000000,False,A,Light Mode,Default User
USER_09015,19,5400000,False,B,Light Mode,Crypto Ninja
USER_01749,26,5000000,False,A,Light Mode,Crypto Ninja
USER_01505,25,13000000,False,B,Light Mode,Finance Wizard
USER_05752,27,13100000,False,A,Light Mode,Crypto Ninja
USER_08811,24,14200000,False,B,Dark Mode,Finance Wizard
USER_03874,26,9400000,False,B,Light Mode,Crypto Ninja
USER_05381,21,9200000,False,B,Light Mode,Finance Wizard
USER_09135,21,11800000,False,B,Dark Mode,Default User
USER_01085,18,8000000,True,B,Dark Mode,Tech Robot
USER_03588,25,6500000,False,B,Light Mode,Tech Robot
USER_05937,20,11000000,False,B,Light Mode,Finance Wizard
USER_01647,24,13400000,False,B,Light Mode,Default User
USER_06024,19,11700000,False,B,Dark Mode,Finance Wizard
USER_02879,19,9500000,False,B,Light Mode,Finance Wizard
USER_00246,24,13300000,False,B,Dark Mode,Default User
USER_05144,23,4400000,False,B,Light Mode,Crypto Ninja
USER_03888,20,12500000,False,A,Light Mode,Crypto Ninja
USER_05088,26,6800000,False,A,Dark Mode,Default User
USER_08925,27,9900000,True,A,Cyberpunk Maskulin,Finance Wizard
USER_01238,23,3000000,True,B,Cyberpunk Maskulin,Tech Robot
USER_06736,27,14000000,False,B,Light Mode,Finance Wizard
USER_07178,27,5200000,False,A,Dark Mode,Crypto Ninja
USER_01078,23,6800000,False,B,Light Mode,Default User
USER_07140,18,8600000,True,B,Sunset Lo-Fi,Default User
USER_06370,21,11000000,False,A,Dark Mode,Default User
USER_07049,27,6300000,False,B,Dark Mode,Crypto Ninja
USER_07233,23,7000000,False,B,Light Mode,Finance Wizard
USER_00830,23,12200000,True,A,Midnight Galaxy,Default User
USER_03942,28,10200000,False,B,Light Mode,Tech Robot
USER_00900,22,4200000,False,B,Light Mode,Default User
USER_08166,18,9900000,False,A,Dark Mode,Finance Wizard
USER_09525,25,3500000,False,A,Light Mode,Crypto Ninja
USER_01245,22,11300000,False,B,Light Mode,Tech Robot
USER_00026,22,8100000,False,A,Dark Mode,Tech Robot
USER_06511,24,14600000,False,A,Light Mode,Default User
USER_04114,21,3200000,True,A,Light Mode,Finance Wizard
USER_03761,23,11000000,False,B,Light Mode,Default User
USER_00838,21,9200000,False,B,Dark Mode,Tech Robot
USER_01638,20,7800000,False,B,Light Mode,Default User
USER_07926,24,10500000,False,A,Dark Mode,Finance Wizard
USER_03884,25,14100000,False,B,Dark Mode,Crypto Ninja
USER_08676,21,7600000,False,A,Light Mode,Tech Robot
USER_04167,19,13800000,True,A,Cute Hello Kitty,Finance Wizard
USER_02305,27,8400000,False,A,Light Mode,Default User
USER_06800,20,9300000,False,A,Light Mode,Tech Robot
USER_07004,18,9400000,False,B,Light Mode,Default User
USER_01018,25,11000000,False,B,Dark Mode,Default User
USER_03901,20,9600000,True,A,Sunset Lo-Fi,Crypto Ninja
USER_01000,27,11900000,False,B,Light Mode,Default User
USER_05089,24,4400000,False,B,Dark Mode,Default User
USER_00680,27,12900000,True,B,Cute Hello Kitty,Finance Wizard
USER_00708,22,6100000,False,A,Light Mode,Default User
USER_05885,27,12500000,False,B,Light Mode,Crypto Ninja
USER_04537,22,9700000,True,A,Cyberpunk Maskulin,Default User
USER_05961,24,4700000,False,B,Light Mode,Default User
USER_02040,26,14200000,False,A,Dark Mode,Default User
USER_06256,22,11200000,False,B,Dark Mode,Tech Robot
USER_07387,18,7200000,False,A,Dark Mode,Crypto Ninja
USER_09515,27,14500000,True,A,Midnight Galaxy,Tech Robot
USER_02374,27,6400000,True,B,Midnight Galaxy,Crypto Ninja
USER_02622,18,13300000,False,B,Dark Mode,Crypto Ninja
USER_03044,19,10700000,False,B,Light Mode,Finance Wizard
USER_02817,23,8700000,False,B,Light Mode,Tech Robot
USER_02858,26,6200000,True,A,Sunset Lo-Fi,Crypto Ninja
USER_06992,25,4300000,False,B,Light Mode,Crypto Ninja
USER_00741,22,6300000,False,A,Light Mode,Finance Wizard
USER_09805,18,9000000,False,A,Light Mode,Tech Robot
USER_03571,24,14800000,False,B,Dark Mode,Default User
USER_06834,22,3300000,True,B,Cute Hello Kitty,Finance Wizard
USER_04650,23,11700000,False,B,Light Mode,Crypto Ninja
USER_00136,24,8800000,False,B,Dark Mode,Tech Robot
USER_05174,20,5800000,False,B,Dark Mode,Crypto Ninja
USER_03191,27,11200000,False,A,Light Mode,Finance Wizard
USER_05081,20,3500000,False,A,Light Mode,Finance Wizard
USER_01983,22,15000000,False,B,Light Mode,Tech Robot
USER_05960,23,12600000,False,A,Light Mode,Finance Wizard
USER_05578,26,7800000,False,A,Light Mode,Finance Wizard
USER_07311,22,6900000,False,A,Dark Mode,Default User
USER_05432,18,11200000,False,B,Light Mode,Crypto Ninja
USER_01602,21,14600000,False,A,Dark Mode,Default User
USER_01654,22,9400000,False,B,Dark Mode,Default User
USER_06750,27,9800000,False,B,Dark Mode,Tech Robot
USER_02682,27,5600000,False,A,Light Mode,Finance Wizard
USER_03011,22,10900000,True,B,Sunset Lo-Fi,Crypto Ninja
USER_01003,24,3500000,False,B,Light Mode,Crypto Ninja
USER_07047,21,13300000,False,B,Light Mode,Crypto Ninja
USER_02090,18,4200000,False,B,Light Mode,Finance Wizard
USER_08908,22,14100000,False,A,Light Mode,Crypto Ninja
USER_06046,24,9300000,False,B,Dark Mode,Crypto Ninja
USER_05563,27,9100000,False,A,Light Mode,Finance Wizard
USER_02236,27,12800000,False,B,Dark Mode,Tech Robot
USER_03027,23,4800000,False,B,Dark Mode,Crypto Ninja
USER_08716,22,10500000,False,B,Light Mode,Finance Wizard
USER_06178,21,10900000,False,A,Light Mode,Default User
USER_02924,19,7200000,False,A,Light Mode,Finance Wizard
USER_03506,21,10300000,True,A,Light Mode,Default User
USER_01157,27,11800000,False,A,Light Mode,Finance Wizard
USER_04429,27,4900000,False,A,Light Mode,Crypto Ninja
USER_00530,20,12400000,False,B,Dark Mode,Tech Robot
USER_09722,27,9700000,False,A,Dark Mode,Tech Robot
USER_04084,18,7300000,False,B,Dark Mode,Crypto Ninja
USER_08331,25,5200000,False,A,Dark Mode,Default User
USER_09715,22,3100000,False,B,Dark Mode,Finance Wizard
USER_07164,21,14900000,False,B,Dark Mode,Crypto Ninja
USER_03954,25,5100000,False,B,Light Mode,Finance Wizard
USER_05052,24,14400000,True,B,Light Mode,Crypto Ninja
USER_00314,19,8600000,False,A,Light Mode,Crypto Ninja
USER_01836,18,13000000,False,B,Dark Mode,Finance Wizard
USER_00541,28,10100000,True,A,Midnight Galaxy,Tech Robot
USER_08193,21,3600000,False,A,Dark Mode,Tech Robot
USER_09013,25,10700000,False,B,Light Mode,Default User
USER_07235,19,8500000,True,A,Cyberpunk Maskulin,Finance Wizard
USER_09892,20,14800000,False,B,Light Mode,Default User
USER_02047,18,9600000,False,A,Dark Mode,Crypto Ninja
USER_09821,18,14300000,True,A,Cyberpunk Maskulin,Default User
USER_09635,20,4500000,False,A,Dark Mode,Crypto Ninja
USER_04733,28,14800000,False,A,Light Mode,Finance Wizard
USER_01211,22,11200000,False,A,Light Mode,Finance Wizard
USER_04882,20,8000000,False,A,Light Mode,Finance Wizard
USER_03234,18,11100000,False,A,Light Mode,Finance Wizard
USER_01204,18,14500000,False,B,Light Mode,Default User
USER_01131,25,10900000,True,A,Sunset Lo-Fi,Crypto Ninja
USER_02661,27,10100000,False,B,Light Mode,Tech Robot
USER_09602,28,12600000,False,A,Dark Mode,Finance Wizard
USER_07094,19,14200000,True,B,Cyberpunk Maskulin,Finance Wizard
USER_06660,20,4100000,False,A,Dark Mode,Crypto Ninja
USER_01903,19,8200000,False,A,Light Mode,Tech Robot
USER_00238,20,10400000,False,B,Light Mode,Finance Wizard
USER_05831,24,3400000,False,A,Light Mode,Tech Robot
USER_04859,18,5600000,False,B,Dark Mode,Finance Wizard
USER_01689,27,4100000,False,A,Light Mode,Default User
USER_03649,25,4600000,False,B,Light Mode,Default User
USER_04935,27,3500000,False,A,Dark Mode,Tech Robot
USER_04355,27,12600000,False,A,Dark Mode,Crypto Ninja
USER_09968,27,3400000,False,B,Dark Mode,Crypto Ninja
USER_00885,19,8600000,False,A,Dark Mode,Default User
USER_01721,20,5700000,False,B,Light Mode,Crypto Ninja
USER_06455,26,10700000,False,A,Light Mode,Crypto Ninja
USER_09663,24,9800000,False,B,Dark Mode,Crypto Ninja
USER_05561,21,14700000,True,A,Sunset Lo-Fi,Tech Robot
USER_00072,27,14900000,False,B,Dark Mode,Tech Robot
USER_08788,22,8800000,False,B,Dark Mode,Crypto Ninja
USER_06906,19,6200000,True,A,Cyberpunk Maskulin,Default User
USER_09564,28,9100000,False,A,Dark Mode,Crypto Ninja
USER_03773,25,7900000,False,A,Light Mode,Finance Wizard
USER_05306,21,14100000,False,B,Light Mode,Default User
USER_09109,26,13400000,False,A,Light Mode,Tech Robot
USER_00798,22,4800000,False,A,Dark Mode,Finance Wizard
USER_08527,26,11500000,False,A,Light Mode,Crypto Ninja
USER_09246,21,9800000,True,A,Dark Mode,Crypto Ninja
USER_01221,27,9500000,False,B,Light Mode,Default User
USER_05801,22,12300000,False,B,Light Mode,Default User
USER_03491,26,7600000,False,B,Light Mode,Crypto Ninja
USER_03052,25,6800000,False,B,Dark Mode,Crypto Ninja
USER_08339,20,9700000,False,B,Dark Mode,Default User
USER_09224,18,6200000,False,A,Dark Mode,Finance Wizard
USER_04830,20,4200000,True,A,Dark Mode,Tech Robot
USER_06813,21,11300000,True,B,Light Mode,Default User
USER_05617,19,8300000,False,B,Light Mode,Finance Wizard
USER_09942,18,3600000,False,B,Dark Mode,Crypto Ninja
USER_00110,24,10800000,False,A,Dark Mode,Tech Robot
USER_00949,25,11600000,False,A,Dark Mode,Finance Wizard
USER_04528,24,4300000,True,A,Cute Hello Kitty,Tech Robot
USER_09198,22,11600000,False,B,Light Mode,Tech Robot
USER_00186,18,4800000,False,B,Dark Mode,Tech Robot
USER_04075,24,8300000,False,B,Light Mode,Finance Wizard
USER_03981,24,12200000,False,A,Dark Mode,Finance Wizard
USER_07609,26,14900000,False,B,Light Mode,Crypto Ninja
USER_03786,20,4900000,True,A,Midnight Galaxy,Tech Robot
USER_06408,26,5800000,False,A,Dark Mode,Default User
USER_07228,18,5300000,False,B,Dark Mode,Default User
USER_08379,18,11100000,False,A,Dark Mode,Default User
USER_09305,21,9200000,False,A,Dark Mode,Finance Wizard
USER_06122,26,10300000,True,B,Light Mode,Crypto Ninja
USER_07799,23,13400000,True,B,Cyberpunk Maskulin,Finance Wizard
USER_08938,28,8600000,False,A,Light Mode,Tech Robot
USER_05364,20,3700000,False,B,Light Mode,Default User
USER_05442,18,11900000,True,A,Light Mode,Finance Wizard
USER_03570,21,9100000,True,B,Cute Hello Kitty,Default User
USER_09443,26,5800000,True,B,Midnight Galaxy,Finance Wizard
USER_02057,20,10300000,False,B,Dark Mode,Default User
USER_06549,26,4600000,True,B,Cute Hello Kitty,Tech Robot
USER_05295,24,9500000,False,A,Light Mode,Default User
USER_08937,21,3500000,False,A,Light Mode,Tech Robot
USER_05388,20,8700000,False,A,Light Mode,Tech Robot
USER_00559,27,9800000,True,A,Midnight Galaxy,Finance Wizard
USER_02734,22,5700000,False,B,Dark Mode,Finance Wizard
USER_06487,22,9100000,True,A,Midnight Galaxy,Finance Wizard
USER_09056,20,7000000,False,A,Light Mode,Tech Robot
USER_08844,26,9800000,False,A,Dark Mode,Crypto Ninja
USER_09229,21,11100000,False,B,Dark Mode,Crypto Ninja
USER_01822,28,11900000,False,A,Light Mode,Tech Robot
USER_00355,22,11300000,False,B,Light Mode,Tech Robot
USER_03561,21,7000000,False,A,Dark Mode,Finance Wizard
USER_09388,22,7800000,False,A,Dark Mode,Finance Wizard
USER_06977,24,12000000,False,A,Light Mode,Finance Wizard
USER_00085,26,7800000,False,B,Dark Mode,Crypto Ninja
USER_00614,24,10500000,False,B,Light Mode,Crypto Ninja
USER_05087,22,10000000,False,B,Light Mode,Tech Robot
USER_07978,27,3200000,False,A,Dark Mode,Crypto Ninja
USER_08907,27,3900000,False,A,Light Mode,Finance Wizard
USER_04553,24,12700000,False,B,Dark Mode,Finance Wizard
USER_04354,27,11800000,False,A,Dark Mode,Finance Wizard
USER_01964,22,6400000,False,B,Dark Mode,Finance Wizard
USER_05697,20,10900000,True,B,Dark Mode,Finance Wizard
USER_04542,24,3100000,False,A,Light Mode,Default User
USER_03630,28,5300000,False,B,Dark Mode,Tech Robot
USER_04095,28,10300000,False,A,Dark Mode,Tech Robot
USER_09053,19,6700000,False,A,Light Mode,Crypto Ninja
USER_08978,26,5100000,False,A,Dark Mode,Finance Wizard
USER_03186,27,5500000,True,B,Dark Mode,Default User
USER_00032,27,7200000,False,A,Dark Mode,Finance Wizard
USER_05444,18,8400000,True,B,Midnight Galaxy,Finance Wizard
USER_04665,23,6800000,True,B,Light Mode,Crypto Ninja
USER_09584,24,12000000,False,B,Dark Mode,Default User
USER_03090,25,5800000,False,B,Light Mode,Default User
USER_09914,27,14000000,False,A,Light Mode,Tech Robot
USER_09516,26,13100000,False,A,Light Mode,Finance Wizard
USER_06590,19,4900000,True,A,Sunset Lo-Fi,Default User
USER_02378,28,12000000,False,B,Dark Mode,Tech Robot
USER_09328,27,7000000,False,B,Light Mode,Default User
USER_01882,19,8300000,False,B,Dark Mode,Finance Wizard
USER_07865,22,4900000,False,B,Dark Mode,Tech Robot
USER_02635,22,13700000,False,B,Light Mode,Default User
USER_01410,23,4800000,False,A,Dark Mode,Crypto Ninja
USER_04961,20,11300000,True,B,Sunset Lo-Fi,Default User
USER_07635,25,12800000,False,B,Dark Mode,Finance Wizard
USER_09265,18,14000000,False,A,Dark Mode,Crypto Ninja
USER_01200,23,9500000,True,B,Cyberpunk Maskulin,Default User
USER_02543,21,5900000,True,A,Cute Hello Kitty,Default User
USER_09807,18,8200000,False,B,Light Mode,Tech Robot
USER_09963,24,6300000,False,B,Dark Mode,Finance Wizard
USER_08753,26,5100000,True,B,Dark Mode,Default User
USER_04078,21,9600000,False,A,Light Mode,Default User
USER_02116,21,3500000,False,B,Light Mode,Default User
USER_08547,23,10800000,False,B,Light Mode,Finance Wizard
USER_08832,20,5600000,False,A,Dark Mode,Crypto Ninja
USER_08059,23,3900000,False,B,Light Mode,Finance Wizard
USER_04039,24,10200000,False,B,Light Mode,Tech Robot
USER_09146,28,12600000,False,B,Light Mode,Tech Robot
USER_07565,27,12500000,False,A,Light Mode,Finance Wizard
USER_00334,27,7700000,False,A,Dark Mode,Default User
USER_03270,20,9900000,True,B,Dark Mode,Default User
USER_08351,24,13400000,False,A,Dark Mode,Crypto Ninja
USER_06642,20,8800000,False,A,Dark Mode,Finance Wizard
USER_04924,19,12900000,False,B,Dark Mode,Finance Wizard
USER_03094,27,8800000,False,B,Dark Mode,Default User
USER_09869,21,3100000,False,B,Light Mode,Tech Robot
USER_06346,25,5800000,False,A,Dark Mode,Tech Robot
USER_04567,26,9700000,False,A,Light Mode,Crypto Ninja
USER_08830,24,9400000,False,A,Light Mode,Crypto Ninja
USER_04808,18,11200000,False,A,Light Mode,Tech Robot
USER_01690,20,5500000,False,B,Light Mode,Finance Wizard
USER_03438,26,11800000,False,B,Dark Mode,Crypto Ninja
USER_07757,18,3900000,False,A,Dark Mode,Default User
USER_01155,26,8200000,True,A,Dark Mode,Finance Wizard
USER_09120,25,10800000,False,A,Light Mode,Default User
USER_08678,18,8800000,False,A,Dark Mode,Crypto Ninja
USER_04563,23,5100000,False,A,Dark Mode,Tech Robot
USER_00527,22,8000000,False,B,Dark Mode,Crypto Ninja
USER_06339,23,7700000,False,B,Dark Mode,Tech Robot
USER_01047,27,5000000,False,B,Dark Mode,Finance Wizard
USER_03599,22,14900000,False,A,Dark Mode,Crypto Ninja
USER_02504,23,5100000,False,B,Light Mode,Crypto Ninja
USER_08274,22,12900000,False,B,Light Mode,Crypto Ninja
USER_07550,28,12700000,False,B,Dark Mode,Finance Wizard
USER_04465,22,5900000,False,A,Light Mode,Default User
USER_00761,21,5400000,False,B,Light Mode,Default User
USER_01360,20,13800000,False,B,Dark Mode,Tech Robot
USER_00111,20,5700000,True,B,Dark Mode,Crypto Ninja
USER_03594,21,9400000,False,A,Light Mode,Default User
USER_05973,26,14200000,False,A,Dark Mode,Finance Wizard
USER_00066,19,7400000,False,A,Light Mode,Crypto Ninja
USER_09848,26,9700000,False,A,Light Mode,Tech Robot
USER_08955,18,3600000,False,B,Light Mode,Default User
USER_00425,18,7800000,False,A,Light Mode,Finance Wizard
USER_01041,22,3800000,True,A,Dark Mode,Finance Wizard
USER_06498,23,6500000,False,A,Light Mode,Tech Robot
USER_09027,23,11200000,False,A,Dark Mode,Default User
USER_00287,20,3000000,False,A,Dark Mode,Crypto Ninja
USER_00019,24,3900000,False,B,Light Mode,Finance Wizard
USER_02238,26,6500000,False,B,Light Mode,Tech Robot
USER_00130,28,10200000,True,A,Midnight Galaxy,Finance Wizard
USER_06951,27,13800000,False,A,Light Mode,Finance Wizard
USER_07357,25,7500000,False,A,Dark Mode,Default User
USER_08424,23,13500000,False,A,Light Mode,Default User
USER_07410,25,6100000,False,B,Dark Mode,Crypto Ninja
USER_01058,22,6100000,False,B,Light Mode,Finance Wizard
USER_05589,25,3500000,False,B,Light Mode,Tech Robot
USER_01562,27,7700000,False,B,Dark Mode,Finance Wizard
USER_04198,21,6700000,False,A,Dark Mode,Tech Robot
USER_06879,27,4600000,False,B,Dark Mode,Finance Wizard
USER_02887,25,10300000,False,B,Light Mode,Tech Robot
USER_09499,27,14300000,False,B,Light Mode,Finance Wizard
USER_07676,19,5600000,False,A,Light Mode,Finance Wizard
USER_04798,22,8300000,False,B,Light Mode,Crypto Ninja
USER_06979,26,7900000,False,B,Dark Mode,Default User
USER_09298,21,6400000,False,B,Dark Mode,Default User
USER_08922,28,14500000,False,A,Light Mode,Tech Robot
USER_09339,23,11400000,True,B,Sunset Lo-Fi,Finance Wizard
USER_02162,18,5400000,True,B,Dark Mode,Finance Wizard
USER_03723,26,5700000,False,B,Dark Mode,Default User
USER_08457,18,14000000,False,B,Light Mode,Tech Robot
USER_09809,22,4400000,False,B,Dark Mode,Crypto Ninja
USER_01354,21,3300000,False,A,Light Mode,Crypto Ninja
USER_05020,20,12200000,False,B,Light Mode,Crypto Ninja
USER_08113,23,10200000,True,A,Cute Hello Kitty,Finance Wizard
USER_03913,19,5600000,False,B,Dark Mode,Tech Robot
USER_04046,20,5500000,False,A,Dark Mode,Default User
USER_09666,22,4800000,False,B,Dark Mode,Finance Wizard
USER_04159,26,14900000,False,B,Light Mode,Finance Wizard
USER_03960,19,12100000,False,B,Dark Mode,Crypto Ninja
USER_02733,27,4600000,False,B,Dark Mode,Tech Robot
USER_07379,25,7200000,False,B,Dark Mode,Tech Robot
USER_08251,19,15000000,False,B,Dark Mode,Crypto Ninja
USER_02107,28,7000000,False,A,Light Mode,Crypto Ninja
USER_04875,22,7100000,False,A,Light Mode,Crypto Ninja
USER_07385,24,7900000,True,A,Dark Mode,Finance Wizard
USER_02280,25,11300000,False,A,Dark Mode,Finance Wizard
USER_03893,18,13800000,True,B,Sunset Lo-Fi,Finance Wizard
USER_01538,23,6900000,False,B,Light Mode,Default User
USER_02795,18,6800000,False,B,Dark Mode,Default User
USER_07372,19,14200000,False,A,Light Mode,Tech Robot
USER_07098,18,14600000,False,A,Light Mode,Crypto Ninja
USER_08577,28,5200000,True,B,Sunset Lo-Fi,Crypto Ninja
USER_08054,22,14000000,False,B,Dark Mode,Finance Wizard
USER_07314,27,12500000,False,A,Light Mode,Default User
USER_03621,26,8100000,False,B,Light Mode,Crypto Ninja
USER_07132,23,7600000,True,B,Cute Hello Kitty,Tech Robot
USER_09609,28,9200000,False,A,Dark Mode,Crypto Ninja
USER_08910,28,12600000,True,B,Cyberpunk Maskulin,Finance Wizard
USER_02691,18,15000000,True,A,Midnight Galaxy,Finance Wizard
USER_07035,18,13900000,False,B,Light Mode,Default User
USER_04303,19,9800000,False,A,Dark Mode,Tech Robot
USER_07872,26,7200000,False,A,Light Mode,Tech Robot
USER_07007,20,7700000,True,B,Cute Hello Kitty,Crypto Ninja
USER_05021,18,6300000,False,A,Dark Mode,Tech Robot
USER_01881,22,6900000,False,B,Light Mode,Crypto Ninja
USER_01379,24,10400000,False,A,Dark Mode,Crypto Ninja
USER_07280,23,9000000,False,A,Dark Mode,Default User
USER_00833,18,7900000,False,A,Dark Mode,Tech Robot
USER_07327,22,9600000,False,A,Dark Mode,Finance Wizard
USER_04194,22,9100000,False,B,Dark Mode,Crypto Ninja
USER_01288,23,8700000,False,A,Light Mode,Crypto Ninja
USER_07853,20,6200000,False,B,Light Mode,Crypto Ninja
USER_01675,22,10400000,False,B,Dark Mode,Tech Robot
USER_03418,24,4500000,False,B,Dark Mode,Tech Robot
USER_05152,22,11100000,False,A,Light Mode,Tech Robot
USER_06477,22,12300000,True,B,Midnight Galaxy,Crypto Ninja
USER_06057,22,7700000,False,A,Light Mode,Finance Wizard
USER_03767,27,14800000,False,A,Dark Mode,Finance Wizard
USER_00767,27,3900000,False,A,Dark Mode,Tech Robot
USER_01934,20,11100000,False,A,Dark Mode,Finance Wizard
USER_02969,18,6700000,False,A,Dark Mode,Crypto Ninja
USER_05455,22,4800000,False,B,Light Mode,Tech Robot
USER_02179,26,6500000,False,A,Light Mode,Tech Robot
USER_02670,18,8800000,False,A,Light Mode,Crypto Ninja
USER_06385,20,9200000,False,B,Dark Mode,Tech Robot
USER_00421,21,10600000,True,A,Cyberpunk Maskulin,Crypto Ninja
USER_01926,18,14900000,False,A,Dark Mode,Tech Robot
USER_08521,18,7500000,True,A,Light Mode,Finance Wizard
USER_08114,25,3200000,False,B,Dark Mode,Tech Robot
USER_04335,19,10300000,False,A,Dark Mode,Tech Robot
USER_07270,25,13100000,False,A,Dark Mode,Tech Robot
USER_05496,24,9400000,False,B,Light Mode,Default User
USER_07538,27,14800000,False,B,Dark Mode,Finance Wizard
USER_04054,27,14900000,False,B,Light Mode,Crypto Ninja
USER_02340,19,12000000,False,B,Dark Mode,Default User
USER_08503,23,13900000,False,A,Light Mode,Finance Wizard
USER_05582,23,3700000,False,A,Dark Mode,Tech Robot
USER_00712,20,8000000,False,A,Light Mode,Tech Robot
USER_08144,28,13900000,False,A,Light Mode,Crypto Ninja
USER_05610,19,13500000,False,A,Dark Mode,Crypto Ninja
USER_03946,18,11000000,False,A,Dark Mode,Finance Wizard
USER_07616,23,10200000,False,B,Dark Mode,Finance Wizard
USER_00589,22,3500000,False,B,Dark Mode,Crypto Ninja
USER_04452,28,13600000,True,A,Midnight Galaxy,Finance Wizard
USER_05737,26,11800000,False,B,Light Mode,Crypto Ninja
USER_03804,18,6800000,False,A,Dark Mode,Tech Robot
USER_05782,24,14200000,False,A,Light Mode,Crypto Ninja
USER_07771,22,8900000,False,B,Light Mode,Default User
USER_00330,22,5700000,False,A,Light Mode,Crypto Ninja
USER_00666,19,12600000,False,A,Dark Mode,Crypto Ninja
USER_03961,28,8300000,False,A,Dark Mode,Default User
USER_09374,20,6600000,False,B,Light Mode,Default User
USER_03521,24,3800000,False,B,Light Mode,Default User
USER_07655,23,11100000,False,A,Light Mode,Default User
USER_05247,19,8500000,True,B,Sunset Lo-Fi,Crypto Ninja
USER_03478,23,8800000,False,B,Light Mode,Finance Wizard
USER_05956,19,11400000,False,B,Dark Mode,Default User
USER_00996,19,3100000,False,B,Light Mode,Tech Robot
USER_04316,19,9000000,True,A,Dark Mode,Crypto Ninja
USER_09353,28,8700000,False,A,Dark Mode,Finance Wizard
USER_09352,20,13600000,False,B,Light Mode,Tech Robot
USER_07109,19,8900000,False,B,Light Mode,Crypto Ninja
USER_08584,21,13100000,False,B,Light Mode,Crypto Ninja
USER_06064,26,6900000,True,B,Sunset Lo-Fi,Tech Robot
USER_07003,23,6500000,False,B,Dark Mode,Default User
USER_06661,18,14300000,False,B,Dark Mode,Default User
USER_05431,25,13600000,False,B,Dark Mode,Tech Robot
USER_03671,24,6600000,True,B,Light Mode,Finance Wizard
USER_02114,27,10800000,False,B,Light Mode,Default User
USER_02046,20,12100000,False,A,Light Mode,Crypto Ninja
USER_08079,18,4700000,False,A,Light Mode,Crypto Ninja
USER_02433,22,12700000,True,A,Sunset Lo-Fi,Finance Wizard
USER_09232,21,9200000,False,B,Light Mode,Crypto Ninja
USER_09051,27,5100000,False,B,Dark Mode,Default User
USER_03416,25,4000000,False,B,Dark Mode,Finance Wizard
USER_09932,18,8700000,False,A,Light Mode,Default User
USER_09548,27,8600000,False,A,Dark Mode,Finance Wizard
USER_02483,18,10600000,False,B,Dark Mode,Tech Robot
USER_07976,21,3300000,True,A,Dark Mode,Crypto Ninja
USER_06668,25,11500000,False,A,Dark Mode,Finance Wizard
USER_05390,22,3600000,True,A,Cyberpunk Maskulin,Tech Robot
USER_07154,19,9000000,False,A,Dark Mode,Default User
USER_02263,23,13600000,False,B,Light Mode,Tech Robot
USER_00950,22,8300000,False,A,Light Mode,Default User
USER_06604,19,11700000,True,B,Dark Mode,Finance Wizard
USER_03656,28,9700000,False,A,Light Mode,Finance Wizard
USER_06648,28,12100000,False,B,Light Mode,Crypto Ninja
USER_08707,28,10800000,True,A,Dark Mode,Crypto Ninja
USER_09071,20,3000000,True,B,Cute Hello Kitty,Finance Wizard
USER_06654,26,8400000,True,B,Cyberpunk Maskulin,Default User
USER_07308,24,3200000,False,A,Dark Mode,Default User
USER_08633,24,10700000,False,B,Light Mode,Finance Wizard
USER_03743,28,6700000,False,B,Dark Mode,Default User
USER_03166,23,14300000,True,A,Sunset Lo-Fi,Finance Wizard
USER_06835,25,15000000,False,A,Light Mode,Crypto Ninja
USER_00621,21,3000000,False,B,Light Mode,Default User
USER_03169,25,13100000,False,B,Light Mode,Crypto Ninja
USER_00863,21,6700000,False,A,Light Mode,Tech Robot
USER_07417,25,11400000,True,A,Midnight Galaxy,Crypto Ninja
USER_05657,26,14100000,True,B,Midnight Galaxy,Tech Robot
USER_04173,20,5800000,True,B,Sunset Lo-Fi,Crypto Ninja
USER_01209,20,3400000,False,B,Light Mode,Crypto Ninja
USER_09496,28,14200000,True,A,Dark Mode,Default User
USER_07014,19,10300000,False,B,Light Mode,Crypto Ninja
USER_01694,27,12100000,False,A,Light Mode,Finance Wizard
USER_00499,20,5000000,False,A,Dark Mode,Default User
USER_07585,20,14300000,False,B,Dark Mode,Default User
USER_01639,22,10000000,False,B,Dark Mode,Default User
USER_04863,22,9600000,False,A,Dark Mode,Crypto Ninja
USER_01947,19,13800000,True,A,Midnight Galaxy,Default User
USER_02447,27,7600000,False,B,Light Mode,Tech Robot
USER_03396,23,11300000,False,B,Dark Mode,Tech Robot
USER_06625,22,11200000,False,B,Dark Mode,Crypto Ninja
USER_06819,23,6400000,False,B,Light Mode,Default User
USER_01163,18,9700000,False,A,Light Mode,Finance Wizard
USER_01152,22,9800000,False,B,Light Mode,Finance Wizard
USER_02546,26,3000000,False,B,Light Mode,Tech Robot
USER_06406,27,9700000,False,B,Light Mode,Crypto Ninja
USER_00173,19,4100000,True,B,Light Mode,Crypto Ninja
USER_04805,18,8900000,False,B,Dark Mode,Crypto Ninja
USER_09926,27,5600000,False,A,Light Mode,Crypto Ninja
USER_05840,28,8500000,False,A,Light Mode,Crypto Ninja
USER_07929,26,13500000,False,B,Light Mode,Default User
USER_02186,27,5200000,False,A,Light Mode,Default User
USER_00639,26,5400000,True,A,Cute Hello Kitty,Default User
USER_00380,26,5000000,False,B,Light Mode,Finance Wizard
USER_08837,23,9000000,False,B,Light Mode,Default User
USER_02168,25,9200000,False,A,Dark Mode,Crypto Ninja
USER_06418,28,8100000,True,B,Midnight Galaxy,Crypto Ninja
USER_01738,18,11700000,False,B,Dark Mode,Finance Wizard
USER_09884,27,5400000,False,B,Light Mode,Finance Wizard
USER_05250,21,13800000,False,B,Dark Mode,Tech Robot
USER_08456,18,8400000,False,A,Dark Mode,Finance Wizard
USER_06678,25,7500000,True,A,Light Mode,Tech Robot
USER_07437,18,6100000,False,A,Light Mode,Default User
USER_00591,20,8400000,False,B,Dark Mode,Crypto Ninja
USER_06714,21,12500000,False,B,Light Mode,Tech Robot
USER_08886,25,3400000,False,B,Light Mode,Tech Robot
USER_08328,23,6500000,True,B,Sunset Lo-Fi,Tech Robot
USER_03082,27,13900000,False,B,Light Mode,Finance Wizard
USER_05915,24,13500000,False,B,Light Mode,Finance Wizard
USER_05104,25,7800000,False,A,Dark Mode,Finance Wizard
USER_06842,19,13500000,False,A,Dark Mode,Tech Robot
USER_01524,27,8700000,False,B,Dark Mode,Default User
USER_03272,28,6800000,False,A,Dark Mode,Crypto Ninja
USER_05899,25,10900000,True,A,Cyberpunk Maskulin,Finance Wizard
USER_02954,20,12600000,False,B,Dark Mode,Default User
USER_07260,24,14200000,False,A,Dark Mode,Finance Wizard
USER_08047,20,11400000,False,B,Light Mode,Finance Wizard
USER_04550,24,9000000,False,A,Light Mode,Tech Robot
USER_09813,28,3800000,False,A,Light Mode,Tech Robot
USER_00847,19,3500000,False,A,Light Mode,Finance Wizard
USER_01124,27,14400000,False,B,Dark Mode,Crypto Ninja
USER_01188,23,13800000,False,A,Light Mode,Finance Wizard
USER_07088,20,6400000,False,B,Light Mode,Crypto Ninja
USER_00976,20,6800000,True,B,Light Mode,Default User
USER_06616,26,5100000,False,B,Light Mode,Finance Wizard
USER_00910,24,7000000,True,A,Cyberpunk Maskulin,Crypto Ninja
USER_10000,22,14700000,False,A,Light Mode,Default User
USER_02920,27,3400000,False,B,Dark Mode,Default User
USER_01358,24,7100000,False,B,Dark Mode,Tech Robot
USER_05761,26,11600000,False,B,Dark Mode,Default User
USER_09824,18,11000000,False,A,Light Mode,Tech Robot
USER_08900,24,10500000,True,B,Sunset Lo-Fi,Default User
USER_00948,23,11600000,False,A,Dark Mode,Default User
USER_06627,27,10900000,False,A,Dark Mode,Crypto Ninja
USER_03616,26,9600000,False,A,Dark Mode,Crypto Ninja
USER_04427,18,5900000,False,A,Dark Mode,Tech Robot
USER_02952,21,8600000,False,A,Light Mode,Finance Wizard
USER_09344,26,11500000,False,A,Dark Mode,Crypto Ninja
USER_01750,21,10200000,False,B,Light Mode,Default User
USER_03846,27,5800000,False,A,Light Mode,Tech Robot
USER_06382,20,14000000,True,B,Sunset Lo-Fi,Tech Robot
USER_09685,26,6600000,True,A,Dark Mode,Tech Robot
USER_09185,19,11600000,False,A,Dark Mode,Default User
USER_04769,21,4200000,False,A,Light Mode,Crypto Ninja
USER_03371,23,6100000,False,A,Light Mode,Finance Wizard
USER_00496,19,7500000,True,B,Cute Hello Kitty,Tech Robot
USER_06035,25,14500000,False,A,Light Mode,Default User
USER_03614,25,14000000,False,B,Dark Mode,Crypto Ninja
USER_05886,18,14100000,False,A,Light Mode,Crypto Ninja
USER_04327,20,5200000,False,B,Light Mode,Finance Wizard
USER_05400,27,7400000,True,B,Light Mode,Tech Robot
USER_06717,26,4600000,False,A,Light Mode,Default User
USER_03265,22,14800000,False,A,Light Mode,Crypto Ninja
USER_05296,23,13300000,True,A,Cyberpunk Maskulin,Default User
USER_08568,21,11400000,True,B,Midnight Galaxy,Crypto Ninja
USER_03757,27,9500000,True,A,Cyberpunk Maskulin,Tech Robot
USER_08543,19,13000000,True,B,Cyberpunk Maskulin,Tech Robot
USER_04654,28,3500000,False,B,Dark Mode,Finance Wizard
USER_04319,25,13700000,False,B,Dark Mode,Crypto Ninja
USER_03532,28,4700000,True,B,Dark Mode,Default User
USER_07189,23,12300000,True,B,Midnight Galaxy,Crypto Ninja
USER_07671,22,5100000,False,A,Light Mode,Default User
USER_04988,26,14700000,False,B,Light Mode,Finance Wizard
USER_09410,18,6200000,False,B,Dark Mode,Crypto Ninja
USER_08601,22,5900000,False,A,Light Mode,Tech Robot
USER_05038,23,11000000,False,B,Dark Mode,Default User
USER_08674,22,13600000,False,A,Light Mode,Tech Robot
USER_09327,23,6100000,True,B,Light Mode,Finance Wizard
USER_03990,23,7100000,False,B,Light Mode,Finance Wizard
USER_00113,24,14400000,False,A,Light Mode,Default User
USER_04837,21,10700000,False,B,Dark Mode,Crypto Ninja
USER_01243,28,3900000,False,A,Light Mode,Tech Robot
USER_03673,25,14000000,False,A,Light Mode,Tech Robot
USER_06941,24,14400000,False,A,Light Mode,Default User
USER_08586,26,6500000,False,B,Light Mode,Default User
USER_03806,24,6300000,True,A,Cute Hello Kitty,Default User
USER_00207,20,10200000,True,A,Cyberpunk Maskulin,Finance Wizard
USER_05621,20,13500000,False,B,Dark Mode,Finance Wizard
USER_02803,25,5700000,False,A,Light Mode,Tech Robot
USER_01825,22,4000000,False,A,Light Mode,Crypto Ninja
USER_05998,21,10700000,False,A,Dark Mode,Default User
USER_01551,25,6800000,True,A,Light Mode,Finance Wizard
USER_09175,23,14800000,True,A,Sunset Lo-Fi,Crypto Ninja
USER_01523,19,7600000,False,A,Dark Mode,Default User
USER_02034,21,14700000,False,B,Light Mode,Crypto Ninja
USER_03248,28,4800000,False,B,Dark Mode,Default User
USER_00376,21,14700000,False,A,Dark Mode,Crypto Ninja
USER_05651,23,4400000,False,A,Dark Mode,Tech Robot
USER_01145,23,5700000,False,A,Light Mode,Default User
USER_08001,18,5300000,True,B,Cyberpunk Maskulin,Default User
USER_04090,25,10100000,False,A,Dark Mode,Tech Robot
USER_07373,23,13600000,False,A,Light Mode,Default User
USER_03592,20,3800000,False,B,Dark Mode,Default User
USER_00002,26,7600000,False,A,Light Mode,Finance Wizard
USER_01371,19,6200000,False,A,Dark Mode,Tech Robot
USER_07170,28,9100000,False,B,Light Mode,Finance Wizard
USER_02556,25,12600000,True,B,Midnight Galaxy,Tech Robot
USER_08655,27,4800000,False,A,Light Mode,Crypto Ninja
USER_01630,20,9600000,True,B,Sunset Lo-Fi,Tech Robot
USER_01527,22,10300000,False,A,Dark Mode,Tech Robot
USER_07143,23,6900000,True,B,Cute Hello Kitty,Finance Wizard
USER_06099,27,7600000,False,A,Light Mode,Default User
USER_09910,23,13500000,False,B,Light Mode,Tech Robot
USER_07833,21,9400000,False,B,Light Mode,Default User
USER_06296,20,5800000,False,B,Light Mode,Tech Robot
USER_01872,21,7900000,True,B,Cute Hello Kitty,Finance Wizard
USER_03458,18,12700000,False,B,Light Mode,Tech Robot
USER_05231,21,14400000,False,A,Light Mode,Crypto Ninja
USER_06258,18,4200000,False,A,Dark Mode,Tech Robot
USER_07625,18,14700000,True,B,Cute Hello Kitty,Tech Robot
USER_08458,27,3000000,False,B,Light Mode,Default User
USER_08076,23,6300000,False,A,Dark Mode,Default User
USER_04634,22,12200000,True,B,Cyberpunk Maskulin,Crypto Ninja
USER_02262,28,7700000,False,B,Dark Mode,Tech Robot
USER_00133,21,14000000,False,B,Dark Mode,Default User
USER_06768,28,10600000,False,B,Dark Mode,Tech Robot
USER_01422,20,7700000,False,A,Light Mode,Finance Wizard
USER_01535,18,7800000,False,A,Dark Mode,Finance Wizard
USER_09401,23,14600000,False,A,Light Mode,Crypto Ninja
USER_05012,19,9300000,False,A,Dark Mode,Finance Wizard
USER_03764,25,9000000,False,B,Dark Mode,Default User
USER_07082,27,5800000,False,B,Dark Mode,Default User
USER_01219,22,6800000,False,B,Light Mode,Crypto Ninja
USER_07895,24,11700000,False,B,Light Mode,Tech Robot
USER_06358,27,5500000,False,A,Dark Mode,Default User
USER_01151,19,4600000,False,A,Dark Mode,Finance Wizard
USER_02419,25,10000000,False,A,Dark Mode,Default User
USER_00813,19,4200000,False,A,Dark Mode,Crypto Ninja
USER_06095,21,9800000,True,B,Dark Mode,Finance Wizard
USER_01230,18,5500000,False,A,Dark Mode,Finance Wizard
USER_09231,22,7800000,False,A,Dark Mode,Finance Wizard
USER_00685,26,9600000,True,A,Cute Hello Kitty,Crypto Ninja
USER_04404,18,3600000,False,B,Light Mode,Crypto Ninja
USER_06098,26,8700000,False,A,Dark Mode,Tech Robot
USER_03546,28,7800000,False,A,Light Mode,Tech Robot
USER_00354,25,13200000,False,A,Dark Mode,Tech Robot
USER_06624,23,8200000,False,B,Light Mode,Crypto Ninja
USER_08126,24,9400000,True,A,Cyberpunk Maskulin,Finance Wizard
USER_08074,20,14200000,False,B,Dark Mode,Finance Wizard
USER_03437,18,9100000,True,B,Sunset Lo-Fi,Default User
USER_08533,22,4600000,True,B,Cute Hello Kitty,Tech Robot
USER_03206,19,7200000,True,B,Cute Hello Kitty,Finance Wizard
USER_09679,22,5400000,False,A,Light Mode,Finance Wizard
USER_01377,25,3200000,False,A,Dark Mode,Finance Wizard
USER_05032,28,10800000,True,A,Cyberpunk Maskulin,Finance Wizard
USER_09384,26,5800000,True,B,Midnight Galaxy,Crypto Ninja
USER_00132,19,14600000,False,A,Dark Mode,Tech Robot
USER_05500,20,13600000,True,A,Cyberpunk Maskulin,Finance Wizard
USER_05176,20,6100000,True,B,Cyberpunk Maskulin,Finance Wizard
USER_00340,18,5500000,True,B,Sunset Lo-Fi,Finance Wizard
USER_02257,25,4500000,False,A,Dark Mode,Finance Wizard
USER_00738,23,5400000,False,B,Dark Mode,Default User
USER_03572,25,8300000,False,B,Dark Mode,Finance Wizard
USER_08728,28,5700000,False,A,Light Mode,Finance Wizard
USER_03569,26,10200000,False,A,Light Mode,Finance Wizard
USER_09721,22,14900000,False,B,Light Mode,Default User
USER_00245,20,8500000,False,B,Light Mode,Crypto Ninja
USER_09230,22,9400000,False,A,Dark Mode,Default User
USER_08183,22,12200000,False,A,Light Mode,Finance Wizard
USER_05148,22,15000000,True,B,Cyberpunk Maskulin,Crypto Ninja
USER_07477,20,11500000,False,B,Dark Mode,Finance Wizard
USER_01382,28,10900000,False,B,Dark Mode,Crypto Ninja
USER_09293,27,7000000,False,A,Light Mode,Finance Wizard
USER_03373,21,14400000,False,A,Light Mode,Finance Wizard
USER_05724,26,13700000,False,B,Light Mode,Crypto Ninja
USER_05430,27,8000000,True,A,Sunset Lo-Fi,Crypto Ninja
USER_01736,26,14700000,False,B,Light Mode,Finance Wizard
USER_02633,19,13400000,False,B,Dark Mode,Default User
USER_00945,25,10000000,False,A,Dark Mode,Default User
USER_08259,25,10700000,False,B,Dark Mode,Default User
USER_03216,24,5800000,False,A,Dark Mode,Default User
USER_03750,25,11200000,False,B,Light Mode,Crypto Ninja
USER_00185,20,4800000,False,A,Light Mode,Crypto Ninja
USER_07019,23,9500000,True,A,Cute Hello Kitty,Default User
USER_04412,18,7000000,False,B,Light Mode,Tech Robot
USER_04871,24,7400000,False,B,Light Mode,Tech Robot
USER_09954,18,4400000,False,A,Light Mode,Tech Robot
USER_03327,26,3200000,False,B,Light Mode,Finance Wizard
USER_02557,18,4000000,False,A,Dark Mode,Default User
USER_06156,18,8200000,False,A,Light Mode,Finance Wizard
USER_00277,24,7500000,False,A,Dark Mode,Crypto Ninja
USER_08509,19,5900000,False,A,Light Mode,Crypto Ninja
USER_05583,22,8600000,False,A,Light Mode,Tech Robot
USER_00098,25,13300000,False,A,Light Mode,Tech Robot
USER_09527,25,4700000,True,A,Midnight Galaxy,Crypto Ninja
USER_00882,20,8000000,False,A,Light Mode,Tech Robot
USER_08690,24,7700000,False,A,Light Mode,Tech Robot
USER_08957,20,9500000,False,B,Light Mode,Crypto Ninja
USER_07718,23,12500000,True,A,Dark Mode,Finance Wizard
USER_00520,23,3700000,False,B,Dark Mode,Tech Robot
USER_03042,20,5100000,False,B,Light Mode,Finance Wizard
USER_05171,24,3500000,False,B,Dark Mode,Tech Robot
USER_06255,20,10500000,False,B,Light Mode,Default User
USER_03256,25,14000000,False,B,Light Mode,Finance Wizard
USER_06974,27,8600000,False,A,Dark Mode,Finance Wizard
USER_08465,21,13300000,True,B,Cyberpunk Maskulin,Tech Robot
USER_06777,18,6500000,False,B,Light Mode,Finance Wizard
USER_01301,21,10800000,False,B,Dark Mode,Default User
USER_07953,24,12100000,True,B,Cute Hello Kitty,Crypto Ninja
USER_07547,28,14500000,False,A,Dark Mode,Default User
USER_08956,21,8600000,False,B,Light Mode,Crypto Ninja
USER_07650,23,7800000,False,B,Light Mode,Default User
USER_09542,26,7400000,False,A,Light Mode,Default User
USER_08124,18,11100000,False,A,Light Mode,Finance Wizard
USER_08175,22,9500000,True,B,Cyberpunk Maskulin,Default User
USER_00069,28,10600000,True,B,Cyberpunk Maskulin,Tech Robot
USER_02373,24,7400000,False,A,Dark Mode,Tech Robot
USER_01603,18,14700000,False,B,Light Mode,Tech Robot
USER_07932,21,10800000,False,A,Light Mode,Tech Robot
USER_07414,23,4900000,False,A,Light Mode,Finance Wizard
USER_07460,19,9300000,False,A,Light Mode,Tech Robot
USER_06416,27,12200000,False,A,Light Mode,Default User
USER_01970,22,13500000,False,A,Dark Mode,Tech Robot
USER_01813,28,12200000,False,A,Dark Mode,Finance Wizard
USER_02297,27,9600000,False,B,Dark Mode,Crypto Ninja
USER_05178,18,11200000,False,B,Light Mode,Default User
USER_04753,23,3200000,False,A,Light Mode,Default User
USER_04662,23,8300000,True,A,Sunset Lo-Fi,Finance Wizard
USER_08608,21,10700000,False,A,Light Mode,Crypto Ninja
USER_05271,25,9300000,False,B,Dark Mode,Tech Robot
USER_08010,21,6900000,True,A,Cute Hello Kitty,Crypto Ninja
USER_04736,25,8800000,False,A,Light Mode,Default User
USER_01837,25,8400000,True,B,Dark Mode,Default User
USER_08965,22,9100000,False,B,Dark Mode,Default User
USER_00480,21,3300000,False,A,Dark Mode,Crypto Ninja
USER_06286,19,8900000,False,A,Dark Mode,Tech Robot
USER_05777,28,14500000,True,A,Dark Mode,Default User
USER_08306,20,10400000,False,B,Dark Mode,Finance Wizard
USER_06896,20,12400000,False,B,Light Mode,Tech Robot
USER_00593,21,13600000,False,A,Light Mode,Default User
USER_07995,21,12500000,False,B,Dark Mode,Tech Robot
USER_05208,27,12000000,True,A,Light Mode,Finance Wizard
USER_08019,28,5900000,False,A,Dark Mode,Crypto Ninja
USER_05933,28,13600000,False,A,Light Mode,Default User
USER_08643,22,3100000,False,A,Dark Mode,Finance Wizard
USER_06608,21,9100000,True,A,Dark Mode,Default User
USER_05812,28,7800000,True,A,Light Mode,Default User
USER_05168,27,3800000,True,A,Dark Mode,Crypto Ninja
USER_00702,25,12100000,False,A,Dark Mode,Crypto Ninja
USER_08585,23,6000000,False,B,Dark Mode,Tech Robot
USER_08173,23,12700000,False,A,Light Mode,Finance Wizard
USER_01121,25,9000000,False,A,Light Mode,Finance Wizard
USER_07783,24,14900000,False,B,Light Mode,Crypto Ninja
USER_04759,27,10800000,False,B,Light Mode,Default User
USER_06693,28,7700000,False,B,Dark Mode,Tech Robot
USER_05102,27,5400000,True,A,Dark Mode,Crypto Ninja
USER_06028,25,6500000,False,A,Light Mode,Tech Robot
USER_03440,19,3700000,False,B,Dark Mode,Tech Robot
USER_07750,26,10200000,True,B,Midnight Galaxy,Finance Wizard
USER_08698,18,8700000,False,A,Dark Mode,Tech Robot
USER_03724,25,13000000,False,B,Dark Mode,Finance Wizard
USER_00623,28,14100000,False,A,Light Mode,Default User
USER_02481,21,7400000,False,B,Dark Mode,Default User
USER_02135,21,9100000,False,B,Dark Mode,Crypto Ninja
USER_08397,22,6800000,False,B,Dark Mode,Default User
USER_09755,25,12500000,False,B,Light Mode,Finance Wizard
USER_07631,22,8700000,False,B,Dark Mode,Tech Robot
USER_08850,25,14500000,False,A,Light Mode,Tech Robot
USER_06218,27,11000000,False,A,Light Mode,Default User
USER_03311,18,12800000,False,A,Dark Mode,Finance Wizard
USER_01195,27,13000000,False,A,Dark Mode,Tech Robot
USER_03755,26,11200000,False,B,Light Mode,Default User
USER_02926,23,9300000,True,A,Sunset Lo-Fi,Finance Wizard
USER_00978,20,7300000,True,A,Midnight Galaxy,Finance Wizard
USER_01567,25,5800000,True,B,Dark Mode,Tech Robot
USER_08081,26,8800000,False,B,Dark Mode,Crypto Ninja
USER_06372,23,10000000,False,A,Light Mode,Crypto Ninja
USER_00587,28,12100000,False,A,Dark Mode,Finance Wizard
USER_06640,24,3800000,False,A,Light Mode,Finance Wizard
USER_09964,18,12100000,False,B,Light Mode,Default User
USER_02272,22,3500000,False,A,Light Mode,Finance Wizard
USER_02967,22,5800000,True,B,Dark Mode,Default User
USER_00399,27,8700000,False,A,Light Mode,Default User
USER_01039,21,4600000,False,A,Dark Mode,Default User
USER_00540,23,4500000,False,B,Dark Mode,Finance Wizard
USER_09283,24,11600000,False,A,Dark Mode,Finance Wizard
USER_09168,26,12400000,False,A,Dark Mode,Default User
USER_02274,18,3200000,True,A,Cute Hello Kitty,Tech Robot
USER_03801,23,5000000,True,A,Light Mode,Finance Wizard
USER_02960,24,9300000,True,B,Cute Hello Kitty,Crypto Ninja
USER_07891,20,11900000,False,A,Light Mode,Tech Robot
USER_01943,25,6500000,False,A,Dark Mode,Crypto Ninja
USER_02423,22,13500000,False,A,Dark Mode,Finance Wizard
USER_09035,26,13000000,True,B,Dark Mode,Tech Robot
USER_07661,22,14600000,False,B,Light Mode,Finance Wizard
USER_09990,26,11500000,False,B,Dark Mode,Finance Wizard
USER_01097,27,9100000,False,B,Dark Mode,Tech Robot
USER_07388,21,7100000,False,A,Light Mode,Finance Wizard
USER_05538,26,10500000,False,A,Light Mode,Tech Robot
USER_06169,22,7100000,False,A,Dark Mode,Finance Wizard
USER_07839,27,9000000,False,A,Light Mode,Default User
USER_08182,26,4200000,False,A,Light Mode,Crypto Ninja
USER_08093,20,4000000,False,B,Light Mode,Default User
USER_07875,21,8300000,False,B,Dark Mode,Finance Wizard
USER_04222,26,4500000,False,B,Dark Mode,Finance Wizard
USER_03725,27,3700000,False,A,Light Mode,Finance Wizard
USER_00435,28,13300000,False,B,Light Mode,Default User
USER_07874,23,8800000,False,B,Light Mode,Finance Wizard
USER_06653,19,8600000,False,B,Light Mode,Tech Robot
USER_04824,24,6900000,False,A,Dark Mode,Crypto Ninja
USER_09707,19,13800000,False,A,Light Mode,Finance Wizard
USER_01426,28,8800000,False,A,Dark Mode,Finance Wizard
USER_04993,19,3100000,False,A,Light Mode,Crypto Ninja
USER_00141,28,12300000,False,B,Dark Mode,Crypto Ninja
USER_01930,18,12300000,False,A,Dark Mode,Crypto Ninja
USER_03377,28,10500000,False,A,Light Mode,Default User
USER_04554,28,3900000,False,B,Dark Mode,Default User
USER_02113,28,7300000,False,B,Dark Mode,Finance Wizard
USER_04276,20,4000000,False,A,Dark Mode,Crypto Ninja
USER_02217,23,10800000,False,B,Light Mode,Finance Wizard
USER_05717,25,10900000,False,A,Dark Mode,Finance Wizard
USER_09454,26,11000000,False,A,Dark Mode,Finance Wizard
USER_02499,24,11900000,False,A,Light Mode,Default User
USER_03467,21,3100000,False,B,Light Mode,Crypto Ninja
USER_09060,23,7900000,True,B,Cute Hello Kitty,Finance Wizard
USER_07348,22,4100000,False,A,Dark Mode,Default User
USER_00131,25,14400000,False,B,Light Mode,Tech Robot
USER_04879,18,11900000,False,A,Light Mode,Tech Robot
USER_03598,18,5200000,False,B,Dark Mode,Finance Wizard
USER_09908,28,4700000,False,A,Dark Mode,Finance Wizard
USER_05435,23,9100000,False,A,Light Mode,Crypto Ninja
USER_04866,27,12500000,False,B,Light Mode,Crypto Ninja
USER_02330,19,14200000,False,B,Dark Mode,Finance Wizard
USER_05065,22,9100000,True,A,Dark Mode,Default User
USER_09946,18,6700000,False,A,Light Mode,Finance Wizard
USER_09857,24,15000000,True,A,Cute Hello Kitty,Crypto Ninja
USER_05900,18,14000000,False,A,Dark Mode,Crypto Ninja
USER_08612,21,9600000,False,B,Dark Mode,Default User
USER_06223,26,6700000,False,B,Light Mode,Finance Wizard
USER_08604,18,9600000,False,A,Light Mode,Crypto Ninja
USER_09196,21,12300000,True,A,Midnight Galaxy,Finance Wizard
USER_05685,23,9000000,False,B,Dark Mode,Crypto Ninja
USER_00325,23,3000000,False,A,Dark Mode,Tech Robot
USER_01236,25,12300000,False,B,Dark Mode,Tech Robot
USER_04338,18,7400000,False,A,Light Mode,Tech Robot
USER_02370,24,12500000,False,B,Dark Mode,Crypto Ninja
USER_02440,18,5700000,True,B,Cute Hello Kitty,Default User
USER_09601,24,5000000,False,B,Light Mode,Tech Robot
USER_08829,20,13900000,False,B,Light Mode,Crypto Ninja
USER_05653,28,4200000,False,A,Dark Mode,Finance Wizard
USER_01327,25,5600000,False,B,Light Mode,Tech Robot
USER_05673,20,12900000,True,B,Light Mode,Default User
USER_00811,18,3600000,False,A,Dark Mode,Default User
USER_06437,25,5100000,True,A,Cute Hello Kitty,Default User
USER_06279,20,10300000,False,A,Light Mode,Finance Wizard
USER_00286,19,13200000,False,A,Dark Mode,Finance Wizard
USER_07074,18,8200000,False,A,Light Mode,Default User
USER_04298,20,10800000,False,B,Light Mode,Default User
USER_01239,19,10800000,False,A,Light Mode,Default User
USER_08178,19,3300000,False,B,Dark Mode,Finance Wizard
USER_04761,23,12500000,False,A,Dark Mode,Finance Wizard
USER_02706,18,5200000,True,A,Sunset Lo-Fi,Crypto Ninja
USER_08220,19,14800000,False,A,Light Mode,Tech Robot
USER_02615,23,9900000,False,A,Dark Mode,Finance Wizard
USER_01693,20,11700000,False,A,Light Mode,Default User
USER_07972,21,11300000,False,A,Light Mode,Tech Robot
USER_08307,18,13000000,False,A,Dark Mode,Finance Wizard
USER_02978,25,11300000,False,B,Dark Mode,Tech Robot
USER_00554,24,10500000,False,B,Dark Mode,Crypto Ninja
USER_08463,24,6200000,False,A,Dark Mode,Finance Wizard
USER_04324,20,5700000,False,B,Light Mode,Default User
USER_04911,27,3700000,False,B,Dark Mode,Default User
USER_00233,27,3000000,False,A,Dark Mode,Crypto Ninja
USER_05352,20,6600000,True,B,Light Mode,Crypto Ninja
USER_05519,19,9200000,False,B,Light Mode,Crypto Ninja
USER_06583,18,5100000,False,A,Light Mode,Crypto Ninja
USER_00646,24,9900000,False,A,Dark Mode,Crypto Ninja
USER_07217,24,5000000,False,A,Light Mode,Finance Wizard
USER_08999,19,12500000,True,A,Light Mode,Finance Wizard
USER_01777,24,6400000,False,B,Dark Mode,Tech Robot
USER_03140,25,10800000,False,A,Light Mode,Crypto Ninja
USER_01359,18,3400000,True,B,Cute Hello Kitty,Default User
USER_08860,26,8900000,True,B,Midnight Galaxy,Default User
USER_02416,24,14900000,False,B,Light Mode,Crypto Ninja
USER_09199,20,7500000,False,B,Light Mode,Crypto Ninja
USER_03013,25,7900000,True,A,Sunset Lo-Fi,Crypto Ninja
USER_07055,24,7700000,False,A,Dark Mode,Crypto Ninja
USER_08548,28,3500000,False,B,Dark Mode,Crypto Ninja
USER_07272,25,11800000,False,A,Dark Mode,Default User
USER_01177,23,8500000,False,A,Light Mode,Tech Robot
USER_05167,26,13900000,False,B,Dark Mode,Crypto Ninja
USER_09006,22,8800000,False,B,Dark Mode,Crypto Ninja
USER_04358,20,14900000,False,A,Dark Mode,Crypto Ninja
USER_06931,20,13300000,False,B,Dark Mode,Finance Wizard
USER_00893,18,5800000,False,B,Light Mode,Default User
USER_06486,25,10000000,False,A,Light Mode,Default User
USER_07680,19,13300000,False,A,Dark Mode,Tech Robot
USER_06962,20,10600000,False,B,Light Mode,Finance Wizard
USER_08599,25,13100000,True,A,Cyberpunk Maskulin,Finance Wizard
USER_07102,25,4700000,False,A,Dark Mode,Finance Wizard
USER_00103,28,3100000,False,A,Light Mode,Tech Robot
USER_01020,21,3700000,False,B,Light Mode,Tech Robot
USER_08838,21,10400000,False,A,Light Mode,Tech Robot
USER_03193,22,12600000,False,A,Light Mode,Finance Wizard
USER_02895,23,8300000,False,A,Light Mode,Default User
USER_08407,22,6700000,False,B,Light Mode,Finance Wizard
USER_05770,24,7700000,False,A,Dark Mode,Tech Robot
USER_07684,19,5600000,True,B,Sunset Lo-Fi,Finance Wizard
USER_03722,24,4900000,True,B,Midnight Galaxy,Crypto Ninja
USER_03246,27,4100000,False,A,Dark Mode,Finance Wizard
USER_09191,24,7200000,False,B,Dark Mode,Finance Wizard
USER_04127,18,9000000,False,B,Light Mode,Default User
USER_02775,24,6000000,True,B,Sunset Lo-Fi,Default User
USER_08840,22,12000000,False,A,Dark Mode,Default User
USER_08663,20,12500000,True,B,Midnight Galaxy,Crypto Ninja
USER_00878,20,9000000,True,B,Midnight Galaxy,Default User
USER_07630,21,10300000,True,B,Light Mode,Crypto Ninja
USER_01628,19,9600000,False,A,Light Mode,Tech Robot
USER_04781,19,13800000,False,B,Light Mode,Default User
USER_02507,18,12000000,False,A,Dark Mode,Finance Wizard
USER_04767,22,6400000,False,A,Light Mode,Finance Wizard
USER_06108,21,12400000,True,A,Light Mode,Crypto Ninja
USER_08139,28,4400000,False,B,Dark Mode,Default User
USER_02608,27,4500000,False,A,Light Mode,Finance Wizard
USER_01311,19,4200000,False,B,Dark Mode,Tech Robot
USER_00615,20,14200000,True,B,Cyberpunk Maskulin,Default User
USER_02375,24,6400000,False,A,Dark Mode,Tech Robot
USER_03550,24,14500000,False,B,Light Mode,Finance Wizard
USER_09110,21,10400000,False,A,Dark Mode,Default User
USER_09604,22,8800000,False,A,Light Mode,Crypto Ninja
USER_07281,22,5000000,True,B,Midnight Galaxy,Finance Wizard
USER_04764,23,14400000,False,B,Light Mode,Tech Robot
USER_00491,26,8300000,True,B,Midnight Galaxy,Default User
USER_00808,19,10400000,False,B,Light Mode,Tech Robot
USER_03709,22,5900000,False,A,Dark Mode,Tech Robot
USER_03237,20,7700000,True,A,Dark Mode,Crypto Ninja
USER_05433,21,14600000,False,B,Light Mode,Crypto Ninja
USER_03818,27,6400000,False,A,Light Mode,Finance Wizard
USER_09372,23,11500000,True,A,Cute Hello Kitty,Crypto Ninja
USER_02054,25,6700000,False,B,Dark Mode,Crypto Ninja
USER_09263,18,6000000,False,A,Light Mode,Finance Wizard
USER_08692,27,10700000,False,A,Dark Mode,Finance Wizard
USER_01455,25,5300000,False,B,Dark Mode,Finance Wizard
USER_08288,28,14300000,False,B,Light Mode,Finance Wizard
USER_01223,24,7800000,False,B,Dark Mode,Tech Robot
USER_04626,18,12500000,False,B,Dark Mode,Tech Robot
USER_08110,19,12900000,False,A,Dark Mode,Finance Wizard
USER_06213,20,6100000,True,B,Cyberpunk Maskulin,Finance Wizard
USER_08551,18,8400000,False,B,Light Mode,Default User
USER_05986,26,10800000,False,A,Dark Mode,Default User
USER_00138,25,13600000,True,A,Light Mode,Default User
USER_01467,19,8700000,False,B,Dark Mode,Crypto Ninja
USER_04701,26,12800000,False,B,Light Mode,Tech Robot
USER_03332,24,3200000,False,B,Dark Mode,Tech Robot
USER_03365,26,10900000,True,B,Dark Mode,Default User
USER_05025,23,9800000,True,B,Cute Hello Kitty,Default User
USER_09054,23,11400000,False,B,Dark Mode,Tech Robot
USER_01503,28,3900000,False,B,Light Mode,Crypto Ninja
USER_08591,21,11200000,True,A,Dark Mode,Default User
USER_00793,27,5400000,False,B,Dark Mode,Finance Wizard
USER_08735,27,9700000,True,A,Light Mode,Default User
USER_09983,19,9000000,False,B,Light Mode,Tech Robot
USER_00332,24,5800000,False,B,Dark Mode,Tech Robot
USER_09078,22,4800000,False,B,Dark Mode,Default User
USER_00446,28,7200000,False,B,Light Mode,Default User
USER_06307,23,9500000,False,A,Dark Mode,Finance Wizard
USER_06037,19,10300000,False,A,Dark Mode,Finance Wizard
USER_06702,22,9000000,False,A,Dark Mode,Crypto Ninja
USER_06684,27,7200000,False,B,Dark Mode,Crypto Ninja
USER_03626,21,5400000,True,B,Dark Mode,Finance Wizard
USER_03067,26,4900000,False,B,Dark Mode,Crypto Ninja
USER_08109,23,7700000,False,A,Dark Mode,Crypto Ninja
USER_01980,19,11200000,True,A,Midnight Galaxy,Default User
USER_07148,18,11600000,False,B,Dark Mode,Finance Wizard
USER_03984,22,5300000,True,A,Cyberpunk Maskulin,Default User
USER_03817,26,4000000,False,B,Light Mode,Default User
USER_07741,23,13900000,False,B,Light Mode,Crypto Ninja
USER_05874,27,12700000,True,B,Dark Mode,Default User
USER_06838,24,8400000,False,A,Dark Mode,Tech Robot
USER_08354,22,5700000,False,B,Dark Mode,Crypto Ninja
USER_04421,27,9800000,False,A,Light Mode,Tech Robot
USER_02563,23,9200000,False,B,Light Mode,Crypto Ninja
USER_09727,22,8800000,False,A,Dark Mode,Default User
USER_07020,28,3400000,False,A,Light Mode,Crypto Ninja
USER_05784,26,8000000,False,B,Light Mode,Tech Robot
USER_00595,23,5000000,False,A,Dark Mode,Crypto Ninja
USER_03292,28,4100000,False,B,Dark Mode,Tech Robot
USER_08276,25,7900000,False,B,Light Mode,Finance Wizard
USER_04074,19,3300000,False,B,Dark Mode,Default User
USER_04562,26,14700000,False,B,Light Mode,Tech Robot
USER_01469,22,14200000,False,A,Light Mode,Finance Wizard
USER_09874,24,7100000,False,B,Light Mode,Default User
USER_03135,27,11300000,False,A,Dark Mode,Finance Wizard
USER_02180,18,6700000,False,A,Light Mode,Tech Robot
USER_01540,27,5400000,False,B,Light Mode,Default User
USER_04070,22,4300000,False,A,Dark Mode,Finance Wizard
USER_05797,27,10400000,False,B,Dark Mode,Tech Robot
USER_05702,19,6100000,False,B,Light Mode,Finance Wizard
USER_05000,23,4000000,False,B,Dark Mode,Default User
USER_00020,28,9000000,True,B,Sunset Lo-Fi,Default User
USER_06234,18,4700000,False,A,Dark Mode,Default User
USER_00468,20,5600000,False,B,Light Mode,Tech Robot
USER_06101,22,8400000,False,B,Dark Mode,Finance Wizard
USER_06078,21,8300000,True,A,Dark Mode,Finance Wizard
USER_00701,20,11100000,False,A,Light Mode,Tech Robot
USER_00957,27,14900000,False,B,Light Mode,Default User
USER_08269,22,11600000,True,A,Midnight Galaxy,Crypto Ninja
USER_05567,28,10400000,False,A,Dark Mode,Default User
USER_04125,25,5000000,False,B,Dark Mode,Crypto Ninja
USER_09484,28,7300000,False,B,Light Mode,Default User
USER_04343,21,3400000,False,B,Dark Mode,Tech Robot
USER_04744,18,11600000,False,B,Light Mode,Crypto Ninja
USER_04865,28,7000000,False,B,Dark Mode,Tech Robot
USER_03697,24,8800000,False,A,Dark Mode,Crypto Ninja
USER_01032,25,11800000,False,A,Dark Mode,Finance Wizard
USER_07642,20,13400000,False,A,Dark Mode,Crypto Ninja
USER_00107,23,8300000,False,B,Dark Mode,Crypto Ninja
USER_09851,19,10300000,False,A,Light Mode,Crypto Ninja
USER_09894,24,5100000,False,A,Light Mode,Finance Wizard
USER_04546,25,11200000,False,B,Light Mode,Tech Robot
USER_00124,23,9400000,True,A,Dark Mode,Finance Wizard
USER_04592,23,9300000,False,A,Light Mode,Crypto Ninja
USER_02247,22,10000000,False,B,Light Mode,Default User
USER_09080,25,3300000,False,A,Dark Mode,Finance Wizard
USER_05419,18,9400000,False,A,Dark Mode,Default User
USER_01549,27,4400000,False,A,Light Mode,Finance Wizard
USER_04569,21,13300000,False,B,Light Mode,Finance Wizard
USER_01008,21,10500000,True,B,Light Mode,Crypto Ninja
USER_01170,20,5100000,False,A,Light Mode,Tech Robot
USER_07593,20,11500000,True,B,Light Mode,Tech Robot
USER_05157,21,14300000,False,A,Light Mode,Crypto Ninja
USER_00560,28,7600000,False,B,Dark Mode,Finance Wizard
USER_08827,18,11000000,False,A,Light Mode,Tech Robot
USER_02940,28,12200000,False,B,Dark Mode,Tech Robot
USER_05194,28,7500000,False,B,Dark Mode,Tech Robot
USER_01818,19,4300000,True,B,Light Mode,Crypto Ninja
USER_09450,26,7900000,True,A,Cute Hello Kitty,Default User
USER_02989,27,4900000,False,A,Light Mode,Default User
USER_03970,19,7900000,True,B,Cyberpunk Maskulin,Default User
USER_02123,22,14100000,True,A,Cute Hello Kitty,Default User
USER_05991,26,6200000,False,B,Light Mode,Default User
USER_05588,26,14800000,False,B,Dark Mode,Tech Robot
USER_08308,25,8800000,False,B,Dark Mode,Tech Robot
USER_04357,18,7200000,False,A,Dark Mode,Finance Wizard
USER_07202,18,10800000,False,B,Dark Mode,Tech Robot
USER_06898,26,4100000,False,B,Light Mode,Crypto Ninja
USER_02453,28,6900000,False,B,Dark Mode,Finance Wizard
USER_05927,25,14700000,False,A,Light Mode,Tech Robot
USER_02424,27,4900000,False,A,Light Mode,Finance Wizard
USER_03686,26,12300000,False,A,Light Mode,Finance Wizard
USER_00179,24,6700000,False,A,Light Mode,Default User
USER_06366,20,3200000,True,B,Dark Mode,Finance Wizard
USER_05601,20,5700000,True,B,Midnight Galaxy,Tech Robot
USER_03847,19,8500000,True,A,Dark Mode,Default User
USER_01232,22,11900000,False,B,Dark Mode,Tech Robot
USER_02561,20,12300000,False,A,Dark Mode,Default User
USER_03492,23,4200000,False,A,Light Mode,Tech Robot
USER_05132,19,10600000,False,A,Dark Mode,Default User
USER_07569,20,9500000,False,A,Light Mode,Default User
USER_02422,22,6600000,True,B,Cyberpunk Maskulin,Crypto Ninja
USER_09746,28,7800000,False,A,Light Mode,Tech Robot
USER_05322,28,13100000,False,B,Dark Mode,Finance Wizard
USER_07770,18,9500000,False,A,Dark Mode,Default User
USER_06748,18,6500000,False,B,Dark Mode,Tech Robot
USER_03897,27,8300000,True,A,Cyberpunk Maskulin,Default User
USER_03244,26,5500000,True,A,Cute Hello Kitty,Crypto Ninja
USER_09693,24,10400000,True,A,Cute Hello Kitty,Crypto Ninja
USER_01919,18,10100000,False,A,Light Mode,Crypto Ninja
USER_02566,25,13700000,False,A,Dark Mode,Crypto Ninja
USER_02087,20,6900000,False,B,Light Mode,Finance Wizard
USER_02456,25,7200000,False,B,Light Mode,Finance Wizard
USER_09369,22,5100000,False,B,Dark Mode,Default User
USER_08244,18,4900000,False,B,Light Mode,Tech Robot
USER_05131,24,3700000,True,A,Light Mode,Crypto Ninja
USER_09068,22,5800000,False,A,Dark Mode,Crypto Ninja
USER_08071,23,6900000,False,B,Dark Mode,Finance Wizard
USER_06060,23,11900000,True,B,Dark Mode,Finance Wizard
USER_03039,25,5900000,False,B,Light Mode,Crypto Ninja
USER_06675,26,11000000,False,B,Light Mode,Tech Robot
USER_08316,19,11300000,False,A,Dark Mode,Default User
USER_08247,26,14500000,False,A,Dark Mode,Default User
USER_03883,28,8400000,False,A,Dark Mode,Default User
USER_06729,27,4500000,False,A,Light Mode,Default User
USER_06069,26,7500000,True,A,Dark Mode,Tech Robot
USER_09989,27,9100000,True,A,Sunset Lo-Fi,Tech Robot
USER_06988,27,13600000,True,B,Dark Mode,Tech Robot
USER_00787,24,3600000,True,B,Midnight Galaxy,Finance Wizard
USER_05004,18,10900000,False,B,Light Mode,Crypto Ninja
USER_04365,24,7400000,False,B,Light Mode,Tech Robot
USER_02676,27,8800000,True,A,Cute Hello Kitty,Default User
USER_08510,22,14000000,False,A,Dark Mode,Tech Robot
USER_05827,23,8500000,True,B,Sunset Lo-Fi,Crypto Ninja
USER_01226,27,7700000,False,A,Light Mode,Finance Wizard
USER_08968,24,5600000,False,A,Light Mode,Default User
USER_08748,22,8200000,False,A,Dark Mode,Finance Wizard
USER_01355,24,11600000,False,A,Light Mode,Tech Robot
USER_00357,26,11700000,False,B,Light Mode,Default User
USER_06195,20,10200000,False,A,Dark Mode,Default User
USER_08202,25,6400000,False,B,Dark Mode,Tech Robot
USER_02213,19,8000000,True,B,Cute Hello Kitty,Tech Robot
USER_09145,28,11300000,True,A,Dark Mode,Crypto Ninja
USER_07514,24,6600000,True,A,Cute Hello Kitty,Tech Robot
USER_00611,19,13500000,False,A,Light Mode,Tech Robot
USER_05064,21,11000000,True,A,Dark Mode,Tech Robot
USER_00687,24,14000000,False,B,Dark Mode,Default User
USER_07736,20,12400000,False,B,Dark Mode,Crypto Ninja
USER_04032,19,14800000,False,B,Light Mode,Default User
USER_08855,28,8600000,False,A,Dark Mode,Tech Robot
USER_00440,27,3700000,True,B,Cute Hello Kitty,Crypto Ninja
USER_09896,24,10800000,True,B,Cute Hello Kitty,Tech Robot
USER_00426,18,12400000,False,A,Dark Mode,Default User
USER_07168,25,14600000,False,B,Light Mode,Default User
USER_08798,20,12300000,False,A,Dark Mode,Tech Robot
USER_09381,19,13900000,True,B,Cute Hello Kitty,Crypto Ninja
USER_09103,20,4900000,False,B,Dark Mode,Default User
USER_01376,22,13200000,True,A,Midnight Galaxy,Tech Robot
USER_04320,28,8200000,False,B,Dark Mode,Finance Wizard
USER_04446,25,14800000,False,A,Light Mode,Tech Robot
USER_04232,27,4100000,False,A,Light Mode,Tech Robot
USER_00391,24,7800000,True,B,Midnight Galaxy,Crypto Ninja
USER_00061,24,4600000,True,B,Cyberpunk Maskulin,Tech Robot
USER_07873,24,9300000,False,A,Dark Mode,Finance Wizard
USER_09606,25,7100000,False,A,Light Mode,Tech Robot
USER_03486,18,12300000,False,A,Dark Mode,Finance Wizard
USER_09391,21,5800000,False,A,Dark Mode,Default User
USER_07076,23,4800000,False,B,Dark Mode,Tech Robot
USER_09141,26,13900000,True,B,Light Mode,Crypto Ninja
USER_02873,19,4000000,False,B,Light Mode,Tech Robot
USER_07787,18,12700000,False,A,Dark Mode,Finance Wizard
USER_04839,27,7900000,False,B,Dark Mode,Finance Wizard
USER_02145,19,10000000,True,A,Midnight Galaxy,Crypto Ninja
USER_08432,24,13700000,False,B,Dark Mode,Finance Wizard
USER_02173,20,8700000,False,B,Light Mode,Tech Robot
USER_02484,27,6300000,False,B,Light Mode,Finance Wizard
USER_00382,19,4900000,False,A,Dark Mode,Tech Robot
USER_09044,28,7900000,True,A,Cyberpunk Maskulin,Tech Robot
USER_02355,24,13100000,False,A,Light Mode,Finance Wizard
USER_06568,19,11700000,False,B,Light Mode,Crypto Ninja
USER_07608,20,3900000,False,A,Dark Mode,Default User
USER_06066,28,6100000,False,A,Dark Mode,Crypto Ninja
USER_01579,24,8100000,True,A,Light Mode,Default User
USER_05485,21,4400000,False,B,Light Mode,Crypto Ninja
USER_02835,18,13000000,True,A,Sunset Lo-Fi,Tech Robot
USER_00099,22,11300000,False,B,Light Mode,Tech Robot
USER_05669,26,3200000,False,B,Light Mode,Finance Wizard
USER_01021,25,6600000,False,B,Dark Mode,Default User
USER_06757,26,15000000,False,A,Dark Mode,Default User
USER_05853,27,6900000,True,A,Dark Mode,Finance Wizard
USER_08117,26,10100000,False,A,Dark Mode,Crypto Ninja
USER_04873,24,6900000,False,A,Dark Mode,Finance Wizard
USER_02032,21,13700000,True,A,Sunset Lo-Fi,Crypto Ninja
USER_09217,22,8500000,False,B,Light Mode,Finance Wizard
USER_03115,18,5200000,False,A,Light Mode,Default User
USER_04527,18,13300000,True,B,Sunset Lo-Fi,Default User
USER_00590,20,4000000,False,A,Dark Mode,Crypto Ninja
USER_05141,25,13900000,True,B,Light Mode,Default User
USER_09482,19,9300000,False,B,Light Mode,Default User
USER_05939,21,3700000,True,B,Midnight Galaxy,Default User
USER_00196,19,12200000,False,B,Light Mode,Default User
USER_06751,22,12300000,False,B,Light Mode,Tech Robot
USER_05162,26,8500000,False,B,Light Mode,Finance Wizard
USER_09782,18,8900000,False,A,Light Mode,Finance Wizard
USER_06650,22,3900000,False,B,Light Mode,Tech Robot
USER_06591,26,6800000,False,A,Light Mode,Default User
USER_07729,18,5700000,True,A,Light Mode,Finance Wizard
USER_02756,26,7800000,False,A,Dark Mode,Finance Wizard
USER_04787,25,6500000,False,A,Light Mode,Finance Wizard
USER_01682,21,4200000,False,A,Dark Mode,Crypto Ninja
USER_01480,28,12500000,False,A,Light Mode,Tech Robot
USER_06211,27,6500000,False,A,Dark Mode,Crypto Ninja
USER_06277,22,13000000,False,B,Dark Mode,Crypto Ninja
USER_01307,22,5500000,False,A,Light Mode,Tech Robot
USER_01666,28,11500000,True,B,Dark Mode,Finance Wizard
USER_09597,23,3300000,False,A,Light Mode,Crypto Ninja
USER_07807,24,12400000,False,B,Dark Mode,Finance Wizard
USER_08897,25,11100000,False,B,Light Mode,Crypto Ninja
USER_00295,25,9300000,False,B,Dark Mode,Finance Wizard
USER_03290,28,6700000,True,B,Cute Hello Kitty,Default User
USER_00420,19,11700000,False,A,Dark Mode,Default User
USER_03188,26,14900000,False,B,Dark Mode,Default User
USER_02726,24,11600000,True,B,Cyberpunk Maskulin,Tech Robot
USER_01991,21,5100000,False,B,Light Mode,Default User
USER_04791,21,3100000,True,B,Dark Mode,Crypto Ninja
USER_08104,28,6000000,False,A,Light Mode,Finance Wizard
USER_04779,25,14800000,True,B,Dark Mode,Finance Wizard
USER_06204,21,4000000,False,A,Light Mode,Finance Wizard
USER_06284,23,12100000,False,B,Light Mode,Finance Wizard
USER_07644,22,7500000,False,A,Light Mode,Crypto Ninja
USER_00931,20,12500000,False,B,Light Mode,Finance Wizard
USER_09875,27,9100000,False,A,Dark Mode,Crypto Ninja
USER_09630,28,9800000,False,A,Light Mode,Crypto Ninja
USER_08035,19,9300000,True,B,Cute Hello Kitty,Finance Wizard
USER_05962,26,13100000,False,B,Dark Mode,Finance Wizard
USER_05448,27,3900000,True,B,Dark Mode,Finance Wizard
USER_09753,26,6900000,False,A,Dark Mode,Crypto Ninja
USER_05838,18,13900000,False,A,Light Mode,Tech Robot
USER_06808,27,5300000,False,B,Dark Mode,Crypto Ninja
USER_01878,20,12800000,False,B,Light Mode,Tech Robot
USER_04495,25,7300000,True,B,Sunset Lo-Fi,Finance Wizard
USER_05357,23,14100000,False,A,Dark Mode,Crypto Ninja
USER_01879,22,8900000,False,B,Dark Mode,Finance Wizard
USER_06350,22,9100000,False,A,Dark Mode,Tech Robot
USER_09852,23,11600000,False,B,Dark Mode,Tech Robot
USER_09870,24,4600000,True,A,Midnight Galaxy,Crypto Ninja
USER_08656,18,9400000,False,A,Dark Mode,Crypto Ninja
USER_08754,26,14800000,False,B,Dark Mode,Crypto Ninja
USER_01893,20,12400000,False,B,Light Mode,Crypto Ninja
USER_00848,21,12400000,False,A,Light Mode,Default User
USER_04905,27,13500000,False,A,Light Mode,Default User
USER_04636,18,8600000,False,A,Dark Mode,Finance Wizard
USER_05401,28,8400000,True,B,Cute Hello Kitty,Tech Robot
USER_02273,27,13500000,False,A,Dark Mode,Tech Robot
USER_06602,20,8200000,False,A,Light Mode,Finance Wizard
USER_05339,19,8500000,False,B,Light Mode,Finance Wizard
USER_04907,19,12700000,False,B,Light Mode,Finance Wizard
USER_06006,18,3800000,False,B,Dark Mode,Default User
USER_06670,25,5100000,False,B,Light Mode,Finance Wizard
USER_05862,20,4200000,False,B,Light Mode,Tech Robot
USER_03944,20,11800000,False,B,Dark Mode,Finance Wizard
USER_01953,23,7700000,False,B,Light Mode,Crypto Ninja
USER_05359,25,4700000,False,B,Light Mode,Tech Robot
USER_01092,26,14400000,True,A,Light Mode,Tech Robot
USER_05729,26,10500000,False,B,Dark Mode,Tech Robot
USER_02807,21,6900000,False,A,Light Mode,Default User
USER_04334,22,4600000,False,A,Dark Mode,Default User
USER_04747,19,4400000,False,A,Dark Mode,Tech Robot
USER_05649,28,13500000,False,A,Light Mode,Crypto Ninja
USER_00633,26,4400000,False,B,Light Mode,Tech Robot
USER_02122,25,10800000,True,B,Cute Hello Kitty,Default User
USER_04912,20,9200000,False,B,Dark Mode,Crypto Ninja
USER_00416,28,14800000,False,B,Dark Mode,Tech Robot
USER_03261,26,6800000,False,A,Dark Mode,Default User
USER_01316,20,4200000,False,A,Dark Mode,Crypto Ninja
USER_09466,26,11000000,False,B,Light Mode,Finance Wizard
USER_07122,19,6100000,False,B,Dark Mode,Finance Wizard
USER_03719,27,3800000,False,A,Light Mode,Tech Robot
USER_01308,26,6900000,False,B,Dark Mode,Finance Wizard
USER_00512,25,4900000,False,A,Light Mode,Default User
USER_08295,26,11900000,False,A,Dark Mode,Crypto Ninja
USER_06062,22,12000000,False,A,Light Mode,Tech Robot
USER_02420,28,11400000,False,A,Light Mode,Crypto Ninja
USER_01460,28,11100000,False,B,Dark Mode,Crypto Ninja
USER_07096,19,10600000,False,B,Dark Mode,Crypto Ninja
USER_07598,25,10900000,False,A,Light Mode,Default User
USER_02033,23,10200000,False,B,Light Mode,Tech Robot
USER_06412,25,9200000,False,B,Light Mode,Finance Wizard
USER_05749,28,10500000,False,A,Dark Mode,Crypto Ninja
USER_08405,22,7300000,False,A,Dark Mode,Crypto Ninja
USER_06031,27,6700000,False,B,Dark Mode,Crypto Ninja
USER_04383,19,11200000,False,B,Dark Mode,Default User
USER_04155,23,8900000,True,B,Cyberpunk Maskulin,Finance Wizard
USER_07320,22,10000000,False,A,Dark Mode,Crypto Ninja
USER_00149,22,15000000,False,B,Dark Mode,Default User
USER_07966,18,12800000,False,A,Dark Mode,Default User
USER_06840,19,7700000,False,A,Dark Mode,Crypto Ninja
USER_06413,25,4700000,True,B,Cute Hello Kitty,Crypto Ninja
USER_05858,20,4500000,True,A,Cute Hello Kitty,Default User
USER_05137,27,8400000,False,A,Light Mode,Default User
USER_00795,20,6800000,False,A,Dark Mode,Crypto Ninja
USER_04702,25,9700000,False,A,Dark Mode,Default User
USER_07618,25,8800000,True,B,Cyberpunk Maskulin,Default User
USER_04130,19,11800000,True,A,Dark Mode,Crypto Ninja
USER_07721,25,12500000,False,A,Light Mode,Crypto Ninja
USER_01477,28,9100000,False,A,Light Mode,Tech Robot
USER_00361,18,13300000,False,A,Dark Mode,Finance Wizard
USER_04954,23,4200000,False,B,Light Mode,Crypto Ninja
USER_03124,25,13800000,False,A,Light Mode,Crypto Ninja
USER_00192,20,11000000,True,B,Dark Mode,Crypto Ninja
USER_06899,25,14200000,True,A,Dark Mode,Finance Wizard
USER_06669,18,13000000,False,A,Light Mode,Tech Robot
USER_05429,28,3500000,False,B,Dark Mode,Default User
USER_00282,28,11200000,False,B,Dark Mode,Finance Wizard
USER_08290,26,10600000,False,A,Dark Mode,Crypto Ninja
USER_07127,28,15000000,False,B,Light Mode,Crypto Ninja
USER_02139,26,8900000,False,A,Dark Mode,Tech Robot
USER_07067,22,11900000,False,B,Dark Mode,Tech Robot
USER_07253,27,4300000,True,B,Cyberpunk Maskulin,Tech Robot
USER_01855,21,12400000,False,B,Light Mode,Default User
USER_08634,28,8300000,False,B,Light Mode,Finance Wizard
USER_08888,23,3300000,False,A,Light Mode,Finance Wizard
USER_03873,24,6800000,False,B,Dark Mode,Tech Robot
USER_06085,22,10100000,True,A,Light Mode,Default User
USER_07198,28,5400000,False,A,Dark Mode,Finance Wizard
USER_00855,27,10600000,True,A,Sunset Lo-Fi,Crypto Ninja
USER_05925,26,6100000,False,A,Dark Mode,Crypto Ninja
USER_07087,20,8800000,False,B,Dark Mode,Crypto Ninja
USER_01988,24,13100000,False,B,Light Mode,Finance Wizard
USER_01286,27,9200000,False,B,Light Mode,Tech Robot
USER_00117,27,6700000,False,A,Light Mode,Crypto Ninja
USER_05850,28,14900000,False,A,Light Mode,Tech Robot
USER_01907,22,12100000,False,B,Light Mode,Default User
USER_03782,24,8200000,True,A,Sunset Lo-Fi,Crypto Ninja
USER_05028,19,12300000,False,B,Dark Mode,Default User
USER_00570,21,9600000,False,B,Dark Mode,Tech Robot
USER_06304,19,5700000,False,B,Dark Mode,Finance Wizard
USER_00143,24,3200000,False,B,Dark Mode,Tech Robot
USER_03601,19,13800000,False,B,Dark Mode,Crypto Ninja
USER_05031,28,14700000,False,A,Light Mode,Crypto Ninja
USER_08998,18,12700000,True,B,Light Mode,Tech Robot
USER_09485,26,10900000,False,A,Dark Mode,Crypto Ninja
USER_02965,18,5100000,False,A,Dark Mode,Crypto Ninja
USER_02459,25,12500000,False,A,Light Mode,Default User
USER_06559,19,6700000,False,B,Light Mode,Finance Wizard
USER_05835,25,10100000,False,A,Light Mode,Tech Robot
USER_09978,20,14800000,False,A,Light Mode,Default User
USER_04783,23,10100000,False,A,Dark Mode,Crypto Ninja
USER_02026,20,9100000,True,B,Midnight Galaxy,Default User
USER_00600,24,8600000,False,B,Light Mode,Finance Wizard
USER_05694,27,3500000,False,B,Light Mode,Tech Robot
USER_01911,26,10700000,False,B,Dark Mode,Finance Wizard
USER_03501,19,6100000,False,A,Dark Mode,Finance Wizard
USER_05353,22,12800000,False,A,Dark Mode,Default User
USER_00800,23,3900000,False,B,Light Mode,Default User
USER_07018,21,3200000,True,A,Midnight Galaxy,Finance Wizard
USER_08537,21,8800000,False,A,Light Mode,Crypto Ninja
USER_08804,21,10500000,False,A,Light Mode,Tech Robot
USER_06752,19,7800000,False,A,Light Mode,Crypto Ninja
USER_08406,21,8800000,False,A,Dark Mode,Crypto Ninja
USER_09473,28,6000000,False,B,Dark Mode,Tech Robot
USER_05263,18,12200000,False,A,Light Mode,Default User
USER_03537,23,9800000,False,B,Dark Mode,Crypto Ninja
USER_08302,18,9100000,True,A,Sunset Lo-Fi,Default User
USER_07549,27,8100000,False,A,Dark Mode,Tech Robot
USER_09695,23,11800000,False,A,Light Mode,Crypto Ninja
USER_02911,18,7000000,False,B,Light Mode,Default User
USER_06334,23,6000000,False,A,Dark Mode,Default User
USER_02782,27,11400000,False,B,Dark Mode,Crypto Ninja
USER_07751,25,11300000,False,B,Light Mode,Tech Robot
USER_08710,28,13200000,False,B,Dark Mode,Finance Wizard
USER_03934,19,5100000,False,A,Light Mode,Default User
USER_00568,19,3300000,False,A,Light Mode,Tech Robot
USER_02449,21,4200000,False,A,Light Mode,Crypto Ninja
USER_08814,28,7400000,False,B,Light Mode,Default User
USER_09935,20,7100000,False,A,Light Mode,Default User
USER_02601,21,14300000,False,B,Light Mode,Default User
USER_03557,24,7800000,True,B,Sunset Lo-Fi,Tech Robot
USER_05738,28,4900000,False,A,Light Mode,Default User
USER_06185,18,14500000,False,A,Dark Mode,Default User
USER_03904,23,10600000,False,B,Dark Mode,Crypto Ninja
USER_00308,20,11000000,False,A,Light Mode,Default User
USER_04270,28,8300000,False,A,Light Mode,Tech Robot
USER_00088,27,6500000,True,B,Dark Mode,Crypto Ninja
USER_01055,24,12600000,False,A,Light Mode,Finance Wizard
USER_05692,27,3000000,False,B,Light Mode,Crypto Ninja
USER_08589,19,4400000,False,B,Light Mode,Default User
USER_00553,19,10600000,True,B,Cute Hello Kitty,Finance Wizard
USER_06054,21,4600000,False,A,Dark Mode,Crypto Ninja
USER_03357,18,5300000,False,A,Dark Mode,Default User
USER_02348,20,8700000,False,B,Light Mode,Crypto Ninja
USER_01968,26,10100000,False,A,Light Mode,Tech Robot
USER_06795,24,14300000,False,A,Dark Mode,Default User
USER_01782,24,12000000,False,A,Light Mode,Tech Robot
USER_08437,28,13800000,False,A,Dark Mode,Default User
USER_04482,21,5200000,True,A,Dark Mode,Tech Robot
USER_03401,19,7500000,False,B,Light Mode,Finance Wizard
USER_03450,21,10100000,False,A,Light Mode,Tech Robot
USER_07167,23,3700000,True,A,Light Mode,Crypto Ninja
USER_07590,28,8800000,False,B,Light Mode,Default User
USER_09040,28,11900000,False,B,Dark Mode,Crypto Ninja
USER_00240,20,14000000,False,A,Dark Mode,Tech Robot
USER_09373,18,8800000,False,A,Dark Mode,Default User
USER_03382,25,4200000,False,B,Dark Mode,Tech Robot
USER_04367,22,6800000,False,B,Dark Mode,Finance Wizard
USER_08163,22,13000000,False,B,Dark Mode,Finance Wizard
USER_02738,28,14200000,False,B,Light Mode,Finance Wizard
USER_03035,21,5700000,False,A,Dark Mode,Tech Robot
USER_00932,23,11800000,False,B,Light Mode,Tech Robot
USER_03128,20,9000000,False,A,Light Mode,Finance Wizard
USER_05436,26,4500000,True,B,Midnight Galaxy,Tech Robot
USER_06872,22,14800000,True,B,Dark Mode,Crypto Ninja
USER_03326,20,3100000,False,B,Light Mode,Tech Robot
USER_09029,28,14700000,False,A,Light Mode,Crypto Ninja
USER_09624,18,11100000,True,A,Cute Hello Kitty,Finance Wizard
USER_07350,27,4600000,False,B,Light Mode,Tech Robot
USER_06544,23,5900000,True,B,Dark Mode,Finance Wizard
USER_05711,19,13200000,False,B,Dark Mode,Default User
USER_09951,20,4200000,False,A,Dark Mode,Tech Robot
USER_09492,18,12500000,False,A,Dark Mode,Tech Robot
USER_01990,26,14300000,False,B,Light Mode,Finance Wizard
USER_05847,25,12200000,True,A,Cute Hello Kitty,Finance Wizard
USER_06210,19,13900000,False,B,Dark Mode,Finance Wizard
USER_00052,28,12300000,False,A,Light Mode,Default User
USER_01249,25,11100000,False,B,Light Mode,Default User
USER_02929,26,4200000,False,B,Dark Mode,Finance Wizard
USER_02471,18,7200000,False,B,Dark Mode,Tech Robot
USER_01534,22,11400000,False,A,Light Mode,Tech Robot
USER_07927,25,12300000,True,B,Dark Mode,Finance Wizard
USER_03515,28,5000000,False,A,Dark Mode,Crypto Ninja
USER_09997,19,14100000,False,B,Dark Mode,Default User
USER_01655,21,8400000,True,A,Cute Hello Kitty,Default User
USER_05996,24,11000000,False,A,Dark Mode,Crypto Ninja
USER_09019,20,6900000,False,A,Light Mode,Finance Wizard
USER_05626,22,11200000,False,A,Dark Mode,Tech Robot
USER_06711,25,14500000,False,B,Dark Mode,Tech Robot
USER_04625,27,4400000,False,A,Dark Mode,Default User
USER_08773,20,10200000,False,B,Dark Mode,Crypto Ninja
USER_09765,21,8100000,True,B,Light Mode,Tech Robot
USER_05618,26,10300000,False,A,Light Mode,Default User
USER_05608,24,13700000,True,B,Dark Mode,Tech Robot
USER_04723,18,12400000,False,A,Dark Mode,Tech Robot
USER_00239,21,8200000,False,A,Dark Mode,Tech Robot
USER_01710,21,11600000,False,A,Dark Mode,Default User
USER_05010,26,8100000,False,B,Light Mode,Crypto Ninja
USER_04948,23,5900000,False,A,Light Mode,Finance Wizard
USER_02256,26,6200000,False,B,Light Mode,Crypto Ninja
USER_06193,23,8600000,False,B,Dark Mode,Tech Robot
USER_02151,23,8100000,False,B,Dark Mode,Crypto Ninja
USER_04967,22,3800000,False,A,Dark Mode,Tech Robot
USER_08434,22,8300000,True,B,Light Mode,Default User
USER_01866,19,14000000,False,B,Light Mode,Default User
USER_01070,25,3000000,True,B,Sunset Lo-Fi,Default User
USER_05413,25,7300000,False,B,Light Mode,Tech Robot
USER_06594,28,12800000,False,B,Dark Mode,Crypto Ninja
USER_03816,18,10400000,False,A,Dark Mode,Finance Wizard
USER_04517,25,12700000,True,A,Midnight Galaxy,Finance Wizard
USER_07947,22,10900000,True,A,Light Mode,Default User
USER_00883,19,3800000,False,A,Dark Mode,Finance Wizard
USER_02254,19,6100000,False,A,Dark Mode,Tech Robot
USER_06672,23,4400000,False,A,Light Mode,Crypto Ninja
USER_03985,28,4100000,False,A,Light Mode,Finance Wizard
USER_00892,26,12600000,False,B,Light Mode,Finance Wizard
USER_09847,18,13800000,False,A,Dark Mode,Crypto Ninja
USER_07734,23,10700000,False,B,Light Mode,Finance Wizard
USER_07980,26,15000000,False,A,Dark Mode,Crypto Ninja
USER_08103,25,8600000,False,B,Dark Mode,Tech Robot
USER_02307,28,3700000,False,B,Light Mode,Tech Robot
USER_01366,23,10100000,True,A,Midnight Galaxy,Tech Robot
USER_07922,20,5600000,False,A,Light Mode,Default User
USER_00225,25,9100000,True,A,Cute Hello Kitty,Tech Robot
USER_02396,26,4100000,False,A,Dark Mode,Finance Wizard
USER_07472,18,9400000,False,B,Dark Mode,Default User
USER_04591,26,13600000,False,B,Light Mode,Default User
USER_04549,23,13300000,True,A,Cyberpunk Maskulin,Default User
USER_08412,23,7100000,False,A,Light Mode,Tech Robot
USER_09467,21,9100000,True,A,Dark Mode,Default User
USER_03959,18,14400000,True,A,Midnight Galaxy,Tech Robot
USER_04326,27,4000000,False,B,Dark Mode,Tech Robot
USER_07491,25,13200000,False,A,Dark Mode,Default User
USER_00562,19,7200000,False,B,Light Mode,Default User
USER_06424,18,12400000,False,A,Dark Mode,Finance Wizard
USER_08595,19,4600000,False,A,Light Mode,Default User
USER_00688,18,12600000,True,B,Midnight Galaxy,Tech Robot
USER_03224,18,6100000,False,A,Dark Mode,Finance Wizard
USER_01533,26,12200000,False,B,Dark Mode,Finance Wizard
USER_04065,18,11400000,False,B,Light Mode,Tech Robot
USER_07835,21,11400000,False,A,Dark Mode,Default User
USER_03175,27,6900000,False,A,Light Mode,Default User
USER_08749,23,5200000,False,B,Dark Mode,Crypto Ninja
USER_09309,24,8500000,False,B,Dark Mode,Default User
USER_00119,19,3500000,False,B,Light Mode,Crypto Ninja
USER_07430,23,11500000,True,A,Cyberpunk Maskulin,Finance Wizard
USER_00810,24,7900000,False,B,Dark Mode,Finance Wizard
USER_03603,27,13100000,False,A,Dark Mode,Finance Wizard
USER_01005,27,6600000,False,B,Light Mode,Crypto Ninja
USER_05420,19,13800000,True,B,Cute Hello Kitty,Tech Robot
USER_04028,19,9300000,True,A,Midnight Galaxy,Tech Robot
USER_00202,27,14400000,False,B,Light Mode,Finance Wizard
USER_08402,24,8300000,True,A,Cyberpunk Maskulin,Crypto Ninja
USER_07085,18,10100000,False,B,Light Mode,Crypto Ninja
USER_08536,25,13400000,False,A,Light Mode,Finance Wizard
USER_00419,28,7800000,False,B,Light Mode,Default User
USER_05319,20,12800000,False,A,Dark Mode,Finance Wizard
USER_00733,28,14400000,False,B,Dark Mode,Crypto Ninja
USER_08184,23,4000000,False,B,Dark Mode,Default User
USER_09266,26,11700000,True,A,Midnight Galaxy,Tech Robot
USER_06537,23,7800000,True,A,Midnight Galaxy,Default User
USER_00914,26,5000000,False,B,Dark Mode,Tech Robot
USER_01235,24,14400000,False,A,Dark Mode,Crypto Ninja
USER_05848,26,9500000,False,B,Dark Mode,Finance Wizard
USER_06449,19,9200000,False,A,Dark Mode,Finance Wizard
USER_04280,25,13300000,False,B,Light Mode,Finance Wizard
USER_09024,25,11200000,True,A,Dark Mode,Finance Wizard
USER_03369,19,13200000,False,A,Light Mode,Finance Wizard
USER_00293,21,5700000,False,A,Light Mode,Crypto Ninja
USER_02325,28,4600000,False,A,Light Mode,Crypto Ninja
USER_02041,24,3500000,False,A,Dark Mode,Finance Wizard
USER_08918,28,4800000,True,A,Dark Mode,Default User
USER_05439,21,8500000,False,B,Dark Mode,Finance Wizard
USER_02893,21,13100000,False,B,Dark Mode,Tech Robot
USER_01848,23,5700000,True,B,Sunset Lo-Fi,Tech Robot
USER_02772,27,9500000,False,A,Dark Mode,Tech Robot
USER_01224,23,6700000,False,B,Light Mode,Tech Robot
USER_06106,27,14800000,False,A,Dark Mode,Finance Wizard
USER_04531,20,6600000,False,B,Light Mode,Tech Robot
USER_05123,26,14400000,True,A,Sunset Lo-Fi,Default User
USER_06799,27,14500000,False,A,Light Mode,Finance Wizard
USER_01544,28,9700000,False,A,Light Mode,Tech Robot
USER_07116,19,11500000,False,B,Dark Mode,Finance Wizard
USER_02252,23,11900000,True,A,Cute Hello Kitty,Finance Wizard
USER_02624,24,7800000,False,B,Light Mode,Finance Wizard
USER_07826,26,7200000,False,A,Dark Mode,Crypto Ninja
USER_04359,20,6500000,False,B,Dark Mode,Tech Robot
USER_07073,27,8700000,False,B,Light Mode,Crypto Ninja
USER_04136,20,4200000,True,A,Midnight Galaxy,Default User
USER_01978,24,8100000,False,A,Dark Mode,Default User
USER_02050,21,8700000,True,B,Sunset Lo-Fi,Crypto Ninja
USER_01896,25,6100000,False,B,Dark Mode,Tech Robot
USER_09612,24,11000000,False,A,Light Mode,Finance Wizard
USER_07700,22,13400000,False,B,Light Mode,Default User
USER_07986,24,12900000,False,B,Light Mode,Default User
USER_06497,20,14800000,False,A,Dark Mode,Default User
USER_05869,19,8900000,False,B,Dark Mode,Tech Robot
USER_01433,23,13900000,True,A,Dark Mode,Crypto Ninja
USER_05957,19,11200000,True,A,Cyberpunk Maskulin,Crypto Ninja
USER_03199,20,8700000,False,B,Dark Mode,Tech Robot
USER_05050,23,12800000,True,A,Cyberpunk Maskulin,Default User
USER_05240,22,13900000,False,A,Dark Mode,Tech Robot
USER_04711,25,13300000,False,B,Light Mode,Tech Robot
USER_02166,26,8500000,False,B,Dark Mode,Crypto Ninja
USER_07257,28,5700000,False,B,Dark Mode,Tech Robot
USER_05727,20,3000000,False,B,Dark Mode,Tech Robot
USER_03016,27,7100000,False,B,Light Mode,Default User
USER_06701,20,11100000,False,A,Light Mode,Finance Wizard
USER_05603,20,7700000,False,A,Dark Mode,Default User
USER_04683,23,6900000,True,B,Light Mode,Crypto Ninja
USER_06865,18,12600000,False,A,Light Mode,Finance Wizard
USER_07037,24,9200000,False,B,Light Mode,Default User
USER_00123,18,10500000,False,B,Dark Mode,Tech Robot
USER_09913,22,10100000,True,A,Dark Mode,Tech Robot
USER_07831,27,11700000,True,B,Sunset Lo-Fi,Finance Wizard
USER_05820,25,10900000,False,B,Dark Mode,Finance Wizard
USER_04807,21,14300000,False,A,Light Mode,Tech Robot
USER_09050,22,3300000,False,B,Light Mode,Crypto Ninja
USER_08681,21,6700000,False,A,Dark Mode,Default User
USER_09433,21,13700000,False,A,Dark Mode,Tech Robot
USER_00522,25,5600000,False,B,Dark Mode,Default User
USER_05989,19,3800000,False,B,Light Mode,Default User
USER_05377,18,14000000,True,B,Sunset Lo-Fi,Default User
USER_05238,20,4500000,False,B,Dark Mode,Default User
USER_00973,26,8500000,False,B,Light Mode,Crypto Ninja
USER_09820,21,10500000,False,A,Dark Mode,Crypto Ninja
USER_05766,27,6000000,False,B,Dark Mode,Crypto Ninja
USER_03177,22,11700000,False,B,Dark Mode,Tech Robot
USER_07910,19,14800000,False,A,Dark Mode,Tech Robot
USER_04945,21,4300000,False,A,Dark Mode,Tech Robot
USER_07711,19,13800000,False,B,Dark Mode,Crypto Ninja
USER_09632,19,5400000,True,B,Sunset Lo-Fi,Default User
USER_06655,21,6300000,True,B,Cyberpunk Maskulin,Crypto Ninja
USER_08099,23,9600000,False,B,Dark Mode,Tech Robot
USER_06787,24,5300000,False,B,Dark Mode,Finance Wizard
USER_07008,27,14700000,False,B,Light Mode,Tech Robot
USER_02392,20,13500000,False,B,Light Mode,Default User
USER_08862,20,10200000,False,A,Dark Mode,Crypto Ninja
USER_06063,27,5500000,False,B,Dark Mode,Finance Wizard
USER_09449,23,4900000,True,B,Sunset Lo-Fi,Finance Wizard
USER_00474,20,9300000,True,B,Sunset Lo-Fi,Default User
USER_09594,19,13300000,False,B,Dark Mode,Crypto Ninja
USER_02190,25,3900000,True,A,Light Mode,Finance Wizard
USER_08155,22,11200000,False,A,Dark Mode,Tech Robot
USER_07146,18,9600000,False,A,Dark Mode,Default User
USER_06884,20,5300000,False,A,Dark Mode,Finance Wizard
USER_08150,27,3400000,True,A,Cyberpunk Maskulin,Default User
USER_07901,25,9600000,False,B,Dark Mode,Crypto Ninja
USER_00865,21,8700000,False,A,Light Mode,Crypto Ninja
USER_06090,24,5600000,False,A,Light Mode,Crypto Ninja
USER_01986,27,10900000,False,B,Light Mode,Tech Robot
USER_01420,19,14200000,True,B,Sunset Lo-Fi,Finance Wizard
USER_01786,24,4400000,False,A,Dark Mode,Crypto Ninja
USER_02522,22,6400000,False,B,Dark Mode,Tech Robot
USER_06953,22,10500000,False,B,Dark Mode,Crypto Ninja
USER_04518,23,13400000,False,A,Light Mode,Crypto Ninja
USER_08974,26,8200000,False,A,Dark Mode,Finance Wizard
USER_00818,23,7300000,True,B,Light Mode,Tech Robot
USER_09459,25,5500000,False,B,Light Mode,Crypto Ninja
USER_08801,24,7600000,False,B,Light Mode,Tech Robot
USER_06771,26,6300000,False,A,Dark Mode,Tech Robot
USER_09445,21,11600000,False,A,Light Mode,Crypto Ninja
USER_07393,19,12400000,False,B,Dark Mode,Crypto Ninja
USER_07191,24,7900000,False,A,Dark Mode,Default User
USER_06145,23,11300000,True,A,Dark Mode,Finance Wizard
USER_05769,18,4100000,False,B,Light Mode,Crypto Ninja
USER_00449,28,11600000,False,A,Dark Mode,Default User
USER_09350,26,3300000,False,B,Light Mode,Finance Wizard
USER_08023,26,11600000,False,B,Light Mode,Crypto Ninja
USER_01659,19,7700000,False,A,Light Mode,Tech Robot
USER_02430,20,8400000,False,B,Light Mode,Finance Wizard
USER_06226,22,14100000,False,A,Dark Mode,Tech Robot
USER_03488,22,3000000,False,B,Dark Mode,Default User
USER_05949,18,14700000,False,A,Dark Mode,Crypto Ninja
USER_01056,25,11800000,False,A,Dark Mode,Default User
USER_07588,25,9500000,False,B,Light Mode,Crypto Ninja
USER_02827,21,5900000,True,A,Sunset Lo-Fi,Crypto Ninja
USER_01898,24,3200000,False,B,Light Mode,Tech Robot
USER_02249,28,5000000,False,A,Light Mode,Default User
USER_08940,27,11800000,True,A,Dark Mode,Tech Robot
USER_01336,20,11300000,False,B,Light Mode,Tech Robot
USER_07147,23,7800000,False,A,Light Mode,Tech Robot
USER_05183,27,14500000,False,A,Light Mode,Default User
USER_02306,27,11500000,False,B,Light Mode,Crypto Ninja
USER_01622,26,11400000,True,B,Dark Mode,Crypto Ninja
USER_07703,18,9100000,False,B,Light Mode,Default User
USER_00050,22,12600000,False,B,Dark Mode,Crypto Ninja
USER_08624,21,14500000,False,A,Dark Mode,Default User
USER_07882,25,6700000,False,B,Light Mode,Default User
USER_08161,28,4400000,False,A,Light Mode,Crypto Ninja
USER_04223,18,13900000,False,B,Dark Mode,Finance Wizard
USER_00074,26,8100000,False,A,Dark Mode,Tech Robot
USER_02883,23,10800000,False,B,Light Mode,Default User
USER_01747,21,7500000,False,B,Dark Mode,Default User
USER_03681,26,5400000,True,B,Cyberpunk Maskulin,Finance Wizard
USER_05180,28,5000000,True,B,Light Mode,Default User
USER_08815,22,11700000,False,B,Dark Mode,Default User
USER_07286,22,15000000,False,B,Dark Mode,Crypto Ninja
USER_01040,22,3400000,False,A,Light Mode,Crypto Ninja
USER_00750,18,9900000,True,A,Light Mode,Finance Wizard
USER_09710,18,14200000,True,A,Cute Hello Kitty,Default User
USER_09523,25,13600000,False,A,Dark Mode,Tech Robot
USER_02991,25,14100000,False,B,Dark Mode,Crypto Ninja
USER_01030,23,13700000,False,B,Light Mode,Tech Robot
USER_08626,28,7600000,False,B,Light Mode,Tech Robot
USER_03868,21,11600000,False,B,Light Mode,Finance Wizard
USER_01487,19,9700000,False,B,Dark Mode,Finance Wizard
USER_04672,19,12000000,False,A,Dark Mode,Default User
USER_07613,26,4700000,False,A,Light Mode,Finance Wizard
USER_03430,22,5000000,False,A,Dark Mode,Crypto Ninja
USER_04630,21,12100000,False,A,Dark Mode,Default User
USER_07622,27,12800000,True,B,Dark Mode,Default User
USER_08065,18,11500000,False,B,Dark Mode,Tech Robot
USER_09965,24,13300000,False,B,Dark Mode,Tech Robot
USER_01623,20,5200000,False,B,Dark Mode,Tech Robot
USER_04595,23,9300000,True,B,Sunset Lo-Fi,Default User
USER_04822,22,9600000,False,A,Light Mode,Finance Wizard
USER_03796,22,6900000,False,B,Light Mode,Finance Wizard
USER_06387,28,14300000,False,A,Light Mode,Finance Wizard
USER_04899,22,3900000,False,A,Dark Mode,Default User
USER_07089,18,11800000,False,A,Light Mode,Default User
USER_06377,18,8100000,False,A,Light Mode,Default User
USER_09362,20,14200000,False,A,Light Mode,Default User
USER_02609,27,10100000,False,A,Light Mode,Default User
USER_07021,21,14800000,False,B,Dark Mode,Finance Wizard
USER_02861,22,10400000,False,B,Dark Mode,Default User
USER_04908,19,9000000,False,A,Light Mode,Finance Wizard
USER_02600,25,9300000,False,A,Light Mode,Default User
USER_02218,28,3400000,False,B,Dark Mode,Finance Wizard
USER_09763,28,13800000,False,A,Dark Mode,Crypto Ninja
USER_04261,19,8200000,False,B,Light Mode,Crypto Ninja
USER_00160,26,8400000,False,B,Dark Mode,Finance Wizard
USER_01987,19,6600000,False,A,Dark Mode,Crypto Ninja
USER_05273,26,8500000,False,A,Light Mode,Crypto Ninja
USER_06817,24,8800000,False,A,Dark Mode,Finance Wizard
USER_08757,25,13800000,False,A,Light Mode,Default User
USER_09749,28,13100000,True,A,Sunset Lo-Fi,Default User
USER_08453,19,12200000,False,B,Dark Mode,Finance Wizard
USER_01849,24,9800000,False,A,Dark Mode,Tech Robot
USER_06003,23,10200000,False,B,Dark Mode,Tech Robot
USER_09264,21,8800000,False,B,Dark Mode,Crypto Ninja
USER_07271,24,14100000,False,A,Dark Mode,Tech Robot
USER_09130,21,3100000,True,A,Sunset Lo-Fi,Crypto Ninja
USER_00153,19,9400000,False,A,Dark Mode,Default User
USER_03239,27,13300000,False,A,Light Mode,Finance Wizard
USER_06074,24,8900000,False,B,Dark Mode,Default User
USER_01692,25,8000000,False,A,Dark Mode,Finance Wizard
USER_03138,19,5900000,True,B,Dark Mode,Tech Robot
USER_01546,22,4000000,False,A,Dark Mode,Default User
USER_06000,18,12100000,False,A,Dark Mode,Default User
USER_08147,24,13700000,False,B,Light Mode,Crypto Ninja
USER_04800,25,10500000,True,B,Sunset Lo-Fi,Finance Wizard
USER_03145,23,6800000,False,A,Dark Mode,Tech Robot
USER_00364,22,11900000,True,A,Cute Hello Kitty,Default User
USER_02298,23,10600000,False,B,Dark Mode,Finance Wizard
USER_04888,19,10100000,False,A,Light Mode,Tech Robot
USER_00276,18,9200000,False,A,Light Mode,Default User
USER_05185,24,9300000,False,B,Dark Mode,Finance Wizard
USER_04437,24,9000000,False,A,Light Mode,Crypto Ninja
USER_04695,27,8300000,False,B,Dark Mode,Default User
USER_04610,28,12100000,True,B,Dark Mode,Finance Wizard
USER_04864,27,12300000,False,B,Light Mode,Tech Robot
USER_06201,19,10200000,False,B,Light Mode,Tech Robot
USER_00309,19,13200000,True,B,Light Mode,Crypto Ninja
USER_06271,18,12400000,False,B,Light Mode,Default User
USER_06316,27,8700000,False,B,Dark Mode,Crypto Ninja
USER_00995,25,11400000,True,A,Midnight Galaxy,Finance Wizard
USER_08240,25,8500000,True,A,Sunset Lo-Fi,Tech Robot
USER_01541,18,14000000,False,B,Light Mode,Crypto Ninja
USER_09248,28,6300000,False,B,Light Mode,Default User
USER_05409,25,14800000,False,A,Light Mode,Finance Wizard
USER_08646,26,6000000,False,B,Dark Mode,Default User
USER_09134,21,8100000,False,A,Dark Mode,Crypto Ninja
USER_03921,18,11800000,True,B,Dark Mode,Tech Robot
USER_09939,18,10500000,False,B,Dark Mode,Tech Robot
USER_05284,20,3000000,False,B,Dark Mode,Crypto Ninja
USER_05917,22,8400000,False,A,Dark Mode,Default User
USER_00485,22,5100000,False,B,Dark Mode,Default User
USER_04315,26,6900000,False,A,Light Mode,Default User
USER_00163,27,13000000,True,A,Cute Hello Kitty,Default User
USER_00176,19,14000000,True,A,Light Mode,Tech Robot
USER_00968,19,3000000,False,B,Light Mode,Default User
USER_02986,23,9400000,False,A,Light Mode,Crypto Ninja
USER_02845,26,15000000,False,A,Dark Mode,Crypto Ninja
USER_02128,18,9200000,False,B,Dark Mode,Crypto Ninja
USER_08216,26,13500000,False,B,Dark Mode,Crypto Ninja
USER_01795,26,8300000,False,B,Dark Mode,Default User
USER_04183,26,7100000,True,B,Cyberpunk Maskulin,Tech Robot
USER_04175,22,5000000,True,A,Sunset Lo-Fi,Finance Wizard
USER_03653,26,10800000,False,B,Dark Mode,Default User
USER_03262,28,11000000,False,B,Dark Mode,Finance Wizard
USER_08818,21,5100000,False,A,Light Mode,Tech Robot
USER_08600,19,6700000,False,A,Light Mode,Default User
USER_00801,23,12800000,False,A,Light Mode,Finance Wizard
USER_05332,21,13800000,False,A,Dark Mode,Tech Robot
USER_01478,23,10900000,False,B,Dark Mode,Finance Wizard
USER_03253,20,3700000,True,B,Light Mode,Crypto Ninja
USER_01166,23,9100000,False,B,Dark Mode,Crypto Ninja
USER_00112,19,7600000,False,B,Light Mode,Tech Robot
USER_05327,19,4600000,True,A,Cute Hello Kitty,Tech Robot
USER_07334,26,4600000,False,B,Light Mode,Finance Wizard
USER_03925,24,14700000,False,A,Light Mode,Tech Robot
USER_06622,20,11900000,False,B,Dark Mode,Crypto Ninja
USER_00362,28,4200000,False,A,Light Mode,Crypto Ninja
USER_02203,18,4600000,False,B,Dark Mode,Default User
USER_05414,25,6700000,True,A,Light Mode,Finance Wizard
USER_01187,23,11000000,False,A,Dark Mode,Tech Robot
USER_09273,24,14100000,False,A,Dark Mode,Tech Robot
USER_08208,26,10700000,False,B,Light Mode,Tech Robot
USER_04045,22,7400000,False,B,Light Mode,Finance Wizard
USER_00194,18,3500000,False,A,Light Mode,Crypto Ninja
USER_02553,27,6400000,False,B,Dark Mode,Tech Robot
USER_09063,24,13900000,False,B,Dark Mode,Tech Robot
USER_06330,22,4300000,False,B,Dark Mode,Crypto Ninja
USER_02157,20,14000000,False,B,Light Mode,Tech Robot
USER_08334,26,10100000,False,A,Light Mode,Default User
USER_06097,18,9000000,False,A,Dark Mode,Crypto Ninja
USER_01875,18,4400000,False,B,Dark Mode,Crypto Ninja
USER_01380,18,8300000,False,B,Light Mode,Crypto Ninja
USER_05888,20,5600000,False,B,Dark Mode,Default User
USER_05109,23,4200000,False,B,Light Mode,Crypto Ninja
USER_06118,27,14200000,False,A,Light Mode,Finance Wizard
USER_09918,28,6000000,False,B,Light Mode,Finance Wizard
USER_04692,20,14600000,False,A,Dark Mode,Finance Wizard
USER_02570,25,14900000,True,B,Cute Hello Kitty,Crypto Ninja
USER_01417,27,6400000,False,A,Light Mode,Crypto Ninja
USER_03195,19,8900000,True,B,Light Mode,Crypto Ninja
USER_02532,26,3500000,True,B,Cute Hello Kitty,Default User
USER_08784,20,9800000,False,A,Light Mode,Finance Wizard
USER_00758,22,11500000,False,A,Dark Mode,Tech Robot
USER_07355,27,8700000,False,B,Dark Mode,Tech Robot
USER_05365,25,7800000,False,B,Dark Mode,Crypto Ninja
USER_01374,19,5200000,False,A,Light Mode,Default User
USER_09261,23,11800000,False,B,Light Mode,Crypto Ninja
USER_07753,22,6300000,False,B,Light Mode,Tech Robot
USER_07904,27,5500000,False,A,Light Mode,Finance Wizard
USER_08588,26,7600000,False,A,Dark Mode,Tech Robot
USER_01095,22,3400000,True,B,Sunset Lo-Fi,Finance Wizard
USER_01213,19,11900000,True,B,Dark Mode,Finance Wizard
USER_08834,22,4900000,False,B,Light Mode,Default User
USER_06776,21,3500000,False,B,Light Mode,Tech Robot
USER_05113,28,9900000,True,A,Cyberpunk Maskulin,Crypto Ninja
USER_00947,24,8800000,False,A,Light Mode,Default User
USER_06500,23,9300000,False,A,Light Mode,Finance Wizard
USER_08075,19,14300000,False,A,Dark Mode,Tech Robot
USER_06467,28,4700000,False,B,Light Mode,Crypto Ninja
USER_08281,28,3300000,False,B,Light Mode,Default User
USER_05758,22,4600000,False,A,Light Mode,Crypto Ninja
USER_07042,24,15000000,False,A,Light Mode,Tech Robot
USER_00550,28,4300000,False,B,Light Mode,Crypto Ninja
USER_05521,24,10700000,False,B,Dark Mode,Default User
USER_01557,22,4200000,False,B,Light Mode,Crypto Ninja
USER_07803,26,3600000,True,B,Dark Mode,Tech Robot
USER_03634,21,7300000,False,B,Light Mode,Default User
USER_08285,28,14800000,False,B,Dark Mode,Finance Wizard
USER_01706,20,4400000,False,A,Light Mode,Default User
USER_06262,21,4800000,False,A,Light Mode,Tech Robot
USER_02043,22,9200000,True,A,Dark Mode,Crypto Ninja
USER_03205,23,13600000,False,B,Light Mode,Finance Wizard
USER_08464,20,14000000,False,B,Dark Mode,Finance Wizard
USER_08108,19,13700000,False,B,Light Mode,Crypto Ninja
USER_05924,21,6400000,True,A,Cute Hello Kitty,Tech Robot
USER_06104,22,11000000,False,A,Dark Mode,Default User
USER_04602,21,6400000,False,A,Dark Mode,Tech Robot
USER_05913,28,4800000,True,A,Midnight Galaxy,Finance Wizard
USER_06388,20,4900000,False,B,Light Mode,Default User
USER_03370,25,12900000,False,B,Dark Mode,Default User
USER_05503,27,6400000,True,B,Midnight Galaxy,Crypto Ninja
USER_07375,21,6100000,True,B,Light Mode,Tech Robot
USER_01976,19,7700000,True,B,Sunset Lo-Fi,Default User
USER_06173,19,7300000,False,B,Dark Mode,Crypto Ninja
USER_05334,18,13300000,True,A,Sunset Lo-Fi,Tech Robot
USER_03300,21,5300000,False,B,Light Mode,Finance Wizard
USER_06712,27,9000000,False,B,Dark Mode,Finance Wizard
USER_00843,26,4600000,False,B,Dark Mode,Tech Robot
USER_02414,28,10000000,True,A,Light Mode,Default User
USER_02646,24,13600000,False,A,Light Mode,Default User
USER_06708,27,7900000,False,A,Light Mode,Finance Wizard
USER_05440,24,9400000,False,B,Dark Mode,Finance Wizard
USER_05558,24,12800000,False,A,Dark Mode,Default User
USER_07083,25,6100000,True,B,Midnight Galaxy,Tech Robot
USER_01803,18,6500000,False,B,Dark Mode,Finance Wizard
USER_07530,27,4200000,False,A,Dark Mode,Default User
USER_03214,27,9900000,False,B,Light Mode,Tech Robot
USER_08520,25,8700000,False,B,Light Mode,Crypto Ninja
USER_09142,21,4300000,False,A,Light Mode,Tech Robot
USER_06833,21,6600000,True,B,Dark Mode,Default User
USER_09645,21,14100000,False,A,Dark Mode,Tech Robot
USER_04540,23,10800000,False,A,Light Mode,Default User
USER_09819,24,14000000,True,B,Cyberpunk Maskulin,Finance Wizard
USER_06267,23,9700000,False,B,Light Mode,Crypto Ninja
USER_02103,18,6900000,False,B,Dark Mode,Finance Wizard
USER_01847,25,8800000,False,B,Dark Mode,Finance Wizard
USER_00067,27,10900000,True,B,Sunset Lo-Fi,Default User
USER_09673,28,12100000,False,B,Dark Mode,Default User
USER_06421,24,4500000,False,B,Dark Mode,Default User
USER_01648,23,9100000,False,B,Light Mode,Default User
USER_07206,23,3300000,True,A,Dark Mode,Finance Wizard
USER_08261,22,7400000,False,B,Dark Mode,Default User
USER_07623,23,11900000,False,A,Light Mode,Default User
USER_05971,26,5700000,False,B,Dark Mode,Finance Wizard
USER_02729,27,12500000,False,A,Dark Mode,Crypto Ninja
USER_08498,26,13800000,True,B,Cute Hello Kitty,Crypto Ninja
USER_00983,27,9500000,True,A,Cute Hello Kitty,Tech Robot
USER_05612,25,6000000,False,A,Light Mode,Finance Wizard
USER_00571,27,3200000,False,B,Light Mode,Default User
USER_00632,26,14700000,False,A,Dark Mode,Tech Robot
USER_08849,27,3700000,False,B,Light Mode,Crypto Ninja
USER_04468,25,5300000,False,A,Light Mode,Crypto Ninja
USER_00278,25,4400000,False,A,Dark Mode,Finance Wizard
USER_03040,18,7200000,False,A,Light Mode,Default User
USER_08204,27,6000000,False,B,Dark Mode,Default User
USER_07856,28,10200000,False,A,Light Mode,Tech Robot
USER_09577,22,13200000,False,B,Light Mode,Crypto Ninja
USER_09178,21,7400000,True,A,Cute Hello Kitty,Tech Robot
USER_01026,19,9500000,False,A,Light Mode,Tech Robot
USER_05172,25,3700000,False,A,Dark Mode,Tech Robot
USER_06016,20,10000000,False,A,Dark Mode,Default User
USER_07128,21,14900000,False,B,Light Mode,Crypto Ninja
USER_08201,24,13700000,False,B,Light Mode,Tech Robot
USER_00921,27,14400000,False,B,Light Mode,Crypto Ninja
USER_04008,26,13200000,False,A,Dark Mode,Crypto Ninja
USER_00576,19,13500000,False,A,Light Mode,Tech Robot
USER_03157,20,8600000,True,A,Midnight Galaxy,Tech Robot
USER_00717,21,10900000,False,B,Light Mode,Finance Wizard
USER_08759,27,12800000,False,A,Light Mode,Default User
USER_09853,18,5900000,False,B,Dark Mode,Crypto Ninja
USER_00150,24,10300000,True,A,Light Mode,Tech Robot
USER_04436,19,13100000,True,A,Dark Mode,Tech Robot
USER_08206,22,4700000,False,A,Dark Mode,Crypto Ninja
USER_04463,18,14300000,False,A,Dark Mode,Tech Robot
USER_00752,20,9800000,True,B,Cute Hello Kitty,Finance Wizard
USER_05312,19,14600000,False,A,Light Mode,Crypto Ninja
USER_09418,18,12200000,False,B,Dark Mode,Tech Robot
USER_03648,24,6800000,False,A,Dark Mode,Crypto Ninja
USER_00740,22,8900000,False,B,Dark Mode,Tech Robot
USER_05893,18,12700000,False,A,Dark Mode,Tech Robot
USER_06782,23,7200000,False,B,Light Mode,Default User
USER_03291,22,7400000,False,B,Light Mode,Crypto Ninja
USER_00974,20,5200000,False,B,Light Mode,Default User
USER_02503,24,9800000,False,A,Dark Mode,Tech Robot
USER_08962,28,12300000,True,B,Light Mode,Crypto Ninja
USER_04246,27,3500000,False,A,Light Mode,Crypto Ninja
USER_02194,26,8500000,False,A,Dark Mode,Finance Wizard
USER_01877,26,13900000,False,A,Dark Mode,Finance Wizard
USER_09014,26,13700000,False,A,Light Mode,Tech Robot
USER_03277,19,3300000,False,B,Light Mode,Tech Robot
USER_07445,20,12200000,True,A,Sunset Lo-Fi,Tech Robot
USER_03604,24,5200000,False,B,Light Mode,Tech Robot
USER_05901,22,3500000,False,B,Dark Mode,Finance Wizard
USER_06410,19,6100000,False,B,Dark Mode,Crypto Ninja
USER_08153,20,13500000,True,B,Dark Mode,Default User
USER_01237,27,4700000,False,A,Dark Mode,Crypto Ninja
USER_02501,23,4400000,False,B,Dark Mode,Crypto Ninja
USER_08952,24,6900000,False,A,Light Mode,Finance Wizard
USER_07284,26,12500000,False,B,Dark Mode,Crypto Ninja
USER_00815,18,10200000,False,B,Dark Mode,Crypto Ninja
USER_08668,28,13000000,True,B,Cyberpunk Maskulin,Tech Robot
USER_07467,24,10300000,False,A,Dark Mode,Default User
USER_06996,25,11300000,True,A,Midnight Galaxy,Crypto Ninja
USER_05736,20,3500000,False,A,Dark Mode,Crypto Ninja
USER_09709,21,14100000,False,A,Light Mode,Default User
USER_09393,27,14900000,False,A,Dark Mode,Tech Robot
USER_09583,23,9200000,False,B,Light Mode,Finance Wizard
USER_04225,27,9600000,False,A,Dark Mode,Finance Wizard
USER_08767,24,13500000,False,B,Dark Mode,Crypto Ninja
USER_07931,21,4000000,False,B,Light Mode,Tech Robot
USER_05889,25,7200000,False,B,Light Mode,Finance Wizard
USER_01799,22,4600000,False,A,Dark Mode,Finance Wizard
USER_05304,18,12500000,True,A,Cyberpunk Maskulin,Finance Wizard
USER_09216,21,3300000,False,A,Dark Mode,Finance Wizard
USER_03132,20,9200000,False,A,Dark Mode,Finance Wizard
USER_07447,26,9700000,True,B,Cyberpunk Maskulin,Crypto Ninja
USER_07796,25,11000000,False,A,Light Mode,Finance Wizard
USER_06209,18,7000000,False,B,Light Mode,Crypto Ninja
USER_06538,28,11200000,True,B,Midnight Galaxy,Default User
USER_08727,23,3400000,False,B,Light Mode,Default User
USER_06587,26,6100000,False,A,Dark Mode,Tech Robot
USER_00379,24,11500000,False,A,Light Mode,Crypto Ninja
USER_09623,21,14900000,True,B,Light Mode,Tech Robot
USER_03469,18,9900000,False,A,Light Mode,Default User
USER_04047,19,6400000,False,A,Light Mode,Default User
USER_08485,22,5100000,False,A,Light Mode,Default User
USER_09144,28,9400000,False,A,Dark Mode,Default User
USER_06323,22,11300000,False,B,Light Mode,Finance Wizard
USER_01165,25,5100000,False,A,Light Mode,Default User
USER_09180,23,14100000,False,B,Dark Mode,Finance Wizard
USER_05201,25,14800000,False,A,Dark Mode,Finance Wizard
USER_00566,19,4000000,False,B,Dark Mode,Tech Robot
USER_04829,20,10600000,False,B,Dark Mode,Finance Wizard
USER_09787,23,13500000,False,B,Light Mode,Tech Robot
USER_00253,27,3200000,True,A,Cyberpunk Maskulin,Finance Wizard
USER_04976,20,3800000,False,A,Dark Mode,Finance Wizard
USER_08594,23,8900000,False,A,Dark Mode,Default User
USER_00320,23,10500000,False,B,Light Mode,Crypto Ninja
USER_05530,19,11600000,False,B,Light Mode,Finance Wizard
USER_09089,24,4300000,True,B,Cyberpunk Maskulin,Crypto Ninja
USER_09984,19,12600000,False,A,Dark Mode,Crypto Ninja
USER_06545,23,4700000,True,B,Dark Mode,Crypto Ninja
USER_09239,18,14200000,False,A,Dark Mode,Finance Wizard
USER_07542,20,13400000,False,B,Light Mode,Crypto Ninja
USER_00115,19,10200000,False,A,Dark Mode,Finance Wizard
USER_01559,24,5200000,False,B,Dark Mode,Default User
USER_01400,21,10300000,False,A,Dark Mode,Finance Wizard
USER_01543,25,11200000,False,A,Light Mode,Tech Robot
USER_05405,23,7600000,True,B,Cute Hello Kitty,Default User
USER_05424,27,9800000,True,A,Midnight Galaxy,Crypto Ninja
USER_06547,21,7600000,False,B,Light Mode,Crypto Ninja
USER_07954,22,14500000,False,B,Dark Mode,Tech Robot
USER_06402,26,11600000,False,B,Dark Mode,Default User
USER_07056,24,5900000,False,A,Dark Mode,Tech Robot
USER_04487,27,5400000,False,A,Dark Mode,Crypto Ninja
USER_02764,26,5700000,False,B,Light Mode,Finance Wizard
USER_04426,24,12700000,False,A,Light Mode,Crypto Ninja
USER_05528,18,13800000,True,B,Sunset Lo-Fi,Tech Robot
USER_06365,25,14900000,True,A,Cute Hello Kitty,Finance Wizard
USER_03775,21,14100000,False,A,Light Mode,Finance Wizard
USER_04631,20,14000000,False,A,Light Mode,Crypto Ninja
USER_03502,24,5400000,False,A,Dark Mode,Finance Wizard
USER_00086,20,10300000,True,A,Light Mode,Default User
USER_03238,25,10700000,False,B,Light Mode,Crypto Ninja
USER_05634,23,13500000,False,B,Light Mode,Crypto Ninja
USER_09011,22,15000000,False,A,Dark Mode,Default User
USER_04014,21,13900000,False,B,Dark Mode,Crypto Ninja
USER_03928,25,8700000,False,B,Light Mode,Tech Robot
USER_03512,25,12300000,False,B,Light Mode,Tech Robot
USER_04855,18,14800000,True,B,Dark Mode,Crypto Ninja
USER_01444,26,7000000,True,B,Cute Hello Kitty,Default User
USER_03583,22,5400000,False,A,Dark Mode,Finance Wizard
USER_09526,21,10700000,False,A,Dark Mode,Default User
USER_02678,23,12800000,False,A,Light Mode,Tech Robot
USER_04330,23,14500000,False,B,Dark Mode,Crypto Ninja
USER_08559,19,7700000,False,A,Light Mode,Default User
USER_01206,25,12700000,True,B,Dark Mode,Finance Wizard
USER_09660,24,3900000,False,A,Dark Mode,Finance Wizard
USER_00170,18,12800000,False,B,Dark Mode,Finance Wizard
USER_06775,22,10400000,False,A,Dark Mode,Finance Wizard
USER_05130,23,4000000,False,A,Light Mode,Default User
USER_05819,21,11400000,False,A,Light Mode,Finance Wizard
USER_03668,19,5000000,True,A,Cute Hello Kitty,Tech Robot
USER_09271,21,11500000,False,A,Light Mode,Finance Wizard
USER_02356,18,7400000,False,B,Dark Mode,Tech Robot
USER_00744,24,3600000,False,A,Dark Mode,Default User
USER_02289,19,14800000,True,A,Cyberpunk Maskulin,Tech Robot
USER_08649,19,11000000,False,B,Dark Mode,Default User
USER_03643,26,9300000,False,A,Dark Mode,Finance Wizard
USER_05091,22,9300000,False,B,Light Mode,Crypto Ninja
USER_00296,19,3100000,False,B,Dark Mode,Tech Robot
USER_01402,28,10500000,False,A,Dark Mode,Tech Robot
USER_06302,26,15000000,False,A,Light Mode,Crypto Ninja
USER_03079,26,7100000,False,A,Light Mode,Default User
USER_02675,18,11100000,False,B,Dark Mode,Default User
USER_06002,28,8300000,True,B,Light Mode,Finance Wizard
USER_02815,20,10400000,False,B,Dark Mode,Tech Robot
USER_07690,21,4500000,False,B,Light Mode,Default User
USER_03038,24,14200000,True,A,Dark Mode,Finance Wizard
USER_03037,27,14400000,False,B,Light Mode,Default User
USER_03864,21,4700000,False,B,Light Mode,Crypto Ninja
USER_00871,19,12800000,False,B,Dark Mode,Crypto Ninja
USER_08084,24,14600000,False,B,Light Mode,Crypto Ninja
USER_04118,23,8800000,False,B,Light Mode,Finance Wizard
USER_08454,20,11900000,False,A,Dark Mode,Tech Robot
USER_06125,23,4500000,False,A,Light Mode,Crypto Ninja
USER_01218,28,3500000,False,A,Light Mode,Crypto Ninja
USER_04368,23,8600000,False,A,Light Mode,Default User
USER_01904,22,13700000,False,B,Dark Mode,Crypto Ninja
USER_01746,21,13600000,False,A,Light Mode,Tech Robot
USER_02165,27,7600000,False,B,Dark Mode,Finance Wizard
USER_07305,18,14000000,False,B,Dark Mode,Crypto Ninja
USER_05177,27,7700000,True,A,Light Mode,Finance Wizard
USER_01439,23,7100000,False,B,Dark Mode,Finance Wizard
USER_04475,19,10500000,False,B,Dark Mode,Tech Robot
USER_08009,20,8900000,False,B,Dark Mode,Default User
USER_02197,25,10600000,True,A,Dark Mode,Default User
USER_01225,27,3300000,False,A,Light Mode,Finance Wizard
USER_05059,23,13200000,False,A,Light Mode,Crypto Ninja
USER_01984,20,14700000,False,A,Light Mode,Finance Wizard
USER_03318,24,3100000,False,B,Dark Mode,Default User
USER_09887,21,11900000,False,B,Dark Mode,Crypto Ninja
USER_03664,26,8800000,False,B,Light Mode,Default User
USER_07914,22,5600000,False,B,Dark Mode,Tech Robot
USER_04906,20,5600000,True,B,Sunset Lo-Fi,Default User
USER_02127,19,10800000,False,A,Dark Mode,Crypto Ninja
USER_06719,28,10100000,False,B,Light Mode,Crypto Ninja
USER_05520,19,3600000,False,A,Light Mode,Finance Wizard
USER_01105,20,9200000,False,B,Light Mode,Crypto Ninja
USER_06337,19,14000000,False,A,Dark Mode,Tech Robot
USER_04418,21,14800000,False,A,Light Mode,Default User
USER_08105,19,7500000,False,B,Dark Mode,Finance Wizard
USER_03324,27,9200000,False,B,Dark Mode,Finance Wizard
USER_03389,26,13300000,True,B,Sunset Lo-Fi,Crypto Ninja
USER_07174,19,4100000,False,B,Light Mode,Tech Robot
USER_04653,26,4200000,True,A,Cute Hello Kitty,Finance Wizard
USER_01099,23,7200000,False,B,Dark Mode,Tech Robot
USER_06318,18,4600000,True,A,Light Mode,Tech Robot
USER_03089,21,9200000,True,B,Midnight Galaxy,Default User
USER_01981,18,11000000,False,B,Light Mode,Default User
USER_03117,23,14900000,False,A,Light Mode,Default User
USER_04577,21,6500000,False,B,Light Mode,Tech Robot
USER_02488,20,11400000,True,B,Sunset Lo-Fi,Default User
USER_07525,20,3700000,False,A,Dark Mode,Finance Wizard
USER_08963,26,9800000,True,B,Cute Hello Kitty,Finance Wizard
USER_06468,23,11900000,False,B,Light Mode,Crypto Ninja
USER_06386,26,10900000,False,B,Light Mode,Tech Robot
USER_06360,22,6500000,False,A,Dark Mode,Default User
USER_09771,19,5700000,False,A,Dark Mode,Finance Wizard
USER_01406,25,14700000,False,B,Dark Mode,Tech Robot
USER_03341,22,12200000,False,A,Dark Mode,Tech Robot
USER_05775,19,7600000,False,B,Dark Mode,Default User
USER_02928,21,10500000,False,A,Light Mode,Tech Robot
USER_09422,26,13000000,False,B,Light Mode,Default User
USER_09836,21,5900000,True,B,Midnight Galaxy,Default User
USER_07371,21,5200000,False,A,Dark Mode,Default User
USER_08063,19,4500000,False,A,Light Mode,Tech Robot
USER_00543,23,4300000,False,B,Dark Mode,Tech Robot
USER_03152,28,10300000,True,B,Cute Hello Kitty,Default User
USER_05814,19,10000000,True,A,Cyberpunk Maskulin,Tech Robot
USER_08168,24,13800000,False,B,Light Mode,Default User
USER_07647,20,8100000,False,A,Light Mode,Crypto Ninja
USER_00969,20,6600000,True,A,Light Mode,Tech Robot
USER_05245,22,5800000,False,B,Dark Mode,Tech Robot
USER_04504,20,9600000,False,A,Light Mode,Crypto Ninja
USER_04940,19,4400000,False,B,Dark Mode,Crypto Ninja
USER_04584,27,12900000,True,A,Cute Hello Kitty,Crypto Ninja
USER_09786,26,7600000,False,A,Dark Mode,Default User
USER_07438,19,7500000,False,A,Light Mode,Default User
USER_01259,28,8100000,True,B,Cute Hello Kitty,Finance Wizard
USER_06280,19,4800000,False,B,Dark Mode,Crypto Ninja
USER_09789,25,10600000,False,B,Dark Mode,Finance Wizard
USER_08169,26,13500000,False,A,Light Mode,Default User
USER_00482,24,5000000,False,A,Light Mode,Tech Robot
USER_09587,20,9300000,True,B,Cyberpunk Maskulin,Crypto Ninja
USER_01242,26,6600000,True,A,Cyberpunk Maskulin,Tech Robot
USER_02408,20,5600000,False,B,Light Mode,Default User
USER_04573,22,8400000,False,A,Dark Mode,Crypto Ninja
USER_09991,26,14500000,False,B,Light Mode,Finance Wizard
USER_04835,20,5800000,False,A,Dark Mode,Finance Wizard
USER_01059,24,4900000,False,B,Light Mode,Default User
USER_04758,18,5400000,False,A,Dark Mode,Tech Robot
USER_01502,21,9900000,True,A,Cyberpunk Maskulin,Default User
USER_06990,21,9200000,False,A,Dark Mode,Tech Robot
USER_01985,24,6500000,False,A,Light Mode,Default User
USER_06020,25,3100000,False,A,Dark Mode,Finance Wizard
USER_02474,18,5100000,True,B,Cute Hello Kitty,Tech Robot
USER_05062,22,12500000,False,B,Dark Mode,Default User
USER_04091,24,4500000,False,B,Dark Mode,Crypto Ninja
USER_09672,21,4700000,False,B,Dark Mode,Finance Wizard
USER_05170,21,9800000,True,B,Sunset Lo-Fi,Finance Wizard
USER_08200,21,8300000,False,A,Light Mode,Crypto Ninja
USER_04393,23,12900000,False,A,Dark Mode,Default User
USER_05204,24,5900000,False,A,Dark Mode,Tech Robot
USER_05005,19,7400000,False,B,Dark Mode,Finance Wizard
USER_01437,22,4800000,True,A,Dark Mode,Default User
USER_01489,21,11600000,False,A,Dark Mode,Crypto Ninja
USER_05249,20,6300000,False,B,Dark Mode,Tech Robot
USER_03391,24,4200000,False,A,Dark Mode,Default User
USER_04408,28,7200000,False,B,Light Mode,Default User
USER_05466,23,9100000,False,B,Dark Mode,Finance Wizard
USER_01321,24,14700000,False,A,Dark Mode,Finance Wizard
USER_05218,22,12200000,True,A,Light Mode,Tech Robot
USER_06971,23,12900000,False,A,Light Mode,Default User
USER_05793,22,5100000,False,B,Dark Mode,Crypto Ninja
USER_00728,24,8100000,False,A,Light Mode,Crypto Ninja
USER_07060,19,8100000,False,B,Light Mode,Tech Robot
USER_00963,28,14000000,False,B,Light Mode,Default User
USER_04299,22,6500000,True,A,Midnight Galaxy,Finance Wizard
USER_06525,23,10200000,False,A,Dark Mode,Default User
USER_02037,23,13200000,True,B,Cyberpunk Maskulin,Finance Wizard
USER_06075,22,14400000,False,A,Dark Mode,Crypto Ninja
USER_01175,27,4800000,False,B,Dark Mode,Tech Robot
USER_07945,24,6700000,False,A,Dark Mode,Tech Robot
USER_06492,27,9900000,False,B,Light Mode,Tech Robot
USER_05997,25,14500000,False,B,Light Mode,Finance Wizard
USER_05016,24,14000000,False,B,Light Mode,Crypto Ninja
USER_00462,22,10800000,False,A,Light Mode,Crypto Ninja
USER_00605,18,8600000,False,A,Dark Mode,Tech Robot
USER_00659,22,4900000,False,B,Dark Mode,Tech Robot
USER_09555,27,3800000,True,A,Midnight Galaxy,Finance Wizard
USER_04842,19,6100000,False,A,Light Mode,Finance Wizard
USER_04652,22,3300000,False,B,Light Mode,Default User
USER_03769,22,7900000,False,A,Dark Mode,Finance Wizard
USER_09950,19,11100000,False,A,Light Mode,Default User
USER_02004,22,3400000,False,A,Light Mode,Tech Robot
USER_02839,21,4900000,False,B,Dark Mode,Crypto Ninja
USER_09948,18,11600000,False,B,Light Mode,Finance Wizard
USER_00663,20,10400000,False,A,Light Mode,Crypto Ninja
USER_07251,18,6600000,False,A,Dark Mode,Finance Wizard
USER_07861,28,5100000,False,A,Light Mode,Finance Wizard
USER_02372,22,8700000,False,B,Dark Mode,Default User
USER_01634,21,9700000,False,A,Dark Mode,Finance Wizard
USER_07045,24,12200000,False,B,Light Mode,Tech Robot
USER_04108,22,7300000,True,A,Midnight Galaxy,Crypto Ninja
USER_07575,27,6300000,False,B,Light Mode,Finance Wizard
USER_02185,21,10600000,False,A,Light Mode,Crypto Ninja
USER_02973,19,7100000,False,B,Light Mode,Crypto Ninja
USER_03647,21,3800000,False,A,Light Mode,Crypto Ninja
USER_02652,19,13500000,False,A,Light Mode,Finance Wizard
USER_09464,25,12400000,False,B,Light Mode,Default User
USER_07534,20,3600000,False,B,Light Mode,Crypto Ninja
USER_08003,26,9700000,False,A,Light Mode,Crypto Ninja
USER_07402,21,4800000,True,B,Cyberpunk Maskulin,Finance Wizard
USER_04172,23,13500000,False,B,Dark Mode,Finance Wizard
USER_02947,27,12300000,False,B,Dark Mode,Tech Robot
USER_08004,22,6000000,False,A,Light Mode,Tech Robot
USER_00824,27,6400000,False,B,Light Mode,Default User
USER_02690,18,8600000,False,A,Light Mode,Default User
USER_05691,26,11400000,False,A,Dark Mode,Default User
USER_07182,18,9000000,False,B,Dark Mode,Default User
USER_02475,25,6000000,False,A,Light Mode,Crypto Ninja
USER_03879,26,11200000,False,A,Light Mode,Finance Wizard
USER_01767,26,12400000,False,B,Light Mode,Tech Robot
USER_07720,18,8200000,False,B,Dark Mode,Crypto Ninja
USER_08742,19,6100000,False,A,Light Mode,Finance Wizard
USER_05248,18,9500000,False,A,Dark Mode,Finance Wizard
USER_06080,27,8800000,False,B,Dark Mode,Crypto Ninja
USER_03229,19,14500000,False,A,Light Mode,Crypto Ninja
USER_04366,27,3900000,False,B,Dark Mode,Tech Robot
USER_02744,25,3100000,False,B,Light Mode,Default User
USER_01300,22,9500000,False,A,Dark Mode,Default User
USER_03012,28,8900000,True,B,Light Mode,Tech Robot
USER_08115,24,11700000,False,B,Light Mode,Tech Robot
USER_02939,19,4600000,False,A,Dark Mode,Default User
USER_04289,25,12500000,True,B,Cute Hello Kitty,Crypto Ninja
USER_09743,28,4500000,False,B,Dark Mode,Default User
USER_07029,23,4500000,False,B,Light Mode,Finance Wizard
USER_03690,25,7500000,False,B,Light Mode,Finance Wizard
USER_00786,18,6800000,False,A,Light Mode,Tech Robot
USER_04853,18,14600000,True,A,Cyberpunk Maskulin,Default User
USER_09550,24,6000000,False,A,Dark Mode,Default User
USER_02314,25,13600000,True,A,Cute Hello Kitty,Finance Wizard
USER_05460,20,11700000,False,A,Dark Mode,Default User
USER_06230,22,3000000,True,B,Dark Mode,Tech Robot
USER_05252,18,4000000,False,B,Light Mode,Tech Robot
USER_03406,24,14800000,False,B,Light Mode,Finance Wizard
USER_01160,22,11400000,False,B,Dark Mode,Default User
USER_00043,25,3300000,False,B,Dark Mode,Default User
USER_02794,25,10000000,False,A,Dark Mode,Finance Wizard
USER_02466,26,5500000,True,B,Cute Hello Kitty,Crypto Ninja
USER_07716,24,14000000,False,A,Light Mode,Crypto Ninja
USER_06809,28,7900000,False,B,Dark Mode,Default User
USER_01644,18,4100000,True,B,Midnight Galaxy,Tech Robot
USER_05548,20,12400000,False,A,Light Mode,Crypto Ninja
USER_05278,25,11000000,False,B,Light Mode,Default User
USER_02053,20,12600000,False,B,Dark Mode,Crypto Ninja
USER_09973,25,10400000,False,A,Light Mode,Finance Wizard
USER_05985,18,12100000,False,B,Light Mode,Crypto Ninja
USER_03948,22,12500000,False,A,Dark Mode,Crypto Ninja
USER_04898,21,9400000,False,A,Light Mode,Finance Wizard
USER_01571,22,7600000,True,B,Cute Hello Kitty,Tech Robot
USER_04076,25,12100000,False,B,Dark Mode,Default User
USER_08794,27,8200000,False,B,Light Mode,Tech Robot
USER_07659,21,13500000,False,B,Light Mode,Tech Robot
USER_09531,28,10000000,False,A,Dark Mode,Crypto Ninja
USER_03210,21,3100000,True,B,Dark Mode,Default User
USER_03760,20,13500000,False,B,Light Mode,Crypto Ninja
USER_00544,24,5300000,False,B,Dark Mode,Finance Wizard
USER_02840,20,3300000,True,A,Sunset Lo-Fi,Tech Robot
USER_04799,20,13700000,False,B,Light Mode,Tech Robot
USER_02234,28,4800000,True,B,Cyberpunk Maskulin,Finance Wizard
USER_03631,27,5500000,False,B,Light Mode,Default User
USER_02341,22,10400000,False,B,Light Mode,Tech Robot
USER_07223,22,6900000,False,A,Light Mode,Tech Robot
USER_04959,23,7900000,False,B,Dark Mode,Default User
USER_04235,25,7200000,False,B,Dark Mode,Crypto Ninja
USER_07692,27,10400000,False,A,Light Mode,Finance Wizard
USER_01860,23,13800000,False,B,Light Mode,Default User
USER_03945,18,9600000,False,A,Dark Mode,Finance Wizard
USER_03056,25,4100000,False,A,Dark Mode,Finance Wizard
USER_07144,25,9600000,True,B,Cute Hello Kitty,Tech Robot
USER_00846,26,13500000,False,A,Dark Mode,Default User
USER_03734,26,5600000,False,A,Dark Mode,Finance Wizard
USER_07959,19,14200000,True,B,Dark Mode,Crypto Ninja
USER_09691,19,8300000,False,A,Dark Mode,Finance Wizard
USER_06229,20,9500000,False,A,Dark Mode,Tech Robot
USER_02549,18,7800000,True,A,Cyberpunk Maskulin,Crypto Ninja
USER_09460,21,4500000,False,A,Dark Mode,Crypto Ninja
USER_04768,21,3100000,False,B,Light Mode,Default User
USER_02994,26,8900000,False,B,Dark Mode,Crypto Ninja
USER_09201,26,8300000,False,B,Dark Mode,Default User
USER_05892,26,5900000,False,B,Dark Mode,Default User
USER_08429,27,11300000,False,A,Dark Mode,Crypto Ninja
USER_09960,24,6700000,False,B,Dark Mode,Default User
USER_04942,19,5700000,True,B,Sunset Lo-Fi,Default User
USER_03286,27,5400000,True,B,Dark Mode,Crypto Ninja
USER_05894,22,12500000,False,B,Light Mode,Tech Robot
USER_03055,21,3900000,False,B,Light Mode,Finance Wizard
USER_07059,28,8900000,False,B,Dark Mode,Default User
USER_04143,25,7100000,True,A,Light Mode,Default User
USER_02473,19,6900000,False,B,Dark Mode,Crypto Ninja
USER_00283,23,12600000,True,A,Cute Hello Kitty,Finance Wizard
USER_09323,22,10600000,False,A,Dark Mode,Finance Wizard
USER_01671,19,14900000,True,A,Sunset Lo-Fi,Default User
USER_07360,28,13400000,True,A,Cute Hello Kitty,Crypto Ninja
USER_01609,27,14700000,False,A,Light Mode,Tech Robot
USER_01465,18,7100000,False,A,Dark Mode,Finance Wizard
USER_03853,25,7600000,False,B,Dark Mode,Tech Robot
USER_09479,19,6600000,False,B,Light Mode,Crypto Ninja
USER_05361,24,14700000,False,B,Light Mode,Tech Robot
USER_03390,26,10900000,False,A,Light Mode,Crypto Ninja
USER_02907,26,13800000,True,B,Cyberpunk Maskulin,Default User
USER_03490,25,5100000,False,B,Light Mode,Tech Robot
USER_00943,28,8600000,False,A,Light Mode,Default User
USER_05463,27,11300000,False,B,Dark Mode,Default User
USER_07052,26,14300000,True,B,Sunset Lo-Fi,Crypto Ninja
USER_08336,19,13600000,False,A,Dark Mode,Tech Robot
USER_07763,23,5600000,False,B,Dark Mode,Finance Wizard
USER_06730,21,7000000,False,B,Dark Mode,Tech Robot
USER_03073,21,10900000,True,A,Dark Mode,Finance Wizard
USER_05920,22,6300000,True,A,Dark Mode,Default User
USER_04245,20,6100000,False,A,Light Mode,Default User
USER_00868,18,11900000,False,A,Dark Mode,Crypto Ninja
USER_02778,25,11800000,False,B,Dark Mode,Finance Wizard
USER_07838,22,9500000,False,B,Dark Mode,Tech Robot
USER_04682,20,4100000,False,A,Light Mode,Crypto Ninja
USER_02109,27,6900000,False,B,Light Mode,Crypto Ninja
USER_03361,24,10200000,False,A,Light Mode,Crypto Ninja
USER_06196,24,10500000,False,A,Light Mode,Tech Robot
USER_02946,18,11900000,True,A,Sunset Lo-Fi,Crypto Ninja
USER_02264,26,10200000,True,B,Midnight Galaxy,Tech Robot
USER_01071,19,3900000,False,A,Light Mode,Crypto Ninja
USER_06462,22,12500000,True,A,Light Mode,Finance Wizard
USER_08002,22,15000000,False,A,Light Mode,Default User
USER_01737,25,12700000,True,B,Midnight Galaxy,Finance Wizard
USER_00979,25,7700000,False,B,Light Mode,Finance Wizard
USER_05993,24,4900000,False,A,Dark Mode,Crypto Ninja
USER_07869,24,6800000,False,A,Dark Mode,Finance Wizard
USER_08389,28,8900000,True,B,Midnight Galaxy,Finance Wizard
USER_08421,23,9500000,False,B,Dark Mode,Finance Wizard
USER_02705,23,9400000,False,A,Dark Mode,Crypto Ninja
USER_00772,28,8000000,False,B,Dark Mode,Tech Robot
USER_02093,26,6500000,True,B,Cute Hello Kitty,Default User
USER_05645,23,5300000,False,A,Light Mode,Default User
USER_02833,19,14700000,False,B,Dark Mode,Tech Robot
USER_08528,19,5600000,False,B,Light Mode,Tech Robot
USER_08777,22,3100000,False,B,Light Mode,Finance Wizard
USER_00304,21,6000000,True,A,Dark Mode,Default User
USER_05579,28,8600000,False,A,Dark Mode,Tech Robot
USER_04115,19,10700000,False,A,Light Mode,Finance Wizard
USER_07301,20,9500000,False,A,Light Mode,Default User
USER_03660,24,5800000,False,B,Dark Mode,Crypto Ninja
USER_04696,25,4400000,True,B,Dark Mode,Crypto Ninja
USER_05358,23,4100000,False,B,Light Mode,Default User
USER_01829,28,13000000,True,B,Dark Mode,Default User
USER_06724,22,5700000,False,A,Light Mode,Crypto Ninja
USER_01575,18,11300000,False,B,Light Mode,Crypto Ninja
USER_00674,25,13200000,False,B,Dark Mode,Default User
USER_00624,20,5300000,False,A,Light Mode,Finance Wizard
USER_04958,23,5000000,False,B,Dark Mode,Tech Robot
USER_01271,20,3900000,False,A,Dark Mode,Tech Robot
USER_05350,24,13900000,False,B,Dark Mode,Default User
USER_03092,24,10700000,True,B,Sunset Lo-Fi,Tech Robot
USER_02065,26,13000000,True,A,Dark Mode,Crypto Ninja
USER_06328,22,4700000,False,B,Light Mode,Crypto Ninja
USER_04314,25,11700000,False,B,Light Mode,Tech Robot
USER_02451,27,4300000,True,A,Light Mode,Default User
USER_06516,27,6300000,False,A,Dark Mode,Crypto Ninja
USER_02667,25,8700000,False,A,Light Mode,Finance Wizard
USER_04291,18,10500000,False,B,Dark Mode,Finance Wizard
USER_08483,22,5100000,False,B,Light Mode,Crypto Ninja
USER_01264,20,14900000,False,B,Dark Mode,Crypto Ninja
USER_07552,18,9900000,False,B,Dark Mode,Tech Robot
USER_09561,21,6500000,False,B,Dark Mode,Default User
USER_04722,25,7400000,True,A,Dark Mode,Tech Robot
USER_07733,20,6500000,False,B,Light Mode,Default User
USER_06791,27,5100000,False,A,Light Mode,Finance Wizard
USER_04675,19,10700000,False,A,Dark Mode,Finance Wizard
USER_04939,28,10900000,False,B,Dark Mode,Default User
USER_01734,26,9000000,False,A,Light Mode,Tech Robot
USER_07291,27,12900000,False,B,Light Mode,Crypto Ninja
USER_09034,22,8500000,False,B,Light Mode,Default User
USER_05636,24,11800000,False,A,Light Mode,Tech Robot
USER_06774,28,12500000,False,A,Light Mode,Finance Wizard
USER_07646,28,6200000,False,B,Light Mode,Crypto Ninja
USER_06126,19,7400000,False,B,Dark Mode,Finance Wizard
USER_04402,26,6500000,False,A,Light Mode,Default User
USER_06960,26,4900000,False,A,Light Mode,Finance Wizard
USER_07193,21,4700000,False,B,Dark Mode,Finance Wizard
USER_06182,21,6700000,True,B,Light Mode,Default User
USER_08470,23,9600000,False,A,Light Mode,Crypto Ninja
USER_05272,27,5200000,False,A,Light Mode,Default User
USER_01154,27,12500000,True,B,Midnight Galaxy,Tech Robot
USER_06422,27,13800000,False,B,Light Mode,Default User
USER_07142,23,4500000,False,B,Dark Mode,Default User
USER_07434,18,8800000,False,B,Light Mode,Crypto Ninja
USER_00755,26,9800000,True,B,Dark Mode,Tech Robot
USER_07451,19,9700000,False,A,Light Mode,Finance Wizard
USER_05281,22,5000000,False,B,Light Mode,Finance Wizard
USER_00038,26,13300000,False,A,Light Mode,Finance Wizard
USER_04444,21,14400000,False,B,Dark Mode,Finance Wizard
USER_08723,28,10700000,False,A,Light Mode,Crypto Ninja
USER_04489,20,13200000,False,A,Light Mode,Tech Robot
USER_02155,24,12400000,False,B,Dark Mode,Crypto Ninja
USER_03523,23,10700000,False,B,Dark Mode,Default User
USER_05857,25,9900000,False,A,Dark Mode,Tech Robot
USER_08776,20,4100000,True,B,Cyberpunk Maskulin,Tech Robot
USER_06395,22,4500000,False,A,Dark Mode,Finance Wizard
USER_00348,27,11000000,False,A,Light Mode,Finance Wizard
USER_09689,21,13800000,False,B,Dark Mode,Finance Wizard
USER_05594,21,11600000,True,A,Midnight Galaxy,Finance Wizard
USER_07805,21,4300000,False,B,Light Mode,Default User
USER_05616,27,9000000,True,A,Light Mode,Finance Wizard
USER_00081,25,10000000,True,B,Light Mode,Crypto Ninja
USER_09568,23,7500000,False,B,Light Mode,Tech Robot
USER_07090,20,6100000,False,A,Dark Mode,Default User
USER_06662,27,4400000,False,A,Dark Mode,Default User
USER_08843,22,7300000,True,B,Cyberpunk Maskulin,Tech Robot
USER_08917,23,4600000,False,B,Light Mode,Tech Robot
USER_03146,22,7000000,True,A,Cute Hello Kitty,Tech Robot
USER_04524,23,8300000,False,B,Dark Mode,Default User
USER_01029,25,14000000,False,A,Light Mode,Crypto Ninja
USER_05786,24,7300000,False,A,Dark Mode,Crypto Ninja
USER_07777,22,12700000,False,A,Dark Mode,Tech Robot
USER_05868,27,3400000,True,A,Dark Mode,Default User
USER_03334,23,13800000,False,B,Light Mode,Finance Wizard
USER_07596,21,5600000,False,B,Dark Mode,Default User
USER_09311,26,14500000,False,B,Light Mode,Tech Robot
USER_01169,21,11600000,False,B,Dark Mode,Default User
USER_00958,18,13300000,True,B,Sunset Lo-Fi,Default User
USER_09137,24,10700000,False,B,Dark Mode,Default User
USER_01885,24,10800000,False,B,Dark Mode,Finance Wizard
USER_03522,21,7200000,False,B,Dark Mode,Tech Robot
USER_08949,20,12600000,True,B,Sunset Lo-Fi,Tech Robot
USER_06968,25,14600000,True,A,Midnight Galaxy,Tech Robot
USER_02246,22,6000000,False,B,Dark Mode,Crypto Ninja
USER_09461,27,12800000,False,B,Light Mode,Crypto Ninja
USER_01650,24,4600000,False,B,Light Mode,Tech Robot
USER_07776,21,12100000,True,B,Midnight Galaxy,Default User
USER_01550,21,11200000,False,B,Dark Mode,Default User
USER_05705,25,13900000,False,B,Dark Mode,Tech Robot
USER_07149,25,8300000,False,A,Dark Mode,Finance Wizard
USER_09822,19,9100000,False,B,Light Mode,Finance Wizard
USER_00033,19,11600000,False,A,Dark Mode,Default User
USER_06862,20,6100000,False,B,Light Mode,Default User
USER_04796,20,6900000,False,B,Light Mode,Crypto Ninja
USER_01186,18,4200000,True,A,Midnight Galaxy,Finance Wizard
USER_05922,20,11300000,False,A,Light Mode,Default User
USER_00450,23,6400000,False,B,Dark Mode,Default User
USER_02081,25,3400000,False,A,Light Mode,Tech Robot
USER_04670,27,10200000,False,A,Light Mode,Crypto Ninja
USER_02239,23,5800000,False,B,Dark Mode,Finance Wizard
USER_01453,22,9900000,False,A,Dark Mode,Finance Wizard
USER_01086,21,5400000,False,A,Light Mode,Crypto Ninja
USER_06221,20,12400000,False,B,Dark Mode,Default User
USER_01577,21,5100000,True,A,Cute Hello Kitty,Finance Wizard
USER_03025,24,9500000,True,A,Cyberpunk Maskulin,Finance Wizard
USER_06508,18,7400000,False,B,Light Mode,Finance Wizard
USER_07057,24,9800000,True,B,Midnight Galaxy,Tech Robot
USER_06168,18,12000000,False,B,Dark Mode,Crypto Ninja
USER_04391,19,11800000,False,B,Dark Mode,Finance Wizard
USER_09741,21,10100000,False,B,Light Mode,Crypto Ninja
USER_03730,18,14800000,False,A,Dark Mode,Default User
USER_09498,28,3000000,False,A,Light Mode,Crypto Ninja
USER_06933,28,11300000,True,A,Sunset Lo-Fi,Tech Robot
USER_08033,28,7300000,False,A,Light Mode,Tech Robot
USER_07214,26,11600000,False,B,Light Mode,Crypto Ninja
USER_03192,23,12500000,False,B,Light Mode,Tech Robot
USER_00042,18,10400000,False,A,Light Mode,Finance Wizard
USER_03577,18,6800000,False,B,Light Mode,Tech Robot
USER_07299,23,14000000,True,A,Dark Mode,Default User
USER_09704,21,8300000,False,A,Dark Mode,Crypto Ninja
USER_00164,21,11700000,True,B,Cute Hello Kitty,Crypto Ninja
USER_02055,28,10400000,False,A,Dark Mode,Default User
USER_01977,23,5800000,False,A,Dark Mode,Default User
USER_00219,28,8300000,False,A,Light Mode,Default User
USER_00444,24,11900000,False,A,Dark Mode,Default User
USER_04604,26,4500000,True,B,Cute Hello Kitty,Finance Wizard
USER_06688,27,12800000,False,B,Dark Mode,Tech Robot
USER_01572,22,4900000,True,A,Cyberpunk Maskulin,Tech Robot
USER_05397,26,7500000,True,A,Dark Mode,Finance Wizard
USER_00870,21,9600000,False,B,Dark Mode,Default User
USER_00523,27,9400000,False,B,Dark Mode,Crypto Ninja
USER_05970,19,8700000,False,A,Dark Mode,Crypto Ninja
USER_02627,20,8200000,False,A,Light Mode,Crypto Ninja
USER_09817,28,14000000,False,B,Dark Mode,Default User
USER_03667,18,3000000,False,B,Light Mode,Finance Wizard
USER_06077,23,11000000,True,A,Cyberpunk Maskulin,Finance Wizard
USER_08504,23,9500000,False,B,Dark Mode,Finance Wizard
USER_05701,18,5800000,False,A,Dark Mode,Tech Robot
USER_01754,28,11300000,False,B,Light Mode,Tech Robot
USER_00850,20,9900000,False,B,Dark Mode,Tech Robot
USER_00691,22,3700000,False,B,Dark Mode,Tech Robot
USER_08669,20,5800000,False,A,Dark Mode,Crypto Ninja
USER_01330,27,14100000,False,A,Light Mode,Crypto Ninja
USER_04560,20,8000000,False,A,Light Mode,Finance Wizard
USER_08252,27,6200000,False,B,Dark Mode,Tech Robot
USER_05525,20,3200000,False,A,Dark Mode,Finance Wizard
USER_08233,22,8900000,False,A,Light Mode,Default User
USER_07859,22,6400000,False,A,Light Mode,Tech Robot
USER_02204,21,9800000,False,B,Light Mode,Tech Robot
USER_02479,18,12000000,False,A,Light Mode,Finance Wizard
USER_01446,22,13700000,False,A,Light Mode,Finance Wizard
USER_06154,27,10500000,False,A,Light Mode,Default User
USER_06901,22,11300000,False,B,Light Mode,Finance Wizard
USER_03898,21,13800000,False,B,Dark Mode,Tech Robot
USER_09348,23,4900000,False,B,Light Mode,Crypto Ninja
USER_06231,27,10200000,False,B,Light Mode,Default User
USER_03303,21,6800000,False,B,Dark Mode,Default User
USER_04732,24,3300000,True,A,Dark Mode,Tech Robot
USER_08272,24,14400000,False,B,Dark Mode,Crypto Ninja
USER_03412,19,14700000,False,A,Light Mode,Finance Wizard
USER_04910,20,4800000,False,A,Light Mode,Finance Wizard
USER_04193,18,13100000,False,B,Dark Mode,Crypto Ninja
USER_01909,25,12000000,False,A,Dark Mode,Crypto Ninja
USER_01846,26,7400000,True,A,Midnight Galaxy,Tech Robot
USER_02564,21,7200000,False,A,Light Mode,Finance Wizard
USER_08708,23,4200000,False,B,Dark Mode,Tech Robot
USER_03144,26,4200000,False,A,Light Mode,Finance Wizard
USER_01062,23,8900000,True,B,Sunset Lo-Fi,Finance Wizard
USER_09505,26,8600000,False,B,Light Mode,Crypto Ninja
USER_04271,21,11500000,False,B,Light Mode,Tech Robot
USER_04861,25,12100000,False,A,Dark Mode,Crypto Ninja
USER_06177,26,8100000,False,B,Dark Mode,Tech Robot
USER_01361,21,14000000,False,A,Dark Mode,Finance Wizard
USER_09603,22,8200000,False,A,Light Mode,Default User
USER_08278,25,13800000,False,A,Dark Mode,Default User
USER_09619,27,11500000,False,B,Light Mode,Tech Robot
USER_01120,23,7200000,True,A,Cyberpunk Maskulin,Tech Robot
USER_05832,24,11200000,False,A,Light Mode,Crypto Ninja
USER_05726,20,10100000,False,A,Dark Mode,Finance Wizard
USER_03338,24,14500000,False,A,Light Mode,Default User
USER_07862,25,10100000,False,B,Light Mode,Crypto Ninja
USER_02625,27,7100000,True,B,Cute Hello Kitty,Tech Robot
USER_07261,23,11900000,True,B,Cyberpunk Maskulin,Finance Wizard
USER_02571,27,14100000,False,A,Light Mode,Crypto Ninja
USER_04571,26,14400000,False,A,Dark Mode,Crypto Ninja
USER_05417,23,5500000,False,B,Light Mode,Tech Robot
USER_06325,26,5200000,False,A,Light Mode,Finance Wizard
USER_01275,21,7200000,False,B,Dark Mode,Default User
USER_02452,25,10600000,True,A,Dark Mode,Crypto Ninja
USER_02331,28,5700000,True,B,Midnight Galaxy,Tech Robot
USER_04500,21,3800000,False,A,Dark Mode,Crypto Ninja
USER_08027,19,4900000,False,A,Dark Mode,Tech Robot
USER_04774,27,8500000,False,B,Dark Mode,Tech Robot
USER_04574,28,11200000,False,B,Dark Mode,Tech Robot
USER_04497,26,14100000,False,A,Light Mode,Finance Wizard
USER_03535,22,6800000,False,B,Light Mode,Default User
USER_09864,21,8000000,False,B,Light Mode,Finance Wizard
USER_00864,19,4100000,False,A,Light Mode,Default User
USER_02520,18,10800000,True,A,Light Mode,Tech Robot
USER_09358,28,12400000,True,A,Sunset Lo-Fi,Default User
USER_03866,24,8400000,False,A,Light Mode,Finance Wizard
USER_00199,23,10700000,False,B,Light Mode,Crypto Ninja
USER_08362,19,4000000,False,A,Light Mode,Finance Wizard
USER_02429,25,5500000,False,A,Light Mode,Finance Wizard
USER_09530,28,7100000,False,A,Light Mode,Finance Wizard
USER_03463,21,5600000,True,B,Dark Mode,Finance Wizard
USER_05644,25,4000000,False,A,Light Mode,Finance Wizard
USER_03810,24,6700000,False,A,Dark Mode,Default User
USER_08236,22,12700000,False,A,Light Mode,Default User
USER_03798,27,7200000,False,B,Dark Mode,Crypto Ninja
USER_08037,27,4800000,False,A,Light Mode,Finance Wizard
USER_04510,25,9300000,False,B,Dark Mode,Finance Wizard
USER_03218,26,3500000,False,A,Light Mode,Crypto Ninja
USER_05186,22,7500000,False,A,Dark Mode,Crypto Ninja
USER_07952,27,14500000,False,B,Light Mode,Tech Robot
USER_09552,22,13100000,False,A,Dark Mode,Crypto Ninja
USER_05966,19,14200000,True,B,Sunset Lo-Fi,Crypto Ninja
USER_02552,22,7100000,True,B,Dark Mode,Crypto Ninja
USER_08444,20,12100000,False,B,Dark Mode,Tech Robot
USER_06958,24,9400000,False,B,Dark Mode,Default User
USER_04310,27,12800000,False,A,Dark Mode,Tech Robot
USER_01461,22,13300000,False,A,Dark Mode,Default User
USER_03652,25,10100000,False,B,Dark Mode,Crypto Ninja
USER_05790,18,8800000,False,B,Dark Mode,Tech Robot
USER_07785,20,8100000,False,B,Dark Mode,Tech Robot
USER_09070,20,14700000,False,A,Light Mode,Default User
USER_02701,26,7600000,True,A,Sunset Lo-Fi,Tech Robot
USER_09158,22,14900000,True,B,Light Mode,Tech Robot
USER_01006,26,3600000,False,A,Dark Mode,Finance Wizard
USER_09128,26,4000000,False,A,Dark Mode,Default User
USER_08396,18,13200000,True,A,Cute Hello Kitty,Tech Robot
USER_02361,19,9000000,True,B,Midnight Galaxy,Tech Robot
USER_09446,22,9700000,False,A,Light Mode,Crypto Ninja
USER_02637,21,5400000,False,B,Dark Mode,Finance Wizard
USER_07809,27,4100000,False,A,Light Mode,Finance Wizard
USER_08789,26,5500000,False,B,Dark Mode,Crypto Ninja
USER_02457,24,13100000,False,B,Light Mode,Crypto Ninja
USER_08255,23,13900000,False,A,Light Mode,Crypto Ninja
USER_08450,24,4100000,False,B,Dark Mode,Crypto Ninja
USER_02178,18,7200000,False,A,Light Mode,Finance Wizard
USER_08090,18,8000000,False,A,Dark Mode,Tech Robot
USER_06773,25,14600000,False,B,Dark Mode,Tech Robot
USER_07346,19,6600000,True,A,Cute Hello Kitty,Crypto Ninja
USER_03672,27,7500000,False,A,Dark Mode,Default User
USER_04466,28,8200000,False,A,Dark Mode,Crypto Ninja
USER_02788,26,11700000,False,A,Light Mode,Tech Robot
USER_07900,24,10900000,False,B,Dark Mode,Default User
USER_03139,23,15000000,False,A,Dark Mode,Crypto Ninja
USER_00498,18,4200000,True,B,Cyberpunk Maskulin,Default User
USER_00839,18,11800000,False,B,Dark Mode,Crypto Ninja
USER_03453,19,14700000,False,A,Light Mode,Finance Wizard
USER_01776,23,8300000,False,A,Dark Mode,Tech Robot
USER_08913,23,8600000,False,B,Light Mode,Crypto Ninja
USER_03404,19,14500000,True,A,Midnight Galaxy,Default User
USER_04019,18,14700000,False,A,Dark Mode,Tech Robot
USER_05372,27,3300000,True,A,Cute Hello Kitty,Crypto Ninja
USER_07702,22,10400000,False,B,Dark Mode,Crypto Ninja
USER_01295,22,12500000,False,B,Dark Mode,Crypto Ninja
USER_04241,19,7800000,True,A,Cyberpunk Maskulin,Crypto Ninja
USER_07352,23,3600000,False,A,Light Mode,Finance Wizard
USER_09957,26,13900000,True,B,Dark Mode,Tech Robot
USER_01942,19,4000000,True,B,Midnight Galaxy,Finance Wizard
USER_01733,27,12100000,False,B,Dark Mode,Tech Robot
USER_06190,19,8300000,False,B,Light Mode,Crypto Ninja
USER_02339,20,13400000,False,A,Dark Mode,Tech Robot
USER_00441,24,11600000,False,B,Light Mode,Default User
USER_03867,23,7400000,False,A,Dark Mode,Tech Robot
USER_05493,25,5200000,False,A,Dark Mode,Default User
USER_09800,25,14300000,True,B,Sunset Lo-Fi,Default User
USER_02066,23,5700000,True,A,Dark Mode,Finance Wizard
USER_00336,28,13600000,False,B,Dark Mode,Tech Robot
USER_08765,27,14000000,False,A,Light Mode,Crypto Ninja
USER_08418,20,8600000,False,B,Dark Mode,Tech Robot
USER_05490,20,5500000,False,B,Light Mode,Finance Wizard
USER_04780,18,5400000,False,A,Dark Mode,Default User
USER_02322,24,8300000,True,B,Cute Hello Kitty,Default User
USER_03380,22,5800000,True,A,Cute Hello Kitty,Finance Wizard
USER_07766,21,11200000,False,B,Dark Mode,Finance Wizard
USER_00388,27,12600000,False,A,Light Mode,Tech Robot
USER_01207,21,6500000,False,B,Light Mode,Default User
USER_09033,21,4300000,True,A,Cute Hello Kitty,Finance Wizard
USER_00228,23,10700000,False,A,Light Mode,Tech Robot
USER_01116,25,6400000,False,A,Light Mode,Tech Robot
USER_04023,25,5900000,True,A,Midnight Galaxy,Crypto Ninja
USER_04790,22,12100000,False,B,Light Mode,Default User
USER_03514,23,4600000,False,B,Light Mode,Tech Robot
USER_04015,21,9600000,False,B,Dark Mode,Finance Wizard
USER_08507,28,10900000,True,A,Cyberpunk Maskulin,Default User
USER_06038,26,13900000,False,A,Light Mode,Finance Wizard
USER_00433,25,5900000,False,A,Dark Mode,Finance Wizard
USER_05963,27,14500000,False,B,Light Mode,Tech Robot
USER_02999,27,12200000,False,B,Dark Mode,Tech Robot
USER_08718,18,7400000,True,A,Light Mode,Crypto Ninja
USER_08482,19,10800000,False,A,Light Mode,Finance Wizard
USER_04727,26,13900000,False,A,Dark Mode,Tech Robot
USER_04512,25,14900000,False,B,Dark Mode,Crypto Ninja
USER_08299,20,11800000,False,B,Light Mode,Default User
USER_05798,25,8000000,True,B,Light Mode,Crypto Ninja
USER_02754,18,13100000,False,A,Dark Mode,Crypto Ninja
USER_03665,27,13500000,False,B,Dark Mode,Finance Wizard
USER_06283,21,7600000,False,B,Light Mode,Default User
USER_08445,20,8200000,False,A,Light Mode,Finance Wizard
USER_00142,23,9300000,False,B,Light Mode,Finance Wizard
USER_07484,24,14700000,False,A,Dark Mode,Crypto Ninja
USER_07046,21,14500000,False,A,Light Mode,Crypto Ninja
USER_02381,24,6700000,False,B,Dark Mode,Tech Robot
USER_04377,26,9300000,False,A,Dark Mode,Crypto Ninja
USER_02990,28,11600000,False,B,Light Mode,Tech Robot
USER_06295,19,11800000,True,B,Cyberpunk Maskulin,Finance Wizard
USER_09849,28,13500000,False,A,Light Mode,Crypto Ninja
USER_00606,20,3600000,False,B,Light Mode,Default User
USER_06133,22,5100000,False,B,Light Mode,Default User
USER_09205,20,11000000,False,A,Light Mode,Finance Wizard
USER_08057,28,11100000,False,A,Light Mode,Finance Wizard
USER_03825,25,14200000,False,A,Light Mode,Crypto Ninja
USER_06601,27,7000000,False,A,Dark Mode,Tech Robot
USER_06588,25,10300000,False,A,Light Mode,Crypto Ninja
USER_09801,25,3900000,False,A,Light Mode,Tech Robot
USER_02205,26,8600000,False,A,Light Mode,Crypto Ninja
USER_08704,21,3600000,False,B,Light Mode,Default User
USER_07125,22,14100000,False,A,Light Mode,Default User
USER_07967,22,7900000,True,B,Light Mode,Tech Robot
USER_03095,25,13100000,False,B,Dark Mode,Crypto Ninja
USER_05302,24,12000000,False,B,Light Mode,Finance Wizard
USER_05849,26,8100000,True,A,Cyberpunk Maskulin,Tech Robot
USER_09941,25,6200000,True,B,Dark Mode,Default User
USER_09757,19,3000000,False,B,Dark Mode,Tech Robot
USER_01718,27,13700000,False,B,Dark Mode,Crypto Ninja
USER_01640,21,8200000,False,A,Light Mode,Finance Wizard
USER_02574,23,8900000,False,A,Light Mode,Finance Wizard
USER_01745,19,6300000,True,B,Cyberpunk Maskulin,Tech Robot
USER_06287,24,3300000,False,A,Light Mode,Crypto Ninja
USER_04208,20,4600000,False,A,Light Mode,Crypto Ninja
USER_04579,20,3300000,False,A,Light Mode,Finance Wizard
USER_05024,28,7200000,False,B,Dark Mode,Default User
USER_00856,19,14700000,False,B,Dark Mode,Crypto Ninja
USER_02327,28,11900000,True,A,Cyberpunk Maskulin,Finance Wizard
USER_00048,25,3300000,True,B,Sunset Lo-Fi,Finance Wizard
USER_00736,23,3000000,True,B,Sunset Lo-Fi,Crypto Ninja
USER_06753,18,10000000,False,A,Light Mode,Crypto Ninja
USER_07857,18,12300000,False,B,Dark Mode,Tech Robot
USER_00572,24,7900000,False,B,Dark Mode,Default User
USER_01536,25,10200000,False,B,Light Mode,Tech Robot
USER_09637,22,9000000,False,A,Dark Mode,Tech Robot
USER_09387,28,6400000,False,B,Dark Mode,Finance Wizard
USER_09048,22,3700000,False,A,Light Mode,Finance Wizard
USER_08984,21,5300000,True,A,Sunset Lo-Fi,Default User
USER_04477,23,11200000,False,A,Dark Mode,Tech Robot
USER_05107,23,6500000,False,B,Dark Mode,Tech Robot
USER_04627,20,7900000,False,B,Light Mode,Finance Wizard
USER_05254,26,14500000,False,A,Light Mode,Finance Wizard
USER_09356,28,7200000,False,A,Light Mode,Crypto Ninja
USER_05092,24,5600000,False,B,Dark Mode,Tech Robot
USER_00955,18,6100000,False,A,Dark Mode,Default User
USER_05946,24,10700000,False,B,Light Mode,Tech Robot
USER_04804,22,15000000,False,A,Light Mode,Finance Wizard
USER_08426,22,4700000,False,A,Light Mode,Crypto Ninja
USER_05317,19,5700000,False,B,Light Mode,Tech Robot
USER_03473,21,5800000,False,A,Dark Mode,Default User
USER_08180,23,4500000,False,A,Light Mode,Finance Wizard
USER_01182,27,12800000,False,A,Light Mode,Crypto Ninja
USER_02007,28,7600000,False,B,Dark Mode,Tech Robot
USER_07701,24,8800000,False,B,Light Mode,Default User
USER_00226,28,6000000,False,A,Dark Mode,Finance Wizard
USER_09730,22,3300000,True,A,Midnight Galaxy,Default User
USER_07507,26,6600000,True,B,Cyberpunk Maskulin,Tech Robot
USER_01450,20,4600000,False,A,Dark Mode,Finance Wizard
USER_03434,18,6800000,False,B,Light Mode,Tech Robot
USER_00412,21,7700000,False,A,Dark Mode,Crypto Ninja
USER_01197,26,7500000,False,A,Dark Mode,Tech Robot
USER_00745,21,11900000,True,B,Cute Hello Kitty,Crypto Ninja
USER_07871,19,7700000,False,A,Light Mode,Tech Robot
USER_02897,27,6800000,False,B,Light Mode,Default User
USER_05251,22,13400000,False,A,Dark Mode,Default User
USER_02366,20,3300000,False,A,Light Mode,Finance Wizard
USER_04841,26,5900000,False,B,Dark Mode,Default User
USER_04586,21,5900000,True,A,Midnight Galaxy,Default User
USER_01703,23,5100000,False,B,Dark Mode,Crypto Ninja
USER_00178,19,10400000,False,A,Dark Mode,Default User
USER_08552,23,9500000,False,B,Light Mode,Crypto Ninja
USER_00080,20,13700000,False,B,Dark Mode,Crypto Ninja
USER_08018,26,4100000,False,A,Light Mode,Crypto Ninja
USER_07713,28,12300000,False,B,Dark Mode,Tech Robot
USER_05863,19,6500000,False,B,Dark Mode,Crypto Ninja
USER_02830,26,4700000,False,A,Dark Mode,Tech Robot
USER_06093,22,11900000,False,B,Dark Mode,Crypto Ninja
USER_09797,25,8200000,False,B,Dark Mode,Tech Robot
USER_05030,19,10000000,False,A,Light Mode,Finance Wizard
USER_09214,23,3000000,False,A,Light Mode,Finance Wizard
USER_09613,20,8700000,False,A,Dark Mode,Tech Robot
USER_04704,27,11900000,True,A,Cyberpunk Maskulin,Finance Wizard
USER_07244,22,11600000,True,B,Light Mode,Default User
USER_06855,25,11900000,False,A,Dark Mode,Crypto Ninja
USER_07312,27,13800000,False,B,Dark Mode,Tech Robot
USER_03477,18,3500000,False,A,Dark Mode,Finance Wizard
USER_03481,22,9900000,False,A,Dark Mode,Finance Wizard
USER_02610,20,7300000,True,B,Light Mode,Default User
USER_07351,21,10100000,False,B,Light Mode,Crypto Ninja
USER_05325,19,5300000,False,B,Light Mode,Default User
USER_06142,26,11500000,False,A,Light Mode,Tech Robot
USER_07158,20,4800000,True,A,Dark Mode,Finance Wizard
USER_09959,19,13000000,False,A,Dark Mode,Finance Wizard
USER_03826,27,4700000,False,B,Dark Mode,Finance Wizard
USER_04819,28,12400000,False,A,Light Mode,Default User
USER_08149,26,13000000,False,B,Light Mode,Default User
USER_07903,24,5900000,False,B,Dark Mode,Crypto Ninja
USER_04140,23,15000000,False,A,Light Mode,Tech Robot
USER_04492,18,7100000,False,B,Light Mode,Crypto Ninja
USER_03482,22,6200000,True,B,Dark Mode,Crypto Ninja
USER_08964,28,10300000,False,B,Light Mode,Finance Wizard
USER_02931,28,13000000,False,A,Dark Mode,Default User
USER_02923,20,4100000,True,A,Sunset Lo-Fi,Tech Robot
USER_08383,18,14700000,True,A,Sunset Lo-Fi,Crypto Ninja
USER_09326,21,12300000,False,A,Dark Mode,Tech Robot
USER_07486,19,5600000,False,B,Dark Mode,Finance Wizard
USER_08258,19,6800000,False,B,Dark Mode,Crypto Ninja
USER_08966,20,3800000,False,A,Light Mode,Default User
USER_07563,25,14700000,True,B,Dark Mode,Crypto Ninja
USER_00569,25,5000000,True,B,Light Mode,Finance Wizard
USER_00403,24,10500000,False,A,Dark Mode,Crypto Ninja
USER_06029,23,14800000,True,A,Cyberpunk Maskulin,Finance Wizard
USER_07539,26,5800000,False,B,Dark Mode,Crypto Ninja
USER_07248,21,6200000,False,B,Dark Mode,Tech Robot
USER_08070,18,13600000,False,B,Light Mode,Default User
USER_01696,25,9100000,False,A,Light Mode,Finance Wizard
USER_06875,24,14600000,True,A,Midnight Galaxy,Tech Robot
USER_05722,24,4400000,False,A,Light Mode,Finance Wizard
USER_02200,20,3100000,True,B,Midnight Galaxy,Crypto Ninja
USER_08936,21,8100000,False,B,Light Mode,Finance Wizard
USER_05294,27,13200000,False,A,Light Mode,Finance Wizard
USER_06338,26,14600000,False,B,Dark Mode,Default User
USER_05856,23,7300000,False,B,Dark Mode,Tech Robot
USER_05560,22,8300000,True,B,Light Mode,Crypto Ninja
USER_08466,20,4700000,False,B,Light Mode,Default User
USER_02156,26,3200000,False,A,Light Mode,Finance Wizard
USER_03715,22,3600000,False,B,Light Mode,Default User
USER_09509,22,7200000,True,A,Midnight Galaxy,Finance Wizard
USER_04262,21,11100000,False,A,Dark Mode,Crypto Ninja
USER_06265,21,13700000,True,B,Light Mode,Finance Wizard
USER_09652,18,6700000,False,B,Dark Mode,Default User
USER_05239,24,6600000,False,B,Light Mode,Default User
USER_04801,26,8700000,False,B,Light Mode,Finance Wizard
USER_09636,20,6200000,False,B,Light Mode,Tech Robot
USER_06970,19,13700000,False,B,Dark Mode,Default User
USER_02448,20,8800000,False,A,Light Mode,Tech Robot
USER_06407,18,12400000,True,B,Midnight Galaxy,Tech Robot
USER_05126,23,4000000,False,A,Light Mode,Tech Robot
USER_03091,28,9700000,True,A,Dark Mode,Tech Robot
USER_00065,28,11100000,False,A,Light Mode,Default User
USER_01649,24,9700000,False,B,Light Mode,Default User
USER_02404,28,14200000,False,B,Dark Mode,Tech Robot
USER_06582,28,12700000,False,B,Light Mode,Default User
USER_07774,19,12200000,False,B,Dark Mode,Tech Robot
USER_03738,25,11700000,False,A,Dark Mode,Tech Robot
USER_01136,23,5100000,True,B,Sunset Lo-Fi,Tech Robot
USER_09744,21,9500000,False,B,Dark Mode,Finance Wizard
USER_04356,22,7300000,False,B,Light Mode,Crypto Ninja
USER_08752,25,3500000,False,B,Light Mode,Default User
USER_02523,20,7100000,False,B,Dark Mode,Default User
USER_09570,20,5400000,False,B,Dark Mode,Tech Robot
USER_03788,28,14800000,False,B,Light Mode,Finance Wizard
USER_08774,21,8600000,True,A,Midnight Galaxy,Finance Wizard
USER_01506,18,11400000,False,B,Dark Mode,Default User
USER_02793,26,8400000,False,A,Dark Mode,Tech Robot
USER_06572,25,4500000,False,A,Light Mode,Default User
USER_01462,25,12400000,False,B,Dark Mode,Tech Robot
USER_06519,27,4300000,False,A,Light Mode,Tech Robot
USER_02248,23,6800000,True,B,Dark Mode,Crypto Ninja
USER_02313,24,5700000,False,A,Dark Mode,Tech Robot
USER_09346,23,12500000,True,A,Light Mode,Crypto Ninja
USER_04809,26,12100000,False,A,Light Mode,Default User
USER_01201,20,8000000,False,A,Dark Mode,Default User
USER_03575,20,14800000,False,B,Light Mode,Finance Wizard
USER_05615,20,7800000,False,A,Dark Mode,Crypto Ninja
USER_01322,27,3800000,True,A,Cyberpunk Maskulin,Default User
USER_01370,20,8700000,False,A,Dark Mode,Crypto Ninja
USER_03105,26,7400000,False,A,Light Mode,Default User
USER_03997,21,5100000,False,B,Dark Mode,Crypto Ninja
USER_08620,24,6100000,False,A,Dark Mode,Crypto Ninja
USER_00585,26,9800000,False,B,Light Mode,Tech Robot
USER_00534,28,11600000,False,B,Dark Mode,Default User
USER_02822,24,9800000,True,B,Sunset Lo-Fi,Finance Wizard
USER_01142,26,7100000,False,B,Light Mode,Tech Robot
USER_02647,20,8200000,True,A,Sunset Lo-Fi,Finance Wizard
USER_05075,21,12500000,False,A,Light Mode,Crypto Ninja
USER_05795,25,8800000,False,B,Dark Mode,Tech Robot
USER_00511,23,10300000,True,B,Cyberpunk Maskulin,Crypto Ninja
USER_05447,22,6800000,True,B,Light Mode,Default User
USER_01592,21,4400000,False,B,Light Mode,Default User
USER_06994,25,10000000,False,A,Dark Mode,Finance Wizard
USER_03021,18,5800000,True,A,Sunset Lo-Fi,Default User
USER_00190,26,14000000,True,B,Dark Mode,Finance Wizard
USER_07544,18,3200000,False,B,Dark Mode,Crypto Ninja
USER_06404,25,11200000,False,A,Light Mode,Tech Robot
USER_00581,21,3900000,False,B,Dark Mode,Default User
USER_06308,26,12100000,True,A,Dark Mode,Crypto Ninja
USER_07269,28,5800000,False,A,Light Mode,Tech Robot
USER_01293,22,10800000,True,B,Cute Hello Kitty,Crypto Ninja
USER_04001,20,6400000,True,B,Light Mode,Finance Wizard
USER_02712,26,3500000,False,B,Dark Mode,Crypto Ninja
USER_08771,28,4100000,False,A,Light Mode,Finance Wizard
USER_01664,26,14000000,False,A,Light Mode,Finance Wizard
USER_00329,21,6700000,False,B,Light Mode,Default User
USER_03118,28,10600000,False,A,Light Mode,Finance Wizard
USER_09097,21,12200000,False,B,Dark Mode,Finance Wizard
USER_03871,25,4800000,False,B,Light Mode,Crypto Ninja
USER_00001,19,9600000,False,B,Light Mode,Finance Wizard
USER_00561,26,3700000,False,A,Light Mode,Finance Wizard
USER_06414,23,3700000,False,B,Light Mode,Crypto Ninja
USER_06628,26,14800000,False,A,Dark Mode,Tech Robot
USER_01928,25,11300000,False,A,Light Mode,Default User
USER_09218,24,7600000,False,A,Dark Mode,Crypto Ninja
USER_01768,18,3300000,False,A,Light Mode,Finance Wizard
USER_05741,20,8000000,False,B,Light Mode,Crypto Ninja
USER_08899,28,11400000,False,A,Light Mode,Tech Robot
USER_01346,19,9600000,True,A,Light Mode,Crypto Ninja
USER_06756,22,7400000,False,B,Light Mode,Crypto Ninja
USER_07266,22,3700000,False,A,Light Mode,Crypto Ninja
USER_02125,22,11600000,False,B,Dark Mode,Crypto Ninja
USER_08864,21,4500000,False,A,Dark Mode,Finance Wizard
USER_01843,22,10600000,True,A,Cyberpunk Maskulin,Crypto Ninja
USER_02068,20,9600000,False,B,Light Mode,Tech Robot
USER_07166,18,14100000,False,A,Dark Mode,Crypto Ninja
USER_02669,22,3800000,False,B,Light Mode,Crypto Ninja
USER_03278,26,8900000,False,A,Dark Mode,Finance Wizard
USER_05903,26,10700000,False,A,Dark Mode,Finance Wizard
USER_01871,21,10600000,False,A,Dark Mode,Crypto Ninja
USER_06086,20,14600000,False,A,Dark Mode,Finance Wizard
USER_07455,18,15000000,True,A,Light Mode,Finance Wizard
USER_02022,19,10000000,False,B,Dark Mode,Crypto Ninja
USER_06671,25,4400000,False,A,Dark Mode,Finance Wizard
USER_00694,18,10000000,False,A,Light Mode,Default User
USER_01530,25,13100000,False,A,Light Mode,Default User
USER_08492,24,12700000,False,B,Dark Mode,Default User
USER_09698,25,7000000,True,B,Cyberpunk Maskulin,Finance Wizard
USER_02842,23,5100000,True,B,Sunset Lo-Fi,Default User
USER_08658,26,5300000,False,B,Light Mode,Tech Robot
USER_06176,20,14200000,False,A,Dark Mode,Default User
USER_00714,27,13000000,False,A,Dark Mode,Tech Robot
USER_02189,21,7300000,False,B,Light Mode,Finance Wizard
USER_01459,23,3000000,False,B,Light Mode,Default User
USER_08143,25,3900000,False,A,Dark Mode,Tech Robot
USER_06313,22,13600000,False,A,Dark Mode,Finance Wizard
USER_08051,20,10900000,False,B,Light Mode,Default User
USER_09697,23,13900000,True,B,Cute Hello Kitty,Crypto Ninja
USER_05072,21,10100000,True,A,Dark Mode,Default User
USER_02439,26,8500000,True,B,Light Mode,Default User
USER_05481,20,14200000,True,A,Cyberpunk Maskulin,Default User
USER_01273,21,11800000,True,A,Dark Mode,Crypto Ninja
USER_07185,24,7900000,False,A,Dark Mode,Tech Robot
USER_02739,24,4100000,False,A,Dark Mode,Tech Robot
USER_08335,21,11800000,False,A,Light Mode,Crypto Ninja
USER_01757,23,11000000,True,B,Light Mode,Default User
USER_05014,20,8900000,False,A,Light Mode,Default User
USER_08884,23,5500000,False,B,Light Mode,Default User
USER_01168,19,13900000,True,A,Midnight Galaxy,Tech Robot
USER_04534,25,14100000,False,A,Light Mode,Tech Robot
USER_02225,19,10700000,True,B,Dark Mode,Crypto Ninja
USER_00365,28,7000000,False,B,Light Mode,Finance Wizard
USER_05984,24,6500000,False,B,Dark Mode,Crypto Ninja
USER_00977,26,15000000,False,B,Light Mode,Tech Robot
USER_07015,18,5200000,False,A,Dark Mode,Default User
USER_02826,25,7200000,False,A,Dark Mode,Default User
USER_02428,24,3500000,False,B,Dark Mode,Default User
USER_03976,23,14000000,False,B,Light Mode,Default User
USER_01687,23,9800000,True,B,Dark Mode,Finance Wizard
USER_06698,23,7200000,True,B,Light Mode,Crypto Ninja
USER_07111,26,5400000,False,B,Light Mode,Crypto Ninja
USER_04847,19,4700000,False,A,Light Mode,Tech Robot
USER_07916,18,9100000,False,B,Light Mode,Crypto Ninja
USER_09438,23,4200000,True,B,Midnight Galaxy,Finance Wizard
USER_09430,27,7200000,False,B,Light Mode,Finance Wizard
USER_04471,28,10700000,False,A,Light Mode,Finance Wizard
USER_09701,25,5700000,False,A,Light Mode,Default User
USER_05643,20,4700000,False,A,Light Mode,Tech Robot
USER_00525,27,8800000,False,A,Light Mode,Finance Wizard
USER_00205,18,8900000,True,B,Cute Hello Kitty,Crypto Ninja
USER_08990,26,9200000,False,A,Dark Mode,Crypto Ninja
USER_03774,18,8600000,False,A,Light Mode,Crypto Ninja
USER_07792,20,12100000,False,A,Light Mode,Finance Wizard
USER_00899,25,8000000,False,B,Dark Mode,Finance Wizard
USER_01723,20,8500000,False,B,Light Mode,Crypto Ninja
USER_07847,21,5600000,False,A,Light Mode,Finance Wizard
USER_02521,25,6100000,False,A,Light Mode,Crypto Ninja
USER_06921,18,14000000,False,A,Dark Mode,Default User
USER_04386,23,3800000,False,B,Dark Mode,Finance Wizard
USER_09590,18,13300000,False,A,Light Mode,Default User
USER_00696,18,12500000,False,B,Dark Mode,Default User
USER_04915,25,11300000,False,A,Dark Mode,Finance Wizard
USER_07316,28,12100000,False,A,Light Mode,Crypto Ninja
USER_04938,21,12600000,True,B,Dark Mode,Tech Robot
USER_09588,18,9700000,False,A,Dark Mode,Default User
USER_08549,27,7500000,True,B,Cute Hello Kitty,Finance Wizard
USER_03564,24,15000000,False,A,Dark Mode,Default User
USER_01014,22,12700000,False,B,Dark Mode,Crypto Ninja
USER_05620,22,14100000,False,B,Dark Mode,Finance Wizard
USER_06844,18,9600000,False,B,Light Mode,Tech Robot
USER_01065,27,5500000,False,A,Light Mode,Finance Wizard
USER_01485,28,3700000,False,A,Light Mode,Default User
USER_08101,23,3500000,True,A,Dark Mode,Finance Wizard
USER_04206,26,10900000,True,B,Dark Mode,Finance Wizard
USER_09764,26,5300000,False,B,Light Mode,Default User
USER_03650,25,7700000,False,A,Dark Mode,Tech Robot
USER_09657,22,13200000,True,A,Midnight Galaxy,Crypto Ninja
USER_09495,18,12300000,True,A,Sunset Lo-Fi,Finance Wizard
USER_01492,26,7400000,False,A,Light Mode,Tech Robot
USER_09618,18,4200000,False,A,Dark Mode,Crypto Ninja
USER_05275,25,9800000,False,A,Light Mode,Default User
USER_09259,22,5400000,True,B,Dark Mode,Tech Robot
USER_06928,20,4900000,True,B,Sunset Lo-Fi,Tech Robot
USER_01153,28,14700000,False,B,Light Mode,Finance Wizard
USER_02029,24,11100000,False,A,Light Mode,Default User
USER_09069,24,14000000,False,B,Dark Mode,Finance Wizard
USER_05883,26,11100000,False,B,Light Mode,Default User
USER_02998,24,9500000,False,A,Light Mode,Crypto Ninja
USER_05341,28,10300000,True,B,Midnight Galaxy,Finance Wizard
USER_04413,20,14800000,False,A,Light Mode,Default User
USER_04897,28,7400000,False,A,Dark Mode,Default User
USER_04379,18,14300000,False,A,Light Mode,Tech Robot
USER_07238,25,7600000,False,A,Light Mode,Finance Wizard
USER_00243,20,9200000,False,B,Light Mode,Finance Wizard
USER_01067,25,10500000,True,A,Midnight Galaxy,Crypto Ninja
USER_06976,25,14000000,False,A,Light Mode,Default User
USER_09716,22,10600000,False,A,Light Mode,Tech Robot
USER_00395,18,14300000,False,B,Light Mode,Default User
USER_03860,27,14000000,False,A,Dark Mode,Default User
USER_09132,24,15000000,False,B,Dark Mode,Default User
USER_03597,27,8400000,False,B,Dark Mode,Finance Wizard
USER_07594,22,10400000,False,A,Dark Mode,Default User
USER_05918,25,4800000,True,A,Midnight Galaxy,Crypto Ninja
USER_08291,26,6400000,False,B,Dark Mode,Tech Robot
USER_07359,28,13200000,True,A,Sunset Lo-Fi,Tech Robot
USER_06725,24,8200000,False,A,Light Mode,Default User
USER_08797,24,5500000,False,B,Light Mode,Tech Robot
USER_01794,18,13900000,False,A,Light Mode,Default User
USER_00025,21,4300000,False,A,Light Mode,Finance Wizard
USER_04836,19,14700000,False,A,Dark Mode,Tech Robot
USER_03539,19,7400000,True,A,Cute Hello Kitty,Finance Wizard
USER_09823,19,7300000,False,B,Dark Mode,Finance Wizard
USER_04756,21,11700000,True,B,Sunset Lo-Fi,Crypto Ninja
USER_09357,18,13400000,False,B,Dark Mode,Crypto Ninja
USER_01098,21,9400000,False,B,Light Mode,Tech Robot
USER_06438,19,8000000,False,A,Dark Mode,Default User
USER_01906,22,7200000,False,A,Light Mode,Default User
USER_01269,20,14800000,True,A,Midnight Galaxy,Default User
USER_01373,25,11500000,True,A,Cyberpunk Maskulin,Default User
USER_07313,21,5200000,False,B,Dark Mode,Crypto Ninja
USER_03513,18,8500000,False,B,Light Mode,Default User
USER_06665,18,14700000,True,A,Dark Mode,Default User
USER_05867,27,4800000,False,A,Light Mode,Finance Wizard
USER_00423,20,11100000,False,A,Light Mode,Default User
USER_06706,26,10500000,True,A,Light Mode,Default User
USER_00578,24,8400000,False,A,Light Mode,Crypto Ninja
USER_00096,19,12100000,True,B,Dark Mode,Tech Robot
USER_05112,26,12100000,False,B,Dark Mode,Finance Wizard
USER_04498,27,8900000,False,B,Dark Mode,Finance Wizard
USER_06533,19,8800000,False,A,Light Mode,Tech Robot
USER_09992,20,6200000,False,A,Dark Mode,Finance Wizard
USER_06162,28,4800000,True,B,Light Mode,Default User
USER_02184,27,5700000,False,B,Dark Mode,Default User
USER_01313,19,8100000,False,B,Light Mode,Tech Robot
USER_01518,20,7800000,True,B,Cute Hello Kitty,Crypto Ninja
USER_06263,23,6600000,False,B,Light Mode,Crypto Ninja
USER_00528,26,5500000,False,B,Light Mode,Finance Wizard
USER_09038,26,12800000,False,A,Dark Mode,Crypto Ninja
USER_09333,24,12700000,False,B,Dark Mode,Crypto Ninja
USER_08609,20,12800000,False,A,Dark Mode,Crypto Ninja
USER_06275,21,6900000,False,A,Light Mode,Crypto Ninja
USER_06009,23,10900000,False,B,Light Mode,Crypto Ninja
USER_04214,28,6700000,False,A,Light Mode,Crypto Ninja
USER_05393,22,10600000,False,A,Dark Mode,Crypto Ninja
USER_04322,19,11600000,False,A,Light Mode,Finance Wizard
USER_00577,23,8300000,False,A,Dark Mode,Default User
USER_00907,20,5100000,False,A,Light Mode,Crypto Ninja
USER_03748,25,4500000,False,A,Dark Mode,Default User
USER_00518,19,5700000,False,A,Light Mode,Tech Robot
USER_09028,18,14100000,False,A,Light Mode,Default User
USER_06611,26,6400000,False,B,Dark Mode,Tech Robot
USER_05120,20,8900000,False,A,Light Mode,Finance Wizard
USER_07519,28,7400000,False,A,Light Mode,Default User
USER_09758,18,7500000,True,B,Cute Hello Kitty,Tech Robot
USER_07077,24,10100000,False,B,Light Mode,Default User
USER_06883,27,13700000,False,B,Dark Mode,Finance Wizard
USER_05244,22,8400000,False,A,Dark Mode,Default User
USER_03134,22,14800000,False,B,Light Mode,Tech Robot
USER_09025,18,11500000,True,B,Sunset Lo-Fi,Crypto Ninja
USER_09781,26,11400000,False,B,Dark Mode,Crypto Ninja
USER_04024,24,5500000,False,B,Light Mode,Crypto Ninja
USER_01999,25,13300000,True,B,Light Mode,Finance Wizard
USER_06593,26,11400000,False,B,Light Mode,Crypto Ninja
USER_00417,23,5400000,False,B,Dark Mode,Finance Wizard
USER_09614,22,13400000,False,A,Light Mode,Crypto Ninja
USER_05759,23,9400000,False,B,Light Mode,Finance Wizard
USER_07104,28,3500000,False,B,Light Mode,Finance Wizard
USER_00510,19,5200000,False,A,Light Mode,Default User
USER_04022,21,14400000,True,B,Midnight Galaxy,Crypto Ninja
USER_09448,20,9300000,False,A,Light Mode,Default User
USER_09456,24,11600000,False,A,Dark Mode,Tech Robot
USER_07386,26,7200000,False,B,Light Mode,Crypto Ninja
USER_03887,22,13600000,False,A,Light Mode,Crypto Ninja
USER_04490,23,5200000,False,A,Dark Mode,Crypto Ninja
USER_02244,27,12500000,False,A,Light Mode,Crypto Ninja
USER_00258,19,5900000,False,A,Light Mode,Default User
USER_09074,20,10600000,False,A,Dark Mode,Default User
USER_03033,20,13600000,False,A,Dark Mode,Finance Wizard
USER_05290,26,4700000,False,A,Light Mode,Default User
USER_04902,24,11600000,False,B,Dark Mode,Finance Wizard
USER_03776,25,10800000,False,B,Dark Mode,Tech Robot
USER_02945,28,12600000,False,A,Dark Mode,Default User
USER_04681,27,5000000,False,B,Dark Mode,Finance Wizard
USER_05944,28,8600000,False,A,Light Mode,Crypto Ninja
USER_03420,26,13200000,False,A,Light Mode,Tech Robot
USER_08060,23,5200000,False,A,Dark Mode,Finance Wizard
USER_07040,21,12000000,False,B,Light Mode,Tech Robot
USER_07495,18,7400000,False,B,Dark Mode,Crypto Ninja
USER_03063,25,7300000,False,A,Light Mode,Crypto Ninja
USER_08525,24,11100000,False,A,Light Mode,Finance Wizard
USER_09436,19,11700000,False,A,Dark Mode,Finance Wizard
USER_09971,25,14400000,False,B,Dark Mode,Crypto Ninja
USER_06570,22,7600000,True,B,Cyberpunk Maskulin,Finance Wizard
USER_03494,24,6900000,False,A,Light Mode,Crypto Ninja
USER_01695,21,8000000,True,B,Light Mode,Default User
USER_09437,22,7100000,False,A,Dark Mode,Finance Wizard
USER_08772,25,3600000,False,B,Dark Mode,Tech Robot
USER_05952,18,7900000,False,B,Dark Mode,Crypto Ninja
USER_08221,18,7700000,False,A,Light Mode,Default User
USER_09980,21,11300000,False,B,Dark Mode,Finance Wizard
USER_00339,20,12000000,False,B,Light Mode,Crypto Ninja
USER_04715,27,3500000,True,A,Dark Mode,Default User
USER_06957,19,12000000,False,A,Light Mode,Finance Wizard
USER_03121,20,3800000,False,B,Light Mode,Crypto Ninja
USER_09943,28,14600000,True,A,Dark Mode,Crypto Ninja
USER_01334,28,13800000,False,A,Light Mode,Crypto Ninja
USER_01162,28,8600000,True,A,Cute Hello Kitty,Finance Wizard
USER_04930,18,6000000,False,B,Dark Mode,Default User
USER_01905,18,5000000,True,B,Light Mode,Crypto Ninja
USER_07002,23,11900000,True,B,Cyberpunk Maskulin,Default User
USER_01863,22,6900000,True,B,Cute Hello Kitty,Default User
USER_03916,25,14100000,False,A,Light Mode,Tech Robot
USER_05255,19,7400000,False,B,Dark Mode,Default User
USER_03267,21,10600000,False,B,Dark Mode,Default User
USER_09106,25,7800000,False,A,Dark Mode,Default User
USER_05509,23,11600000,False,A,Dark Mode,Default User
USER_04272,18,4900000,False,A,Light Mode,Default User
USER_00826,21,13000000,False,B,Dark Mode,Finance Wizard
USER_02315,18,14700000,False,B,Dark Mode,Tech Robot
USER_05550,19,14600000,False,B,Light Mode,Crypto Ninja
USER_08277,22,12100000,False,B,Light Mode,Tech Robot
USER_05843,25,4600000,False,A,Dark Mode,Tech Robot
USER_00063,25,5700000,True,B,Dark Mode,Crypto Ninja
USER_09830,28,7000000,False,B,Dark Mode,Default User
USER_00472,20,9500000,True,A,Cute Hello Kitty,Crypto Ninja
USER_08988,28,5400000,False,B,Dark Mode,Default User
USER_02779,21,8700000,False,A,Dark Mode,Crypto Ninja
USER_01950,27,14300000,False,B,Light Mode,Finance Wizard
USER_00797,28,7000000,False,B,Light Mode,Tech Robot
USER_02604,23,3500000,False,B,Dark Mode,Default User
USER_09151,28,10400000,False,B,Light Mode,Tech Robot
USER_02312,28,15000000,False,A,Light Mode,Default User
USER_06937,27,6700000,False,B,Dark Mode,Crypto Ninja
USER_09511,20,3500000,False,A,Light Mode,Crypto Ninja
USER_08747,19,7400000,False,B,Light Mode,Crypto Ninja
USER_03160,23,10400000,False,B,Dark Mode,Finance Wizard
USER_01364,28,4300000,False,B,Dark Mode,Crypto Ninja
USER_01672,22,9500000,False,A,Dark Mode,Crypto Ninja
USER_02403,27,6900000,False,B,Light Mode,Finance Wizard
USER_03342,22,3200000,False,B,Dark Mode,Tech Robot
USER_07877,27,14800000,True,B,Cute Hello Kitty,Tech Robot
USER_07912,22,14600000,False,A,Dark Mode,Default User
USER_01102,27,12800000,True,A,Cyberpunk Maskulin,Tech Robot
USER_04381,22,12600000,False,A,Light Mode,Default User
USER_08292,20,5300000,False,B,Dark Mode,Default User
USER_02582,24,4800000,False,B,Light Mode,Tech Robot
USER_09544,23,4700000,False,B,Dark Mode,Tech Robot
USER_09651,21,9300000,True,A,Light Mode,Finance Wizard
USER_01328,19,14200000,False,A,Light Mode,Default User
USER_02841,26,14500000,False,B,Dark Mode,Tech Robot
USER_08567,18,11700000,False,B,Dark Mode,Tech Robot
USER_04433,28,13800000,False,B,Dark Mode,Finance Wizard
USER_03862,21,6400000,False,B,Light Mode,Tech Robot
USER_00461,18,9100000,False,A,Dark Mode,Crypto Ninja
USER_09891,23,3000000,False,B,Dark Mode,Crypto Ninja
USER_01174,21,12900000,True,B,Cute Hello Kitty,Default User
USER_07592,22,5400000,True,A,Cute Hello Kitty,Finance Wizard
USER_09534,22,7400000,False,A,Dark Mode,Tech Robot
USER_08130,26,7800000,False,A,Dark Mode,Default User
USER_00060,18,13600000,False,A,Light Mode,Tech Robot
USER_01252,19,12700000,False,B,Dark Mode,Crypto Ninja
USER_03497,23,11800000,False,A,Dark Mode,Tech Robot
USER_08230,22,4500000,True,A,Sunset Lo-Fi,Tech Robot
USER_02672,28,12700000,False,A,Dark Mode,Tech Robot
USER_09639,24,12200000,False,B,Light Mode,Crypto Ninja
USER_05714,20,4800000,True,A,Dark Mode,Crypto Ninja
USER_08627,20,5200000,False,B,Light Mode,Finance Wizard
USER_07587,27,11200000,False,A,Light Mode,Crypto Ninja
USER_04399,19,5400000,False,A,Dark Mode,Default User
USER_07528,20,4500000,False,A,Light Mode,Tech Robot
USER_09563,27,8300000,False,A,Dark Mode,Crypto Ninja
USER_04370,18,14400000,False,A,Light Mode,Default User
USER_07893,22,10200000,False,A,Dark Mode,Crypto Ninja
USER_06517,22,3000000,False,B,Light Mode,Tech Robot
USER_01897,28,7100000,False,B,Dark Mode,Default User
USER_05690,24,4800000,False,A,Dark Mode,Crypto Ninja
USER_04491,21,12600000,False,A,Dark Mode,Crypto Ninja
USER_09471,20,6300000,True,B,Midnight Galaxy,Default User
USER_03241,18,10900000,False,B,Light Mode,Finance Wizard
USER_01568,25,13700000,False,A,Dark Mode,Default User
USER_08581,20,13300000,False,B,Light Mode,Default User
USER_05289,19,8400000,True,B,Sunset Lo-Fi,Default User
USER_02117,28,4700000,False,B,Dark Mode,Default User
USER_04134,21,6300000,False,A,Dark Mode,Crypto Ninja
USER_02935,20,11800000,True,A,Sunset Lo-Fi,Default User
USER_09020,18,7400000,True,A,Cyberpunk Maskulin,Default User
USER_07815,20,3500000,False,B,Light Mode,Tech Robot
USER_05061,19,5000000,False,B,Dark Mode,Crypto Ninja
USER_00804,25,9900000,False,A,Dark Mode,Tech Robot
USER_09267,23,12500000,False,B,Light Mode,Crypto Ninja
USER_09197,26,13400000,False,B,Light Mode,Finance Wizard
USER_03466,25,7700000,False,B,Light Mode,Finance Wizard
USER_04442,27,13600000,False,B,Dark Mode,Crypto Ninja
USER_05531,20,6800000,False,B,Light Mode,Finance Wizard
USER_03605,22,6000000,True,A,Sunset Lo-Fi,Finance Wizard
USER_01945,24,13500000,False,B,Light Mode,Crypto Ninja
USER_06237,22,3900000,False,B,Light Mode,Default User
USER_00725,25,5900000,False,A,Dark Mode,Tech Robot
USER_00126,22,15000000,False,A,Light Mode,Crypto Ninja
USER_01578,18,14500000,True,B,Cute Hello Kitty,Crypto Ninja
USER_02183,22,4700000,False,A,Dark Mode,Crypto Ninja
USER_03880,21,8900000,False,B,Light Mode,Tech Robot
USER_09318,23,11700000,False,A,Dark Mode,Crypto Ninja
USER_04478,20,14500000,False,A,Light Mode,Tech Robot
USER_08800,28,10200000,True,A,Light Mode,Tech Robot
USER_01859,22,12400000,False,A,Light Mode,Finance Wizard
USER_04720,19,4400000,False,B,Light Mode,Default User
USER_02559,28,3300000,False,B,Light Mode,Finance Wizard
USER_08826,23,9200000,False,A,Dark Mode,Crypto Ninja
USER_00349,23,6900000,False,A,Dark Mode,Crypto Ninja
USER_03049,22,3800000,False,A,Light Mode,Tech Robot
USER_06041,23,13800000,True,A,Midnight Galaxy,Finance Wizard
USER_00484,28,3800000,False,B,Light Mode,Tech Robot
USER_00206,24,5500000,False,A,Dark Mode,Finance Wizard
USER_07408,22,3300000,True,A,Midnight Galaxy,Finance Wizard
USER_08929,18,11000000,False,A,Light Mode,Finance Wizard
USER_07819,25,4500000,False,A,Dark Mode,Finance Wizard
USER_06991,21,4400000,False,A,Dark Mode,Finance Wizard
USER_06649,26,12800000,False,A,Dark Mode,Default User
USER_05529,27,15000000,False,B,Light Mode,Crypto Ninja
USER_08853,23,8100000,True,B,Midnight Galaxy,Finance Wizard
USER_02759,18,9800000,False,B,Dark Mode,Finance Wizard
USER_09909,20,14800000,False,A,Dark Mode,Tech Robot
USER_01363,20,3400000,False,A,Dark Mode,Crypto Ninja
USER_09818,27,4900000,False,B,Dark Mode,Crypto Ninja
USER_09361,21,10800000,True,B,Midnight Galaxy,Crypto Ninja
USER_07400,23,4700000,False,B,Dark Mode,Finance Wizard
USER_02283,24,14000000,False,A,Dark Mode,Tech Robot
USER_06785,27,3100000,True,A,Cute Hello Kitty,Crypto Ninja
USER_03878,21,12200000,False,B,Light Mode,Tech Robot
USER_08089,23,4200000,False,B,Dark Mode,Default User
USER_06241,28,3300000,False,B,Dark Mode,Default User
USER_06114,18,7100000,False,B,Dark Mode,Tech Robot
USER_08650,25,13800000,False,B,Dark Mode,Finance Wizard
USER_08879,24,10300000,False,B,Dark Mode,Crypto Ninja
USER_01278,28,9000000,False,B,Light Mode,Default User
USER_04369,28,12400000,False,B,Light Mode,Default User
USER_00859,26,13400000,True,B,Light Mode,Tech Robot
USER_07876,20,3700000,True,A,Cyberpunk Maskulin,Finance Wizard
USER_02698,19,9600000,True,A,Midnight Galaxy,Tech Robot
USER_09240,18,14100000,True,B,Midnight Galaxy,Tech Robot
USER_02797,20,9200000,True,A,Cyberpunk Maskulin,Tech Robot
USER_08950,22,13900000,False,B,Light Mode,Tech Robot
USER_07710,28,3800000,False,A,Light Mode,Tech Robot
USER_03573,19,12300000,True,A,Dark Mode,Finance Wizard
USER_06801,20,14600000,False,B,Dark Mode,Tech Robot
USER_09501,21,4000000,False,A,Light Mode,Finance Wizard
USER_07849,24,12800000,False,A,Dark Mode,Crypto Ninja
USER_05055,20,13000000,False,A,Light Mode,Crypto Ninja
USER_06542,26,7100000,False,B,Light Mode,Crypto Ninja
USER_01580,25,4200000,False,A,Light Mode,Crypto Ninja
USER_01250,21,6500000,False,B,Light Mode,Default User
USER_06491,18,14900000,False,A,Dark Mode,Finance Wizard
USER_07497,18,4200000,False,B,Dark Mode,Crypto Ninja
USER_04712,18,4100000,False,A,Light Mode,Default User
USER_03684,18,6600000,False,A,Light Mode,Finance Wizard
USER_02949,25,10300000,False,A,Dark Mode,Default User
USER_04582,20,14900000,False,A,Dark Mode,Default User
USER_08431,23,10200000,True,B,Light Mode,Tech Robot
USER_00106,20,8100000,True,A,Cyberpunk Maskulin,Default User
USER_09631,28,10000000,False,A,Light Mode,Default User
USER_09735,22,3100000,False,B,Light Mode,Finance Wizard
USER_07384,24,14700000,False,A,Dark Mode,Default User
USER_00616,19,8500000,False,A,Dark Mode,Tech Robot
USER_03560,23,8900000,False,B,Light Mode,Crypto Ninja
USER_05074,23,5200000,True,B,Cyberpunk Maskulin,Crypto Ninja
USER_04937,28,13200000,True,A,Light Mode,Finance Wizard
USER_04025,20,6900000,False,A,Light Mode,Finance Wizard
USER_02916,23,9300000,True,B,Cute Hello Kitty,Default User
USER_09863,27,13200000,True,A,Sunset Lo-Fi,Finance Wizard
USER_03520,27,11400000,False,B,Dark Mode,Default User
USER_06857,22,5200000,True,A,Cyberpunk Maskulin,Finance Wizard
USER_01888,19,5800000,False,B,Light Mode,Crypto Ninja
USER_05907,26,10700000,False,A,Dark Mode,Crypto Ninja
USER_00210,25,11900000,False,B,Light Mode,Crypto Ninja
USER_06716,20,8000000,False,A,Dark Mode,Crypto Ninja
USER_01294,25,9800000,False,B,Light Mode,Default User
USER_01900,26,14800000,False,A,Light Mode,Default User
USER_04506,20,12400000,False,A,Light Mode,Default User
USER_09886,20,11800000,False,B,Light Mode,Crypto Ninja
USER_09463,19,6000000,True,B,Dark Mode,Tech Robot
USER_08469,25,7900000,True,B,Sunset Lo-Fi,Crypto Ninja
USER_03717,27,4900000,False,A,Dark Mode,Crypto Ninja
USER_04817,18,13700000,False,B,Dark Mode,Tech Robot
USER_07820,25,8400000,False,A,Light Mode,Tech Robot
USER_04006,24,11000000,False,B,Dark Mode,Finance Wizard
USER_07237,24,13800000,True,B,Cute Hello Kitty,Crypto Ninja
USER_01583,20,3100000,False,A,Dark Mode,Tech Robot
USER_02512,18,5400000,False,B,Light Mode,Finance Wizard
USER_04688,21,4200000,False,B,Light Mode,Tech Robot
USER_07330,26,13200000,False,A,Dark Mode,Tech Robot
USER_01349,22,12100000,False,B,Light Mode,Finance Wizard
USER_07459,18,13500000,False,A,Light Mode,Crypto Ninja
USER_07836,22,14800000,True,B,Cute Hello Kitty,Finance Wizard
USER_05348,25,9900000,False,A,Dark Mode,Crypto Ninja
USER_05906,25,9600000,False,A,Light Mode,Tech Robot
USER_00290,22,8700000,False,A,Dark Mode,Finance Wizard
USER_07483,26,12800000,False,B,Light Mode,Default User
USER_05682,18,11100000,True,B,Light Mode,Tech Robot
USER_06918,21,10400000,False,B,Dark Mode,Finance Wizard
USER_05117,20,14700000,False,A,Light Mode,Tech Robot
USER_09750,19,11300000,True,A,Light Mode,Finance Wizard
USER_04788,25,9300000,False,B,Light Mode,Crypto Ninja
USER_06383,24,9800000,False,B,Dark Mode,Default User
USER_04575,26,11200000,False,A,Dark Mode,Tech Robot
USER_04522,19,11500000,False,A,Light Mode,Default User
USER_08583,21,8800000,False,B,Dark Mode,Crypto Ninja
USER_02884,23,8900000,False,A,Dark Mode,Finance Wizard
USER_01072,28,11200000,False,B,Light Mode,Default User
USER_01929,20,14000000,False,B,Dark Mode,Finance Wizard
USER_07377,25,9100000,False,B,Dark Mode,Crypto Ninja
USER_01405,20,4500000,True,B,Midnight Galaxy,Tech Robot
USER_03263,19,11700000,False,A,Light Mode,Crypto Ninja
USER_05929,20,13400000,False,B,Light Mode,Default User
USER_00720,28,9700000,False,B,Dark Mode,Default User
USER_01595,23,4400000,False,A,Light Mode,Default User
USER_00661,19,11800000,False,B,Dark Mode,Finance Wizard
USER_05765,25,13700000,False,A,Light Mode,Tech Robot
USER_02808,18,8400000,False,B,Dark Mode,Default User
USER_04103,24,6400000,True,A,Sunset Lo-Fi,Default User
USER_02921,19,8400000,True,B,Cute Hello Kitty,Default User
USER_04869,27,4300000,False,A,Light Mode,Crypto Ninja
USER_09862,23,7800000,True,A,Cyberpunk Maskulin,Default User
USER_00988,19,11200000,False,B,Light Mode,Crypto Ninja
USER_03480,19,13100000,True,B,Light Mode,Default User
USER_02828,27,12900000,False,A,Dark Mode,Crypto Ninja
USER_03812,25,3600000,False,A,Dark Mode,Finance Wizard
USER_07949,19,5900000,False,A,Dark Mode,Finance Wizard
USER_01179,24,11200000,False,B,Light Mode,Crypto Ninja
USER_02784,20,7800000,False,B,Dark Mode,Tech Robot
USER_04751,25,11800000,True,B,Cyberpunk Maskulin,Tech Robot
USER_04612,24,4500000,True,B,Cyberpunk Maskulin,Crypto Ninja
USER_03289,25,14000000,False,B,Light Mode,Finance Wizard
USER_04231,24,14700000,False,A,Dark Mode,Crypto Ninja
USER_03545,28,13300000,False,A,Light Mode,Tech Robot
USER_00982,23,8000000,False,B,Dark Mode,Crypto Ninja
USER_06332,24,10100000,False,B,Dark Mode,Finance Wizard
USER_03683,22,11100000,False,B,Light Mode,Tech Robot
USER_07100,24,12100000,True,B,Midnight Galaxy,Tech Robot
USER_01315,18,10900000,False,B,Light Mode,Default User
USER_05681,18,14500000,False,B,Light Mode,Default User
USER_06946,26,11200000,False,A,Dark Mode,Tech Robot
USER_05875,22,7100000,False,A,Light Mode,Tech Robot
USER_00715,22,4600000,False,B,Light Mode,Crypto Ninja
USER_05630,20,9200000,False,B,Light Mode,Finance Wizard
USER_08531,22,7400000,False,A,Dark Mode,Tech Robot
USER_00392,20,10600000,True,A,Midnight Galaxy,Finance Wizard
USER_07135,26,3600000,True,A,Midnight Galaxy,Tech Robot
USER_00558,26,5600000,False,A,Light Mode,Finance Wizard
USER_03098,23,3900000,False,B,Light Mode,Default User
USER_09838,18,6300000,False,A,Dark Mode,Tech Robot
USER_01761,24,6500000,True,B,Midnight Galaxy,Crypto Ninja
USER_04643,24,5400000,True,A,Cute Hello Kitty,Finance Wizard
USER_03822,27,3500000,False,B,Dark Mode,Tech Robot
USER_07597,27,5300000,False,A,Dark Mode,Default User
USER_02500,21,4700000,False,B,Light Mode,Default User
USER_06447,25,11600000,False,B,Dark Mode,Default User
USER_04119,23,3500000,True,B,Cyberpunk Maskulin,Default User
USER_00478,21,5800000,False,A,Light Mode,Tech Robot
USER_09860,21,5400000,False,A,Light Mode,Crypto Ninja
USER_02578,19,8400000,False,A,Light Mode,Finance Wizard
USER_06562,19,11000000,False,A,Dark Mode,Crypto Ninja
USER_03356,21,7500000,False,B,Light Mode,Finance Wizard
USER_07454,22,5300000,True,B,Dark Mode,Crypto Ninja
USER_07161,25,10400000,False,B,Light Mode,Tech Robot
USER_02513,23,5500000,True,B,Cute Hello Kitty,Tech Robot
USER_01585,21,14400000,False,A,Dark Mode,Finance Wizard
USER_04191,28,12700000,False,A,Light Mode,Tech Robot
USER_06854,24,5700000,False,A,Dark Mode,Finance Wizard
USER_09915,25,3200000,False,B,Light Mode,Crypto Ninja
USER_06639,19,10400000,False,B,Dark Mode,Tech Robot
USER_07657,24,6700000,True,A,Cyberpunk Maskulin,Tech Robot
USER_07518,19,9000000,False,A,Dark Mode,Finance Wizard
USER_09956,19,10700000,False,B,Dark Mode,Finance Wizard
USER_04170,25,8000000,False,B,Light Mode,Finance Wizard
USER_05647,19,11900000,False,B,Light Mode,Finance Wizard
USER_06596,28,7700000,False,A,Dark Mode,Default User
USER_04100,26,5000000,False,A,Light Mode,Finance Wizard
USER_00766,18,8300000,False,B,Light Mode,Default User
USER_00091,26,8500000,True,B,Sunset Lo-Fi,Crypto Ninja
USER_04508,18,13200000,False,A,Dark Mode,Finance Wizard
USER_01113,27,12300000,False,B,Light Mode,Default User
USER_04034,27,8800000,False,B,Light Mode,Default User
USER_01158,19,10100000,True,A,Cute Hello Kitty,Default User
USER_06645,23,8000000,False,A,Light Mode,Tech Robot
USER_03172,23,4900000,True,A,Light Mode,Default User
USER_09558,18,14100000,False,A,Light Mode,Finance Wizard
USER_02216,24,12500000,False,B,Light Mode,Finance Wizard
USER_03903,25,11500000,False,A,Dark Mode,Finance Wizard
USER_06014,19,8800000,False,B,Light Mode,Default User
USER_04410,25,10000000,False,B,Light Mode,Default User
USER_05300,26,3800000,False,A,Light Mode,Tech Robot
USER_02365,23,13800000,False,A,Light Mode,Crypto Ninja
USER_01255,22,3000000,False,B,Light Mode,Tech Robot
USER_04160,26,5800000,False,B,Dark Mode,Finance Wizard
USER_08020,28,9200000,False,B,Dark Mode,Finance Wizard
USER_05232,26,10100000,False,A,Light Mode,Finance Wizard
USER_08092,18,8500000,False,A,Light Mode,Tech Robot
USER_09368,28,14700000,False,B,Dark Mode,Finance Wizard
USER_03019,20,9700000,False,B,Dark Mode,Finance Wizard
USER_03914,26,6400000,False,A,Dark Mode,Finance Wizard
USER_02019,28,3200000,True,B,Cyberpunk Maskulin,Default User
USER_04678,19,14700000,False,A,Light Mode,Crypto Ninja
USER_06720,21,13800000,False,B,Light Mode,Default User
USER_05803,21,13300000,False,B,Light Mode,Default User
USER_09752,19,3600000,False,A,Light Mode,Crypto Ninja
USER_07177,20,5600000,True,B,Sunset Lo-Fi,Crypto Ninja
USER_00669,20,3000000,False,A,Dark Mode,Tech Robot
USER_02299,18,12000000,False,A,Dark Mode,Crypto Ninja
USER_02964,23,10900000,False,A,Light Mode,Tech Robot
USER_07715,25,13100000,True,A,Light Mode,Tech Robot
USER_07310,20,10000000,False,A,Light Mode,Default User
USER_06985,22,7300000,False,B,Dark Mode,Finance Wizard
USER_04588,18,11600000,True,B,Cute Hello Kitty,Default User
USER_07369,27,7000000,False,A,Dark Mode,Default User
USER_09017,24,10400000,False,B,Light Mode,Crypto Ninja
USER_07704,27,7100000,False,B,Dark Mode,Crypto Ninja
USER_02781,18,14600000,True,B,Midnight Galaxy,Tech Robot
USER_06027,28,6200000,True,B,Sunset Lo-Fi,Tech Robot
USER_01305,26,7900000,False,A,Light Mode,Tech Robot
USER_07220,25,9200000,True,A,Cute Hello Kitty,Crypto Ninja
USER_09169,24,12900000,False,B,Light Mode,Tech Robot
USER_00059,27,6600000,False,A,Dark Mode,Tech Robot
USER_09751,24,13400000,False,A,Dark Mode,Crypto Ninja
USER_09845,22,8800000,False,A,Dark Mode,Finance Wizard
USER_09681,22,11000000,False,A,Dark Mode,Default User
USER_07424,28,12800000,False,A,Light Mode,Crypto Ninja
USER_01254,22,7700000,False,A,Light Mode,Tech Robot
USER_06452,18,3400000,True,A,Cute Hello Kitty,Default User
USER_03313,25,7700000,True,B,Dark Mode,Crypto Ninja
USER_07739,28,12500000,False,B,Light Mode,Default User
USER_03899,18,3200000,False,A,Light Mode,Default User
USER_06091,21,14500000,False,A,Dark Mode,Finance Wizard
USER_00102,26,7600000,False,A,Light Mode,Tech Robot
USER_01369,26,9100000,False,A,Dark Mode,Crypto Ninja
USER_02575,22,12800000,True,A,Light Mode,Tech Robot
USER_00415,21,14500000,False,A,Dark Mode,Finance Wizard
USER_07573,20,4300000,False,B,Dark Mode,Finance Wizard
USER_04454,20,9200000,False,B,Light Mode,Crypto Ninja
USER_08266,22,14100000,False,A,Light Mode,Crypto Ninja
USER_09320,27,9000000,True,A,Dark Mode,Finance Wizard
USER_02350,18,6000000,False,B,Light Mode,Crypto Ninja
USER_09726,22,12400000,False,B,Light Mode,Default User
USER_06550,23,4600000,False,B,Dark Mode,Default User
USER_03842,24,5300000,False,B,Dark Mode,Finance Wizard
USER_03975,26,14500000,False,A,Light Mode,Tech Robot
USER_06293,20,5200000,False,A,Light Mode,Crypto Ninja
USER_09279,19,11100000,False,B,Dark Mode,Crypto Ninja
USER_08461,20,7900000,True,A,Cute Hello Kitty,Default User
USER_02531,26,14700000,False,B,Dark Mode,Crypto Ninja
USER_03154,24,10700000,True,B,Midnight Galaxy,Tech Robot
USER_05128,26,14300000,False,B,Dark Mode,Crypto Ninja
USER_05564,19,10800000,False,A,Dark Mode,Crypto Ninja
USER_01441,22,10800000,False,B,Dark Mode,Default User
USER_04277,21,9900000,False,A,Dark Mode,Crypto Ninja
USER_09841,19,5600000,False,A,Light Mode,Finance Wizard
USER_02700,26,4400000,False,A,Light Mode,Finance Wizard
USER_07649,26,7900000,False,B,Light Mode,Tech Robot
USER_07186,23,6500000,False,B,Dark Mode,Tech Robot
USER_09553,28,14800000,False,A,Light Mode,Tech Robot
USER_07370,23,3700000,False,A,Dark Mode,Tech Robot
USER_03565,25,10800000,False,B,Light Mode,Default User
USER_01082,23,3200000,False,B,Dark Mode,Crypto Ninja
USER_05079,18,9100000,False,B,Dark Mode,Default User
USER_01713,21,7600000,False,B,Light Mode,Tech Robot
USER_03966,24,10600000,True,A,Cyberpunk Maskulin,Crypto Ninja
USER_01214,19,13400000,False,B,Light Mode,Finance Wizard
USER_02206,26,12700000,False,A,Light Mode,Default User
USER_03158,25,11700000,False,B,Light Mode,Crypto Ninja
USER_06546,25,13300000,False,B,Light Mode,Finance Wizard
USER_02525,24,12500000,False,A,Light Mode,Finance Wizard
USER_05494,21,9000000,False,A,Light Mode,Tech Robot
USER_03955,19,6100000,False,B,Light Mode,Finance Wizard
USER_07656,20,12300000,True,A,Light Mode,Finance Wizard
USER_01161,23,14500000,True,A,Dark Mode,Tech Robot
USER_01743,22,14200000,False,B,Light Mode,Crypto Ninja
USER_01094,25,4200000,False,A,Dark Mode,Crypto Ninja
USER_03222,23,3000000,False,B,Dark Mode,Tech Robot
USER_01106,23,6300000,True,A,Sunset Lo-Fi,Default User
USER_02323,18,9100000,False,B,Light Mode,Tech Robot
USER_04042,21,10800000,False,A,Dark Mode,Crypto Ninja
USER_05667,22,13700000,False,A,Light Mode,Default User
USER_08121,28,10700000,True,B,Light Mode,Tech Robot
USER_06232,20,15000000,True,B,Light Mode,Crypto Ninja
USER_08314,26,12200000,False,A,Dark Mode,Crypto Ninja
USER_03727,18,12700000,True,A,Midnight Galaxy,Crypto Ninja
USER_08087,23,11100000,False,B,Light Mode,Finance Wizard
USER_02444,23,14700000,False,B,Light Mode,Finance Wizard
USER_07988,27,10000000,True,B,Cyberpunk Maskulin,Default User
USER_03060,22,12200000,True,B,Dark Mode,Default User
USER_04013,22,14800000,False,B,Light Mode,Default User
USER_01129,27,6000000,True,A,Light Mode,Finance Wizard
USER_04929,22,9300000,False,A,Dark Mode,Default User
USER_01992,23,5400000,False,B,Dark Mode,Crypto Ninja
USER_04949,25,6700000,False,A,Light Mode,Crypto Ninja
USER_09979,19,4300000,False,A,Light Mode,Default User
USER_01265,23,3700000,True,A,Light Mode,Default User
USER_06444,18,12000000,False,A,Light Mode,Finance Wizard
USER_05023,21,8300000,False,A,Light Mode,Crypto Ninja
USER_03447,27,3100000,False,A,Dark Mode,Tech Robot
USER_03977,20,11000000,False,B,Dark Mode,Tech Robot
USER_09342,26,13000000,False,A,Dark Mode,Finance Wizard
USER_06111,20,10700000,False,A,Dark Mode,Finance Wizard
USER_04457,23,11800000,True,A,Cyberpunk Maskulin,Finance Wizard
USER_03670,18,8500000,False,B,Dark Mode,Crypto Ninja
USER_02881,23,12300000,False,A,Light Mode,Default User
USER_09725,21,12200000,False,B,Light Mode,Default User
USER_01443,25,11300000,True,B,Sunset Lo-Fi,Finance Wizard
USER_08118,28,11400000,False,A,Light Mode,Crypto Ninja
USER_01631,26,9000000,False,A,Light Mode,Tech Robot
USER_09769,21,14600000,True,A,Cute Hello Kitty,Finance Wizard
USER_03245,27,5100000,False,B,Light Mode,Crypto Ninja
USER_00064,27,6400000,False,B,Light Mode,Finance Wizard
USER_00655,23,13000000,False,B,Light Mode,Crypto Ninja
USER_03026,18,4500000,True,A,Midnight Galaxy,Crypto Ninja
USER_00041,21,7900000,False,B,Light Mode,Finance Wizard
USER_07058,24,14200000,False,A,Light Mode,Default User
USER_03009,18,7200000,False,A,Light Mode,Finance Wizard
USER_01217,25,4600000,False,B,Dark Mode,Default User
USER_01781,27,10900000,False,B,Light Mode,Default User
USER_06892,28,8700000,False,A,Dark Mode,Tech Robot
USER_07024,23,14800000,False,A,Dark Mode,Crypto Ninja
USER_06828,22,3100000,False,A,Light Mode,Finance Wizard
USER_01763,27,3300000,False,A,Dark Mode,Crypto Ninja
USER_08904,28,11400000,False,A,Dark Mode,Tech Robot
USER_07448,26,6800000,False,B,Light Mode,Default User
USER_07022,19,12700000,False,B,Light Mode,Finance Wizard
USER_03343,22,12300000,False,B,Light Mode,Crypto Ninja
USER_02431,23,3500000,True,B,Light Mode,Tech Robot
USER_06384,24,11000000,False,B,Dark Mode,Default User
USER_04705,22,13200000,False,B,Dark Mode,Default User
USER_05595,26,11800000,False,B,Light Mode,Crypto Ninja
USER_07390,18,9800000,True,A,Cyberpunk Maskulin,Default User
USER_05718,24,9800000,False,B,Light Mode,Tech Robot
USER_09469,27,4900000,False,B,Dark Mode,Default User
USER_05060,24,9300000,True,B,Light Mode,Finance Wizard
USER_04374,21,4500000,False,B,Dark Mode,Finance Wizard
USER_07123,26,8000000,False,A,Dark Mode,Crypto Ninja
USER_09181,28,13400000,False,B,Dark Mode,Tech Robot
USER_04974,22,6600000,True,A,Dark Mode,Default User
USER_01429,21,13300000,False,B,Light Mode,Default User
USER_02302,24,10200000,False,A,Light Mode,Default User
USER_05354,21,9800000,False,A,Light Mode,Finance Wizard
USER_01965,20,7100000,False,A,Dark Mode,Tech Robot
USER_02626,26,8600000,False,B,Dark Mode,Default User
USER_03951,28,9500000,True,A,Cyberpunk Maskulin,Crypto Ninja
USER_06252,25,3800000,False,B,Dark Mode,Tech Robot
USER_09579,18,13600000,False,A,Dark Mode,Tech Robot
USER_09589,24,12900000,True,B,Dark Mode,Default User
USER_01507,26,11500000,False,B,Light Mode,Finance Wizard
USER_03838,25,9300000,True,A,Light Mode,Tech Robot
USER_00806,25,11500000,False,A,Light Mode,Crypto Ninja
USER_00294,23,5100000,False,B,Dark Mode,Tech Robot
USER_00609,28,6300000,True,B,Light Mode,Finance Wizard
USER_04505,21,8400000,False,B,Light Mode,Crypto Ninja
USER_09390,25,5800000,False,A,Light Mode,Finance Wizard
USER_03355,20,6700000,False,A,Dark Mode,Default User
USER_08188,26,13900000,True,B,Dark Mode,Tech Robot
USER_01284,19,12600000,False,A,Dark Mode,Crypto Ninja
USER_06244,19,4700000,False,A,Dark Mode,Finance Wizard
USER_08954,24,10000000,False,A,Dark Mode,Default User
USER_08141,27,9400000,False,B,Light Mode,Crypto Ninja
USER_02681,21,12600000,False,B,Light Mode,Tech Robot
USER_08078,27,3000000,True,A,Midnight Galaxy,Tech Robot
USER_06289,25,11700000,False,A,Dark Mode,Finance Wizard
USER_06459,26,3300000,True,A,Cyberpunk Maskulin,Crypto Ninja
USER_08449,24,3300000,False,A,Dark Mode,Default User
USER_03756,22,11100000,False,A,Dark Mode,Default User
USER_05715,25,5600000,False,B,Dark Mode,Default User
USER_09107,21,7200000,True,A,Dark Mode,Finance Wizard
USER_04311,19,8800000,False,A,Dark Mode,Default User
USER_01949,28,6100000,False,B,Light Mode,Crypto Ninja
USER_06124,23,6200000,False,A,Light Mode,Finance Wizard
USER_04810,26,5700000,False,B,Dark Mode,Tech Robot
USER_06233,18,13500000,False,A,Dark Mode,Finance Wizard
USER_09192,28,13400000,False,A,Light Mode,Finance Wizard
USER_05106,27,8400000,False,B,Dark Mode,Finance Wizard
USER_02631,24,12900000,False,B,Light Mode,Crypto Ninja
USER_04661,27,8900000,False,A,Dark Mode,Tech Robot
USER_07289,26,9900000,False,B,Light Mode,Tech Robot
USER_04771,27,9100000,False,B,Light Mode,Finance Wizard
USER_06427,26,10900000,True,A,Midnight Galaxy,Finance Wizard
USER_01773,27,6300000,False,B,Dark Mode,Finance Wizard
USER_04301,28,11600000,False,B,Light Mode,Crypto Ninja
USER_07764,20,14300000,True,A,Sunset Lo-Fi,Crypto Ninja
USER_06206,28,13500000,False,B,Dark Mode,Default User
USER_01635,22,11700000,False,B,Dark Mode,Tech Robot
USER_03918,25,8500000,False,B,Dark Mode,Default User
USER_09281,25,14200000,False,A,Light Mode,Default User
USER_09925,21,4200000,False,A,Light Mode,Finance Wizard
USER_08419,28,8500000,True,B,Dark Mode,Crypto Ninja
