challenge_id,user_id,tipe_tantangan,waktu_mulai,waktu_selesai,status_tantangan
CHAL_07f4997c,USER_00903,No Coffee Challenge,2023-08-01 00:00:00,2023-08-31 23:59:59,Active
CHAL_dd2012ea,USER_01769,No Coffee Challenge,2023-08-01 00:00:00,2023-08-31 23:59:59,Active
CHAL_c8ff65d1,USER_01769,No Midnight Spending Challenge,2023-08-01 00:00:00,2023-08-31 23:59:59,Active
CHAL_2dbf89cb,USER_07548,No Coffee Challenge,2023-08-01 00:00:00,2023-08-31 23:59:59,Active
CHAL_f1050113,USER_05280,No Midnight Spending Challenge,2023-08-01 00:00:00,2023-08-31 23:59:59,Active
CHAL_834233ee,USER_03459,No Coffee Challenge,2023-08-01 00:00:00,2023-08-31 23:59:59,Active
CHAL_3385e8e0,USER_03459,No Midnight Spending Challenge,2023-08-01 00:00:00,2023-08-31 23:59:59,Active
CHAL_7033248f,USER_04329,No Coffee Challenge,2023-08-01 00:00:00,2023-08-31 23:59:59,Active
CHAL_dc6f0495,USER_04329,No Midnight Spending Challenge,2023-08-01 00:00:00,2023-08-31 23:59:59,Active
CHAL_957ff1ad,USER_07264,No Midnight Spending Challenge,2023-08-01 00:00:00,2023-08-31 23:59:59,Active
CHAL_aea309b6,USER_00434,No Coffee Challenge,2023-08-01 00:00:00,2023-08-31 23:59:59,Active
CHAL_512dc58a,USER_06471,No Midnight Spending Challenge,2023-08-01 00:00:00,2023-08-31 23:59:59,Active
CHAL_cdf10661,USER_01395,No Midnight Spending Challenge,2023-08-01 00:00:00,2023-08-31 23:59:59,Active
CHAL_24dbcb4a,USER_00384,No Coffee Challenge,2023-08-01 00:00:00,2023-08-31 23:59:59,Active
CHAL_a1b62788,USER_00384,No Midnight Spending Challenge,2023-08-01 00:00:00,2023-08-31 23:59:59,Active
CHAL_869cc740,USER_00257,No Midnight Spending Challenge,2023-08-01 00:00:00,2023-08-31 23:59:59,Active
CHAL_b2f72451,USER_04931,No Coffee Challenge,2023-08-01 00:00:00,2023-08-31 23:59:59,Active
CHAL_c2f8a64a,USER_05181,No Midnight Spending Challenge,2023-08-01 00:00:00,2023-08-31 23:59:59,Active
CHAL_531ddad7,USER_07275,No Coffee Challenge,2023-08-01 00:00:00,2023-08-31 23:59:59,Active
CHAL_f2075bc7,USER_03731,No Midnight Spending Challenge,2023-08-01 00:00:00,2023-08-31 23:59:59,Active
CHAL_8f02a7a7,USER_01167,No Coffee Challenge,2023-08-01 00:00:00,2023-08-31 23:59:59,Active
CHAL_af3bdb56,USER_06153,No Coffee Challenge,2023-08-01 00:00:00,2023-08-31 23:59:59,Active
CHAL_3b333e9b,USER_06153,No Midnight Spending Challenge,2023-08-01 00:00:00,2023-08-31 23:59:59,Active
CHAL_d899773f,USER_01839,No Midnight Spending Challenge,2023-08-01 00:00:00,2023-08-31 23:59:59,Active
CHAL_3b54aa8d,USER_09865,No Coffee Challenge,2023-08-01 00:00:00,2023-08-31 23:59:59,Active
CHAL_f7c72c4a,USER_09865,No Midnight Spending Challenge,2023-08-01 00:00:00,2023-08-31 23:59:59,Active
CHAL_b1a33251,USER_05566,No Midnight Spending Challenge,2023-08-01 00:00:00,2023-08-31 23:59:59,Active
CHAL_de52816b,USER_08737,No Coffee Challenge,2023-08-01 00:00:00,2023-08-31 23:59:59,Active
CHAL_23a37622,USER_08347,No Midnight Spending Challenge,2023-08-01 00:00:00,2023-08-31 23:59:59,Active
CHAL_2c6be760,USER_06829,No Midnight Spending Challenge,2023-08-01 00:00:00,2023-08-31 23:59:59,Active
CHAL_75baa1ab,USER_06829,No Coffee Challenge,2023-08-01 00:00:00,2023-08-31 23:59:59,Active
CHAL_4a396b60,USER_04117,No Midnight Spending Challenge,2023-08-01 00:00:00,2023-08-31 23:59:59,Active
CHAL_4b448102,USER_06155,No Midnight Spending Challenge,2023-08-01 00:00:00,2023-08-31 23:59:59,Active
CHAL_19463bd5,USER_00051,No Coffee Challenge,2023-08-01 00:00:00,2023-08-31 23:59:59,Active
CHAL_b413b183,USER_00051,No Midnight Spending Challenge,2023-08-01 00:00:00,2023-08-31 23:59:59,Active
CHAL_f18bd463,USER_00930,No Midnight Spending Challenge,2023-08-01 00:00:00,2023-08-31 23:59:59,Active
CHAL_1dfc9a4a,USER_00930,No Coffee Challenge,2023-08-01 00:00:00,2023-08-31 23:59:59,Active
CHAL_be642ade,USER_03591,No Midnight Spending Challenge,2023-08-01 00:00:00,2023-08-31 23:59:59,Active
CHAL_0581eb91,USER_03591,No Coffee Challenge,2023-08-01 00:00:00,2023-08-31 23:59:59,Active
CHAL_f14d87e3,USER_02590,No Midnight Spending Challenge,2023-08-01 00:00:00,2023-08-31 23:59:59,Active
CHAL_e54cfd3d,USER_02590,No Coffee Challenge,2023-08-01 00:00:00,2023-08-31 23:59:59,Active
CHAL_5b6caf29,USER_03043,No Coffee Challenge,2023-08-01 00:00:00,2023-08-31 23:59:59,Active
CHAL_50a27d90,USER_03336,No Coffee Challenge,2023-08-01 00:00:00,2023-08-31 23:59:59,Active
CHAL_73923067,USER_03325,No Coffee Challenge,2023-08-01 00:00:00,2023-08-31 23:59:59,Active
CHAL_417abed4,USER_03325,No Midnight Spending Challenge,2023-08-01 00:00:00,2023-08-31 23:59:59,Active
CHAL_09c8f600,USER_03528,No Midnight Spending Challenge,2023-08-01 00:00:00,2023-08-31 23:59:59,Active
CHAL_ab070f03,USER_03528,No Coffee Challenge,2023-08-01 00:00:00,2023-08-31 23:59:59,Active
CHAL_eab21425,USER_03895,No Coffee Challenge,2023-08-01 00:00:00,2023-08-31 23:59:59,Active
CHAL_96237668,USER_00326,No Coffee Challenge,2023-08-01 00:00:00,2023-08-31 23:59:59,Active
CHAL_4bcb27d7,USER_06052,No Midnight Spending Challenge,2023-08-01 00:00:00,2023-08-31 23:59:59,Active
CHAL_22bebf32,USER_03700,No Coffee Challenge,2023-08-01 00:00:00,2023-08-31 23:59:59,Active
CHAL_674fe5d7,USER_03700,No Midnight Spending Challenge,2023-08-01 00:00:00,2023-08-31 23:59:59,Active
CHAL_fd046cb6,USER_07984,No Midnight Spending Challenge,2023-08-01 00:00:00,2023-08-31 23:59:59,Active
CHAL_7a667314,USER_04870,No Midnight Spending Challenge,2023-08-01 00:00:00,2023-08-31 23:59:59,Active
CHAL_ca41f1d5,USER_08741,No Midnight Spending Challenge,2023-08-01 00:00:00,2023-08-31 23:59:59,Active
CHAL_0c8c338e,USER_07974,No Midnight Spending Challenge,2023-08-01 00:00:00,2023-08-31 23:59:59,Active
CHAL_0926ab4e,USER_05484,No Midnight Spending Challenge,2023-08-01 00:00:00,2023-08-31 23:59:59,Active
CHAL_914f24ae,USER_05484,No Coffee Challenge,2023-08-01 00:00:00,2023-08-31 23:59:59,Active
CHAL_2c444819,USER_07662,No Coffee Challenge,2023-08-01 00:00:00,2023-08-31 23:59:59,Active
CHAL_b6272174,USER_06644,No Coffee Challenge,2023-08-01 00:00:00,2023-08-31 23:59:59,Active
CHAL_7ecf6e2b,USER_06644,No Midnight Spending Challenge,2023-08-01 00:00:00,2023-08-31 23:59:59,Active
CHAL_ed959b16,USER_00509,No Midnight Spending Challenge,2023-08-01 00:00:00,2023-08-31 23:59:59,Active
CHAL_baee7241,USER_05421,No Midnight Spending Challenge,2023-08-01 00:00:00,2023-08-31 23:59:59,Active
CHAL_9138cad2,USER_05421,No Coffee Challenge,2023-08-01 00:00:00,2023-08-31 23:59:59,Active
CHAL_e02673fb,USER_00536,No Coffee Challenge,2023-08-01 00:00:00,2023-08-31 23:59:59,Active
CHAL_12a00f2e,USER_03732,No Midnight Spending Challenge,2023-08-01 00:00:00,2023-08-31 23:59:59,Active
CHAL_4e48d625,USER_03732,No Coffee Challenge,2023-08-01 00:00:00,2023-08-31 23:59:59,Active
CHAL_71125bd4,USER_01431,No Midnight Spending Challenge,2023-08-01 00:00:00,2023-08-31 23:59:59,Active
CHAL_b9da8179,USER_01569,No Coffee Challenge,2023-08-01 00:00:00,2023-08-31 23:59:59,Active
CHAL_f2df692c,USER_01569,No Midnight Spending Challenge,2023-08-01 00:00:00,2023-08-31 23:59:59,Active
CHAL_a84778d6,USER_09093,No Coffee Challenge,2023-08-01 00:00:00,2023-08-31 23:59:59,Active
CHAL_edf4564b,USER_09093,No Midnight Spending Challenge,2023-08-01 00:00:00,2023-08-31 23:59:59,Active
CHAL_7579f266,USER_03820,No Coffee Challenge,2023-08-01 00:00:00,2023-08-31 23:59:59,Active
CHAL_af139a1b,USER_03820,No Midnight Spending Challenge,2023-08-01 00:00:00,2023-08-31 23:59:59,Active
CHAL_06d58fd7,USER_03468,No Coffee Challenge,2023-08-01 00:00:00,2023-08-31 23:59:59,Active
CHAL_8b87a2d2,USER_03468,No Midnight Spending Challenge,2023-08-01 00:00:00,2023-08-31 23:59:59,Active
CHAL_b7c26664,USER_02224,No Midnight Spending Challenge,2023-08-01 00:00:00,2023-08-31 23:59:59,Active
CHAL_db10effd,USER_02224,No Coffee Challenge,2023-08-01 00:00:00,2023-08-31 23:59:59,Active
CHAL_e70aa484,USER_04519,No Coffee Challenge,2023-08-01 00:00:00,2023-08-31 23:59:59,Active
CHAL_a548408a,USER_00916,No Coffee Challenge,2023-08-01 00:00:00,2023-08-31 23:59:59,Active
CHAL_e704ee58,USER_00724,No Coffee Challenge,2023-08-01 00:00:00,2023-08-31 23:59:59,Active
CHAL_dd87adda,USER_09458,No Midnight Spending Challenge,2023-08-01 00:00:00,2023-08-31 23:59:59,Active
CHAL_999db06d,USER_09458,No Coffee Challenge,2023-08-01 00:00:00,2023-08-31 23:59:59,Active
CHAL_736e5b3d,USER_02077,No Coffee Challenge,2023-08-01 00:00:00,2023-08-31 23:59:59,Active
CHAL_46b528f9,USER_02077,No Midnight Spending Challenge,2023-08-01 00:00:00,2023-08-31 23:59:59,Active
CHAL_6d96da15,USER_06845,No Midnight Spending Challenge,2023-08-01 00:00:00,2023-08-31 23:59:59,Active
CHAL_61dfe59b,USER_02524,No Midnight Spending Challenge,2023-08-01 00:00:00,2023-08-31 23:59:59,Active
CHAL_7ad29afb,USER_02524,No Coffee Challenge,2023-08-01 00:00:00,2023-08-31 23:59:59,Active
CHAL_50160087,USER_06965,No Midnight Spending Challenge,2023-08-01 00:00:00,2023-08-31 23:59:59,Active
CHAL_7fc7c3c0,USER_02936,No Coffee Challenge,2023-08-01 00:00:00,2023-08-31 23:59:59,Active
CHAL_892ab26d,USER_00889,No Coffee Challenge,2023-08-01 00:00:00,2023-08-31 23:59:59,Active
CHAL_70375dc0,USER_02268,No Midnight Spending Challenge,2023-08-01 00:00:00,2023-08-31 23:59:59,Active
CHAL_c1b7ba88,USER_06110,No Coffee Challenge,2023-08-01 00:00:00,2023-08-31 23:59:59,Active
CHAL_18385227,USER_06110,No Midnight Spending Challenge,2023-08-01 00:00:00,2023-08-31 23:59:59,Active
CHAL_22bf793d,USER_06578,No Midnight Spending Challenge,2023-08-01 00:00:00,2023-08-31 23:59:59,Active
CHAL_fb5eddf9,USER_03529,No Midnight Spending Challenge,2023-08-01 00:00:00,2023-08-31 23:59:59,Active
CHAL_9ad5e34f,USER_00515,No Midnight Spending Challenge,2023-08-01 00:00:00,2023-08-31 23:59:59,Active
CHAL_3ba31cbc,USER_00515,No Coffee Challenge,2023-08-01 00:00:00,2023-08-31 23:59:59,Active
CHAL_2a817ec2,USER_02129,No Coffee Challenge,2023-08-01 00:00:00,2023-08-31 23:59:59,Active
CHAL_b4fb69d6,USER_08642,No Midnight Spending Challenge,2023-08-01 00:00:00,2023-08-31 23:59:59,Active
CHAL_bcea0d61,USER_08642,No Coffee Challenge,2023-08-01 00:00:00,2023-08-31 23:59:59,Active
CHAL_c64f4395,USER_00975,No Coffee Challenge,2023-08-01 00:00:00,2023-08-31 23:59:59,Active
CHAL_44e66eb3,USER_06105,No Midnight Spending Challenge,2023-08-01 00:00:00,2023-08-31 23:59:59,Active
CHAL_388546c5,USER_03020,No Midnight Spending Challenge,2023-08-01 00:00:00,2023-08-31 23:59:59,Active
CHAL_545a0602,USER_03020,No Coffee Challenge,2023-08-01 00:00:00,2023-08-31 23:59:59,Active
CHAL_fed6e71f,USER_02867,No Coffee Challenge,2023-08-01 00:00:00,2023-08-31 23:59:59,Active
CHAL_26e0b0c6,USER_02867,No Midnight Spending Challenge,2023-08-01 00:00:00,2023-08-31 23:59:59,Active
CHAL_6e0bf516,USER_08415,No Coffee Challenge,2023-08-01 00:00:00,2023-08-31 23:59:59,Active
CHAL_9e83d6b9,USER_00933,No Coffee Challenge,2023-08-01 00:00:00,2023-08-31 23:59:59,Active
CHAL_86352fb6,USER_00664,No Coffee Challenge,2023-08-01 00:00:00,2023-08-31 23:59:59,Active
CHAL_28e6d765,USER_00664,No Midnight Spending Challenge,2023-08-01 00:00:00,2023-08-31 23:59:59,Active
CHAL_79c6a30e,USER_09242,No Midnight Spending Challenge,2023-08-01 00:00:00,2023-08-31 23:59:59,Active
CHAL_f281315e,USER_09242,No Coffee Challenge,2023-08-01 00:00:00,2023-08-31 23:59:59,Active
CHAL_967316b9,USER_06733,No Midnight Spending Challenge,2023-08-01 00:00:00,2023-08-31 23:59:59,Active
CHAL_b8e21607,USER_02750,No Coffee Challenge,2023-08-01 00:00:00,2023-08-31 23:59:59,Active
CHAL_aa403d57,USER_09262,No Coffee Challenge,2023-08-01 00:00:00,2023-08-31 23:59:59,Active
CHAL_e9257a5d,USER_06818,No Coffee Challenge,2023-08-01 00:00:00,2023-08-31 23:59:59,Active
CHAL_40826ad7,USER_06818,No Midnight Spending Challenge,2023-08-01 00:00:00,2023-08-31 23:59:59,Active
CHAL_e697e1de,USER_01268,No Coffee Challenge,2023-08-01 00:00:00,2023-08-31 23:59:59,Active
CHAL_2cb5c412,USER_01268,No Midnight Spending Challenge,2023-08-01 00:00:00,2023-08-31 23:59:59,Active
CHAL_d56b76af,USER_03718,No Midnight Spending Challenge,2023-08-01 00:00:00,2023-08-31 23:59:59,Active
CHAL_f8cda41b,USER_03718,No Coffee Challenge,2023-08-01 00:00:00,2023-08-31 23:59:59,Active
CHAL_5aab2bb1,USER_02102,No Midnight Spending Challenge,2023-08-01 00:00:00,2023-08-31 23:59:59,Active
CHAL_e81c2d4e,USER_02102,No Coffee Challenge,2023-08-01 00:00:00,2023-08-31 23:59:59,Active
CHAL_034d3b58,USER_09149,No Coffee Challenge,2023-08-01 00:00:00,2023-08-31 23:59:59,Active
CHAL_fe423cda,USER_09149,No Midnight Spending Challenge,2023-08-01 00:00:00,2023-08-31 23:59:59,Active
CHAL_91e24b19,USER_02898,No Midnight Spending Challenge,2023-08-01 00:00:00,2023-08-31 23:59:59,Active
CHAL_3dd71644,USER_02898,No Coffee Challenge,2023-08-01 00:00:00,2023-08-31 23:59:59,Active
CHAL_1148af92,USER_02003,No Coffee Challenge,2023-08-01 00:00:00,2023-08-31 23:59:59,Active
CHAL_b4912c93,USER_02003,No Midnight Spending Challenge,2023-08-01 00:00:00,2023-08-31 23:59:59,Active
CHAL_fff5359d,USER_00265,No Coffee Challenge,2023-08-01 00:00:00,2023-08-31 23:59:59,Active
CHAL_226fe69e,USER_02119,No Midnight Spending Challenge,2023-08-01 00:00:00,2023-08-31 23:59:59,Active
CHAL_5c62d047,USER_02119,No Coffee Challenge,2023-08-01 00:00:00,2023-08-31 23:59:59,Active
CHAL_eb2d61fa,USER_09176,No Coffee Challenge,2023-08-01 00:00:00,2023-08-31 23:59:59,Active
CHAL_2772f762,USER_09176,No Midnight Spending Challenge,2023-08-01 00:00:00,2023-08-31 23:59:59,Active
CHAL_76dcb244,USER_00028,No Coffee Challenge,2023-08-01 00:00:00,2023-08-31 23:59:59,Active
CHAL_9f082cc0,USER_00028,No Midnight Spending Challenge,2023-08-01 00:00:00,2023-08-31 23:59:59,Active
CHAL_ebb3ef9a,USER_05235,No Midnight Spending Challenge,2023-08-01 00:00:00,2023-08-31 23:59:59,Active
CHAL_80da21ba,USER_05235,No Coffee Challenge,2023-08-01 00:00:00,2023-08-31 23:59:59,Active
CHAL_048685e8,USER_01438,No Midnight Spending Challenge,2023-08-01 00:00:00,2023-08-31 23:59:59,Active
CHAL_d5f7db66,USER_01438,No Coffee Challenge,2023-08-01 00:00:00,2023-08-31 23:59:59,Active
CHAL_6629d61d,USER_00531,No Midnight Spending Challenge,2023-08-01 00:00:00,2023-08-31 23:59:59,Active
CHAL_05fc9671,USER_00531,No Coffee Challenge,2023-08-01 00:00:00,2023-08-31 23:59:59,Active
CHAL_b5203c83,USER_02780,No Midnight Spending Challenge,2023-08-01 00:00:00,2023-08-31 23:59:59,Active
CHAL_e3c8d2f1,USER_09440,No Midnight Spending Challenge,2023-08-01 00:00:00,2023-08-31 23:59:59,Active
CHAL_fb9b25d0,USER_09440,No Coffee Challenge,2023-08-01 00:00:00,2023-08-31 23:59:59,Active
CHAL_6ce8d101,USER_01017,No Midnight Spending Challenge,2023-08-01 00:00:00,2023-08-31 23:59:59,Active
CHAL_b2e63770,USER_01017,No Coffee Challenge,2023-08-01 00:00:00,2023-08-31 23:59:59,Active
CHAL_e2aad9fe,USER_07960,No Coffee Challenge,2023-08-01 00:00:00,2023-08-31 23:59:59,Active
CHAL_2d1b710f,USER_03376,No Midnight Spending Challenge,2023-08-01 00:00:00,2023-08-31 23:59:59,Active
CHAL_0dbda29b,USER_03376,No Coffee Challenge,2023-08-01 00:00:00,2023-08-31 23:59:59,Active
CHAL_8294409f,USER_05098,No Midnight Spending Challenge,2023-08-01 00:00:00,2023-08-31 23:59:59,Active
CHAL_b637dd22,USER_05169,No Midnight Spending Challenge,2023-08-01 00:00:00,2023-08-31 23:59:59,Active
CHAL_e096f154,USER_05169,No Coffee Challenge,2023-08-01 00:00:00,2023-08-31 23:59:59,Active
CHAL_bbe73001,USER_09907,No Coffee Challenge,2023-08-01 00:00:00,2023-08-31 23:59:59,Active
CHAL_b9af00a6,USER_09907,No Midnight Spending Challenge,2023-08-01 00:00:00,2023-08-31 23:59:59,Active
CHAL_1cf41b8a,USER_04371,No Midnight Spending Challenge,2023-08-01 00:00:00,2023-08-31 23:59:59,Active
CHAL_ce8bf939,USER_04371,No Coffee Challenge,2023-08-01 00:00:00,2023-08-31 23:59:59,Active
CHAL_4a6c94d8,USER_02079,No Coffee Challenge,2023-08-01 00:00:00,2023-08-31 23:59:59,Active
CHAL_32dc677e,USER_02079,No Midnight Spending Challenge,2023-08-01 00:00:00,2023-08-31 23:59:59,Active
CHAL_ad5eb2ec,USER_09491,No Midnight Spending Challenge,2023-08-01 00:00:00,2023-08-31 23:59:59,Active
CHAL_49e397e3,USER_08042,No Coffee Challenge,2023-08-01 00:00:00,2023-08-31 23:59:59,Active
CHAL_3db3a800,USER_08946,No Midnight Spending Challenge,2023-08-01 00:00:00,2023-08-31 23:59:59,Active
CHAL_7662d25e,USER_00408,No Midnight Spending Challenge,2023-08-01 00:00:00,2023-08-31 23:59:59,Active
CHAL_d09f8267,USER_00408,No Coffee Challenge,2023-08-01 00:00:00,2023-08-31 23:59:59,Active
CHAL_5f502824,USER_04676,No Midnight Spending Challenge,2023-08-01 00:00:00,2023-08-31 23:59:59,Active
CHAL_200fc3db,USER_04676,No Coffee Challenge,2023-08-01 00:00:00,2023-08-31 23:59:59,Active
CHAL_e40aa83a,USER_09923,No Midnight Spending Challenge,2023-08-01 00:00:00,2023-08-31 23:59:59,Active
CHAL_90163c1e,USER_09923,No Coffee Challenge,2023-08-01 00:00:00,2023-08-31 23:59:59,Active
CHAL_e7208db1,USER_01043,No Coffee Challenge,2023-08-01 00:00:00,2023-08-31 23:59:59,Active
CHAL_ae1707f9,USER_06172,No Coffee Challenge,2023-08-01 00:00:00,2023-08-31 23:59:59,Active
CHAL_9626152f,USER_01705,No Coffee Challenge,2023-08-01 00:00:00,2023-08-31 23:59:59,Active
CHAL_2a9946a0,USER_01705,No Midnight Spending Challenge,2023-08-01 00:00:00,2023-08-31 23:59:59,Active
CHAL_a6360418,USER_05568,No Midnight Spending Challenge,2023-08-01 00:00:00,2023-08-31 23:59:59,Active
CHAL_ade6f10c,USER_05568,No Coffee Challenge,2023-08-01 00:00:00,2023-08-31 23:59:59,Active
CHAL_dfba5e4b,USER_00301,No Coffee Challenge,2023-08-01 00:00:00,2023-08-31 23:59:59,Active
CHAL_e9b34604,USER_03315,No Coffee Challenge,2023-08-01 00:00:00,2023-08-31 23:59:59,Active
CHAL_ae0bdab0,USER_03315,No Midnight Spending Challenge,2023-08-01 00:00:00,2023-08-31 23:59:59,Active
CHAL_d2a8f844,USER_07678,No Midnight Spending Challenge,2023-08-01 00:00:00,2023-08-31 23:59:59,Active
CHAL_a424c567,USER_07678,No Coffee Challenge,2023-08-01 00:00:00,2023-08-31 23:59:59,Active
CHAL_38a3f1fb,USER_02353,No Coffee Challenge,2023-08-01 00:00:00,2023-08-31 23:59:59,Active
CHAL_a8c7b961,USER_02353,No Midnight Spending Challenge,2023-08-01 00:00:00,2023-08-31 23:59:59,Active
CHAL_648790d5,USER_08451,No Coffee Challenge,2023-08-01 00:00:00,2023-08-31 23:59:59,Active
CHAL_ddffdd67,USER_02656,No Coffee Challenge,2023-08-01 00:00:00,2023-08-31 23:59:59,Active
CHAL_ce044ccd,USER_02656,No Midnight Spending Challenge,2023-08-01 00:00:00,2023-08-31 23:59:59,Active
CHAL_44257ca6,USER_08017,No Coffee Challenge,2023-08-01 00:00:00,2023-08-31 23:59:59,Active
CHAL_ea55496f,USER_08017,No Midnight Spending Challenge,2023-08-01 00:00:00,2023-08-31 23:59:59,Active
CHAL_6b7ab9b9,USER_02075,No Midnight Spending Challenge,2023-08-01 00:00:00,2023-08-31 23:59:59,Active
CHAL_263ca509,USER_02075,No Coffee Challenge,2023-08-01 00:00:00,2023-08-31 23:59:59,Active
CHAL_19afe496,USER_08782,No Midnight Spending Challenge,2023-08-01 00:00:00,2023-08-31 23:59:59,Active
CHAL_aa906485,USER_08782,No Coffee Challenge,2023-08-01 00:00:00,2023-08-31 23:59:59,Active
CHAL_74cca832,USER_04308,No Midnight Spending Challenge,2023-08-01 00:00:00,2023-08-31 23:59:59,Active
CHAL_00c091f3,USER_04308,No Coffee Challenge,2023-08-01 00:00:00,2023-08-31 23:59:59,Active
CHAL_d5c80e38,USER_00698,No Midnight Spending Challenge,2023-08-01 00:00:00,2023-08-31 23:59:59,Active
CHAL_e60e3d42,USER_01698,No Midnight Spending Challenge,2023-08-01 00:00:00,2023-08-31 23:59:59,Active
CHAL_a8b832a9,USER_00532,No Coffee Challenge,2023-08-01 00:00:00,2023-08-31 23:59:59,Active
CHAL_eb65753b,USER_00532,No Midnight Spending Challenge,2023-08-01 00:00:00,2023-08-31 23:59:59,Active
CHAL_32d613ef,USER_02641,No Midnight Spending Challenge,2023-08-01 00:00:00,2023-08-31 23:59:59,Active
CHAL_6e84b076,USER_01608,No Coffee Challenge,2023-08-01 00:00:00,2023-08-31 23:59:59,Active
CHAL_047d7227,USER_01608,No Midnight Spending Challenge,2023-08-01 00:00:00,2023-08-31 23:59:59,Active
CHAL_796990d9,USER_05974,No Midnight Spending Challenge,2023-08-01 00:00:00,2023-08-31 23:59:59,Active
CHAL_3eb1b454,USER_05974,No Coffee Challenge,2023-08-01 00:00:00,2023-08-31 23:59:59,Active
CHAL_68215618,USER_09037,No Coffee Challenge,2023-08-01 00:00:00,2023-08-31 23:59:59,Active
CHAL_abadda5a,USER_09037,No Midnight Spending Challenge,2023-08-01 00:00:00,2023-08-31 23:59:59,Active
CHAL_e20799b3,USER_05270,No Coffee Challenge,2023-08-01 00:00:00,2023-08-31 23:59:59,Active
CHAL_d3f03570,USER_05270,No Midnight Spending Challenge,2023-08-01 00:00:00,2023-08-31 23:59:59,Active
CHAL_07cfcc06,USER_01958,No Coffee Challenge,2023-08-01 00:00:00,2023-08-31 23:59:59,Active
CHAL_c263c2ac,USER_00886,No Midnight Spending Challenge,2023-08-01 00:00:00,2023-08-31 23:59:59,Active
CHAL_a64a1497,USER_00886,No Coffee Challenge,2023-08-01 00:00:00,2023-08-31 23:59:59,Active
CHAL_15512e81,USER_00898,No Coffee Challenge,2023-08-01 00:00:00,2023-08-31 23:59:59,Active
CHAL_9c0c7528,USER_00654,No Coffee Challenge,2023-08-01 00:00:00,2023-08-31 23:59:59,Active
CHAL_095b2328,USER_00654,No Midnight Spending Challenge,2023-08-01 00:00:00,2023-08-31 23:59:59,Active
CHAL_636b7257,USER_02819,No Coffee Challenge,2023-08-01 00:00:00,2023-08-31 23:59:59,Active
CHAL_8bdaf664,USER_05547,No Midnight Spending Challenge,2023-08-01 00:00:00,2023-08-31 23:59:59,Active
CHAL_1fc1ad06,USER_05547,No Coffee Challenge,2023-08-01 00:00:00,2023-08-31 23:59:59,Active
CHAL_cbe52b19,USER_05720,No Midnight Spending Challenge,2023-08-01 00:00:00,2023-08-31 23:59:59,Active
CHAL_7e9f3562,USER_05720,No Coffee Challenge,2023-08-01 00:00:00,2023-08-31 23:59:59,Active
CHAL_17916464,USER_04638,No Midnight Spending Challenge,2023-08-01 00:00:00,2023-08-31 23:59:59,Active
CHAL_a8231112,USER_04638,No Coffee Challenge,2023-08-01 00:00:00,2023-08-31 23:59:59,Active
CHAL_ba1ded9b,USER_08645,No Midnight Spending Challenge,2023-08-01 00:00:00,2023-08-31 23:59:59,Active
CHAL_69b56f95,USER_08645,No Coffee Challenge,2023-08-01 00:00:00,2023-08-31 23:59:59,Active
CHAL_4e8a77eb,USER_00514,No Coffee Challenge,2023-08-01 00:00:00,2023-08-31 23:59:59,Active
CHAL_b24d3255,USER_00514,No Midnight Spending Challenge,2023-08-01 00:00:00,2023-08-31 23:59:59,Active
CHAL_88b459da,USER_02294,No Midnight Spending Challenge,2023-08-01 00:00:00,2023-08-31 23:59:59,Active
CHAL_9a73a0df,USER_02294,No Coffee Challenge,2023-08-01 00:00:00,2023-08-31 23:59:59,Active
CHAL_d176a10d,USER_05613,No Midnight Spending Challenge,2023-08-01 00:00:00,2023-08-31 23:59:59,Active
CHAL_6310ab0e,USER_05613,No Coffee Challenge,2023-08-01 00:00:00,2023-08-31 23:59:59,Active
CHAL_06529083,USER_06019,No Coffee Challenge,2023-08-01 00:00:00,2023-08-31 23:59:59,Active
CHAL_a2c9a0fa,USER_06019,No Midnight Spending Challenge,2023-08-01 00:00:00,2023-08-31 23:59:59,Active
CHAL_76aaecd4,USER_01432,No Coffee Challenge,2023-08-01 00:00:00,2023-08-31 23:59:59,Active
CHAL_f1d3ef5d,USER_08132,No Coffee Challenge,2023-08-01 00:00:00,2023-08-31 23:59:59,Active
CHAL_ca0c7bf1,USER_08132,No Midnight Spending Challenge,2023-08-01 00:00:00,2023-08-31 23:59:59,Active
CHAL_6bab281c,USER_05470,No Midnight Spending Challenge,2023-08-01 00:00:00,2023-08-31 23:59:59,Active
CHAL_96d66864,USER_03232,No Coffee Challenge,2023-08-01 00:00:00,2023-08-31 23:59:59,Active
CHAL_1b443699,USER_01357,No Midnight Spending Challenge,2023-08-01 00:00:00,2023-08-31 23:59:59,Active
CHAL_1ba2752e,USER_03739,No Coffee Challenge,2023-08-01 00:00:00,2023-08-31 23:59:59,Active
CHAL_70c53bf4,USER_03739,No Midnight Spending Challenge,2023-08-01 00:00:00,2023-08-31 23:59:59,Active
CHAL_6457d847,USER_03612,No Coffee Challenge,2023-08-01 00:00:00,2023-08-31 23:59:59,Active
CHAL_01fc45c2,USER_09761,No Midnight Spending Challenge,2023-08-01 00:00:00,2023-08-31 23:59:59,Active
CHAL_7e4ecc78,USER_09761,No Coffee Challenge,2023-08-01 00:00:00,2023-08-31 23:59:59,Active
CHAL_3e4ef0ce,USER_01625,No Coffee Challenge,2023-08-01 00:00:00,2023-08-31 23:59:59,Active
CHAL_7bf8ae4a,USER_03619,No Midnight Spending Challenge,2023-08-01 00:00:00,2023-08-31 23:59:59,Active
CHAL_796722d7,USER_00638,No Midnight Spending Challenge,2023-08-01 00:00:00,2023-08-31 23:59:59,Active
CHAL_a6e368fe,USER_03802,No Coffee Challenge,2023-08-01 00:00:00,2023-08-31 23:59:59,Active
CHAL_8c3613b7,USER_02110,No Coffee Challenge,2023-08-01 00:00:00,2023-08-31 23:59:59,Active
CHAL_39191eb9,USER_08040,No Coffee Challenge,2023-08-01 00:00:00,2023-08-31 23:59:59,Active
CHAL_d8176e27,USER_00129,No Midnight Spending Challenge,2023-08-01 00:00:00,2023-08-31 23:59:59,Active
CHAL_5c113033,USER_03360,No Midnight Spending Challenge,2023-08-01 00:00:00,2023-08-31 23:59:59,Active
CHAL_5ac51bc0,USER_03360,No Coffee Challenge,2023-08-01 00:00:00,2023-08-31 23:59:59,Active
CHAL_d88367ac,USER_04883,No Coffee Challenge,2023-08-01 00:00:00,2023-08-31 23:59:59,Active
CHAL_15831682,USER_08983,No Midnight Spending Challenge,2023-08-01 00:00:00,2023-08-31 23:59:59,Active
CHAL_1e9cbf96,USER_07797,No Coffee Challenge,2023-08-01 00:00:00,2023-08-31 23:59:59,Active
CHAL_390ef544,USER_03907,No Coffee Challenge,2023-08-01 00:00:00,2023-08-31 23:59:59,Active
CHAL_bf77341c,USER_01658,No Midnight Spending Challenge,2023-08-01 00:00:00,2023-08-31 23:59:59,Active
CHAL_856e9c37,USER_04724,No Midnight Spending Challenge,2023-08-01 00:00:00,2023-08-31 23:59:59,Active
CHAL_0a4d09e5,USER_02766,No Midnight Spending Challenge,2023-08-01 00:00:00,2023-08-31 23:59:59,Active
CHAL_66b6e926,USER_03998,No Midnight Spending Challenge,2023-08-01 00:00:00,2023-08-31 23:59:59,Active
CHAL_b7af50ca,USER_08369,No Midnight Spending Challenge,2023-08-01 00:00:00,2023-08-31 23:59:59,Active
CHAL_b4f502b4,USER_00676,No Coffee Challenge,2023-08-01 00:00:00,2023-08-31 23:59:59,Active
CHAL_5888e0c8,USER_00676,No Midnight Spending Challenge,2023-08-01 00:00:00,2023-08-31 23:59:59,Active
CHAL_f435afc1,USER_02402,No Coffee Challenge,2023-08-01 00:00:00,2023-08-31 23:59:59,Active
CHAL_0ad05879,USER_05241,No Midnight Spending Challenge,2023-08-01 00:00:00,2023-08-31 23:59:59,Active
CHAL_2cf55f10,USER_05241,No Coffee Challenge,2023-08-01 00:00:00,2023-08-31 23:59:59,Active
CHAL_a96ba97f,USER_03498,No Coffee Challenge,2023-08-01 00:00:00,2023-08-31 23:59:59,Active
CHAL_9c23052d,USER_07915,No Midnight Spending Challenge,2023-08-01 00:00:00,2023-08-31 23:59:59,Active
CHAL_5cc7494a,USER_07915,No Coffee Challenge,2023-08-01 00:00:00,2023-08-31 23:59:59,Active
CHAL_44e7dc3e,USER_08792,No Coffee Challenge,2023-08-01 00:00:00,2023-08-31 23:59:59,Active
CHAL_8175fac2,USER_08792,No Midnight Spending Challenge,2023-08-01 00:00:00,2023-08-31 23:59:59,Active
CHAL_536a2257,USER_09413,No Coffee Challenge,2023-08-01 00:00:00,2023-08-31 23:59:59,Active
CHAL_d0d681ba,USER_09413,No Midnight Spending Challenge,2023-08-01 00:00:00,2023-08-31 23:59:59,Active
CHAL_be6a09af,USER_05151,No Midnight Spending Challenge,2023-08-01 00:00:00,2023-08-31 23:59:59,Active
CHAL_f4d71d23,USER_03461,No Coffee Challenge,2023-08-01 00:00:00,2023-08-31 23:59:59,Active
CHAL_cb92d98d,USER_03461,No Midnight Spending Challenge,2023-08-01 00:00:00,2023-08-31 23:59:59,Active
CHAL_4174645c,USER_09969,No Coffee Challenge,2023-08-01 00:00:00,2023-08-31 23:59:59,Active
CHAL_c20a03b7,USER_09969,No Midnight Spending Challenge,2023-08-01 00:00:00,2023-08-31 23:59:59,Active
CHAL_e921ab23,USER_02721,No Coffee Challenge,2023-08-01 00:00:00,2023-08-31 23:59:59,Active
CHAL_f9a74cb2,USER_04273,No Coffee Challenge,2023-08-01 00:00:00,2023-08-31 23:59:59,Active
CHAL_72037612,USER_08680,No Midnight Spending Challenge,2023-08-01 00:00:00,2023-08-31 23:59:59,Active
CHAL_1e28ac66,USER_08680,No Coffee Challenge,2023-08-01 00:00:00,2023-08-31 23:59:59,Active
CHAL_806682f1,USER_09953,No Midnight Spending Challenge,2023-08-01 00:00:00,2023-08-31 23:59:59,Active
CHAL_85e28df3,USER_09953,No Coffee Challenge,2023-08-01 00:00:00,2023-08-31 23:59:59,Active
CHAL_2661e5a0,USER_06474,No Coffee Challenge,2023-08-01 00:00:00,2023-08-31 23:59:59,Active
CHAL_6c495b15,USER_06474,No Midnight Spending Challenge,2023-08-01 00:00:00,2023-08-31 23:59:59,Active
CHAL_b73936c2,USER_03284,No Coffee Challenge,2023-08-01 00:00:00,2023-08-31 23:59:59,Active
CHAL_1a076358,USER_09008,No Midnight Spending Challenge,2023-08-01 00:00:00,2023-08-31 23:59:59,Active
CHAL_63c856e2,USER_08561,No Coffee Challenge,2023-08-01 00:00:00,2023-08-31 23:59:59,Active
CHAL_85e23fd0,USER_03949,No Midnight Spending Challenge,2023-08-01 00:00:00,2023-08-31 23:59:59,Active
CHAL_765610fb,USER_03949,No Coffee Challenge,2023-08-01 00:00:00,2023-08-31 23:59:59,Active
CHAL_74e1243d,USER_05154,No Coffee Challenge,2023-08-01 00:00:00,2023-08-31 23:59:59,Active
CHAL_ba60edf1,USER_00400,No Midnight Spending Challenge,2023-08-01 00:00:00,2023-08-31 23:59:59,Active
CHAL_4b01caf6,USER_00400,No Coffee Challenge,2023-08-01 00:00:00,2023-08-31 23:59:59,Active
CHAL_482e9eb0,USER_06847,No Coffee Challenge,2023-08-01 00:00:00,2023-08-31 23:59:59,Active
CHAL_3012c77a,USER_08542,No Midnight Spending Challenge,2023-08-01 00:00:00,2023-08-31 23:59:59,Active
CHAL_1dde1ba1,USER_00922,No Midnight Spending Challenge,2023-08-01 00:00:00,2023-08-31 23:59:59,Active
CHAL_74a76f03,USER_04607,No Coffee Challenge,2023-08-01 00:00:00,2023-08-31 23:59:59,Active
CHAL_55cfefc7,USER_01456,No Coffee Challenge,2023-08-01 00:00:00,2023-08-31 23:59:59,Active
CHAL_f82ffb5f,USER_01456,No Midnight Spending Challenge,2023-08-01 00:00:00,2023-08-31 23:59:59,Active
CHAL_4defcfee,USER_05910,No Midnight Spending Challenge,2023-08-01 00:00:00,2023-08-31 23:59:59,Active
CHAL_c4b76096,USER_05910,No Coffee Challenge,2023-08-01 00:00:00,2023-08-31 23:59:59,Active
CHAL_218c5881,USER_00917,No Midnight Spending Challenge,2023-08-01 00:00:00,2023-08-31 23:59:59,Active
CHAL_1a61850c,USER_00917,No Coffee Challenge,2023-08-01 00:00:00,2023-08-31 23:59:59,Active
CHAL_0f7455ac,USER_05474,No Midnight Spending Challenge,2023-08-01 00:00:00,2023-08-31 23:59:59,Active
CHAL_8eae9cb3,USER_05474,No Coffee Challenge,2023-08-01 00:00:00,2023-08-31 23:59:59,Active
CHAL_abb39f0b,USER_02147,No Midnight Spending Challenge,2023-08-01 00:00:00,2023-08-31 23:59:59,Active
CHAL_d1d2ceeb,USER_05315,No Coffee Challenge,2023-08-01 00:00:00,2023-08-31 23:59:59,Active
CHAL_655ac9d7,USER_05315,No Midnight Spending Challenge,2023-08-01 00:00:00,2023-08-31 23:59:59,Active
CHAL_32817ba1,USER_03179,No Midnight Spending Challenge,2023-08-01 00:00:00,2023-08-31 23:59:59,Active
CHAL_e98140cc,USER_03179,No Coffee Challenge,2023-08-01 00:00:00,2023-08-31 23:59:59,Active
CHAL_01e051a1,USER_06659,No Midnight Spending Challenge,2023-08-01 00:00:00,2023-08-31 23:59:59,Active
CHAL_15b0a25b,USER_06659,No Coffee Challenge,2023-08-01 00:00:00,2023-08-31 23:59:59,Active
CHAL_2e0e0de3,USER_01854,No Coffee Challenge,2023-08-01 00:00:00,2023-08-31 23:59:59,Active
CHAL_4eab560f,USER_01854,No Midnight Spending Challenge,2023-08-01 00:00:00,2023-08-31 23:59:59,Active
CHAL_1fba3ac1,USER_09123,No Coffee Challenge,2023-08-01 00:00:00,2023-08-31 23:59:59,Active
CHAL_4c37f355,USER_09123,No Midnight Spending Challenge,2023-08-01 00:00:00,2023-08-31 23:59:59,Active
CHAL_a76a797e,USER_00747,No Midnight Spending Challenge,2023-08-01 00:00:00,2023-08-31 23:59:59,Active
CHAL_9aecced7,USER_01784,No Coffee Challenge,2023-08-01 00:00:00,2023-08-31 23:59:59,Active
CHAL_d0b22f11,USER_01784,No Midnight Spending Challenge,2023-08-01 00:00:00,2023-08-31 23:59:59,Active
CHAL_523d0776,USER_00108,No Midnight Spending Challenge,2023-08-01 00:00:00,2023-08-31 23:59:59,Active
CHAL_1ebaa575,USER_09183,No Midnight Spending Challenge,2023-08-01 00:00:00,2023-08-31 23:59:59,Active
CHAL_b14e57ce,USER_04936,No Midnight Spending Challenge,2023-08-01 00:00:00,2023-08-31 23:59:59,Active
CHAL_5d7b37f4,USER_04936,No Coffee Challenge,2023-08-01 00:00:00,2023-08-31 23:59:59,Active
CHAL_47928c9b,USER_07078,No Midnight Spending Challenge,2023-08-01 00:00:00,2023-08-31 23:59:59,Active
CHAL_0d23b086,USER_07078,No Coffee Challenge,2023-08-01 00:00:00,2023-08-31 23:59:59,Active
CHAL_6d55df1c,USER_01306,No Midnight Spending Challenge,2023-08-01 00:00:00,2023-08-31 23:59:59,Active
CHAL_71b3a2b5,USER_04981,No Coffee Challenge,2023-08-01 00:00:00,2023-08-31 23:59:59,Active
CHAL_ae4476dc,USER_00778,No Coffee Challenge,2023-08-01 00:00:00,2023-08-31 23:59:59,Active
CHAL_e850e4b1,USER_00778,No Midnight Spending Challenge,2023-08-01 00:00:00,2023-08-31 23:59:59,Active
CHAL_2f70e847,USER_09711,No Coffee Challenge,2023-08-01 00:00:00,2023-08-31 23:59:59,Active
CHAL_b693b26e,USER_09711,No Midnight Spending Challenge,2023-08-01 00:00:00,2023-08-31 23:59:59,Active
CHAL_7f60f494,USER_09742,No Coffee Challenge,2023-08-01 00:00:00,2023-08-31 23:59:59,Active
CHAL_5f61a222,USER_02432,No Coffee Challenge,2023-08-01 00:00:00,2023-08-31 23:59:59,Active
CHAL_8f947e90,USER_02432,No Midnight Spending Challenge,2023-08-01 00:00:00,2023-08-31 23:59:59,Active
CHAL_a301d8f8,USER_08199,No Midnight Spending Challenge,2023-08-01 00:00:00,2023-08-31 23:59:59,Active
CHAL_4fdcbdc3,USER_08199,No Coffee Challenge,2023-08-01 00:00:00,2023-08-31 23:59:59,Active
CHAL_1c8ea635,USER_02621,No Midnight Spending Challenge,2023-08-01 00:00:00,2023-08-31 23:59:59,Active
CHAL_01111215,USER_02621,No Coffee Challenge,2023-08-01 00:00:00,2023-08-31 23:59:59,Active
CHAL_a7271695,USER_08067,No Midnight Spending Challenge,2023-08-01 00:00:00,2023-08-31 23:59:59,Active
CHAL_d1e691a0,USER_09889,No Midnight Spending Challenge,2023-08-01 00:00:00,2023-08-31 23:59:59,Active
CHAL_4ea5c98b,USER_09889,No Coffee Challenge,2023-08-01 00:00:00,2023-08-31 23:59:59,Active
CHAL_cf0edbed,USER_02737,No Coffee Challenge,2023-08-01 00:00:00,2023-08-31 23:59:59,Active
CHAL_39cb7acd,USER_03856,No Midnight Spending Challenge,2023-08-01 00:00:00,2023-08-31 23:59:59,Active
CHAL_f8c2e9a7,USER_03856,No Coffee Challenge,2023-08-01 00:00:00,2023-08-31 23:59:59,Active
CHAL_9f7360a1,USER_06144,No Midnight Spending Challenge,2023-08-01 00:00:00,2023-08-31 23:59:59,Active
CHAL_33781851,USER_06144,No Coffee Challenge,2023-08-01 00:00:00,2023-08-31 23:59:59,Active
CHAL_82a070cf,USER_06735,No Coffee Challenge,2023-08-01 00:00:00,2023-08-31 23:59:59,Active
CHAL_1a72a90f,USER_06735,No Midnight Spending Challenge,2023-08-01 00:00:00,2023-08-31 23:59:59,Active
CHAL_c76c9778,USER_07707,No Midnight Spending Challenge,2023-08-01 00:00:00,2023-08-31 23:59:59,Active
CHAL_b5494737,USER_08775,No Midnight Spending Challenge,2023-08-01 00:00:00,2023-08-31 23:59:59,Active
CHAL_0c0a2eb5,USER_05744,No Midnight Spending Challenge,2023-08-01 00:00:00,2023-08-31 23:59:59,Active
CHAL_41d97ec7,USER_06734,No Coffee Challenge,2023-08-01 00:00:00,2023-08-31 23:59:59,Active
CHAL_e7e3dce5,USER_08129,No Coffee Challenge,2023-08-01 00:00:00,2023-08-31 23:59:59,Active
CHAL_d4f51f7c,USER_08129,No Midnight Spending Challenge,2023-08-01 00:00:00,2023-08-31 23:59:59,Active
CHAL_665f9d19,USER_08898,No Coffee Challenge,2023-08-01 00:00:00,2023-08-31 23:59:59,Active
CHAL_945cca19,USER_08898,No Midnight Spending Challenge,2023-08-01 00:00:00,2023-08-31 23:59:59,Active
CHAL_15e8c599,USER_07051,No Midnight Spending Challenge,2023-08-01 00:00:00,2023-08-31 23:59:59,Active
CHAL_de90aec3,USER_07051,No Coffee Challenge,2023-08-01 00:00:00,2023-08-31 23:59:59,Active
CHAL_04755516,USER_08196,No Midnight Spending Challenge,2023-08-01 00:00:00,2023-08-31 23:59:59,Active
CHAL_c42a598d,USER_02163,No Midnight Spending Challenge,2023-08-01 00:00:00,2023-08-31 23:59:59,Active
CHAL_939ff26b,USER_02417,No Coffee Challenge,2023-08-01 00:00:00,2023-08-31 23:59:59,Active
CHAL_83dcf200,USER_08442,No Midnight Spending Challenge,2023-08-01 00:00:00,2023-08-31 23:59:59,Active
CHAL_aa83953c,USER_02809,No Coffee Challenge,2023-08-01 00:00:00,2023-08-31 23:59:59,Active
CHAL_c2b44208,USER_02809,No Midnight Spending Challenge,2023-08-01 00:00:00,2023-08-31 23:59:59,Active
CHAL_09d3d057,USER_08127,No Coffee Challenge,2023-08-01 00:00:00,2023-08-31 23:59:59,Active
CHAL_42c79ac0,USER_02847,No Coffee Challenge,2023-08-01 00:00:00,2023-08-31 23:59:59,Active
CHAL_f1d32431,USER_06610,No Midnight Spending Challenge,2023-08-01 00:00:00,2023-08-31 23:59:59,Active
CHAL_6f0d444b,USER_06610,No Coffee Challenge,2023-08-01 00:00:00,2023-08-31 23:59:59,Active
CHAL_e21e020a,USER_04050,No Coffee Challenge,2023-08-01 00:00:00,2023-08-31 23:59:59,Active
CHAL_53791ddc,USER_00394,No Midnight Spending Challenge,2023-08-01 00:00:00,2023-08-31 23:59:59,Active
CHAL_cc6fa5fe,USER_08128,No Coffee Challenge,2023-08-01 00:00:00,2023-08-31 23:59:59,Active
CHAL_37d09f71,USER_07001,No Coffee Challenge,2023-08-01 00:00:00,2023-08-31 23:59:59,Active
CHAL_87600c98,USER_07001,No Midnight Spending Challenge,2023-08-01 00:00:00,2023-08-31 23:59:59,Active
CHAL_7c19e63a,USER_00788,No Coffee Challenge,2023-08-01 00:00:00,2023-08-31 23:59:59,Active
CHAL_cc99f1ef,USER_00387,No Coffee Challenge,2023-08-01 00:00:00,2023-08-31 23:59:59,Active
CHAL_b77ab72a,USER_03053,No Coffee Challenge,2023-08-01 00:00:00,2023-08-31 23:59:59,Active
CHAL_7a23837b,USER_03053,No Midnight Spending Challenge,2023-08-01 00:00:00,2023-08-31 23:59:59,Active
CHAL_55e75d37,USER_06171,No Midnight Spending Challenge,2023-08-01 00:00:00,2023-08-31 23:59:59,Active
CHAL_71164d9d,USER_06171,No Coffee Challenge,2023-08-01 00:00:00,2023-08-31 23:59:59,Active
CHAL_d212a288,USER_04843,No Coffee Challenge,2023-08-01 00:00:00,2023-08-31 23:59:59,Active
CHAL_1c9ddfb6,USER_06243,No Midnight Spending Challenge,2023-08-01 00:00:00,2023-08-31 23:59:59,Active
CHAL_ea65da88,USER_06243,No Coffee Challenge,2023-08-01 00:00:00,2023-08-31 23:59:59,Active
CHAL_aa6c2b41,USER_06352,No Coffee Challenge,2023-08-01 00:00:00,2023-08-31 23:59:59,Active
CHAL_f550b01d,USER_06352,No Midnight Spending Challenge,2023-08-01 00:00:00,2023-08-31 23:59:59,Active
CHAL_e081cf84,USER_09538,No Midnight Spending Challenge,2023-08-01 00:00:00,2023-08-31 23:59:59,Active
CHAL_2cd5a4dd,USER_06453,No Coffee Challenge,2023-08-01 00:00:00,2023-08-31 23:59:59,Active
CHAL_5d965dd1,USER_07860,No Coffee Challenge,2023-08-01 00:00:00,2023-08-31 23:59:59,Active
CHAL_a05e0a05,USER_00789,No Coffee Challenge,2023-08-01 00:00:00,2023-08-31 23:59:59,Active
CHAL_a9a329a0,USER_05480,No Midnight Spending Challenge,2023-08-01 00:00:00,2023-08-31 23:59:59,Active
CHAL_5d94c561,USER_02316,No Midnight Spending Challenge,2023-08-01 00:00:00,2023-08-31 23:59:59,Active
CHAL_30d09fd9,USER_09204,No Midnight Spending Challenge,2023-08-01 00:00:00,2023-08-31 23:59:59,Active
CHAL_fd00919f,USER_03578,No Midnight Spending Challenge,2023-08-01 00:00:00,2023-08-31 23:59:59,Active
CHAL_e1a70671,USER_03310,No Midnight Spending Challenge,2023-08-01 00:00:00,2023-08-31 23:59:59,Active
CHAL_ff84231a,USER_06891,No Midnight Spending Challenge,2023-08-01 00:00:00,2023-08-31 23:59:59,Active
CHAL_a70b7e13,USER_06891,No Coffee Challenge,2023-08-01 00:00:00,2023-08-31 23:59:59,Active
CHAL_034d5905,USER_07513,No Coffee Challenge,2023-08-01 00:00:00,2023-08-31 23:59:59,Active
CHAL_0b16492c,USER_09794,No Coffee Challenge,2023-08-01 00:00:00,2023-08-31 23:59:59,Active
CHAL_3134dc09,USER_06161,No Coffee Challenge,2023-08-01 00:00:00,2023-08-31 23:59:59,Active
CHAL_5c4579de,USER_04601,No Coffee Challenge,2023-08-01 00:00:00,2023-08-31 23:59:59,Active
CHAL_b0e06b57,USER_04601,No Midnight Spending Challenge,2023-08-01 00:00:00,2023-08-31 23:59:59,Active
CHAL_14df0b7a,USER_03936,No Midnight Spending Challenge,2023-08-01 00:00:00,2023-08-31 23:59:59,Active
CHAL_3fb46200,USER_06480,No Midnight Spending Challenge,2023-08-01 00:00:00,2023-08-31 23:59:59,Active
CHAL_7983c58c,USER_05351,No Midnight Spending Challenge,2023-08-01 00:00:00,2023-08-31 23:59:59,Active
CHAL_493ceaba,USER_05351,No Coffee Challenge,2023-08-01 00:00:00,2023-08-31 23:59:59,Active
CHAL_e16a4af5,USER_07068,No Midnight Spending Challenge,2023-08-01 00:00:00,2023-08-31 23:59:59,Active
CHAL_9b630ed2,USER_08989,No Midnight Spending Challenge,2023-08-01 00:00:00,2023-08-31 23:59:59,Active
CHAL_794f2c03,USER_08989,No Coffee Challenge,2023-08-01 00:00:00,2023-08-31 23:59:59,Active
CHAL_1e4e364e,USER_01749,No Midnight Spending Challenge,2023-08-01 00:00:00,2023-08-31 23:59:59,Active
CHAL_114e100b,USER_01749,No Coffee Challenge,2023-08-01 00:00:00,2023-08-31 23:59:59,Active
CHAL_0ab784fc,USER_01505,No Coffee Challenge,2023-08-01 00:00:00,2023-08-31 23:59:59,Active
CHAL_417a84e7,USER_01505,No Midnight Spending Challenge,2023-08-01 00:00:00,2023-08-31 23:59:59,Active
CHAL_8823c107,USER_05752,No Midnight Spending Challenge,2023-08-01 00:00:00,2023-08-31 23:59:59,Active
CHAL_56c86d26,USER_08811,No Midnight Spending Challenge,2023-08-01 00:00:00,2023-08-31 23:59:59,Active
CHAL_3f168bc1,USER_03874,No Coffee Challenge,2023-08-01 00:00:00,2023-08-31 23:59:59,Active
CHAL_5919f7c2,USER_05381,No Midnight Spending Challenge,2023-08-01 00:00:00,2023-08-31 23:59:59,Active
CHAL_f660d747,USER_09135,No Coffee Challenge,2023-08-01 00:00:00,2023-08-31 23:59:59,Active
CHAL_e3fa5d30,USER_09135,No Midnight Spending Challenge,2023-08-01 00:00:00,2023-08-31 23:59:59,Active
CHAL_b3be4853,USER_01085,No Coffee Challenge,2023-08-01 00:00:00,2023-08-31 23:59:59,Active
CHAL_02578382,USER_05937,No Midnight Spending Challenge,2023-08-01 00:00:00,2023-08-31 23:59:59,Active
CHAL_36eace54,USER_05937,No Coffee Challenge,2023-08-01 00:00:00,2023-08-31 23:59:59,Active
CHAL_92953c3c,USER_06024,No Coffee Challenge,2023-08-01 00:00:00,2023-08-31 23:59:59,Active
CHAL_d6dace03,USER_02879,No Midnight Spending Challenge,2023-08-01 00:00:00,2023-08-31 23:59:59,Active
CHAL_ea6206df,USER_00246,No Coffee Challenge,2023-08-01 00:00:00,2023-08-31 23:59:59,Active
CHAL_7dc48ed1,USER_00246,No Midnight Spending Challenge,2023-08-01 00:00:00,2023-08-31 23:59:59,Active
CHAL_4e83ff7f,USER_05144,No Midnight Spending Challenge,2023-08-01 00:00:00,2023-08-31 23:59:59,Active
CHAL_fabb5855,USER_03888,No Coffee Challenge,2023-08-01 00:00:00,2023-08-31 23:59:59,Active
CHAL_648c56cb,USER_06736,No Coffee Challenge,2023-08-01 00:00:00,2023-08-31 23:59:59,Active
CHAL_52871e14,USER_06736,No Midnight Spending Challenge,2023-08-01 00:00:00,2023-08-31 23:59:59,Active
CHAL_b5a2726f,USER_07178,No Midnight Spending Challenge,2023-08-01 00:00:00,2023-08-31 23:59:59,Active
CHAL_c11be8cc,USER_01078,No Midnight Spending Challenge,2023-08-01 00:00:00,2023-08-31 23:59:59,Active
CHAL_35711e53,USER_07140,No Midnight Spending Challenge,2023-08-01 00:00:00,2023-08-31 23:59:59,Active
CHAL_3d4fece4,USER_07140,No Coffee Challenge,2023-08-01 00:00:00,2023-08-31 23:59:59,Active
CHAL_da1790f8,USER_06370,No Coffee Challenge,2023-08-01 00:00:00,2023-08-31 23:59:59,Active
CHAL_74d8b68b,USER_06370,No Midnight Spending Challenge,2023-08-01 00:00:00,2023-08-31 23:59:59,Active
CHAL_0a6c8d54,USER_07049,No Midnight Spending Challenge,2023-08-01 00:00:00,2023-08-31 23:59:59,Active
CHAL_93813d58,USER_07049,No Coffee Challenge,2023-08-01 00:00:00,2023-08-31 23:59:59,Active
CHAL_21cf7fc1,USER_07233,No Midnight Spending Challenge,2023-08-01 00:00:00,2023-08-31 23:59:59,Active
CHAL_68c02e97,USER_08166,No Coffee Challenge,2023-08-01 00:00:00,2023-08-31 23:59:59,Active
CHAL_465896a4,USER_09525,No Coffee Challenge,2023-08-01 00:00:00,2023-08-31 23:59:59,Active
CHAL_cdb47c0e,USER_01245,No Coffee Challenge,2023-08-01 00:00:00,2023-08-31 23:59:59,Active
CHAL_364a679d,USER_01245,No Midnight Spending Challenge,2023-08-01 00:00:00,2023-08-31 23:59:59,Active
CHAL_937fb619,USER_00026,No Coffee Challenge,2023-08-01 00:00:00,2023-08-31 23:59:59,Active
CHAL_fbb943bf,USER_06511,No Coffee Challenge,2023-08-01 00:00:00,2023-08-31 23:59:59,Active
CHAL_929f77fe,USER_04114,No Midnight Spending Challenge,2023-08-01 00:00:00,2023-08-31 23:59:59,Active
CHAL_88721c2c,USER_03761,No Coffee Challenge,2023-08-01 00:00:00,2023-08-31 23:59:59,Active
CHAL_ecf04298,USER_00838,No Coffee Challenge,2023-08-01 00:00:00,2023-08-31 23:59:59,Active
CHAL_7dddd3d9,USER_00838,No Midnight Spending Challenge,2023-08-01 00:00:00,2023-08-31 23:59:59,Active
CHAL_d4ce01ef,USER_07926,No Coffee Challenge,2023-08-01 00:00:00,2023-08-31 23:59:59,Active
CHAL_0a733f7f,USER_07926,No Midnight Spending Challenge,2023-08-01 00:00:00,2023-08-31 23:59:59,Active
CHAL_cbccd2b7,USER_03884,No Coffee Challenge,2023-08-01 00:00:00,2023-08-31 23:59:59,Active
CHAL_2e07874d,USER_02305,No Coffee Challenge,2023-08-01 00:00:00,2023-08-31 23:59:59,Active
CHAL_f8cf5665,USER_06800,No Midnight Spending Challenge,2023-08-01 00:00:00,2023-08-31 23:59:59,Active
CHAL_9906ef7f,USER_07004,No Midnight Spending Challenge,2023-08-01 00:00:00,2023-08-31 23:59:59,Active
CHAL_779e2792,USER_01018,No Midnight Spending Challenge,2023-08-01 00:00:00,2023-08-31 23:59:59,Active
CHAL_491d58c1,USER_03901,No Coffee Challenge,2023-08-01 00:00:00,2023-08-31 23:59:59,Active
CHAL_12aa5422,USER_03901,No Midnight Spending Challenge,2023-08-01 00:00:00,2023-08-31 23:59:59,Active
CHAL_9d3760b9,USER_01000,No Midnight Spending Challenge,2023-08-01 00:00:00,2023-08-31 23:59:59,Active
CHAL_d86a2ae0,USER_01000,No Coffee Challenge,2023-08-01 00:00:00,2023-08-31 23:59:59,Active
CHAL_59785d1c,USER_05089,No Midnight Spending Challenge,2023-08-01 00:00:00,2023-08-31 23:59:59,Active
CHAL_3305fff2,USER_05089,No Coffee Challenge,2023-08-01 00:00:00,2023-08-31 23:59:59,Active
CHAL_2c4b70dd,USER_00708,No Coffee Challenge,2023-08-01 00:00:00,2023-08-31 23:59:59,Active
CHAL_362497a5,USER_05885,No Midnight Spending Challenge,2023-08-01 00:00:00,2023-08-31 23:59:59,Active
CHAL_cf1f7a1c,USER_05885,No Coffee Challenge,2023-08-01 00:00:00,2023-08-31 23:59:59,Active
CHAL_05e76419,USER_04537,No Midnight Spending Challenge,2023-08-01 00:00:00,2023-08-31 23:59:59,Active
CHAL_c5f479a2,USER_05961,No Coffee Challenge,2023-08-01 00:00:00,2023-08-31 23:59:59,Active
CHAL_402f1fc4,USER_05961,No Midnight Spending Challenge,2023-08-01 00:00:00,2023-08-31 23:59:59,Active
CHAL_7075d7fe,USER_02040,No Coffee Challenge,2023-08-01 00:00:00,2023-08-31 23:59:59,Active
CHAL_76b10c49,USER_07387,No Midnight Spending Challenge,2023-08-01 00:00:00,2023-08-31 23:59:59,Active
CHAL_49c74c99,USER_09515,No Coffee Challenge,2023-08-01 00:00:00,2023-08-31 23:59:59,Active
CHAL_3f9fcf5d,USER_02374,No Midnight Spending Challenge,2023-08-01 00:00:00,2023-08-31 23:59:59,Active
CHAL_017d0c3e,USER_02374,No Coffee Challenge,2023-08-01 00:00:00,2023-08-31 23:59:59,Active
CHAL_bd532433,USER_03044,No Coffee Challenge,2023-08-01 00:00:00,2023-08-31 23:59:59,Active
CHAL_c22e1b43,USER_02817,No Midnight Spending Challenge,2023-08-01 00:00:00,2023-08-31 23:59:59,Active
CHAL_147b9b2b,USER_02817,No Coffee Challenge,2023-08-01 00:00:00,2023-08-31 23:59:59,Active
CHAL_17b962eb,USER_02858,No Coffee Challenge,2023-08-01 00:00:00,2023-08-31 23:59:59,Active
CHAL_be23aea1,USER_02858,No Midnight Spending Challenge,2023-08-01 00:00:00,2023-08-31 23:59:59,Active
CHAL_c449838a,USER_06992,No Coffee Challenge,2023-08-01 00:00:00,2023-08-31 23:59:59,Active
CHAL_27f6db58,USER_06992,No Midnight Spending Challenge,2023-08-01 00:00:00,2023-08-31 23:59:59,Active
CHAL_cabab850,USER_00741,No Coffee Challenge,2023-08-01 00:00:00,2023-08-31 23:59:59,Active
CHAL_27307f1a,USER_00741,No Midnight Spending Challenge,2023-08-01 00:00:00,2023-08-31 23:59:59,Active
CHAL_38217242,USER_09805,No Coffee Challenge,2023-08-01 00:00:00,2023-08-31 23:59:59,Active
CHAL_6be20578,USER_03571,No Coffee Challenge,2023-08-01 00:00:00,2023-08-31 23:59:59,Active
CHAL_4fc47595,USER_03571,No Midnight Spending Challenge,2023-08-01 00:00:00,2023-08-31 23:59:59,Active
CHAL_96aee78b,USER_06834,No Midnight Spending Challenge,2023-08-01 00:00:00,2023-08-31 23:59:59,Active
CHAL_18c0ea0e,USER_06834,No Coffee Challenge,2023-08-01 00:00:00,2023-08-31 23:59:59,Active
CHAL_ce81a435,USER_04650,No Coffee Challenge,2023-08-01 00:00:00,2023-08-31 23:59:59,Active
CHAL_d6cc9c11,USER_00136,No Midnight Spending Challenge,2023-08-01 00:00:00,2023-08-31 23:59:59,Active
CHAL_9125d14e,USER_05174,No Midnight Spending Challenge,2023-08-01 00:00:00,2023-08-31 23:59:59,Active
CHAL_75e688ff,USER_05081,No Coffee Challenge,2023-08-01 00:00:00,2023-08-31 23:59:59,Active
CHAL_15ec4589,USER_05960,No Coffee Challenge,2023-08-01 00:00:00,2023-08-31 23:59:59,Active
CHAL_fb87d728,USER_05960,No Midnight Spending Challenge,2023-08-01 00:00:00,2023-08-31 23:59:59,Active
CHAL_f3b9d011,USER_05578,No Coffee Challenge,2023-08-01 00:00:00,2023-08-31 23:59:59,Active
CHAL_c7ba6fa8,USER_05578,No Midnight Spending Challenge,2023-08-01 00:00:00,2023-08-31 23:59:59,Active
CHAL_1d81a43b,USER_01654,No Coffee Challenge,2023-08-01 00:00:00,2023-08-31 23:59:59,Active
CHAL_2d049659,USER_01654,No Midnight Spending Challenge,2023-08-01 00:00:00,2023-08-31 23:59:59,Active
CHAL_e87664d7,USER_06750,No Midnight Spending Challenge,2023-08-01 00:00:00,2023-08-31 23:59:59,Active
CHAL_880131ae,USER_06750,No Coffee Challenge,2023-08-01 00:00:00,2023-08-31 23:59:59,Active
CHAL_dbe3319d,USER_03011,No Coffee Challenge,2023-08-01 00:00:00,2023-08-31 23:59:59,Active
CHAL_171e55f2,USER_01003,No Midnight Spending Challenge,2023-08-01 00:00:00,2023-08-31 23:59:59,Active
CHAL_15c6f924,USER_07047,No Coffee Challenge,2023-08-01 00:00:00,2023-08-31 23:59:59,Active
CHAL_9b2f1cbd,USER_07047,No Midnight Spending Challenge,2023-08-01 00:00:00,2023-08-31 23:59:59,Active
CHAL_59a8abe9,USER_02090,No Coffee Challenge,2023-08-01 00:00:00,2023-08-31 23:59:59,Active
CHAL_7c08205e,USER_02090,No Midnight Spending Challenge,2023-08-01 00:00:00,2023-08-31 23:59:59,Active
CHAL_0a2d944b,USER_06046,No Midnight Spending Challenge,2023-08-01 00:00:00,2023-08-31 23:59:59,Active
CHAL_c7a11f05,USER_06046,No Coffee Challenge,2023-08-01 00:00:00,2023-08-31 23:59:59,Active
CHAL_6d3bb9db,USER_05563,No Midnight Spending Challenge,2023-08-01 00:00:00,2023-08-31 23:59:59,Active
CHAL_d1ae7adc,USER_05563,No Coffee Challenge,2023-08-01 00:00:00,2023-08-31 23:59:59,Active
CHAL_67e138bd,USER_02236,No Coffee Challenge,2023-08-01 00:00:00,2023-08-31 23:59:59,Active
CHAL_7c73039d,USER_03027,No Coffee Challenge,2023-08-01 00:00:00,2023-08-31 23:59:59,Active
CHAL_37915920,USER_06178,No Midnight Spending Challenge,2023-08-01 00:00:00,2023-08-31 23:59:59,Active
CHAL_d2a8fa71,USER_06178,No Coffee Challenge,2023-08-01 00:00:00,2023-08-31 23:59:59,Active
CHAL_05ca76b4,USER_02924,No Coffee Challenge,2023-08-01 00:00:00,2023-08-31 23:59:59,Active
CHAL_0a711c6b,USER_03506,No Midnight Spending Challenge,2023-08-01 00:00:00,2023-08-31 23:59:59,Active
CHAL_707f9939,USER_01157,No Coffee Challenge,2023-08-01 00:00:00,2023-08-31 23:59:59,Active
CHAL_f225a281,USER_01157,No Midnight Spending Challenge,2023-08-01 00:00:00,2023-08-31 23:59:59,Active
CHAL_d1ebe838,USER_04429,No Coffee Challenge,2023-08-01 00:00:00,2023-08-31 23:59:59,Active
CHAL_62d59709,USER_04429,No Midnight Spending Challenge,2023-08-01 00:00:00,2023-08-31 23:59:59,Active
CHAL_1377ed9a,USER_00530,No Midnight Spending Challenge,2023-08-01 00:00:00,2023-08-31 23:59:59,Active
CHAL_07381508,USER_00530,No Coffee Challenge,2023-08-01 00:00:00,2023-08-31 23:59:59,Active
CHAL_5f8a75e4,USER_04084,No Midnight Spending Challenge,2023-08-01 00:00:00,2023-08-31 23:59:59,Active
CHAL_57c828c2,USER_08331,No Midnight Spending Challenge,2023-08-01 00:00:00,2023-08-31 23:59:59,Active
CHAL_bd0f9355,USER_03954,No Midnight Spending Challenge,2023-08-01 00:00:00,2023-08-31 23:59:59,Active
CHAL_bdc39183,USER_01836,No Midnight Spending Challenge,2023-08-01 00:00:00,2023-08-31 23:59:59,Active
CHAL_4d39006a,USER_01836,No Coffee Challenge,2023-08-01 00:00:00,2023-08-31 23:59:59,Active
CHAL_39bed095,USER_00541,No Coffee Challenge,2023-08-01 00:00:00,2023-08-31 23:59:59,Active
CHAL_9a98579b,USER_08193,No Midnight Spending Challenge,2023-08-01 00:00:00,2023-08-31 23:59:59,Active
CHAL_7bd2c6da,USER_09013,No Midnight Spending Challenge,2023-08-01 00:00:00,2023-08-31 23:59:59,Active
CHAL_fb8797c4,USER_09013,No Coffee Challenge,2023-08-01 00:00:00,2023-08-31 23:59:59,Active
CHAL_dc8d94d1,USER_07235,No Coffee Challenge,2023-08-01 00:00:00,2023-08-31 23:59:59,Active
CHAL_4312eedd,USER_07235,No Midnight Spending Challenge,2023-08-01 00:00:00,2023-08-31 23:59:59,Active
CHAL_78233fe8,USER_02047,No Coffee Challenge,2023-08-01 00:00:00,2023-08-31 23:59:59,Active
CHAL_c54f1686,USER_04733,No Midnight Spending Challenge,2023-08-01 00:00:00,2023-08-31 23:59:59,Active
CHAL_c9b266e7,USER_04733,No Coffee Challenge,2023-08-01 00:00:00,2023-08-31 23:59:59,Active
CHAL_3bac019a,USER_04882,No Coffee Challenge,2023-08-01 00:00:00,2023-08-31 23:59:59,Active
CHAL_51beb244,USER_03234,No Coffee Challenge,2023-08-01 00:00:00,2023-08-31 23:59:59,Active
CHAL_1a8521ec,USER_03234,No Midnight Spending Challenge,2023-08-01 00:00:00,2023-08-31 23:59:59,Active
CHAL_9d90287f,USER_01204,No Midnight Spending Challenge,2023-08-01 00:00:00,2023-08-31 23:59:59,Active
CHAL_8bbbc8d8,USER_01131,No Coffee Challenge,2023-08-01 00:00:00,2023-08-31 23:59:59,Active
CHAL_a02cdc13,USER_09602,No Midnight Spending Challenge,2023-08-01 00:00:00,2023-08-31 23:59:59,Active
CHAL_94b48ab7,USER_09602,No Coffee Challenge,2023-08-01 00:00:00,2023-08-31 23:59:59,Active
CHAL_13c33ae6,USER_07094,No Coffee Challenge,2023-08-01 00:00:00,2023-08-31 23:59:59,Active
CHAL_55cdff9c,USER_07094,No Midnight Spending Challenge,2023-08-01 00:00:00,2023-08-31 23:59:59,Active
CHAL_1a3eeba9,USER_05831,No Coffee Challenge,2023-08-01 00:00:00,2023-08-31 23:59:59,Active
CHAL_81b60c9f,USER_04859,No Coffee Challenge,2023-08-01 00:00:00,2023-08-31 23:59:59,Active
CHAL_d4f9ce0e,USER_03649,No Coffee Challenge,2023-08-01 00:00:00,2023-08-31 23:59:59,Active
CHAL_9d15516c,USER_03649,No Midnight Spending Challenge,2023-08-01 00:00:00,2023-08-31 23:59:59,Active
CHAL_5dd044d0,USER_04355,No Coffee Challenge,2023-08-01 00:00:00,2023-08-31 23:59:59,Active
CHAL_5906da39,USER_04355,No Midnight Spending Challenge,2023-08-01 00:00:00,2023-08-31 23:59:59,Active
CHAL_d4821359,USER_00885,No Coffee Challenge,2023-08-01 00:00:00,2023-08-31 23:59:59,Active
CHAL_4d5abd29,USER_00885,No Midnight Spending Challenge,2023-08-01 00:00:00,2023-08-31 23:59:59,Active
CHAL_35134f7c,USER_01721,No Coffee Challenge,2023-08-01 00:00:00,2023-08-31 23:59:59,Active
CHAL_f31c817d,USER_09663,No Coffee Challenge,2023-08-01 00:00:00,2023-08-31 23:59:59,Active
CHAL_3e739331,USER_09663,No Midnight Spending Challenge,2023-08-01 00:00:00,2023-08-31 23:59:59,Active
CHAL_1f164598,USER_00072,No Coffee Challenge,2023-08-01 00:00:00,2023-08-31 23:59:59,Active
CHAL_63921601,USER_08788,No Midnight Spending Challenge,2023-08-01 00:00:00,2023-08-31 23:59:59,Active
CHAL_243d49d0,USER_03773,No Midnight Spending Challenge,2023-08-01 00:00:00,2023-08-31 23:59:59,Active
CHAL_76eca427,USER_03773,No Coffee Challenge,2023-08-01 00:00:00,2023-08-31 23:59:59,Active
CHAL_29204734,USER_05306,No Coffee Challenge,2023-08-01 00:00:00,2023-08-31 23:59:59,Active
CHAL_f83bc576,USER_09109,No Midnight Spending Challenge,2023-08-01 00:00:00,2023-08-31 23:59:59,Active
CHAL_70010aab,USER_08527,No Midnight Spending Challenge,2023-08-01 00:00:00,2023-08-31 23:59:59,Active
CHAL_2210cb7a,USER_08527,No Coffee Challenge,2023-08-01 00:00:00,2023-08-31 23:59:59,Active
CHAL_bae3aa7d,USER_01221,No Coffee Challenge,2023-08-01 00:00:00,2023-08-31 23:59:59,Active
CHAL_785219da,USER_01221,No Midnight Spending Challenge,2023-08-01 00:00:00,2023-08-31 23:59:59,Active
CHAL_176cd636,USER_05801,No Coffee Challenge,2023-08-01 00:00:00,2023-08-31 23:59:59,Active
CHAL_c029a158,USER_05801,No Midnight Spending Challenge,2023-08-01 00:00:00,2023-08-31 23:59:59,Active
CHAL_8b7b5041,USER_03491,No Midnight Spending Challenge,2023-08-01 00:00:00,2023-08-31 23:59:59,Active
CHAL_9d423dbf,USER_08339,No Midnight Spending Challenge,2023-08-01 00:00:00,2023-08-31 23:59:59,Active
CHAL_17f5a0fb,USER_08339,No Coffee Challenge,2023-08-01 00:00:00,2023-08-31 23:59:59,Active
CHAL_ab7551b3,USER_09224,No Midnight Spending Challenge,2023-08-01 00:00:00,2023-08-31 23:59:59,Active
CHAL_3cdecc87,USER_09224,No Coffee Challenge,2023-08-01 00:00:00,2023-08-31 23:59:59,Active
CHAL_6b695f44,USER_04830,No Coffee Challenge,2023-08-01 00:00:00,2023-08-31 23:59:59,Active
CHAL_ede68dea,USER_05617,No Midnight Spending Challenge,2023-08-01 00:00:00,2023-08-31 23:59:59,Active
CHAL_1bef2537,USER_05617,No Coffee Challenge,2023-08-01 00:00:00,2023-08-31 23:59:59,Active
CHAL_d2c3c716,USER_09942,No Midnight Spending Challenge,2023-08-01 00:00:00,2023-08-31 23:59:59,Active
CHAL_01c42b31,USER_09942,No Coffee Challenge,2023-08-01 00:00:00,2023-08-31 23:59:59,Active
CHAL_06fec0b5,USER_00110,No Coffee Challenge,2023-08-01 00:00:00,2023-08-31 23:59:59,Active
CHAL_9e31bb54,USER_00949,No Coffee Challenge,2023-08-01 00:00:00,2023-08-31 23:59:59,Active
CHAL_f0448fe1,USER_04528,No Coffee Challenge,2023-08-01 00:00:00,2023-08-31 23:59:59,Active
CHAL_94dafbd4,USER_04528,No Midnight Spending Challenge,2023-08-01 00:00:00,2023-08-31 23:59:59,Active
CHAL_0cb1c0c6,USER_09198,No Coffee Challenge,2023-08-01 00:00:00,2023-08-31 23:59:59,Active
CHAL_d089cb0e,USER_00186,No Midnight Spending Challenge,2023-08-01 00:00:00,2023-08-31 23:59:59,Active
CHAL_e537b723,USER_00186,No Coffee Challenge,2023-08-01 00:00:00,2023-08-31 23:59:59,Active
CHAL_891805e8,USER_04075,No Coffee Challenge,2023-08-01 00:00:00,2023-08-31 23:59:59,Active
CHAL_4fc0c80f,USER_07609,No Midnight Spending Challenge,2023-08-01 00:00:00,2023-08-31 23:59:59,Active
CHAL_11a53dd7,USER_07609,No Coffee Challenge,2023-08-01 00:00:00,2023-08-31 23:59:59,Active
CHAL_8f0decb5,USER_03786,No Coffee Challenge,2023-08-01 00:00:00,2023-08-31 23:59:59,Active
CHAL_f606ceac,USER_06408,No Coffee Challenge,2023-08-01 00:00:00,2023-08-31 23:59:59,Active
CHAL_feced48a,USER_06408,No Midnight Spending Challenge,2023-08-01 00:00:00,2023-08-31 23:59:59,Active
CHAL_04b503ed,USER_08379,No Midnight Spending Challenge,2023-08-01 00:00:00,2023-08-31 23:59:59,Active
CHAL_7a638c6b,USER_08379,No Coffee Challenge,2023-08-01 00:00:00,2023-08-31 23:59:59,Active
CHAL_8ce9b352,USER_09305,No Coffee Challenge,2023-08-01 00:00:00,2023-08-31 23:59:59,Active
CHAL_cdd4a94f,USER_06122,No Midnight Spending Challenge,2023-08-01 00:00:00,2023-08-31 23:59:59,Active
CHAL_575a6dd1,USER_06122,No Coffee Challenge,2023-08-01 00:00:00,2023-08-31 23:59:59,Active
CHAL_7ea6dc7e,USER_07799,No Coffee Challenge,2023-08-01 00:00:00,2023-08-31 23:59:59,Active
CHAL_b9e0faa8,USER_08938,No Midnight Spending Challenge,2023-08-01 00:00:00,2023-08-31 23:59:59,Active
CHAL_52711766,USER_05364,No Coffee Challenge,2023-08-01 00:00:00,2023-08-31 23:59:59,Active
CHAL_ee7bebc3,USER_02057,No Coffee Challenge,2023-08-01 00:00:00,2023-08-31 23:59:59,Active
CHAL_f888d077,USER_02057,No Midnight Spending Challenge,2023-08-01 00:00:00,2023-08-31 23:59:59,Active
CHAL_2a1bac01,USER_06549,No Coffee Challenge,2023-08-01 00:00:00,2023-08-31 23:59:59,Active
CHAL_0d06507f,USER_06549,No Midnight Spending Challenge,2023-08-01 00:00:00,2023-08-31 23:59:59,Active
CHAL_7157509b,USER_08937,No Midnight Spending Challenge,2023-08-01 00:00:00,2023-08-31 23:59:59,Active
CHAL_9baef941,USER_08937,No Coffee Challenge,2023-08-01 00:00:00,2023-08-31 23:59:59,Active
CHAL_5ea2668a,USER_05388,No Coffee Challenge,2023-08-01 00:00:00,2023-08-31 23:59:59,Active
CHAL_dadb5212,USER_05388,No Midnight Spending Challenge,2023-08-01 00:00:00,2023-08-31 23:59:59,Active
CHAL_0c80b6a8,USER_00559,No Coffee Challenge,2023-08-01 00:00:00,2023-08-31 23:59:59,Active
CHAL_9f52db1e,USER_00559,No Midnight Spending Challenge,2023-08-01 00:00:00,2023-08-31 23:59:59,Active
CHAL_0784f31d,USER_06487,No Midnight Spending Challenge,2023-08-01 00:00:00,2023-08-31 23:59:59,Active
CHAL_b14eac8b,USER_06487,No Coffee Challenge,2023-08-01 00:00:00,2023-08-31 23:59:59,Active
CHAL_a71a4c32,USER_08844,No Midnight Spending Challenge,2023-08-01 00:00:00,2023-08-31 23:59:59,Active
CHAL_a401d822,USER_09229,No Coffee Challenge,2023-08-01 00:00:00,2023-08-31 23:59:59,Active
CHAL_44eedec5,USER_09229,No Midnight Spending Challenge,2023-08-01 00:00:00,2023-08-31 23:59:59,Active
CHAL_e99c9736,USER_01822,No Midnight Spending Challenge,2023-08-01 00:00:00,2023-08-31 23:59:59,Active
CHAL_9d6ad481,USER_01822,No Coffee Challenge,2023-08-01 00:00:00,2023-08-31 23:59:59,Active
CHAL_2153cd1c,USER_00355,No Coffee Challenge,2023-08-01 00:00:00,2023-08-31 23:59:59,Active
CHAL_982fa193,USER_03561,No Coffee Challenge,2023-08-01 00:00:00,2023-08-31 23:59:59,Active
CHAL_21759865,USER_03561,No Midnight Spending Challenge,2023-08-01 00:00:00,2023-08-31 23:59:59,Active
CHAL_25068e5f,USER_00085,No Midnight Spending Challenge,2023-08-01 00:00:00,2023-08-31 23:59:59,Active
CHAL_720c0d54,USER_00085,No Coffee Challenge,2023-08-01 00:00:00,2023-08-31 23:59:59,Active
CHAL_4ff354c0,USER_00614,No Coffee Challenge,2023-08-01 00:00:00,2023-08-31 23:59:59,Active
CHAL_606c33d8,USER_05087,No Coffee Challenge,2023-08-01 00:00:00,2023-08-31 23:59:59,Active
CHAL_385f8deb,USER_05087,No Midnight Spending Challenge,2023-08-01 00:00:00,2023-08-31 23:59:59,Active
CHAL_e2b41a9a,USER_08907,No Midnight Spending Challenge,2023-08-01 00:00:00,2023-08-31 23:59:59,Active
CHAL_d37a0c90,USER_01964,No Midnight Spending Challenge,2023-08-01 00:00:00,2023-08-31 23:59:59,Active
CHAL_14bf7ee2,USER_05697,No Coffee Challenge,2023-08-01 00:00:00,2023-08-31 23:59:59,Active
CHAL_1b504a77,USER_04542,No Midnight Spending Challenge,2023-08-01 00:00:00,2023-08-31 23:59:59,Active
CHAL_426b6f26,USER_04095,No Coffee Challenge,2023-08-01 00:00:00,2023-08-31 23:59:59,Active
CHAL_6198997d,USER_04095,No Midnight Spending Challenge,2023-08-01 00:00:00,2023-08-31 23:59:59,Active
CHAL_8f446ea2,USER_09053,No Midnight Spending Challenge,2023-08-01 00:00:00,2023-08-31 23:59:59,Active
CHAL_7ad8762d,USER_08978,No Midnight Spending Challenge,2023-08-01 00:00:00,2023-08-31 23:59:59,Active
CHAL_c2326af6,USER_08978,No Coffee Challenge,2023-08-01 00:00:00,2023-08-31 23:59:59,Active
CHAL_52baa0f9,USER_03186,No Midnight Spending Challenge,2023-08-01 00:00:00,2023-08-31 23:59:59,Active
CHAL_e9ef83e0,USER_00032,No Midnight Spending Challenge,2023-08-01 00:00:00,2023-08-31 23:59:59,Active
CHAL_595ce302,USER_05444,No Coffee Challenge,2023-08-01 00:00:00,2023-08-31 23:59:59,Active
CHAL_753ca683,USER_05444,No Midnight Spending Challenge,2023-08-01 00:00:00,2023-08-31 23:59:59,Active
CHAL_d62f43b9,USER_03090,No Midnight Spending Challenge,2023-08-01 00:00:00,2023-08-31 23:59:59,Active
CHAL_2ff99cc0,USER_09914,No Midnight Spending Challenge,2023-08-01 00:00:00,2023-08-31 23:59:59,Active
CHAL_96343865,USER_09516,No Midnight Spending Challenge,2023-08-01 00:00:00,2023-08-31 23:59:59,Active
CHAL_7a3ec40c,USER_06590,No Coffee Challenge,2023-08-01 00:00:00,2023-08-31 23:59:59,Active
CHAL_968f672a,USER_06590,No Midnight Spending Challenge,2023-08-01 00:00:00,2023-08-31 23:59:59,Active
CHAL_72f25203,USER_02378,No Midnight Spending Challenge,2023-08-01 00:00:00,2023-08-31 23:59:59,Active
CHAL_33f64d57,USER_02378,No Coffee Challenge,2023-08-01 00:00:00,2023-08-31 23:59:59,Active
CHAL_d2b7966d,USER_09328,No Coffee Challenge,2023-08-01 00:00:00,2023-08-31 23:59:59,Active
CHAL_28e72e52,USER_09328,No Midnight Spending Challenge,2023-08-01 00:00:00,2023-08-31 23:59:59,Active
CHAL_e05baeb0,USER_01882,No Midnight Spending Challenge,2023-08-01 00:00:00,2023-08-31 23:59:59,Active
CHAL_bd93d505,USER_01882,No Coffee Challenge,2023-08-01 00:00:00,2023-08-31 23:59:59,Active
CHAL_dcb5f92a,USER_02635,No Coffee Challenge,2023-08-01 00:00:00,2023-08-31 23:59:59,Active
CHAL_89b1b324,USER_02635,No Midnight Spending Challenge,2023-08-01 00:00:00,2023-08-31 23:59:59,Active
CHAL_74c6ffed,USER_01410,No Coffee Challenge,2023-08-01 00:00:00,2023-08-31 23:59:59,Active
CHAL_c816f249,USER_07635,No Midnight Spending Challenge,2023-08-01 00:00:00,2023-08-31 23:59:59,Active
CHAL_c217677c,USER_09265,No Midnight Spending Challenge,2023-08-01 00:00:00,2023-08-31 23:59:59,Active
CHAL_c0f95174,USER_01200,No Midnight Spending Challenge,2023-08-01 00:00:00,2023-08-31 23:59:59,Active
CHAL_ec66af28,USER_01200,No Coffee Challenge,2023-08-01 00:00:00,2023-08-31 23:59:59,Active
CHAL_9ae0c9f4,USER_02116,No Midnight Spending Challenge,2023-08-01 00:00:00,2023-08-31 23:59:59,Active
CHAL_3d55a5eb,USER_08547,No Coffee Challenge,2023-08-01 00:00:00,2023-08-31 23:59:59,Active
CHAL_58d15577,USER_08547,No Midnight Spending Challenge,2023-08-01 00:00:00,2023-08-31 23:59:59,Active
CHAL_15a973b1,USER_08832,No Midnight Spending Challenge,2023-08-01 00:00:00,2023-08-31 23:59:59,Active
CHAL_6fcbcda7,USER_08832,No Coffee Challenge,2023-08-01 00:00:00,2023-08-31 23:59:59,Active
CHAL_c31948ec,USER_08059,No Midnight Spending Challenge,2023-08-01 00:00:00,2023-08-31 23:59:59,Active
CHAL_1c7f37da,USER_04039,No Coffee Challenge,2023-08-01 00:00:00,2023-08-31 23:59:59,Active
CHAL_a64798a1,USER_09146,No Midnight Spending Challenge,2023-08-01 00:00:00,2023-08-31 23:59:59,Active
CHAL_8a369926,USER_09146,No Coffee Challenge,2023-08-01 00:00:00,2023-08-31 23:59:59,Active
CHAL_007a3e6a,USER_00334,No Coffee Challenge,2023-08-01 00:00:00,2023-08-31 23:59:59,Active
CHAL_db9ba566,USER_00334,No Midnight Spending Challenge,2023-08-01 00:00:00,2023-08-31 23:59:59,Active
CHAL_d8e8d007,USER_03270,No Coffee Challenge,2023-08-01 00:00:00,2023-08-31 23:59:59,Active
CHAL_449bc895,USER_03270,No Midnight Spending Challenge,2023-08-01 00:00:00,2023-08-31 23:59:59,Active
CHAL_980a3126,USER_08351,No Coffee Challenge,2023-08-01 00:00:00,2023-08-31 23:59:59,Active
CHAL_33ca1914,USER_06642,No Coffee Challenge,2023-08-01 00:00:00,2023-08-31 23:59:59,Active
CHAL_32a8115e,USER_06642,No Midnight Spending Challenge,2023-08-01 00:00:00,2023-08-31 23:59:59,Active
CHAL_f0a90943,USER_09869,No Midnight Spending Challenge,2023-08-01 00:00:00,2023-08-31 23:59:59,Active
CHAL_0dc97182,USER_06346,No Coffee Challenge,2023-08-01 00:00:00,2023-08-31 23:59:59,Active
CHAL_a7e8f55f,USER_06346,No Midnight Spending Challenge,2023-08-01 00:00:00,2023-08-31 23:59:59,Active
CHAL_340cae0f,USER_08830,No Midnight Spending Challenge,2023-08-01 00:00:00,2023-08-31 23:59:59,Active
CHAL_59055935,USER_04808,No Midnight Spending Challenge,2023-08-01 00:00:00,2023-08-31 23:59:59,Active
CHAL_d115a563,USER_01690,No Coffee Challenge,2023-08-01 00:00:00,2023-08-31 23:59:59,Active
CHAL_243cb908,USER_01690,No Midnight Spending Challenge,2023-08-01 00:00:00,2023-08-31 23:59:59,Active
CHAL_4306f6ec,USER_03438,No Coffee Challenge,2023-08-01 00:00:00,2023-08-31 23:59:59,Active
CHAL_5af6cd97,USER_07757,No Coffee Challenge,2023-08-01 00:00:00,2023-08-31 23:59:59,Active
CHAL_d215db82,USER_07757,No Midnight Spending Challenge,2023-08-01 00:00:00,2023-08-31 23:59:59,Active
CHAL_84d5e5dd,USER_04563,No Coffee Challenge,2023-08-01 00:00:00,2023-08-31 23:59:59,Active
CHAL_e578e0ab,USER_04563,No Midnight Spending Challenge,2023-08-01 00:00:00,2023-08-31 23:59:59,Active
CHAL_7e05ae9b,USER_00527,No Coffee Challenge,2023-08-01 00:00:00,2023-08-31 23:59:59,Active
CHAL_b6af67ce,USER_06339,No Midnight Spending Challenge,2023-08-01 00:00:00,2023-08-31 23:59:59,Active
CHAL_83f2c87c,USER_06339,No Coffee Challenge,2023-08-01 00:00:00,2023-08-31 23:59:59,Active
CHAL_b6269f7c,USER_01047,No Midnight Spending Challenge,2023-08-01 00:00:00,2023-08-31 23:59:59,Active
CHAL_a3d27f7b,USER_03599,No Coffee Challenge,2023-08-01 00:00:00,2023-08-31 23:59:59,Active
CHAL_6337acd1,USER_03599,No Midnight Spending Challenge,2023-08-01 00:00:00,2023-08-31 23:59:59,Active
CHAL_ae3a1784,USER_02504,No Coffee Challenge,2023-08-01 00:00:00,2023-08-31 23:59:59,Active
CHAL_8f751df2,USER_08274,No Coffee Challenge,2023-08-01 00:00:00,2023-08-31 23:59:59,Active
CHAL_a5ffa7bf,USER_07550,No Midnight Spending Challenge,2023-08-01 00:00:00,2023-08-31 23:59:59,Active
CHAL_ba72b920,USER_07550,No Coffee Challenge,2023-08-01 00:00:00,2023-08-31 23:59:59,Active
CHAL_bbe07058,USER_04465,No Midnight Spending Challenge,2023-08-01 00:00:00,2023-08-31 23:59:59,Active
CHAL_9ff61360,USER_00761,No Midnight Spending Challenge,2023-08-01 00:00:00,2023-08-31 23:59:59,Active
CHAL_8498d8c2,USER_01360,No Coffee Challenge,2023-08-01 00:00:00,2023-08-31 23:59:59,Active
CHAL_d9b7f9a3,USER_01360,No Midnight Spending Challenge,2023-08-01 00:00:00,2023-08-31 23:59:59,Active
CHAL_f1fe9e6f,USER_03594,No Midnight Spending Challenge,2023-08-01 00:00:00,2023-08-31 23:59:59,Active
CHAL_dbebd326,USER_03594,No Coffee Challenge,2023-08-01 00:00:00,2023-08-31 23:59:59,Active
CHAL_e880d2a3,USER_00066,No Midnight Spending Challenge,2023-08-01 00:00:00,2023-08-31 23:59:59,Active
CHAL_d26f5a44,USER_09848,No Midnight Spending Challenge,2023-08-01 00:00:00,2023-08-31 23:59:59,Active
CHAL_3e6c8b20,USER_08955,No Coffee Challenge,2023-08-01 00:00:00,2023-08-31 23:59:59,Active
CHAL_1d9c5987,USER_08955,No Midnight Spending Challenge,2023-08-01 00:00:00,2023-08-31 23:59:59,Active
CHAL_9f434c9b,USER_00425,No Coffee Challenge,2023-08-01 00:00:00,2023-08-31 23:59:59,Active
CHAL_762ebe2d,USER_01041,No Midnight Spending Challenge,2023-08-01 00:00:00,2023-08-31 23:59:59,Active
CHAL_d698ade1,USER_06498,No Coffee Challenge,2023-08-01 00:00:00,2023-08-31 23:59:59,Active
CHAL_39c88736,USER_06498,No Midnight Spending Challenge,2023-08-01 00:00:00,2023-08-31 23:59:59,Active
CHAL_7f838aab,USER_09027,No Coffee Challenge,2023-08-01 00:00:00,2023-08-31 23:59:59,Active
CHAL_4e15373f,USER_00287,No Midnight Spending Challenge,2023-08-01 00:00:00,2023-08-31 23:59:59,Active
CHAL_e0542af9,USER_00019,No Midnight Spending Challenge,2023-08-01 00:00:00,2023-08-31 23:59:59,Active
CHAL_daaa33af,USER_00130,No Midnight Spending Challenge,2023-08-01 00:00:00,2023-08-31 23:59:59,Active
CHAL_2721d4f5,USER_00130,No Coffee Challenge,2023-08-01 00:00:00,2023-08-31 23:59:59,Active
CHAL_b95e6712,USER_06951,No Coffee Challenge,2023-08-01 00:00:00,2023-08-31 23:59:59,Active
CHAL_83e0dcfd,USER_07357,No Coffee Challenge,2023-08-01 00:00:00,2023-08-31 23:59:59,Active
CHAL_c36d492e,USER_08424,No Coffee Challenge,2023-08-01 00:00:00,2023-08-31 23:59:59,Active
CHAL_67f1ba98,USER_07410,No Midnight Spending Challenge,2023-08-01 00:00:00,2023-08-31 23:59:59,Active
CHAL_85780cba,USER_07410,No Coffee Challenge,2023-08-01 00:00:00,2023-08-31 23:59:59,Active
CHAL_1f3e1db5,USER_05589,No Midnight Spending Challenge,2023-08-01 00:00:00,2023-08-31 23:59:59,Active
CHAL_d3a49a52,USER_04198,No Coffee Challenge,2023-08-01 00:00:00,2023-08-31 23:59:59,Active
CHAL_a2d42256,USER_04198,No Midnight Spending Challenge,2023-08-01 00:00:00,2023-08-31 23:59:59,Active
CHAL_618d08ae,USER_02887,No Midnight Spending Challenge,2023-08-01 00:00:00,2023-08-31 23:59:59,Active
CHAL_64838400,USER_09499,No Coffee Challenge,2023-08-01 00:00:00,2023-08-31 23:59:59,Active
CHAL_0fd2d6c0,USER_07676,No Coffee Challenge,2023-08-01 00:00:00,2023-08-31 23:59:59,Active
CHAL_d4f04f00,USER_09298,No Midnight Spending Challenge,2023-08-01 00:00:00,2023-08-31 23:59:59,Active
CHAL_1d9766f8,USER_09298,No Coffee Challenge,2023-08-01 00:00:00,2023-08-31 23:59:59,Active
CHAL_c8ff3430,USER_09339,No Coffee Challenge,2023-08-01 00:00:00,2023-08-31 23:59:59,Active
CHAL_4e90228a,USER_02162,No Coffee Challenge,2023-08-01 00:00:00,2023-08-31 23:59:59,Active
CHAL_6380d0db,USER_02162,No Midnight Spending Challenge,2023-08-01 00:00:00,2023-08-31 23:59:59,Active
CHAL_da7bd386,USER_03723,No Midnight Spending Challenge,2023-08-01 00:00:00,2023-08-31 23:59:59,Active
CHAL_0dfdd66e,USER_09809,No Coffee Challenge,2023-08-01 00:00:00,2023-08-31 23:59:59,Active
CHAL_a57e7bc2,USER_05020,No Midnight Spending Challenge,2023-08-01 00:00:00,2023-08-31 23:59:59,Active
CHAL_ff33c649,USER_05020,No Coffee Challenge,2023-08-01 00:00:00,2023-08-31 23:59:59,Active
CHAL_df09579c,USER_03913,No Midnight Spending Challenge,2023-08-01 00:00:00,2023-08-31 23:59:59,Active
CHAL_04cd3418,USER_03913,No Coffee Challenge,2023-08-01 00:00:00,2023-08-31 23:59:59,Active
CHAL_8f3162cc,USER_04159,No Coffee Challenge,2023-08-01 00:00:00,2023-08-31 23:59:59,Active
CHAL_241d22b4,USER_03960,No Midnight Spending Challenge,2023-08-01 00:00:00,2023-08-31 23:59:59,Active
CHAL_7bab566d,USER_03960,No Coffee Challenge,2023-08-01 00:00:00,2023-08-31 23:59:59,Active
CHAL_6b601c84,USER_02733,No Coffee Challenge,2023-08-01 00:00:00,2023-08-31 23:59:59,Active
CHAL_3f595e4f,USER_07379,No Midnight Spending Challenge,2023-08-01 00:00:00,2023-08-31 23:59:59,Active
CHAL_d2c5089f,USER_07379,No Coffee Challenge,2023-08-01 00:00:00,2023-08-31 23:59:59,Active
CHAL_d7eaab64,USER_08251,No Midnight Spending Challenge,2023-08-01 00:00:00,2023-08-31 23:59:59,Active
CHAL_6fc62f4a,USER_02107,No Midnight Spending Challenge,2023-08-01 00:00:00,2023-08-31 23:59:59,Active
CHAL_e54a84ab,USER_02107,No Coffee Challenge,2023-08-01 00:00:00,2023-08-31 23:59:59,Active
CHAL_04f298e3,USER_04875,No Coffee Challenge,2023-08-01 00:00:00,2023-08-31 23:59:59,Active
CHAL_d5965a32,USER_04875,No Midnight Spending Challenge,2023-08-01 00:00:00,2023-08-31 23:59:59,Active
CHAL_8ab2fce0,USER_07385,No Coffee Challenge,2023-08-01 00:00:00,2023-08-31 23:59:59,Active
CHAL_6b8751a0,USER_02795,No Coffee Challenge,2023-08-01 00:00:00,2023-08-31 23:59:59,Active
CHAL_2875ec1b,USER_02795,No Midnight Spending Challenge,2023-08-01 00:00:00,2023-08-31 23:59:59,Active
CHAL_7947323e,USER_07098,No Midnight Spending Challenge,2023-08-01 00:00:00,2023-08-31 23:59:59,Active
CHAL_597ec422,USER_08577,No Midnight Spending Challenge,2023-08-01 00:00:00,2023-08-31 23:59:59,Active
CHAL_e8b6f575,USER_08577,No Coffee Challenge,2023-08-01 00:00:00,2023-08-31 23:59:59,Active
CHAL_e9bb6c11,USER_08054,No Midnight Spending Challenge,2023-08-01 00:00:00,2023-08-31 23:59:59,Active
CHAL_350fe352,USER_08054,No Coffee Challenge,2023-08-01 00:00:00,2023-08-31 23:59:59,Active
CHAL_287c1654,USER_07314,No Midnight Spending Challenge,2023-08-01 00:00:00,2023-08-31 23:59:59,Active
CHAL_08d9e64d,USER_07314,No Coffee Challenge,2023-08-01 00:00:00,2023-08-31 23:59:59,Active
CHAL_784e3f93,USER_07132,No Coffee Challenge,2023-08-01 00:00:00,2023-08-31 23:59:59,Active
CHAL_729e634f,USER_08910,No Midnight Spending Challenge,2023-08-01 00:00:00,2023-08-31 23:59:59,Active
CHAL_9d9c26db,USER_08910,No Coffee Challenge,2023-08-01 00:00:00,2023-08-31 23:59:59,Active
CHAL_1ef06b4d,USER_07035,No Midnight Spending Challenge,2023-08-01 00:00:00,2023-08-31 23:59:59,Active
CHAL_2f83f827,USER_07035,No Coffee Challenge,2023-08-01 00:00:00,2023-08-31 23:59:59,Active
CHAL_b6d4144a,USER_07007,No Midnight Spending Challenge,2023-08-01 00:00:00,2023-08-31 23:59:59,Active
CHAL_f3bb9bcf,USER_07007,No Coffee Challenge,2023-08-01 00:00:00,2023-08-31 23:59:59,Active
CHAL_4d5f3ba1,USER_05021,No Coffee Challenge,2023-08-01 00:00:00,2023-08-31 23:59:59,Active
CHAL_bcddab26,USER_05021,No Midnight Spending Challenge,2023-08-01 00:00:00,2023-08-31 23:59:59,Active
CHAL_f6ce6a79,USER_01379,No Midnight Spending Challenge,2023-08-01 00:00:00,2023-08-31 23:59:59,Active
CHAL_cbf86fbe,USER_01379,No Coffee Challenge,2023-08-01 00:00:00,2023-08-31 23:59:59,Active
CHAL_41d53218,USER_00833,No Midnight Spending Challenge,2023-08-01 00:00:00,2023-08-31 23:59:59,Active
CHAL_5f1a221a,USER_07327,No Coffee Challenge,2023-08-01 00:00:00,2023-08-31 23:59:59,Active
CHAL_b4197cc5,USER_07327,No Midnight Spending Challenge,2023-08-01 00:00:00,2023-08-31 23:59:59,Active
CHAL_14b18545,USER_04194,No Coffee Challenge,2023-08-01 00:00:00,2023-08-31 23:59:59,Active
CHAL_a6089f12,USER_01288,No Coffee Challenge,2023-08-01 00:00:00,2023-08-31 23:59:59,Active
CHAL_b4892664,USER_01288,No Midnight Spending Challenge,2023-08-01 00:00:00,2023-08-31 23:59:59,Active
CHAL_917bb789,USER_01675,No Coffee Challenge,2023-08-01 00:00:00,2023-08-31 23:59:59,Active
CHAL_db95225e,USER_01675,No Midnight Spending Challenge,2023-08-01 00:00:00,2023-08-31 23:59:59,Active
CHAL_d6d9871c,USER_03418,No Coffee Challenge,2023-08-01 00:00:00,2023-08-31 23:59:59,Active
CHAL_69ddf757,USER_05152,No Coffee Challenge,2023-08-01 00:00:00,2023-08-31 23:59:59,Active
CHAL_d5c8f5fb,USER_06477,No Midnight Spending Challenge,2023-08-01 00:00:00,2023-08-31 23:59:59,Active
CHAL_c243a54d,USER_06057,No Coffee Challenge,2023-08-01 00:00:00,2023-08-31 23:59:59,Active
CHAL_3954ca81,USER_03767,No Midnight Spending Challenge,2023-08-01 00:00:00,2023-08-31 23:59:59,Active
CHAL_e7793891,USER_03767,No Coffee Challenge,2023-08-01 00:00:00,2023-08-31 23:59:59,Active
CHAL_2d60e4d3,USER_00767,No Coffee Challenge,2023-08-01 00:00:00,2023-08-31 23:59:59,Active
CHAL_da9a12dd,USER_02179,No Midnight Spending Challenge,2023-08-01 00:00:00,2023-08-31 23:59:59,Active
CHAL_9ed5c426,USER_02179,No Coffee Challenge,2023-08-01 00:00:00,2023-08-31 23:59:59,Active
CHAL_f7fcd0a5,USER_02670,No Coffee Challenge,2023-08-01 00:00:00,2023-08-31 23:59:59,Active
CHAL_2eba7b53,USER_02670,No Midnight Spending Challenge,2023-08-01 00:00:00,2023-08-31 23:59:59,Active
CHAL_bd351da2,USER_06385,No Coffee Challenge,2023-08-01 00:00:00,2023-08-31 23:59:59,Active
CHAL_3e4892da,USER_06385,No Midnight Spending Challenge,2023-08-01 00:00:00,2023-08-31 23:59:59,Active
CHAL_e07035a6,USER_00421,No Coffee Challenge,2023-08-01 00:00:00,2023-08-31 23:59:59,Active
CHAL_d8eac98f,USER_00421,No Midnight Spending Challenge,2023-08-01 00:00:00,2023-08-31 23:59:59,Active
CHAL_5e8b553b,USER_01926,No Midnight Spending Challenge,2023-08-01 00:00:00,2023-08-31 23:59:59,Active
CHAL_7ac46ebe,USER_08521,No Coffee Challenge,2023-08-01 00:00:00,2023-08-31 23:59:59,Active
CHAL_774d555f,USER_08521,No Midnight Spending Challenge,2023-08-01 00:00:00,2023-08-31 23:59:59,Active
CHAL_70d0e5b6,USER_07538,No Coffee Challenge,2023-08-01 00:00:00,2023-08-31 23:59:59,Active
CHAL_dbe9151d,USER_07538,No Midnight Spending Challenge,2023-08-01 00:00:00,2023-08-31 23:59:59,Active
CHAL_70654de1,USER_04054,No Coffee Challenge,2023-08-01 00:00:00,2023-08-31 23:59:59,Active
CHAL_d0cbfb13,USER_02340,No Midnight Spending Challenge,2023-08-01 00:00:00,2023-08-31 23:59:59,Active
CHAL_27ac69c8,USER_08503,No Midnight Spending Challenge,2023-08-01 00:00:00,2023-08-31 23:59:59,Active
CHAL_4d11bd7d,USER_05582,No Coffee Challenge,2023-08-01 00:00:00,2023-08-31 23:59:59,Active
CHAL_18504e70,USER_05582,No Midnight Spending Challenge,2023-08-01 00:00:00,2023-08-31 23:59:59,Active
CHAL_5ee83200,USER_08144,No Midnight Spending Challenge,2023-08-01 00:00:00,2023-08-31 23:59:59,Active
CHAL_942717dd,USER_05610,No Midnight Spending Challenge,2023-08-01 00:00:00,2023-08-31 23:59:59,Active
CHAL_87323f30,USER_05610,No Coffee Challenge,2023-08-01 00:00:00,2023-08-31 23:59:59,Active
CHAL_8afc5a5f,USER_03946,No Midnight Spending Challenge,2023-08-01 00:00:00,2023-08-31 23:59:59,Active
CHAL_a686434e,USER_07616,No Midnight Spending Challenge,2023-08-01 00:00:00,2023-08-31 23:59:59,Active
CHAL_5c511cb5,USER_07616,No Coffee Challenge,2023-08-01 00:00:00,2023-08-31 23:59:59,Active
CHAL_11708f9b,USER_05737,No Midnight Spending Challenge,2023-08-01 00:00:00,2023-08-31 23:59:59,Active
CHAL_61c537bf,USER_05782,No Midnight Spending Challenge,2023-08-01 00:00:00,2023-08-31 23:59:59,Active
CHAL_f0c121fa,USER_05782,No Coffee Challenge,2023-08-01 00:00:00,2023-08-31 23:59:59,Active
CHAL_cbe9a051,USER_07771,No Midnight Spending Challenge,2023-08-01 00:00:00,2023-08-31 23:59:59,Active
CHAL_12ff0c1b,USER_00330,No Coffee Challenge,2023-08-01 00:00:00,2023-08-31 23:59:59,Active
CHAL_325fe860,USER_03961,No Midnight Spending Challenge,2023-08-01 00:00:00,2023-08-31 23:59:59,Active
CHAL_42c25d06,USER_03961,No Coffee Challenge,2023-08-01 00:00:00,2023-08-31 23:59:59,Active
CHAL_34e780b1,USER_03521,No Coffee Challenge,2023-08-01 00:00:00,2023-08-31 23:59:59,Active
CHAL_a5b9c8c4,USER_07655,No Coffee Challenge,2023-08-01 00:00:00,2023-08-31 23:59:59,Active
CHAL_8c1da0c1,USER_07655,No Midnight Spending Challenge,2023-08-01 00:00:00,2023-08-31 23:59:59,Active
CHAL_070e5ff4,USER_05247,No Midnight Spending Challenge,2023-08-01 00:00:00,2023-08-31 23:59:59,Active
CHAL_551647cc,USER_05247,No Coffee Challenge,2023-08-01 00:00:00,2023-08-31 23:59:59,Active
CHAL_fe12b3b0,USER_03478,No Midnight Spending Challenge,2023-08-01 00:00:00,2023-08-31 23:59:59,Active
CHAL_a576c174,USER_03478,No Coffee Challenge,2023-08-01 00:00:00,2023-08-31 23:59:59,Active
CHAL_263066d2,USER_05956,No Midnight Spending Challenge,2023-08-01 00:00:00,2023-08-31 23:59:59,Active
CHAL_ae71987c,USER_00996,No Midnight Spending Challenge,2023-08-01 00:00:00,2023-08-31 23:59:59,Active
CHAL_2e2d26e7,USER_00996,No Coffee Challenge,2023-08-01 00:00:00,2023-08-31 23:59:59,Active
CHAL_6df99ba6,USER_04316,No Coffee Challenge,2023-08-01 00:00:00,2023-08-31 23:59:59,Active
CHAL_98111c5b,USER_04316,No Midnight Spending Challenge,2023-08-01 00:00:00,2023-08-31 23:59:59,Active
CHAL_25230b4d,USER_09353,No Coffee Challenge,2023-08-01 00:00:00,2023-08-31 23:59:59,Active
CHAL_bedaebac,USER_09353,No Midnight Spending Challenge,2023-08-01 00:00:00,2023-08-31 23:59:59,Active
CHAL_d20d0a93,USER_09352,No Coffee Challenge,2023-08-01 00:00:00,2023-08-31 23:59:59,Active
CHAL_be9093e1,USER_09352,No Midnight Spending Challenge,2023-08-01 00:00:00,2023-08-31 23:59:59,Active
CHAL_483f19e9,USER_07109,No Coffee Challenge,2023-08-01 00:00:00,2023-08-31 23:59:59,Active
CHAL_bebd2deb,USER_07109,No Midnight Spending Challenge,2023-08-01 00:00:00,2023-08-31 23:59:59,Active
CHAL_f297d378,USER_08584,No Midnight Spending Challenge,2023-08-01 00:00:00,2023-08-31 23:59:59,Active
CHAL_9808180f,USER_06064,No Coffee Challenge,2023-08-01 00:00:00,2023-08-31 23:59:59,Active
CHAL_e2ced1b5,USER_07003,No Coffee Challenge,2023-08-01 00:00:00,2023-08-31 23:59:59,Active
CHAL_3281a779,USER_06661,No Midnight Spending Challenge,2023-08-01 00:00:00,2023-08-31 23:59:59,Active
CHAL_c343acc8,USER_06661,No Coffee Challenge,2023-08-01 00:00:00,2023-08-31 23:59:59,Active
CHAL_2341f059,USER_05431,No Midnight Spending Challenge,2023-08-01 00:00:00,2023-08-31 23:59:59,Active
CHAL_725c18b9,USER_05431,No Coffee Challenge,2023-08-01 00:00:00,2023-08-31 23:59:59,Active
CHAL_58e380e8,USER_03671,No Coffee Challenge,2023-08-01 00:00:00,2023-08-31 23:59:59,Active
CHAL_82cec10f,USER_03671,No Midnight Spending Challenge,2023-08-01 00:00:00,2023-08-31 23:59:59,Active
CHAL_20625300,USER_02114,No Coffee Challenge,2023-08-01 00:00:00,2023-08-31 23:59:59,Active
CHAL_50492963,USER_02114,No Midnight Spending Challenge,2023-08-01 00:00:00,2023-08-31 23:59:59,Active
CHAL_6a772725,USER_09232,No Coffee Challenge,2023-08-01 00:00:00,2023-08-31 23:59:59,Active
CHAL_f6337e62,USER_09232,No Midnight Spending Challenge,2023-08-01 00:00:00,2023-08-31 23:59:59,Active
CHAL_6d2fda99,USER_09051,No Midnight Spending Challenge,2023-08-01 00:00:00,2023-08-31 23:59:59,Active
CHAL_e3a1c6e5,USER_03416,No Midnight Spending Challenge,2023-08-01 00:00:00,2023-08-31 23:59:59,Active
CHAL_827f7a1d,USER_09548,No Midnight Spending Challenge,2023-08-01 00:00:00,2023-08-31 23:59:59,Active
CHAL_61c738da,USER_07976,No Midnight Spending Challenge,2023-08-01 00:00:00,2023-08-31 23:59:59,Active
CHAL_19b63318,USER_07976,No Coffee Challenge,2023-08-01 00:00:00,2023-08-31 23:59:59,Active
CHAL_acf019d8,USER_05390,No Midnight Spending Challenge,2023-08-01 00:00:00,2023-08-31 23:59:59,Active
CHAL_0fb06b72,USER_05390,No Coffee Challenge,2023-08-01 00:00:00,2023-08-31 23:59:59,Active
CHAL_3994eb61,USER_07154,No Coffee Challenge,2023-08-01 00:00:00,2023-08-31 23:59:59,Active
CHAL_4a602b48,USER_00950,No Coffee Challenge,2023-08-01 00:00:00,2023-08-31 23:59:59,Active
CHAL_1fdfde9a,USER_00950,No Midnight Spending Challenge,2023-08-01 00:00:00,2023-08-31 23:59:59,Active
CHAL_f1edc835,USER_06604,No Midnight Spending Challenge,2023-08-01 00:00:00,2023-08-31 23:59:59,Active
CHAL_e818f5be,USER_06648,No Midnight Spending Challenge,2023-08-01 00:00:00,2023-08-31 23:59:59,Active
CHAL_99ff9ffd,USER_06648,No Coffee Challenge,2023-08-01 00:00:00,2023-08-31 23:59:59,Active
CHAL_0177d343,USER_08707,No Coffee Challenge,2023-08-01 00:00:00,2023-08-31 23:59:59,Active
CHAL_a216bbb2,USER_06654,No Coffee Challenge,2023-08-01 00:00:00,2023-08-31 23:59:59,Active
CHAL_fe345156,USER_06654,No Midnight Spending Challenge,2023-08-01 00:00:00,2023-08-31 23:59:59,Active
CHAL_2d4bafb2,USER_07308,No Coffee Challenge,2023-08-01 00:00:00,2023-08-31 23:59:59,Active
CHAL_384337f4,USER_07308,No Midnight Spending Challenge,2023-08-01 00:00:00,2023-08-31 23:59:59,Active
CHAL_5fafbf29,USER_08633,No Coffee Challenge,2023-08-01 00:00:00,2023-08-31 23:59:59,Active
CHAL_94ea561a,USER_03743,No Midnight Spending Challenge,2023-08-01 00:00:00,2023-08-31 23:59:59,Active
CHAL_34ff4faa,USER_03743,No Coffee Challenge,2023-08-01 00:00:00,2023-08-31 23:59:59,Active
CHAL_fffdd58a,USER_03166,No Midnight Spending Challenge,2023-08-01 00:00:00,2023-08-31 23:59:59,Active
CHAL_6f479580,USER_06835,No Midnight Spending Challenge,2023-08-01 00:00:00,2023-08-31 23:59:59,Active
CHAL_3c54b4b4,USER_06835,No Coffee Challenge,2023-08-01 00:00:00,2023-08-31 23:59:59,Active
CHAL_d3ae13ea,USER_00863,No Coffee Challenge,2023-08-01 00:00:00,2023-08-31 23:59:59,Active
CHAL_f655d63f,USER_07417,No Midnight Spending Challenge,2023-08-01 00:00:00,2023-08-31 23:59:59,Active
CHAL_562a8664,USER_05657,No Midnight Spending Challenge,2023-08-01 00:00:00,2023-08-31 23:59:59,Active
CHAL_69756c28,USER_04173,No Coffee Challenge,2023-08-01 00:00:00,2023-08-31 23:59:59,Active
CHAL_f2e67421,USER_01209,No Coffee Challenge,2023-08-01 00:00:00,2023-08-31 23:59:59,Active
CHAL_86802201,USER_01209,No Midnight Spending Challenge,2023-08-01 00:00:00,2023-08-31 23:59:59,Active
CHAL_bcaaa8a5,USER_09496,No Coffee Challenge,2023-08-01 00:00:00,2023-08-31 23:59:59,Active
CHAL_7ddd37c0,USER_07014,No Coffee Challenge,2023-08-01 00:00:00,2023-08-31 23:59:59,Active
CHAL_01ffd954,USER_01694,No Coffee Challenge,2023-08-01 00:00:00,2023-08-31 23:59:59,Active
CHAL_bcb8341f,USER_00499,No Coffee Challenge,2023-08-01 00:00:00,2023-08-31 23:59:59,Active
CHAL_62de6bf7,USER_00499,No Midnight Spending Challenge,2023-08-01 00:00:00,2023-08-31 23:59:59,Active
CHAL_6ee6681d,USER_07585,No Midnight Spending Challenge,2023-08-01 00:00:00,2023-08-31 23:59:59,Active
CHAL_02e5fcf6,USER_01639,No Midnight Spending Challenge,2023-08-01 00:00:00,2023-08-31 23:59:59,Active
CHAL_28b90cd0,USER_01947,No Coffee Challenge,2023-08-01 00:00:00,2023-08-31 23:59:59,Active
CHAL_0af1a39f,USER_01947,No Midnight Spending Challenge,2023-08-01 00:00:00,2023-08-31 23:59:59,Active
CHAL_c20041f2,USER_03396,No Coffee Challenge,2023-08-01 00:00:00,2023-08-31 23:59:59,Active
CHAL_348326f6,USER_03396,No Midnight Spending Challenge,2023-08-01 00:00:00,2023-08-31 23:59:59,Active
CHAL_1c5c4e9f,USER_06625,No Midnight Spending Challenge,2023-08-01 00:00:00,2023-08-31 23:59:59,Active
CHAL_22610a1c,USER_06625,No Coffee Challenge,2023-08-01 00:00:00,2023-08-31 23:59:59,Active
CHAL_0d4966a2,USER_01152,No Coffee Challenge,2023-08-01 00:00:00,2023-08-31 23:59:59,Active
CHAL_cc8c7ae5,USER_01152,No Midnight Spending Challenge,2023-08-01 00:00:00,2023-08-31 23:59:59,Active
CHAL_e98621e6,USER_06406,No Coffee Challenge,2023-08-01 00:00:00,2023-08-31 23:59:59,Active
CHAL_a60d30ba,USER_05840,No Coffee Challenge,2023-08-01 00:00:00,2023-08-31 23:59:59,Active
CHAL_c7b73617,USER_02186,No Midnight Spending Challenge,2023-08-01 00:00:00,2023-08-31 23:59:59,Active
CHAL_da1542d7,USER_00639,No Midnight Spending Challenge,2023-08-01 00:00:00,2023-08-31 23:59:59,Active
CHAL_6c259413,USER_00639,No Coffee Challenge,2023-08-01 00:00:00,2023-08-31 23:59:59,Active
CHAL_98921b08,USER_08837,No Midnight Spending Challenge,2023-08-01 00:00:00,2023-08-31 23:59:59,Active
CHAL_1cd33106,USER_08837,No Coffee Challenge,2023-08-01 00:00:00,2023-08-31 23:59:59,Active
CHAL_666c54b0,USER_06418,No Coffee Challenge,2023-08-01 00:00:00,2023-08-31 23:59:59,Active
CHAL_d892aecc,USER_06418,No Midnight Spending Challenge,2023-08-01 00:00:00,2023-08-31 23:59:59,Active
CHAL_8fd73891,USER_01738,No Coffee Challenge,2023-08-01 00:00:00,2023-08-31 23:59:59,Active
CHAL_69f7d780,USER_09884,No Midnight Spending Challenge,2023-08-01 00:00:00,2023-08-31 23:59:59,Active
CHAL_c50b62fe,USER_05250,No Midnight Spending Challenge,2023-08-01 00:00:00,2023-08-31 23:59:59,Active
CHAL_f24b4d25,USER_06678,No Coffee Challenge,2023-08-01 00:00:00,2023-08-31 23:59:59,Active
CHAL_de40e3bd,USER_07437,No Midnight Spending Challenge,2023-08-01 00:00:00,2023-08-31 23:59:59,Active
CHAL_ee4e59d2,USER_00591,No Midnight Spending Challenge,2023-08-01 00:00:00,2023-08-31 23:59:59,Active
CHAL_4fa6daa7,USER_00591,No Coffee Challenge,2023-08-01 00:00:00,2023-08-31 23:59:59,Active
CHAL_8d0169fd,USER_06714,No Coffee Challenge,2023-08-01 00:00:00,2023-08-31 23:59:59,Active
CHAL_fef99a4a,USER_06714,No Midnight Spending Challenge,2023-08-01 00:00:00,2023-08-31 23:59:59,Active
CHAL_399dedb2,USER_08886,No Coffee Challenge,2023-08-01 00:00:00,2023-08-31 23:59:59,Active
CHAL_919b8b00,USER_08886,No Midnight Spending Challenge,2023-08-01 00:00:00,2023-08-31 23:59:59,Active
CHAL_9bece82e,USER_08328,No Midnight Spending Challenge,2023-08-01 00:00:00,2023-08-31 23:59:59,Active
CHAL_d8c95167,USER_03082,No Midnight Spending Challenge,2023-08-01 00:00:00,2023-08-31 23:59:59,Active
CHAL_f820b429,USER_03082,No Coffee Challenge,2023-08-01 00:00:00,2023-08-31 23:59:59,Active
CHAL_0e401854,USER_05915,No Midnight Spending Challenge,2023-08-01 00:00:00,2023-08-31 23:59:59,Active
CHAL_691c5477,USER_05104,No Midnight Spending Challenge,2023-08-01 00:00:00,2023-08-31 23:59:59,Active
CHAL_269e3673,USER_05104,No Coffee Challenge,2023-08-01 00:00:00,2023-08-31 23:59:59,Active
CHAL_cbdc2777,USER_01524,No Coffee Challenge,2023-08-01 00:00:00,2023-08-31 23:59:59,Active
CHAL_42e4c6c7,USER_03272,No Midnight Spending Challenge,2023-08-01 00:00:00,2023-08-31 23:59:59,Active
CHAL_1c94db65,USER_03272,No Coffee Challenge,2023-08-01 00:00:00,2023-08-31 23:59:59,Active
CHAL_acd08a85,USER_05899,No Coffee Challenge,2023-08-01 00:00:00,2023-08-31 23:59:59,Active
CHAL_1f07fa9d,USER_02954,No Midnight Spending Challenge,2023-08-01 00:00:00,2023-08-31 23:59:59,Active
CHAL_ceba6d88,USER_02954,No Coffee Challenge,2023-08-01 00:00:00,2023-08-31 23:59:59,Active
CHAL_20bd57ba,USER_07260,No Coffee Challenge,2023-08-01 00:00:00,2023-08-31 23:59:59,Active
CHAL_6cea6c32,USER_07260,No Midnight Spending Challenge,2023-08-01 00:00:00,2023-08-31 23:59:59,Active
CHAL_888d1839,USER_09813,No Coffee Challenge,2023-08-01 00:00:00,2023-08-31 23:59:59,Active
CHAL_4c9da5b6,USER_01124,No Midnight Spending Challenge,2023-08-01 00:00:00,2023-08-31 23:59:59,Active
CHAL_6f4eb101,USER_01124,No Coffee Challenge,2023-08-01 00:00:00,2023-08-31 23:59:59,Active
CHAL_acab64aa,USER_01188,No Coffee Challenge,2023-08-01 00:00:00,2023-08-31 23:59:59,Active
CHAL_42f2d728,USER_01188,No Midnight Spending Challenge,2023-08-01 00:00:00,2023-08-31 23:59:59,Active
CHAL_513c9cd0,USER_07088,No Midnight Spending Challenge,2023-08-01 00:00:00,2023-08-31 23:59:59,Active
CHAL_b1e9f9eb,USER_07088,No Coffee Challenge,2023-08-01 00:00:00,2023-08-31 23:59:59,Active
CHAL_e07dd7a7,USER_06616,No Midnight Spending Challenge,2023-08-01 00:00:00,2023-08-31 23:59:59,Active
CHAL_278e48bc,USER_00910,No Midnight Spending Challenge,2023-08-01 00:00:00,2023-08-31 23:59:59,Active
CHAL_d2771ebf,USER_00910,No Coffee Challenge,2023-08-01 00:00:00,2023-08-31 23:59:59,Active
CHAL_58d667ae,USER_02920,No Midnight Spending Challenge,2023-08-01 00:00:00,2023-08-31 23:59:59,Active
CHAL_7a0e8cc3,USER_01358,No Coffee Challenge,2023-08-01 00:00:00,2023-08-31 23:59:59,Active
CHAL_299fb551,USER_09824,No Coffee Challenge,2023-08-01 00:00:00,2023-08-31 23:59:59,Active
CHAL_816da684,USER_08900,No Coffee Challenge,2023-08-01 00:00:00,2023-08-31 23:59:59,Active
CHAL_5ec75d94,USER_00948,No Midnight Spending Challenge,2023-08-01 00:00:00,2023-08-31 23:59:59,Active
CHAL_d0618e59,USER_00948,No Coffee Challenge,2023-08-01 00:00:00,2023-08-31 23:59:59,Active
CHAL_a5869a8c,USER_06627,No Midnight Spending Challenge,2023-08-01 00:00:00,2023-08-31 23:59:59,Active
CHAL_030ac2be,USER_06627,No Coffee Challenge,2023-08-01 00:00:00,2023-08-31 23:59:59,Active
CHAL_ddceee29,USER_04427,No Coffee Challenge,2023-08-01 00:00:00,2023-08-31 23:59:59,Active
CHAL_4762c6db,USER_02952,No Coffee Challenge,2023-08-01 00:00:00,2023-08-31 23:59:59,Active
CHAL_37aab832,USER_02952,No Midnight Spending Challenge,2023-08-01 00:00:00,2023-08-31 23:59:59,Active
CHAL_15e0ee73,USER_01750,No Midnight Spending Challenge,2023-08-01 00:00:00,2023-08-31 23:59:59,Active
CHAL_bc11fe13,USER_01750,No Coffee Challenge,2023-08-01 00:00:00,2023-08-31 23:59:59,Active
CHAL_00ddb2ad,USER_03846,No Coffee Challenge,2023-08-01 00:00:00,2023-08-31 23:59:59,Active
CHAL_bd8779b0,USER_09685,No Coffee Challenge,2023-08-01 00:00:00,2023-08-31 23:59:59,Active
CHAL_94e7b0ad,USER_09685,No Midnight Spending Challenge,2023-08-01 00:00:00,2023-08-31 23:59:59,Active
CHAL_81165441,USER_04769,No Coffee Challenge,2023-08-01 00:00:00,2023-08-31 23:59:59,Active
CHAL_a52d3669,USER_04769,No Midnight Spending Challenge,2023-08-01 00:00:00,2023-08-31 23:59:59,Active
CHAL_678e7681,USER_00496,No Midnight Spending Challenge,2023-08-01 00:00:00,2023-08-31 23:59:59,Active
CHAL_e0732332,USER_06035,No Coffee Challenge,2023-08-01 00:00:00,2023-08-31 23:59:59,Active
CHAL_fb695733,USER_05886,No Midnight Spending Challenge,2023-08-01 00:00:00,2023-08-31 23:59:59,Active
CHAL_82adc09f,USER_04327,No Coffee Challenge,2023-08-01 00:00:00,2023-08-31 23:59:59,Active
CHAL_ac6f862b,USER_04327,No Midnight Spending Challenge,2023-08-01 00:00:00,2023-08-31 23:59:59,Active
CHAL_00dbc64c,USER_05400,No Midnight Spending Challenge,2023-08-01 00:00:00,2023-08-31 23:59:59,Active
CHAL_6525632d,USER_05400,No Coffee Challenge,2023-08-01 00:00:00,2023-08-31 23:59:59,Active
CHAL_b6435a2c,USER_06717,No Midnight Spending Challenge,2023-08-01 00:00:00,2023-08-31 23:59:59,Active
CHAL_59c6d5ff,USER_06717,No Coffee Challenge,2023-08-01 00:00:00,2023-08-31 23:59:59,Active
CHAL_1abceae0,USER_05296,No Midnight Spending Challenge,2023-08-01 00:00:00,2023-08-31 23:59:59,Active
CHAL_12527c8d,USER_08568,No Coffee Challenge,2023-08-01 00:00:00,2023-08-31 23:59:59,Active
CHAL_631fd849,USER_08568,No Midnight Spending Challenge,2023-08-01 00:00:00,2023-08-31 23:59:59,Active
CHAL_5e2bbb55,USER_04654,No Midnight Spending Challenge,2023-08-01 00:00:00,2023-08-31 23:59:59,Active
CHAL_3aefcb35,USER_07189,No Midnight Spending Challenge,2023-08-01 00:00:00,2023-08-31 23:59:59,Active
CHAL_d63723dd,USER_07189,No Coffee Challenge,2023-08-01 00:00:00,2023-08-31 23:59:59,Active
CHAL_f1311b36,USER_07671,No Coffee Challenge,2023-08-01 00:00:00,2023-08-31 23:59:59,Active
CHAL_3d3731e7,USER_07671,No Midnight Spending Challenge,2023-08-01 00:00:00,2023-08-31 23:59:59,Active
CHAL_1c2f2fc0,USER_04988,No Coffee Challenge,2023-08-01 00:00:00,2023-08-31 23:59:59,Active
CHAL_ac5569fb,USER_04988,No Midnight Spending Challenge,2023-08-01 00:00:00,2023-08-31 23:59:59,Active
CHAL_be9a3174,USER_09410,No Coffee Challenge,2023-08-01 00:00:00,2023-08-31 23:59:59,Active
CHAL_bf883a1a,USER_08601,No Coffee Challenge,2023-08-01 00:00:00,2023-08-31 23:59:59,Active
CHAL_3aad59f2,USER_05038,No Coffee Challenge,2023-08-01 00:00:00,2023-08-31 23:59:59,Active
CHAL_2ebe13cd,USER_08674,No Coffee Challenge,2023-08-01 00:00:00,2023-08-31 23:59:59,Active
CHAL_9b14f4b5,USER_09327,No Coffee Challenge,2023-08-01 00:00:00,2023-08-31 23:59:59,Active
CHAL_b20848f8,USER_09327,No Midnight Spending Challenge,2023-08-01 00:00:00,2023-08-31 23:59:59,Active
CHAL_1ffa813c,USER_03990,No Midnight Spending Challenge,2023-08-01 00:00:00,2023-08-31 23:59:59,Active
CHAL_7164fc5a,USER_03990,No Coffee Challenge,2023-08-01 00:00:00,2023-08-31 23:59:59,Active
CHAL_cc062e5d,USER_00113,No Midnight Spending Challenge,2023-08-01 00:00:00,2023-08-31 23:59:59,Active
CHAL_43195d40,USER_03673,No Coffee Challenge,2023-08-01 00:00:00,2023-08-31 23:59:59,Active
CHAL_b1fcf4e8,USER_08586,No Coffee Challenge,2023-08-01 00:00:00,2023-08-31 23:59:59,Active
CHAL_23f76a79,USER_08586,No Midnight Spending Challenge,2023-08-01 00:00:00,2023-08-31 23:59:59,Active
CHAL_728aac6d,USER_00207,No Midnight Spending Challenge,2023-08-01 00:00:00,2023-08-31 23:59:59,Active
CHAL_9c2d9f90,USER_02803,No Coffee Challenge,2023-08-01 00:00:00,2023-08-31 23:59:59,Active
CHAL_20b75087,USER_01825,No Midnight Spending Challenge,2023-08-01 00:00:00,2023-08-31 23:59:59,Active
CHAL_b9c52ac3,USER_05998,No Coffee Challenge,2023-08-01 00:00:00,2023-08-31 23:59:59,Active
CHAL_c5abea54,USER_09175,No Coffee Challenge,2023-08-01 00:00:00,2023-08-31 23:59:59,Active
CHAL_b2de9882,USER_01523,No Midnight Spending Challenge,2023-08-01 00:00:00,2023-08-31 23:59:59,Active
CHAL_de9f8c6a,USER_01523,No Coffee Challenge,2023-08-01 00:00:00,2023-08-31 23:59:59,Active
CHAL_86afff1e,USER_02034,No Coffee Challenge,2023-08-01 00:00:00,2023-08-31 23:59:59,Active
CHAL_94d3f4dd,USER_02034,No Midnight Spending Challenge,2023-08-01 00:00:00,2023-08-31 23:59:59,Active
CHAL_0db4d45c,USER_00376,No Coffee Challenge,2023-08-01 00:00:00,2023-08-31 23:59:59,Active
CHAL_49e0711b,USER_00376,No Midnight Spending Challenge,2023-08-01 00:00:00,2023-08-31 23:59:59,Active
CHAL_be50731a,USER_05651,No Midnight Spending Challenge,2023-08-01 00:00:00,2023-08-31 23:59:59,Active
CHAL_c87447f3,USER_01145,No Midnight Spending Challenge,2023-08-01 00:00:00,2023-08-31 23:59:59,Active
CHAL_38d5862a,USER_01145,No Coffee Challenge,2023-08-01 00:00:00,2023-08-31 23:59:59,Active
CHAL_cc389eb1,USER_04090,No Midnight Spending Challenge,2023-08-01 00:00:00,2023-08-31 23:59:59,Active
CHAL_f03ed042,USER_03592,No Coffee Challenge,2023-08-01 00:00:00,2023-08-31 23:59:59,Active
CHAL_c87550e8,USER_00002,No Coffee Challenge,2023-08-01 00:00:00,2023-08-31 23:59:59,Active
CHAL_1ebf180f,USER_00002,No Midnight Spending Challenge,2023-08-01 00:00:00,2023-08-31 23:59:59,Active
CHAL_e8b124be,USER_07170,No Coffee Challenge,2023-08-01 00:00:00,2023-08-31 23:59:59,Active
CHAL_b2d86475,USER_02556,No Coffee Challenge,2023-08-01 00:00:00,2023-08-31 23:59:59,Active
CHAL_2fe79e62,USER_01630,No Coffee Challenge,2023-08-01 00:00:00,2023-08-31 23:59:59,Active
CHAL_4335ba9e,USER_01527,No Coffee Challenge,2023-08-01 00:00:00,2023-08-31 23:59:59,Active
CHAL_e0f4d047,USER_07143,No Coffee Challenge,2023-08-01 00:00:00,2023-08-31 23:59:59,Active
CHAL_1bbad9ce,USER_07143,No Midnight Spending Challenge,2023-08-01 00:00:00,2023-08-31 23:59:59,Active
CHAL_401a79d4,USER_06099,No Midnight Spending Challenge,2023-08-01 00:00:00,2023-08-31 23:59:59,Active
CHAL_e7d2177f,USER_06099,No Coffee Challenge,2023-08-01 00:00:00,2023-08-31 23:59:59,Active
CHAL_8ba86a38,USER_07833,No Coffee Challenge,2023-08-01 00:00:00,2023-08-31 23:59:59,Active
CHAL_250bfec5,USER_07833,No Midnight Spending Challenge,2023-08-01 00:00:00,2023-08-31 23:59:59,Active
CHAL_25dfa6a5,USER_06296,No Midnight Spending Challenge,2023-08-01 00:00:00,2023-08-31 23:59:59,Active
CHAL_305e8b5b,USER_03458,No Midnight Spending Challenge,2023-08-01 00:00:00,2023-08-31 23:59:59,Active
CHAL_7fb28804,USER_03458,No Coffee Challenge,2023-08-01 00:00:00,2023-08-31 23:59:59,Active
CHAL_37a3e82d,USER_05231,No Midnight Spending Challenge,2023-08-01 00:00:00,2023-08-31 23:59:59,Active
CHAL_f8757cce,USER_05231,No Coffee Challenge,2023-08-01 00:00:00,2023-08-31 23:59:59,Active
CHAL_949ec2dc,USER_06258,No Coffee Challenge,2023-08-01 00:00:00,2023-08-31 23:59:59,Active
CHAL_b158ec9b,USER_08458,No Coffee Challenge,2023-08-01 00:00:00,2023-08-31 23:59:59,Active
CHAL_375d662d,USER_04634,No Midnight Spending Challenge,2023-08-01 00:00:00,2023-08-31 23:59:59,Active
CHAL_a589d52c,USER_04634,No Coffee Challenge,2023-08-01 00:00:00,2023-08-31 23:59:59,Active
CHAL_67b0e2f8,USER_06768,No Midnight Spending Challenge,2023-08-01 00:00:00,2023-08-31 23:59:59,Active
CHAL_d02ba74d,USER_06768,No Coffee Challenge,2023-08-01 00:00:00,2023-08-31 23:59:59,Active
CHAL_b007a37f,USER_01422,No Coffee Challenge,2023-08-01 00:00:00,2023-08-31 23:59:59,Active
CHAL_bcc40f4b,USER_01422,No Midnight Spending Challenge,2023-08-01 00:00:00,2023-08-31 23:59:59,Active
CHAL_9110161b,USER_01535,No Coffee Challenge,2023-08-01 00:00:00,2023-08-31 23:59:59,Active
CHAL_9de6564f,USER_01535,No Midnight Spending Challenge,2023-08-01 00:00:00,2023-08-31 23:59:59,Active
CHAL_1d7edff1,USER_09401,No Coffee Challenge,2023-08-01 00:00:00,2023-08-31 23:59:59,Active
CHAL_ac64e7c9,USER_09401,No Midnight Spending Challenge,2023-08-01 00:00:00,2023-08-31 23:59:59,Active
CHAL_438afaa3,USER_05012,No Coffee Challenge,2023-08-01 00:00:00,2023-08-31 23:59:59,Active
CHAL_1d48a456,USER_03764,No Midnight Spending Challenge,2023-08-01 00:00:00,2023-08-31 23:59:59,Active
CHAL_aeed0697,USER_03764,No Coffee Challenge,2023-08-01 00:00:00,2023-08-31 23:59:59,Active
CHAL_d1c3a92b,USER_07082,No Midnight Spending Challenge,2023-08-01 00:00:00,2023-08-31 23:59:59,Active
CHAL_d2cb5727,USER_07082,No Coffee Challenge,2023-08-01 00:00:00,2023-08-31 23:59:59,Active
CHAL_88d1ec6f,USER_01219,No Coffee Challenge,2023-08-01 00:00:00,2023-08-31 23:59:59,Active
CHAL_e281c61f,USER_01219,No Midnight Spending Challenge,2023-08-01 00:00:00,2023-08-31 23:59:59,Active
CHAL_3c4b4d72,USER_07895,No Coffee Challenge,2023-08-01 00:00:00,2023-08-31 23:59:59,Active
CHAL_02cec8aa,USER_07895,No Midnight Spending Challenge,2023-08-01 00:00:00,2023-08-31 23:59:59,Active
CHAL_56c777be,USER_06358,No Coffee Challenge,2023-08-01 00:00:00,2023-08-31 23:59:59,Active
CHAL_57a260d2,USER_06358,No Midnight Spending Challenge,2023-08-01 00:00:00,2023-08-31 23:59:59,Active
CHAL_3bc0209c,USER_01151,No Coffee Challenge,2023-08-01 00:00:00,2023-08-31 23:59:59,Active
CHAL_fa5a7f46,USER_01151,No Midnight Spending Challenge,2023-08-01 00:00:00,2023-08-31 23:59:59,Active
CHAL_4eeb4c73,USER_00813,No Coffee Challenge,2023-08-01 00:00:00,2023-08-31 23:59:59,Active
CHAL_6693e055,USER_06095,No Midnight Spending Challenge,2023-08-01 00:00:00,2023-08-31 23:59:59,Active
CHAL_0bade81b,USER_06095,No Coffee Challenge,2023-08-01 00:00:00,2023-08-31 23:59:59,Active
CHAL_dbe55b65,USER_01230,No Coffee Challenge,2023-08-01 00:00:00,2023-08-31 23:59:59,Active
CHAL_3b2bcb8b,USER_01230,No Midnight Spending Challenge,2023-08-01 00:00:00,2023-08-31 23:59:59,Active
CHAL_87b7d851,USER_09231,No Coffee Challenge,2023-08-01 00:00:00,2023-08-31 23:59:59,Active
CHAL_29730afa,USER_09231,No Midnight Spending Challenge,2023-08-01 00:00:00,2023-08-31 23:59:59,Active
CHAL_0c10234c,USER_00685,No Coffee Challenge,2023-08-01 00:00:00,2023-08-31 23:59:59,Active
CHAL_1390ca68,USER_00685,No Midnight Spending Challenge,2023-08-01 00:00:00,2023-08-31 23:59:59,Active
CHAL_9c68c1e2,USER_04404,No Coffee Challenge,2023-08-01 00:00:00,2023-08-31 23:59:59,Active
CHAL_ea40f33f,USER_06098,No Coffee Challenge,2023-08-01 00:00:00,2023-08-31 23:59:59,Active
CHAL_f17e992c,USER_06098,No Midnight Spending Challenge,2023-08-01 00:00:00,2023-08-31 23:59:59,Active
CHAL_0db63cdc,USER_03546,No Coffee Challenge,2023-08-01 00:00:00,2023-08-31 23:59:59,Active
CHAL_77cf1d26,USER_03546,No Midnight Spending Challenge,2023-08-01 00:00:00,2023-08-31 23:59:59,Active
CHAL_268b24c4,USER_00354,No Coffee Challenge,2023-08-01 00:00:00,2023-08-31 23:59:59,Active
CHAL_d2e4738b,USER_06624,No Midnight Spending Challenge,2023-08-01 00:00:00,2023-08-31 23:59:59,Active
CHAL_7a45b4e6,USER_06624,No Coffee Challenge,2023-08-01 00:00:00,2023-08-31 23:59:59,Active
CHAL_c18ed4db,USER_08126,No Midnight Spending Challenge,2023-08-01 00:00:00,2023-08-31 23:59:59,Active
CHAL_c8c32311,USER_08074,No Midnight Spending Challenge,2023-08-01 00:00:00,2023-08-31 23:59:59,Active
CHAL_a0a05921,USER_08533,No Coffee Challenge,2023-08-01 00:00:00,2023-08-31 23:59:59,Active
CHAL_180ee6aa,USER_03206,No Midnight Spending Challenge,2023-08-01 00:00:00,2023-08-31 23:59:59,Active
CHAL_85f020de,USER_03206,No Coffee Challenge,2023-08-01 00:00:00,2023-08-31 23:59:59,Active
CHAL_12aa2a95,USER_05032,No Midnight Spending Challenge,2023-08-01 00:00:00,2023-08-31 23:59:59,Active
CHAL_f0b6e630,USER_05032,No Coffee Challenge,2023-08-01 00:00:00,2023-08-31 23:59:59,Active
CHAL_c7f93e4d,USER_09384,No Midnight Spending Challenge,2023-08-01 00:00:00,2023-08-31 23:59:59,Active
CHAL_76a632cf,USER_00132,No Coffee Challenge,2023-08-01 00:00:00,2023-08-31 23:59:59,Active
CHAL_86819279,USER_00132,No Midnight Spending Challenge,2023-08-01 00:00:00,2023-08-31 23:59:59,Active
CHAL_b775d945,USER_00340,No Midnight Spending Challenge,2023-08-01 00:00:00,2023-08-31 23:59:59,Active
CHAL_ea5ab381,USER_02257,No Coffee Challenge,2023-08-01 00:00:00,2023-08-31 23:59:59,Active
CHAL_7d8292dd,USER_03572,No Midnight Spending Challenge,2023-08-01 00:00:00,2023-08-31 23:59:59,Active
CHAL_4383b0af,USER_03572,No Coffee Challenge,2023-08-01 00:00:00,2023-08-31 23:59:59,Active
CHAL_7b386326,USER_08728,No Coffee Challenge,2023-08-01 00:00:00,2023-08-31 23:59:59,Active
CHAL_0b8f4acc,USER_09721,No Coffee Challenge,2023-08-01 00:00:00,2023-08-31 23:59:59,Active
CHAL_8bfe2e2d,USER_00245,No Midnight Spending Challenge,2023-08-01 00:00:00,2023-08-31 23:59:59,Active
CHAL_d6bf05e1,USER_00245,No Coffee Challenge,2023-08-01 00:00:00,2023-08-31 23:59:59,Active
CHAL_84e5fa49,USER_08183,No Coffee Challenge,2023-08-01 00:00:00,2023-08-31 23:59:59,Active
CHAL_57c6d6b9,USER_05148,No Coffee Challenge,2023-08-01 00:00:00,2023-08-31 23:59:59,Active
CHAL_fe1ecf3d,USER_07477,No Midnight Spending Challenge,2023-08-01 00:00:00,2023-08-31 23:59:59,Active
CHAL_4a75a00b,USER_07477,No Coffee Challenge,2023-08-01 00:00:00,2023-08-31 23:59:59,Active
CHAL_b6f22cd2,USER_01382,No Midnight Spending Challenge,2023-08-01 00:00:00,2023-08-31 23:59:59,Active
CHAL_f761666a,USER_01382,No Coffee Challenge,2023-08-01 00:00:00,2023-08-31 23:59:59,Active
CHAL_de86ed94,USER_09293,No Coffee Challenge,2023-08-01 00:00:00,2023-08-31 23:59:59,Active
CHAL_69f8cb97,USER_03373,No Midnight Spending Challenge,2023-08-01 00:00:00,2023-08-31 23:59:59,Active
CHAL_9692b25c,USER_05724,No Coffee Challenge,2023-08-01 00:00:00,2023-08-31 23:59:59,Active
CHAL_f6a1bc6e,USER_05430,No Midnight Spending Challenge,2023-08-01 00:00:00,2023-08-31 23:59:59,Active
CHAL_71f6adef,USER_05430,No Coffee Challenge,2023-08-01 00:00:00,2023-08-31 23:59:59,Active
CHAL_975a5941,USER_01736,No Coffee Challenge,2023-08-01 00:00:00,2023-08-31 23:59:59,Active
CHAL_1ce81507,USER_01736,No Midnight Spending Challenge,2023-08-01 00:00:00,2023-08-31 23:59:59,Active
CHAL_b5dbd51b,USER_02633,No Coffee Challenge,2023-08-01 00:00:00,2023-08-31 23:59:59,Active
CHAL_cc42e62c,USER_00945,No Coffee Challenge,2023-08-01 00:00:00,2023-08-31 23:59:59,Active
CHAL_d804f6c8,USER_08259,No Midnight Spending Challenge,2023-08-01 00:00:00,2023-08-31 23:59:59,Active
CHAL_90b902ce,USER_03216,No Midnight Spending Challenge,2023-08-01 00:00:00,2023-08-31 23:59:59,Active
CHAL_b019f1cd,USER_03750,No Coffee Challenge,2023-08-01 00:00:00,2023-08-31 23:59:59,Active
CHAL_080d9157,USER_04412,No Midnight Spending Challenge,2023-08-01 00:00:00,2023-08-31 23:59:59,Active
CHAL_ac870da5,USER_04412,No Coffee Challenge,2023-08-01 00:00:00,2023-08-31 23:59:59,Active
CHAL_6b15e344,USER_03327,No Coffee Challenge,2023-08-01 00:00:00,2023-08-31 23:59:59,Active
CHAL_de191b2b,USER_03327,No Midnight Spending Challenge,2023-08-01 00:00:00,2023-08-31 23:59:59,Active
CHAL_467afb79,USER_06156,No Coffee Challenge,2023-08-01 00:00:00,2023-08-31 23:59:59,Active
CHAL_ac809bfd,USER_06156,No Midnight Spending Challenge,2023-08-01 00:00:00,2023-08-31 23:59:59,Active
CHAL_6dda0cc9,USER_00277,No Coffee Challenge,2023-08-01 00:00:00,2023-08-31 23:59:59,Active
CHAL_c1d51981,USER_08509,No Midnight Spending Challenge,2023-08-01 00:00:00,2023-08-31 23:59:59,Active
CHAL_9ac20567,USER_08509,No Coffee Challenge,2023-08-01 00:00:00,2023-08-31 23:59:59,Active
CHAL_f54661aa,USER_05583,No Coffee Challenge,2023-08-01 00:00:00,2023-08-31 23:59:59,Active
CHAL_f5289a19,USER_05583,No Midnight Spending Challenge,2023-08-01 00:00:00,2023-08-31 23:59:59,Active
CHAL_2af0435d,USER_00098,No Coffee Challenge,2023-08-01 00:00:00,2023-08-31 23:59:59,Active
CHAL_6a4b1259,USER_00098,No Midnight Spending Challenge,2023-08-01 00:00:00,2023-08-31 23:59:59,Active
CHAL_c3a525a1,USER_09527,No Midnight Spending Challenge,2023-08-01 00:00:00,2023-08-31 23:59:59,Active
CHAL_28a4d06c,USER_09527,No Coffee Challenge,2023-08-01 00:00:00,2023-08-31 23:59:59,Active
CHAL_bfff8c2b,USER_08690,No Midnight Spending Challenge,2023-08-01 00:00:00,2023-08-31 23:59:59,Active
CHAL_0a0c2848,USER_08690,No Coffee Challenge,2023-08-01 00:00:00,2023-08-31 23:59:59,Active
CHAL_4229cca7,USER_08957,No Midnight Spending Challenge,2023-08-01 00:00:00,2023-08-31 23:59:59,Active
CHAL_06f6f5ec,USER_08957,No Coffee Challenge,2023-08-01 00:00:00,2023-08-31 23:59:59,Active
CHAL_1e50cc87,USER_07718,No Midnight Spending Challenge,2023-08-01 00:00:00,2023-08-31 23:59:59,Active
CHAL_ccf141be,USER_00520,No Midnight Spending Challenge,2023-08-01 00:00:00,2023-08-31 23:59:59,Active
CHAL_be57ab81,USER_06255,No Midnight Spending Challenge,2023-08-01 00:00:00,2023-08-31 23:59:59,Active
CHAL_e61fb8a7,USER_03256,No Midnight Spending Challenge,2023-08-01 00:00:00,2023-08-31 23:59:59,Active
CHAL_03a23348,USER_06974,No Coffee Challenge,2023-08-01 00:00:00,2023-08-31 23:59:59,Active
CHAL_53aea4df,USER_06974,No Midnight Spending Challenge,2023-08-01 00:00:00,2023-08-31 23:59:59,Active
CHAL_0059537e,USER_08465,No Coffee Challenge,2023-08-01 00:00:00,2023-08-31 23:59:59,Active
CHAL_607e532c,USER_08465,No Midnight Spending Challenge,2023-08-01 00:00:00,2023-08-31 23:59:59,Active
CHAL_366e7654,USER_01301,No Midnight Spending Challenge,2023-08-01 00:00:00,2023-08-31 23:59:59,Active
CHAL_464b8a4a,USER_07547,No Midnight Spending Challenge,2023-08-01 00:00:00,2023-08-31 23:59:59,Active
CHAL_3c0fd708,USER_08956,No Midnight Spending Challenge,2023-08-01 00:00:00,2023-08-31 23:59:59,Active
CHAL_7d41b922,USER_07650,No Midnight Spending Challenge,2023-08-01 00:00:00,2023-08-31 23:59:59,Active
CHAL_61abfedd,USER_07650,No Coffee Challenge,2023-08-01 00:00:00,2023-08-31 23:59:59,Active
CHAL_9f198706,USER_09542,No Coffee Challenge,2023-08-01 00:00:00,2023-08-31 23:59:59,Active
CHAL_c1df0f94,USER_09542,No Midnight Spending Challenge,2023-08-01 00:00:00,2023-08-31 23:59:59,Active
CHAL_2fcd13d8,USER_08175,No Coffee Challenge,2023-08-01 00:00:00,2023-08-31 23:59:59,Active
CHAL_c5394d53,USER_08175,No Midnight Spending Challenge,2023-08-01 00:00:00,2023-08-31 23:59:59,Active
CHAL_d9474432,USER_07414,No Coffee Challenge,2023-08-01 00:00:00,2023-08-31 23:59:59,Active
CHAL_8da7358b,USER_07460,No Coffee Challenge,2023-08-01 00:00:00,2023-08-31 23:59:59,Active
CHAL_9aa706f3,USER_06416,No Midnight Spending Challenge,2023-08-01 00:00:00,2023-08-31 23:59:59,Active
CHAL_a09269a7,USER_02297,No Coffee Challenge,2023-08-01 00:00:00,2023-08-31 23:59:59,Active
CHAL_939b7822,USER_05178,No Midnight Spending Challenge,2023-08-01 00:00:00,2023-08-31 23:59:59,Active
CHAL_ba163419,USER_05178,No Coffee Challenge,2023-08-01 00:00:00,2023-08-31 23:59:59,Active
CHAL_c39791f0,USER_04662,No Coffee Challenge,2023-08-01 00:00:00,2023-08-31 23:59:59,Active
CHAL_7079234e,USER_08608,No Midnight Spending Challenge,2023-08-01 00:00:00,2023-08-31 23:59:59,Active
CHAL_a418cd36,USER_08608,No Coffee Challenge,2023-08-01 00:00:00,2023-08-31 23:59:59,Active
CHAL_ff4ea029,USER_08010,No Midnight Spending Challenge,2023-08-01 00:00:00,2023-08-31 23:59:59,Active
CHAL_eb2610e6,USER_08010,No Coffee Challenge,2023-08-01 00:00:00,2023-08-31 23:59:59,Active
CHAL_e141d2a7,USER_04736,No Coffee Challenge,2023-08-01 00:00:00,2023-08-31 23:59:59,Active
CHAL_825efa7d,USER_08965,No Coffee Challenge,2023-08-01 00:00:00,2023-08-31 23:59:59,Active
CHAL_53d18b09,USER_08965,No Midnight Spending Challenge,2023-08-01 00:00:00,2023-08-31 23:59:59,Active
CHAL_56efd989,USER_00480,No Coffee Challenge,2023-08-01 00:00:00,2023-08-31 23:59:59,Active
CHAL_7fe8a132,USER_06286,No Coffee Challenge,2023-08-01 00:00:00,2023-08-31 23:59:59,Active
CHAL_ad7b3d35,USER_06286,No Midnight Spending Challenge,2023-08-01 00:00:00,2023-08-31 23:59:59,Active
CHAL_74838d9d,USER_05777,No Coffee Challenge,2023-08-01 00:00:00,2023-08-31 23:59:59,Active
CHAL_bb08fea5,USER_05777,No Midnight Spending Challenge,2023-08-01 00:00:00,2023-08-31 23:59:59,Active
CHAL_25bc7111,USER_08306,No Midnight Spending Challenge,2023-08-01 00:00:00,2023-08-31 23:59:59,Active
CHAL_054b6ae4,USER_06896,No Coffee Challenge,2023-08-01 00:00:00,2023-08-31 23:59:59,Active
CHAL_7ad02aa0,USER_05208,No Coffee Challenge,2023-08-01 00:00:00,2023-08-31 23:59:59,Active
CHAL_d3839925,USER_08019,No Coffee Challenge,2023-08-01 00:00:00,2023-08-31 23:59:59,Active
CHAL_57db785b,USER_08019,No Midnight Spending Challenge,2023-08-01 00:00:00,2023-08-31 23:59:59,Active
CHAL_6caf0b8a,USER_08643,No Midnight Spending Challenge,2023-08-01 00:00:00,2023-08-31 23:59:59,Active
CHAL_dce29fc3,USER_05168,No Coffee Challenge,2023-08-01 00:00:00,2023-08-31 23:59:59,Active
CHAL_af1148a3,USER_00702,No Midnight Spending Challenge,2023-08-01 00:00:00,2023-08-31 23:59:59,Active
CHAL_9eea8598,USER_07783,No Midnight Spending Challenge,2023-08-01 00:00:00,2023-08-31 23:59:59,Active
CHAL_149404eb,USER_07783,No Coffee Challenge,2023-08-01 00:00:00,2023-08-31 23:59:59,Active
CHAL_0eee24a6,USER_04759,No Coffee Challenge,2023-08-01 00:00:00,2023-08-31 23:59:59,Active
CHAL_58d2a2e3,USER_06693,No Midnight Spending Challenge,2023-08-01 00:00:00,2023-08-31 23:59:59,Active
CHAL_c024a020,USER_06028,No Midnight Spending Challenge,2023-08-01 00:00:00,2023-08-31 23:59:59,Active
CHAL_9a1451bb,USER_06028,No Coffee Challenge,2023-08-01 00:00:00,2023-08-31 23:59:59,Active
CHAL_974d4367,USER_03440,No Coffee Challenge,2023-08-01 00:00:00,2023-08-31 23:59:59,Active
CHAL_1a776ede,USER_03440,No Midnight Spending Challenge,2023-08-01 00:00:00,2023-08-31 23:59:59,Active
CHAL_7e002b2e,USER_07750,No Coffee Challenge,2023-08-01 00:00:00,2023-08-31 23:59:59,Active
CHAL_074cf8a4,USER_03724,No Midnight Spending Challenge,2023-08-01 00:00:00,2023-08-31 23:59:59,Active
CHAL_8d37d572,USER_03724,No Coffee Challenge,2023-08-01 00:00:00,2023-08-31 23:59:59,Active
CHAL_48a824d9,USER_00623,No Coffee Challenge,2023-08-01 00:00:00,2023-08-31 23:59:59,Active
CHAL_bf9518ed,USER_00623,No Midnight Spending Challenge,2023-08-01 00:00:00,2023-08-31 23:59:59,Active
CHAL_31c81d63,USER_02481,No Coffee Challenge,2023-08-01 00:00:00,2023-08-31 23:59:59,Active
CHAL_06ab1482,USER_02135,No Coffee Challenge,2023-08-01 00:00:00,2023-08-31 23:59:59,Active
CHAL_a15dff62,USER_02135,No Midnight Spending Challenge,2023-08-01 00:00:00,2023-08-31 23:59:59,Active
CHAL_78cc44be,USER_08397,No Coffee Challenge,2023-08-01 00:00:00,2023-08-31 23:59:59,Active
CHAL_d219bace,USER_09755,No Midnight Spending Challenge,2023-08-01 00:00:00,2023-08-31 23:59:59,Active
CHAL_e255697f,USER_09755,No Coffee Challenge,2023-08-01 00:00:00,2023-08-31 23:59:59,Active
CHAL_09fe3411,USER_08850,No Midnight Spending Challenge,2023-08-01 00:00:00,2023-08-31 23:59:59,Active
CHAL_3b557074,USER_06218,No Midnight Spending Challenge,2023-08-01 00:00:00,2023-08-31 23:59:59,Active
CHAL_65cf65f5,USER_03311,No Coffee Challenge,2023-08-01 00:00:00,2023-08-31 23:59:59,Active
CHAL_7a3dcc20,USER_02926,No Coffee Challenge,2023-08-01 00:00:00,2023-08-31 23:59:59,Active
CHAL_95092a01,USER_02926,No Midnight Spending Challenge,2023-08-01 00:00:00,2023-08-31 23:59:59,Active
CHAL_c03d9055,USER_00978,No Midnight Spending Challenge,2023-08-01 00:00:00,2023-08-31 23:59:59,Active
CHAL_d0bf011e,USER_01567,No Coffee Challenge,2023-08-01 00:00:00,2023-08-31 23:59:59,Active
CHAL_2c44a74e,USER_01567,No Midnight Spending Challenge,2023-08-01 00:00:00,2023-08-31 23:59:59,Active
CHAL_f404dd3f,USER_06640,No Midnight Spending Challenge,2023-08-01 00:00:00,2023-08-31 23:59:59,Active
CHAL_c1d0363c,USER_02272,No Coffee Challenge,2023-08-01 00:00:00,2023-08-31 23:59:59,Active
CHAL_4cfaeec8,USER_02967,No Coffee Challenge,2023-08-01 00:00:00,2023-08-31 23:59:59,Active
CHAL_8b11404c,USER_00399,No Coffee Challenge,2023-08-01 00:00:00,2023-08-31 23:59:59,Active
CHAL_a281046b,USER_00399,No Midnight Spending Challenge,2023-08-01 00:00:00,2023-08-31 23:59:59,Active
CHAL_02c31836,USER_01039,No Coffee Challenge,2023-08-01 00:00:00,2023-08-31 23:59:59,Active
CHAL_1ca05684,USER_01039,No Midnight Spending Challenge,2023-08-01 00:00:00,2023-08-31 23:59:59,Active
CHAL_13365fac,USER_00540,No Midnight Spending Challenge,2023-08-01 00:00:00,2023-08-31 23:59:59,Active
CHAL_b6450add,USER_00540,No Coffee Challenge,2023-08-01 00:00:00,2023-08-31 23:59:59,Active
CHAL_38c68b97,USER_09283,No Coffee Challenge,2023-08-01 00:00:00,2023-08-31 23:59:59,Active
CHAL_6fcc17fc,USER_09283,No Midnight Spending Challenge,2023-08-01 00:00:00,2023-08-31 23:59:59,Active
CHAL_74e8a40f,USER_09168,No Midnight Spending Challenge,2023-08-01 00:00:00,2023-08-31 23:59:59,Active
CHAL_c475cd89,USER_03801,No Midnight Spending Challenge,2023-08-01 00:00:00,2023-08-31 23:59:59,Active
CHAL_f0d0669f,USER_03801,No Coffee Challenge,2023-08-01 00:00:00,2023-08-31 23:59:59,Active
CHAL_e5f14a64,USER_02960,No Coffee Challenge,2023-08-01 00:00:00,2023-08-31 23:59:59,Active
CHAL_3bfa8435,USER_07891,No Coffee Challenge,2023-08-01 00:00:00,2023-08-31 23:59:59,Active
CHAL_79ee9597,USER_07891,No Midnight Spending Challenge,2023-08-01 00:00:00,2023-08-31 23:59:59,Active
CHAL_74bff701,USER_01943,No Coffee Challenge,2023-08-01 00:00:00,2023-08-31 23:59:59,Active
CHAL_4bce99d4,USER_09035,No Coffee Challenge,2023-08-01 00:00:00,2023-08-31 23:59:59,Active
CHAL_d68a0071,USER_07661,No Coffee Challenge,2023-08-01 00:00:00,2023-08-31 23:59:59,Active
CHAL_6e72d987,USER_07661,No Midnight Spending Challenge,2023-08-01 00:00:00,2023-08-31 23:59:59,Active
CHAL_d4dcc385,USER_09990,No Coffee Challenge,2023-08-01 00:00:00,2023-08-31 23:59:59,Active
CHAL_7c991092,USER_01097,No Coffee Challenge,2023-08-01 00:00:00,2023-08-31 23:59:59,Active
CHAL_00d11bea,USER_07388,No Midnight Spending Challenge,2023-08-01 00:00:00,2023-08-31 23:59:59,Active
CHAL_5a992e83,USER_05538,No Coffee Challenge,2023-08-01 00:00:00,2023-08-31 23:59:59,Active
CHAL_fc93ed1a,USER_05538,No Midnight Spending Challenge,2023-08-01 00:00:00,2023-08-31 23:59:59,Active
CHAL_e2b84dce,USER_06169,No Midnight Spending Challenge,2023-08-01 00:00:00,2023-08-31 23:59:59,Active
CHAL_8177f8c2,USER_08182,No Midnight Spending Challenge,2023-08-01 00:00:00,2023-08-31 23:59:59,Active
CHAL_b8a3c382,USER_08182,No Coffee Challenge,2023-08-01 00:00:00,2023-08-31 23:59:59,Active
CHAL_9737d373,USER_08093,No Midnight Spending Challenge,2023-08-01 00:00:00,2023-08-31 23:59:59,Active
CHAL_ebe79022,USER_08093,No Coffee Challenge,2023-08-01 00:00:00,2023-08-31 23:59:59,Active
CHAL_29dfb46f,USER_07875,No Midnight Spending Challenge,2023-08-01 00:00:00,2023-08-31 23:59:59,Active
CHAL_b25a024b,USER_04222,No Midnight Spending Challenge,2023-08-01 00:00:00,2023-08-31 23:59:59,Active
CHAL_a1acc40b,USER_04222,No Coffee Challenge,2023-08-01 00:00:00,2023-08-31 23:59:59,Active
CHAL_a27132ab,USER_03725,No Coffee Challenge,2023-08-01 00:00:00,2023-08-31 23:59:59,Active
CHAL_c571208d,USER_00435,No Coffee Challenge,2023-08-01 00:00:00,2023-08-31 23:59:59,Active
CHAL_9278cf32,USER_00435,No Midnight Spending Challenge,2023-08-01 00:00:00,2023-08-31 23:59:59,Active
CHAL_4a6c6c98,USER_06653,No Midnight Spending Challenge,2023-08-01 00:00:00,2023-08-31 23:59:59,Active
CHAL_ee43bcf3,USER_06653,No Coffee Challenge,2023-08-01 00:00:00,2023-08-31 23:59:59,Active
CHAL_b887caf4,USER_04824,No Coffee Challenge,2023-08-01 00:00:00,2023-08-31 23:59:59,Active
CHAL_8d457762,USER_04824,No Midnight Spending Challenge,2023-08-01 00:00:00,2023-08-31 23:59:59,Active
CHAL_08890df1,USER_09707,No Midnight Spending Challenge,2023-08-01 00:00:00,2023-08-31 23:59:59,Active
CHAL_1df18a65,USER_09707,No Coffee Challenge,2023-08-01 00:00:00,2023-08-31 23:59:59,Active
CHAL_2f337f46,USER_00141,No Midnight Spending Challenge,2023-08-01 00:00:00,2023-08-31 23:59:59,Active
CHAL_3f1bd194,USER_01930,No Midnight Spending Challenge,2023-08-01 00:00:00,2023-08-31 23:59:59,Active
CHAL_83521550,USER_03377,No Coffee Challenge,2023-08-01 00:00:00,2023-08-31 23:59:59,Active
CHAL_f2644e86,USER_04554,No Midnight Spending Challenge,2023-08-01 00:00:00,2023-08-31 23:59:59,Active
CHAL_503648fb,USER_04554,No Coffee Challenge,2023-08-01 00:00:00,2023-08-31 23:59:59,Active
CHAL_9e6b9f50,USER_02113,No Midnight Spending Challenge,2023-08-01 00:00:00,2023-08-31 23:59:59,Active
CHAL_722b1922,USER_02113,No Coffee Challenge,2023-08-01 00:00:00,2023-08-31 23:59:59,Active
CHAL_636d7479,USER_04276,No Coffee Challenge,2023-08-01 00:00:00,2023-08-31 23:59:59,Active
CHAL_eece1330,USER_05717,No Midnight Spending Challenge,2023-08-01 00:00:00,2023-08-31 23:59:59,Active
CHAL_11558e1f,USER_05717,No Coffee Challenge,2023-08-01 00:00:00,2023-08-31 23:59:59,Active
CHAL_1355ca9b,USER_09454,No Coffee Challenge,2023-08-01 00:00:00,2023-08-31 23:59:59,Active
CHAL_685e8338,USER_03467,No Coffee Challenge,2023-08-01 00:00:00,2023-08-31 23:59:59,Active
CHAL_a753144d,USER_07348,No Coffee Challenge,2023-08-01 00:00:00,2023-08-31 23:59:59,Active
CHAL_5f1ebe8c,USER_04879,No Coffee Challenge,2023-08-01 00:00:00,2023-08-31 23:59:59,Active
CHAL_1458d931,USER_04879,No Midnight Spending Challenge,2023-08-01 00:00:00,2023-08-31 23:59:59,Active
CHAL_d4d15556,USER_03598,No Midnight Spending Challenge,2023-08-01 00:00:00,2023-08-31 23:59:59,Active
CHAL_2d99e27a,USER_09908,No Midnight Spending Challenge,2023-08-01 00:00:00,2023-08-31 23:59:59,Active
CHAL_71c8edc6,USER_02330,No Midnight Spending Challenge,2023-08-01 00:00:00,2023-08-31 23:59:59,Active
CHAL_c876f5e2,USER_09946,No Midnight Spending Challenge,2023-08-01 00:00:00,2023-08-31 23:59:59,Active
CHAL_0fa521aa,USER_09946,No Coffee Challenge,2023-08-01 00:00:00,2023-08-31 23:59:59,Active
CHAL_759ee7d2,USER_09857,No Coffee Challenge,2023-08-01 00:00:00,2023-08-31 23:59:59,Active
CHAL_f68ad455,USER_05900,No Coffee Challenge,2023-08-01 00:00:00,2023-08-31 23:59:59,Active
CHAL_3919ff67,USER_05900,No Midnight Spending Challenge,2023-08-01 00:00:00,2023-08-31 23:59:59,Active
CHAL_bd01424d,USER_08612,No Midnight Spending Challenge,2023-08-01 00:00:00,2023-08-31 23:59:59,Active
CHAL_5fe571d0,USER_08612,No Coffee Challenge,2023-08-01 00:00:00,2023-08-31 23:59:59,Active
CHAL_25de0937,USER_06223,No Midnight Spending Challenge,2023-08-01 00:00:00,2023-08-31 23:59:59,Active
CHAL_b8f61e21,USER_08604,No Coffee Challenge,2023-08-01 00:00:00,2023-08-31 23:59:59,Active
CHAL_1948d389,USER_05685,No Coffee Challenge,2023-08-01 00:00:00,2023-08-31 23:59:59,Active
CHAL_bf9d0977,USER_05685,No Midnight Spending Challenge,2023-08-01 00:00:00,2023-08-31 23:59:59,Active
CHAL_091a42c5,USER_00325,No Midnight Spending Challenge,2023-08-01 00:00:00,2023-08-31 23:59:59,Active
CHAL_94d423e4,USER_00325,No Coffee Challenge,2023-08-01 00:00:00,2023-08-31 23:59:59,Active
CHAL_6cfa5c75,USER_01236,No Midnight Spending Challenge,2023-08-01 00:00:00,2023-08-31 23:59:59,Active
CHAL_ff4574c2,USER_02370,No Midnight Spending Challenge,2023-08-01 00:00:00,2023-08-31 23:59:59,Active
CHAL_278e6c5b,USER_02370,No Coffee Challenge,2023-08-01 00:00:00,2023-08-31 23:59:59,Active
CHAL_f28b1eac,USER_09601,No Coffee Challenge,2023-08-01 00:00:00,2023-08-31 23:59:59,Active
CHAL_75fd0357,USER_09601,No Midnight Spending Challenge,2023-08-01 00:00:00,2023-08-31 23:59:59,Active
CHAL_e8bd7377,USER_08829,No Midnight Spending Challenge,2023-08-01 00:00:00,2023-08-31 23:59:59,Active
CHAL_55346fb1,USER_08829,No Coffee Challenge,2023-08-01 00:00:00,2023-08-31 23:59:59,Active
CHAL_b98e2849,USER_01327,No Coffee Challenge,2023-08-01 00:00:00,2023-08-31 23:59:59,Active
CHAL_92d6a0da,USER_01327,No Midnight Spending Challenge,2023-08-01 00:00:00,2023-08-31 23:59:59,Active
CHAL_a03e4922,USER_05673,No Coffee Challenge,2023-08-01 00:00:00,2023-08-31 23:59:59,Active
CHAL_30f46e37,USER_06437,No Coffee Challenge,2023-08-01 00:00:00,2023-08-31 23:59:59,Active
CHAL_3c7eceb2,USER_06437,No Midnight Spending Challenge,2023-08-01 00:00:00,2023-08-31 23:59:59,Active
CHAL_c21e083d,USER_06279,No Coffee Challenge,2023-08-01 00:00:00,2023-08-31 23:59:59,Active
CHAL_b2787c06,USER_06279,No Midnight Spending Challenge,2023-08-01 00:00:00,2023-08-31 23:59:59,Active
CHAL_7aafd71a,USER_07074,No Coffee Challenge,2023-08-01 00:00:00,2023-08-31 23:59:59,Active
CHAL_ac99e5fb,USER_07074,No Midnight Spending Challenge,2023-08-01 00:00:00,2023-08-31 23:59:59,Active
CHAL_1c9da7f5,USER_04298,No Coffee Challenge,2023-08-01 00:00:00,2023-08-31 23:59:59,Active
CHAL_ea0e46ff,USER_04298,No Midnight Spending Challenge,2023-08-01 00:00:00,2023-08-31 23:59:59,Active
CHAL_9f33e66a,USER_01239,No Coffee Challenge,2023-08-01 00:00:00,2023-08-31 23:59:59,Active
CHAL_4175a4f5,USER_08178,No Coffee Challenge,2023-08-01 00:00:00,2023-08-31 23:59:59,Active
CHAL_2063ecb8,USER_08178,No Midnight Spending Challenge,2023-08-01 00:00:00,2023-08-31 23:59:59,Active
CHAL_16ec03c9,USER_02706,No Midnight Spending Challenge,2023-08-01 00:00:00,2023-08-31 23:59:59,Active
CHAL_41f7beeb,USER_08220,No Coffee Challenge,2023-08-01 00:00:00,2023-08-31 23:59:59,Active
CHAL_cf6d174f,USER_08220,No Midnight Spending Challenge,2023-08-01 00:00:00,2023-08-31 23:59:59,Active
CHAL_f4194396,USER_02615,No Midnight Spending Challenge,2023-08-01 00:00:00,2023-08-31 23:59:59,Active
CHAL_7531dc55,USER_02615,No Coffee Challenge,2023-08-01 00:00:00,2023-08-31 23:59:59,Active
CHAL_68c1a0f5,USER_01693,No Coffee Challenge,2023-08-01 00:00:00,2023-08-31 23:59:59,Active
CHAL_b1407d3a,USER_01693,No Midnight Spending Challenge,2023-08-01 00:00:00,2023-08-31 23:59:59,Active
CHAL_62952b49,USER_07972,No Midnight Spending Challenge,2023-08-01 00:00:00,2023-08-31 23:59:59,Active
CHAL_3382ee14,USER_07972,No Coffee Challenge,2023-08-01 00:00:00,2023-08-31 23:59:59,Active
CHAL_86468d46,USER_02978,No Midnight Spending Challenge,2023-08-01 00:00:00,2023-08-31 23:59:59,Active
CHAL_243c3667,USER_00554,No Coffee Challenge,2023-08-01 00:00:00,2023-08-31 23:59:59,Active
CHAL_29ff4509,USER_08463,No Coffee Challenge,2023-08-01 00:00:00,2023-08-31 23:59:59,Active
CHAL_46f588ab,USER_04911,No Midnight Spending Challenge,2023-08-01 00:00:00,2023-08-31 23:59:59,Active
CHAL_bfbd5bf4,USER_04911,No Coffee Challenge,2023-08-01 00:00:00,2023-08-31 23:59:59,Active
CHAL_76e868fa,USER_00233,No Midnight Spending Challenge,2023-08-01 00:00:00,2023-08-31 23:59:59,Active
CHAL_a770cd3a,USER_05352,No Midnight Spending Challenge,2023-08-01 00:00:00,2023-08-31 23:59:59,Active
CHAL_504a4444,USER_05352,No Coffee Challenge,2023-08-01 00:00:00,2023-08-31 23:59:59,Active
CHAL_6ec75170,USER_05519,No Coffee Challenge,2023-08-01 00:00:00,2023-08-31 23:59:59,Active
CHAL_213b8d10,USER_05519,No Midnight Spending Challenge,2023-08-01 00:00:00,2023-08-31 23:59:59,Active
CHAL_7f2b04d0,USER_06583,No Midnight Spending Challenge,2023-08-01 00:00:00,2023-08-31 23:59:59,Active
CHAL_99fcda20,USER_06583,No Coffee Challenge,2023-08-01 00:00:00,2023-08-31 23:59:59,Active
CHAL_5ac45224,USER_00646,No Midnight Spending Challenge,2023-08-01 00:00:00,2023-08-31 23:59:59,Active
CHAL_101d1aa9,USER_00646,No Coffee Challenge,2023-08-01 00:00:00,2023-08-31 23:59:59,Active
CHAL_9a0fac84,USER_07217,No Coffee Challenge,2023-08-01 00:00:00,2023-08-31 23:59:59,Active
CHAL_6ecb3ddf,USER_07217,No Midnight Spending Challenge,2023-08-01 00:00:00,2023-08-31 23:59:59,Active
CHAL_cc70c23a,USER_08999,No Coffee Challenge,2023-08-01 00:00:00,2023-08-31 23:59:59,Active
CHAL_ef3e8bef,USER_08999,No Midnight Spending Challenge,2023-08-01 00:00:00,2023-08-31 23:59:59,Active
CHAL_f42e867e,USER_03140,No Midnight Spending Challenge,2023-08-01 00:00:00,2023-08-31 23:59:59,Active
CHAL_40dee328,USER_03140,No Coffee Challenge,2023-08-01 00:00:00,2023-08-31 23:59:59,Active
CHAL_7efb787d,USER_01359,No Coffee Challenge,2023-08-01 00:00:00,2023-08-31 23:59:59,Active
CHAL_ded11b96,USER_09199,No Midnight Spending Challenge,2023-08-01 00:00:00,2023-08-31 23:59:59,Active
CHAL_dbb962c3,USER_03013,No Coffee Challenge,2023-08-01 00:00:00,2023-08-31 23:59:59,Active
CHAL_4d6c1912,USER_07055,No Coffee Challenge,2023-08-01 00:00:00,2023-08-31 23:59:59,Active
CHAL_b10efc9d,USER_07055,No Midnight Spending Challenge,2023-08-01 00:00:00,2023-08-31 23:59:59,Active
CHAL_34ff80ff,USER_08548,No Midnight Spending Challenge,2023-08-01 00:00:00,2023-08-31 23:59:59,Active
CHAL_9db69c1d,USER_08548,No Coffee Challenge,2023-08-01 00:00:00,2023-08-31 23:59:59,Active
CHAL_73ec56f1,USER_07272,No Midnight Spending Challenge,2023-08-01 00:00:00,2023-08-31 23:59:59,Active
CHAL_d2f30ec2,USER_05167,No Coffee Challenge,2023-08-01 00:00:00,2023-08-31 23:59:59,Active
CHAL_8109c727,USER_09006,No Coffee Challenge,2023-08-01 00:00:00,2023-08-31 23:59:59,Active
CHAL_fc87cf2b,USER_04358,No Midnight Spending Challenge,2023-08-01 00:00:00,2023-08-31 23:59:59,Active
CHAL_5da8dce0,USER_04358,No Coffee Challenge,2023-08-01 00:00:00,2023-08-31 23:59:59,Active
CHAL_296f28ca,USER_06931,No Coffee Challenge,2023-08-01 00:00:00,2023-08-31 23:59:59,Active
CHAL_b4f0312c,USER_06931,No Midnight Spending Challenge,2023-08-01 00:00:00,2023-08-31 23:59:59,Active
CHAL_195c0eba,USER_06486,No Coffee Challenge,2023-08-01 00:00:00,2023-08-31 23:59:59,Active
CHAL_89bd7c1e,USER_06486,No Midnight Spending Challenge,2023-08-01 00:00:00,2023-08-31 23:59:59,Active
CHAL_cdde14a1,USER_06962,No Coffee Challenge,2023-08-01 00:00:00,2023-08-31 23:59:59,Active
CHAL_bc892606,USER_08599,No Coffee Challenge,2023-08-01 00:00:00,2023-08-31 23:59:59,Active
CHAL_93c541a5,USER_08599,No Midnight Spending Challenge,2023-08-01 00:00:00,2023-08-31 23:59:59,Active
CHAL_1c52f5d6,USER_07102,No Coffee Challenge,2023-08-01 00:00:00,2023-08-31 23:59:59,Active
CHAL_eb9a8340,USER_07102,No Midnight Spending Challenge,2023-08-01 00:00:00,2023-08-31 23:59:59,Active
CHAL_463da0ca,USER_01020,No Coffee Challenge,2023-08-01 00:00:00,2023-08-31 23:59:59,Active
CHAL_686db04e,USER_08838,No Midnight Spending Challenge,2023-08-01 00:00:00,2023-08-31 23:59:59,Active
CHAL_99e3f5d8,USER_02895,No Midnight Spending Challenge,2023-08-01 00:00:00,2023-08-31 23:59:59,Active
CHAL_5d970e4f,USER_02895,No Coffee Challenge,2023-08-01 00:00:00,2023-08-31 23:59:59,Active
CHAL_c66f2b2d,USER_08407,No Midnight Spending Challenge,2023-08-01 00:00:00,2023-08-31 23:59:59,Active
CHAL_c8921222,USER_08407,No Coffee Challenge,2023-08-01 00:00:00,2023-08-31 23:59:59,Active
CHAL_21fb4e37,USER_05770,No Midnight Spending Challenge,2023-08-01 00:00:00,2023-08-31 23:59:59,Active
CHAL_6dd471f9,USER_07684,No Midnight Spending Challenge,2023-08-01 00:00:00,2023-08-31 23:59:59,Active
CHAL_7ca58bb0,USER_07684,No Coffee Challenge,2023-08-01 00:00:00,2023-08-31 23:59:59,Active
CHAL_e24baee7,USER_03722,No Midnight Spending Challenge,2023-08-01 00:00:00,2023-08-31 23:59:59,Active
CHAL_038870cc,USER_03722,No Coffee Challenge,2023-08-01 00:00:00,2023-08-31 23:59:59,Active
CHAL_21b78685,USER_03246,No Midnight Spending Challenge,2023-08-01 00:00:00,2023-08-31 23:59:59,Active
CHAL_c4d87667,USER_09191,No Midnight Spending Challenge,2023-08-01 00:00:00,2023-08-31 23:59:59,Active
CHAL_9fc01dc3,USER_04127,No Coffee Challenge,2023-08-01 00:00:00,2023-08-31 23:59:59,Active
CHAL_12db0b83,USER_04127,No Midnight Spending Challenge,2023-08-01 00:00:00,2023-08-31 23:59:59,Active
CHAL_94cb76d9,USER_02775,No Midnight Spending Challenge,2023-08-01 00:00:00,2023-08-31 23:59:59,Active
CHAL_3686e286,USER_08663,No Midnight Spending Challenge,2023-08-01 00:00:00,2023-08-31 23:59:59,Active
CHAL_98c5d457,USER_00878,No Midnight Spending Challenge,2023-08-01 00:00:00,2023-08-31 23:59:59,Active
CHAL_1ac1e6f8,USER_01628,No Coffee Challenge,2023-08-01 00:00:00,2023-08-31 23:59:59,Active
CHAL_ccc2222e,USER_01628,No Midnight Spending Challenge,2023-08-01 00:00:00,2023-08-31 23:59:59,Active
CHAL_06ab3b79,USER_04781,No Coffee Challenge,2023-08-01 00:00:00,2023-08-31 23:59:59,Active
CHAL_f209cc11,USER_04781,No Midnight Spending Challenge,2023-08-01 00:00:00,2023-08-31 23:59:59,Active
CHAL_38c76393,USER_02507,No Midnight Spending Challenge,2023-08-01 00:00:00,2023-08-31 23:59:59,Active
CHAL_1bf1e71e,USER_02507,No Coffee Challenge,2023-08-01 00:00:00,2023-08-31 23:59:59,Active
CHAL_a611f9db,USER_04767,No Midnight Spending Challenge,2023-08-01 00:00:00,2023-08-31 23:59:59,Active
CHAL_398403e1,USER_08139,No Coffee Challenge,2023-08-01 00:00:00,2023-08-31 23:59:59,Active
CHAL_2414f07e,USER_02608,No Midnight Spending Challenge,2023-08-01 00:00:00,2023-08-31 23:59:59,Active
CHAL_518adaee,USER_02608,No Coffee Challenge,2023-08-01 00:00:00,2023-08-31 23:59:59,Active
CHAL_4bb5f825,USER_00615,No Coffee Challenge,2023-08-01 00:00:00,2023-08-31 23:59:59,Active
CHAL_90082f91,USER_03550,No Coffee Challenge,2023-08-01 00:00:00,2023-08-31 23:59:59,Active
CHAL_2bef0329,USER_03550,No Midnight Spending Challenge,2023-08-01 00:00:00,2023-08-31 23:59:59,Active
CHAL_cc16e58b,USER_09110,No Midnight Spending Challenge,2023-08-01 00:00:00,2023-08-31 23:59:59,Active
CHAL_b25aad68,USER_09110,No Coffee Challenge,2023-08-01 00:00:00,2023-08-31 23:59:59,Active
CHAL_c796a372,USER_09604,No Coffee Challenge,2023-08-01 00:00:00,2023-08-31 23:59:59,Active
CHAL_90456a1a,USER_09604,No Midnight Spending Challenge,2023-08-01 00:00:00,2023-08-31 23:59:59,Active
CHAL_c3649031,USER_07281,No Coffee Challenge,2023-08-01 00:00:00,2023-08-31 23:59:59,Active
CHAL_e00b10cb,USER_07281,No Midnight Spending Challenge,2023-08-01 00:00:00,2023-08-31 23:59:59,Active
CHAL_44565d1a,USER_04764,No Coffee Challenge,2023-08-01 00:00:00,2023-08-31 23:59:59,Active
CHAL_f66a7fb8,USER_04764,No Midnight Spending Challenge,2023-08-01 00:00:00,2023-08-31 23:59:59,Active
CHAL_740b60eb,USER_00491,No Coffee Challenge,2023-08-01 00:00:00,2023-08-31 23:59:59,Active
CHAL_649ec5a3,USER_00491,No Midnight Spending Challenge,2023-08-01 00:00:00,2023-08-31 23:59:59,Active
CHAL_e80b618e,USER_00808,No Coffee Challenge,2023-08-01 00:00:00,2023-08-31 23:59:59,Active
CHAL_c732e9ae,USER_00808,No Midnight Spending Challenge,2023-08-01 00:00:00,2023-08-31 23:59:59,Active
CHAL_ba4310d7,USER_03237,No Midnight Spending Challenge,2023-08-01 00:00:00,2023-08-31 23:59:59,Active
CHAL_093ac8b4,USER_03237,No Coffee Challenge,2023-08-01 00:00:00,2023-08-31 23:59:59,Active
CHAL_ee1b2281,USER_05433,No Coffee Challenge,2023-08-01 00:00:00,2023-08-31 23:59:59,Active
CHAL_54e545a8,USER_05433,No Midnight Spending Challenge,2023-08-01 00:00:00,2023-08-31 23:59:59,Active
CHAL_b2390ed2,USER_09372,No Midnight Spending Challenge,2023-08-01 00:00:00,2023-08-31 23:59:59,Active
CHAL_6fea989a,USER_09263,No Coffee Challenge,2023-08-01 00:00:00,2023-08-31 23:59:59,Active
CHAL_b45e9f17,USER_08692,No Midnight Spending Challenge,2023-08-01 00:00:00,2023-08-31 23:59:59,Active
CHAL_1648763b,USER_08692,No Coffee Challenge,2023-08-01 00:00:00,2023-08-31 23:59:59,Active
CHAL_ef0afe30,USER_01455,No Coffee Challenge,2023-08-01 00:00:00,2023-08-31 23:59:59,Active
CHAL_2b976fbc,USER_01223,No Coffee Challenge,2023-08-01 00:00:00,2023-08-31 23:59:59,Active
CHAL_aa9edea5,USER_01223,No Midnight Spending Challenge,2023-08-01 00:00:00,2023-08-31 23:59:59,Active
CHAL_9d653652,USER_04626,No Midnight Spending Challenge,2023-08-01 00:00:00,2023-08-31 23:59:59,Active
CHAL_aee8001a,USER_04626,No Coffee Challenge,2023-08-01 00:00:00,2023-08-31 23:59:59,Active
CHAL_d1249ff0,USER_08110,No Coffee Challenge,2023-08-01 00:00:00,2023-08-31 23:59:59,Active
CHAL_d2f6e3e4,USER_08551,No Coffee Challenge,2023-08-01 00:00:00,2023-08-31 23:59:59,Active
CHAL_c92898db,USER_08551,No Midnight Spending Challenge,2023-08-01 00:00:00,2023-08-31 23:59:59,Active
CHAL_ae421742,USER_01467,No Coffee Challenge,2023-08-01 00:00:00,2023-08-31 23:59:59,Active
CHAL_167fb1ff,USER_01467,No Midnight Spending Challenge,2023-08-01 00:00:00,2023-08-31 23:59:59,Active
CHAL_a5a8a333,USER_03332,No Coffee Challenge,2023-08-01 00:00:00,2023-08-31 23:59:59,Active
CHAL_5be247ed,USER_03365,No Midnight Spending Challenge,2023-08-01 00:00:00,2023-08-31 23:59:59,Active
CHAL_a1b38241,USER_05025,No Coffee Challenge,2023-08-01 00:00:00,2023-08-31 23:59:59,Active
CHAL_9dfc9c46,USER_09054,No Coffee Challenge,2023-08-01 00:00:00,2023-08-31 23:59:59,Active
CHAL_4c0565a6,USER_08591,No Coffee Challenge,2023-08-01 00:00:00,2023-08-31 23:59:59,Active
CHAL_83e2669f,USER_00793,No Coffee Challenge,2023-08-01 00:00:00,2023-08-31 23:59:59,Active
CHAL_57158747,USER_09983,No Midnight Spending Challenge,2023-08-01 00:00:00,2023-08-31 23:59:59,Active
CHAL_bda7674a,USER_00332,No Coffee Challenge,2023-08-01 00:00:00,2023-08-31 23:59:59,Active
CHAL_b9bf45ac,USER_09078,No Coffee Challenge,2023-08-01 00:00:00,2023-08-31 23:59:59,Active
CHAL_469f7a5d,USER_00446,No Coffee Challenge,2023-08-01 00:00:00,2023-08-31 23:59:59,Active
CHAL_3e485806,USER_00446,No Midnight Spending Challenge,2023-08-01 00:00:00,2023-08-31 23:59:59,Active
CHAL_9f0348f9,USER_06307,No Midnight Spending Challenge,2023-08-01 00:00:00,2023-08-31 23:59:59,Active
CHAL_40022996,USER_06307,No Coffee Challenge,2023-08-01 00:00:00,2023-08-31 23:59:59,Active
CHAL_60eb9cd2,USER_06037,No Coffee Challenge,2023-08-01 00:00:00,2023-08-31 23:59:59,Active
CHAL_408c2e02,USER_06702,No Coffee Challenge,2023-08-01 00:00:00,2023-08-31 23:59:59,Active
CHAL_7ef54d85,USER_03626,No Coffee Challenge,2023-08-01 00:00:00,2023-08-31 23:59:59,Active
CHAL_06bfa216,USER_08109,No Midnight Spending Challenge,2023-08-01 00:00:00,2023-08-31 23:59:59,Active
CHAL_7a1603c1,USER_01980,No Coffee Challenge,2023-08-01 00:00:00,2023-08-31 23:59:59,Active
CHAL_b4339893,USER_07741,No Midnight Spending Challenge,2023-08-01 00:00:00,2023-08-31 23:59:59,Active
CHAL_24ad5d83,USER_07741,No Coffee Challenge,2023-08-01 00:00:00,2023-08-31 23:59:59,Active
CHAL_9c021a62,USER_06838,No Midnight Spending Challenge,2023-08-01 00:00:00,2023-08-31 23:59:59,Active
CHAL_e672f35d,USER_06838,No Coffee Challenge,2023-08-01 00:00:00,2023-08-31 23:59:59,Active
CHAL_d974b163,USER_08354,No Midnight Spending Challenge,2023-08-01 00:00:00,2023-08-31 23:59:59,Active
CHAL_547c7cc9,USER_08354,No Coffee Challenge,2023-08-01 00:00:00,2023-08-31 23:59:59,Active
CHAL_6e74cc14,USER_04421,No Midnight Spending Challenge,2023-08-01 00:00:00,2023-08-31 23:59:59,Active
CHAL_639a2c75,USER_09727,No Midnight Spending Challenge,2023-08-01 00:00:00,2023-08-31 23:59:59,Active
CHAL_c3ef0942,USER_09727,No Coffee Challenge,2023-08-01 00:00:00,2023-08-31 23:59:59,Active
CHAL_96ffcd8a,USER_07020,No Midnight Spending Challenge,2023-08-01 00:00:00,2023-08-31 23:59:59,Active
CHAL_a4ebc096,USER_05784,No Coffee Challenge,2023-08-01 00:00:00,2023-08-31 23:59:59,Active
CHAL_71898c2e,USER_05784,No Midnight Spending Challenge,2023-08-01 00:00:00,2023-08-31 23:59:59,Active
CHAL_210bfc5d,USER_00595,No Midnight Spending Challenge,2023-08-01 00:00:00,2023-08-31 23:59:59,Active
CHAL_31d6b5b5,USER_03292,No Coffee Challenge,2023-08-01 00:00:00,2023-08-31 23:59:59,Active
CHAL_6507b831,USER_03292,No Midnight Spending Challenge,2023-08-01 00:00:00,2023-08-31 23:59:59,Active
CHAL_7b7a49f4,USER_08276,No Coffee Challenge,2023-08-01 00:00:00,2023-08-31 23:59:59,Active
CHAL_4049009d,USER_04074,No Midnight Spending Challenge,2023-08-01 00:00:00,2023-08-31 23:59:59,Active
CHAL_094cd9bf,USER_01469,No Midnight Spending Challenge,2023-08-01 00:00:00,2023-08-31 23:59:59,Active
CHAL_cb783ccb,USER_09874,No Coffee Challenge,2023-08-01 00:00:00,2023-08-31 23:59:59,Active
CHAL_f1c410e6,USER_09874,No Midnight Spending Challenge,2023-08-01 00:00:00,2023-08-31 23:59:59,Active
CHAL_4ea5d8f7,USER_03135,No Midnight Spending Challenge,2023-08-01 00:00:00,2023-08-31 23:59:59,Active
CHAL_7a08bfa4,USER_03135,No Coffee Challenge,2023-08-01 00:00:00,2023-08-31 23:59:59,Active
CHAL_6e11b0b6,USER_04070,No Coffee Challenge,2023-08-01 00:00:00,2023-08-31 23:59:59,Active
CHAL_0b9e51d2,USER_05000,No Midnight Spending Challenge,2023-08-01 00:00:00,2023-08-31 23:59:59,Active
CHAL_01f4faf7,USER_00020,No Midnight Spending Challenge,2023-08-01 00:00:00,2023-08-31 23:59:59,Active
CHAL_4cc73a6d,USER_00020,No Coffee Challenge,2023-08-01 00:00:00,2023-08-31 23:59:59,Active
CHAL_1edbc327,USER_00468,No Midnight Spending Challenge,2023-08-01 00:00:00,2023-08-31 23:59:59,Active
CHAL_9b8f3bf9,USER_06101,No Coffee Challenge,2023-08-01 00:00:00,2023-08-31 23:59:59,Active
CHAL_2ac3d747,USER_06101,No Midnight Spending Challenge,2023-08-01 00:00:00,2023-08-31 23:59:59,Active
CHAL_327a1c2e,USER_00701,No Midnight Spending Challenge,2023-08-01 00:00:00,2023-08-31 23:59:59,Active
CHAL_65ec1138,USER_00957,No Coffee Challenge,2023-08-01 00:00:00,2023-08-31 23:59:59,Active
CHAL_641e6a5c,USER_08269,No Midnight Spending Challenge,2023-08-01 00:00:00,2023-08-31 23:59:59,Active
CHAL_9d922228,USER_05567,No Coffee Challenge,2023-08-01 00:00:00,2023-08-31 23:59:59,Active
CHAL_de69a7c5,USER_05567,No Midnight Spending Challenge,2023-08-01 00:00:00,2023-08-31 23:59:59,Active
CHAL_3aab385c,USER_04125,No Midnight Spending Challenge,2023-08-01 00:00:00,2023-08-31 23:59:59,Active
CHAL_81b89c70,USER_04125,No Coffee Challenge,2023-08-01 00:00:00,2023-08-31 23:59:59,Active
CHAL_99de46ac,USER_04343,No Coffee Challenge,2023-08-01 00:00:00,2023-08-31 23:59:59,Active
CHAL_d6e98060,USER_04343,No Midnight Spending Challenge,2023-08-01 00:00:00,2023-08-31 23:59:59,Active
CHAL_660d387f,USER_04744,No Coffee Challenge,2023-08-01 00:00:00,2023-08-31 23:59:59,Active
CHAL_1ddb07d1,USER_04865,No Coffee Challenge,2023-08-01 00:00:00,2023-08-31 23:59:59,Active
CHAL_6d91e0d5,USER_04865,No Midnight Spending Challenge,2023-08-01 00:00:00,2023-08-31 23:59:59,Active
CHAL_848a4c5e,USER_03697,No Midnight Spending Challenge,2023-08-01 00:00:00,2023-08-31 23:59:59,Active
CHAL_605a13d2,USER_03697,No Coffee Challenge,2023-08-01 00:00:00,2023-08-31 23:59:59,Active
CHAL_0a9348a1,USER_01032,No Coffee Challenge,2023-08-01 00:00:00,2023-08-31 23:59:59,Active
CHAL_c2e03944,USER_00107,No Midnight Spending Challenge,2023-08-01 00:00:00,2023-08-31 23:59:59,Active
CHAL_4e041c43,USER_09851,No Coffee Challenge,2023-08-01 00:00:00,2023-08-31 23:59:59,Active
CHAL_ed3024c5,USER_09851,No Midnight Spending Challenge,2023-08-01 00:00:00,2023-08-31 23:59:59,Active
CHAL_4a0c0d5b,USER_04546,No Coffee Challenge,2023-08-01 00:00:00,2023-08-31 23:59:59,Active
CHAL_c718360b,USER_04546,No Midnight Spending Challenge,2023-08-01 00:00:00,2023-08-31 23:59:59,Active
CHAL_a0b60b89,USER_00124,No Midnight Spending Challenge,2023-08-01 00:00:00,2023-08-31 23:59:59,Active
CHAL_c4ef0539,USER_02247,No Coffee Challenge,2023-08-01 00:00:00,2023-08-31 23:59:59,Active
CHAL_e09bfa79,USER_09080,No Coffee Challenge,2023-08-01 00:00:00,2023-08-31 23:59:59,Active
CHAL_295dbc5d,USER_09080,No Midnight Spending Challenge,2023-08-01 00:00:00,2023-08-31 23:59:59,Active
CHAL_99998ef1,USER_05419,No Coffee Challenge,2023-08-01 00:00:00,2023-08-31 23:59:59,Active
CHAL_92e435d8,USER_05419,No Midnight Spending Challenge,2023-08-01 00:00:00,2023-08-31 23:59:59,Active
CHAL_01c099da,USER_01549,No Coffee Challenge,2023-08-01 00:00:00,2023-08-31 23:59:59,Active
CHAL_fde66094,USER_01549,No Midnight Spending Challenge,2023-08-01 00:00:00,2023-08-31 23:59:59,Active
CHAL_fa44be08,USER_04569,No Coffee Challenge,2023-08-01 00:00:00,2023-08-31 23:59:59,Active
CHAL_6c97d6a8,USER_04569,No Midnight Spending Challenge,2023-08-01 00:00:00,2023-08-31 23:59:59,Active
CHAL_8a957642,USER_01008,No Coffee Challenge,2023-08-01 00:00:00,2023-08-31 23:59:59,Active
CHAL_7972a331,USER_01170,No Midnight Spending Challenge,2023-08-01 00:00:00,2023-08-31 23:59:59,Active
CHAL_f8325c83,USER_07593,No Midnight Spending Challenge,2023-08-01 00:00:00,2023-08-31 23:59:59,Active
CHAL_4cbd74de,USER_07593,No Coffee Challenge,2023-08-01 00:00:00,2023-08-31 23:59:59,Active
CHAL_be8d39f0,USER_05157,No Coffee Challenge,2023-08-01 00:00:00,2023-08-31 23:59:59,Active
CHAL_9e4a61a9,USER_08827,No Midnight Spending Challenge,2023-08-01 00:00:00,2023-08-31 23:59:59,Active
CHAL_cbe22532,USER_08827,No Coffee Challenge,2023-08-01 00:00:00,2023-08-31 23:59:59,Active
CHAL_7964dd03,USER_02940,No Coffee Challenge,2023-08-01 00:00:00,2023-08-31 23:59:59,Active
CHAL_225d0b00,USER_02940,No Midnight Spending Challenge,2023-08-01 00:00:00,2023-08-31 23:59:59,Active
CHAL_dd069f29,USER_01818,No Midnight Spending Challenge,2023-08-01 00:00:00,2023-08-31 23:59:59,Active
CHAL_e8f3270d,USER_01818,No Coffee Challenge,2023-08-01 00:00:00,2023-08-31 23:59:59,Active
CHAL_d585845e,USER_09450,No Midnight Spending Challenge,2023-08-01 00:00:00,2023-08-31 23:59:59,Active
CHAL_2418a665,USER_09450,No Coffee Challenge,2023-08-01 00:00:00,2023-08-31 23:59:59,Active
CHAL_73c0a867,USER_02989,No Midnight Spending Challenge,2023-08-01 00:00:00,2023-08-31 23:59:59,Active
CHAL_27036af5,USER_03970,No Coffee Challenge,2023-08-01 00:00:00,2023-08-31 23:59:59,Active
CHAL_28c1cbef,USER_05588,No Coffee Challenge,2023-08-01 00:00:00,2023-08-31 23:59:59,Active
CHAL_45322318,USER_08308,No Coffee Challenge,2023-08-01 00:00:00,2023-08-31 23:59:59,Active
CHAL_7803b293,USER_04357,No Coffee Challenge,2023-08-01 00:00:00,2023-08-31 23:59:59,Active
CHAL_af1388f1,USER_07202,No Midnight Spending Challenge,2023-08-01 00:00:00,2023-08-31 23:59:59,Active
CHAL_b7491ed0,USER_07202,No Coffee Challenge,2023-08-01 00:00:00,2023-08-31 23:59:59,Active
CHAL_34955c97,USER_06898,No Midnight Spending Challenge,2023-08-01 00:00:00,2023-08-31 23:59:59,Active
CHAL_34df58e4,USER_02453,No Midnight Spending Challenge,2023-08-01 00:00:00,2023-08-31 23:59:59,Active
CHAL_19b5b393,USER_02453,No Coffee Challenge,2023-08-01 00:00:00,2023-08-31 23:59:59,Active
CHAL_f7e4d689,USER_05927,No Coffee Challenge,2023-08-01 00:00:00,2023-08-31 23:59:59,Active
CHAL_5c024459,USER_05927,No Midnight Spending Challenge,2023-08-01 00:00:00,2023-08-31 23:59:59,Active
CHAL_0a37ee6f,USER_02424,No Midnight Spending Challenge,2023-08-01 00:00:00,2023-08-31 23:59:59,Active
CHAL_abffd454,USER_02424,No Coffee Challenge,2023-08-01 00:00:00,2023-08-31 23:59:59,Active
CHAL_64a50a9d,USER_03686,No Coffee Challenge,2023-08-01 00:00:00,2023-08-31 23:59:59,Active
CHAL_0ea77370,USER_06366,No Midnight Spending Challenge,2023-08-01 00:00:00,2023-08-31 23:59:59,Active
CHAL_5da4f463,USER_06366,No Coffee Challenge,2023-08-01 00:00:00,2023-08-31 23:59:59,Active
CHAL_c04c08c6,USER_05601,No Coffee Challenge,2023-08-01 00:00:00,2023-08-31 23:59:59,Active
CHAL_1d66bd2b,USER_01232,No Coffee Challenge,2023-08-01 00:00:00,2023-08-31 23:59:59,Active
CHAL_90e428ba,USER_01232,No Midnight Spending Challenge,2023-08-01 00:00:00,2023-08-31 23:59:59,Active
CHAL_af467ef0,USER_02561,No Midnight Spending Challenge,2023-08-01 00:00:00,2023-08-31 23:59:59,Active
CHAL_b5389935,USER_02561,No Coffee Challenge,2023-08-01 00:00:00,2023-08-31 23:59:59,Active
CHAL_65051dc5,USER_03492,No Coffee Challenge,2023-08-01 00:00:00,2023-08-31 23:59:59,Active
CHAL_a657cdc8,USER_02422,No Coffee Challenge,2023-08-01 00:00:00,2023-08-31 23:59:59,Active
CHAL_4866a526,USER_02422,No Midnight Spending Challenge,2023-08-01 00:00:00,2023-08-31 23:59:59,Active
CHAL_5c2f96c0,USER_09746,No Midnight Spending Challenge,2023-08-01 00:00:00,2023-08-31 23:59:59,Active
CHAL_0a8a5490,USER_09746,No Coffee Challenge,2023-08-01 00:00:00,2023-08-31 23:59:59,Active
CHAL_1011d815,USER_05322,No Coffee Challenge,2023-08-01 00:00:00,2023-08-31 23:59:59,Active
CHAL_8ef874c1,USER_07770,No Midnight Spending Challenge,2023-08-01 00:00:00,2023-08-31 23:59:59,Active
CHAL_0d536e36,USER_07770,No Coffee Challenge,2023-08-01 00:00:00,2023-08-31 23:59:59,Active
CHAL_44ee00d2,USER_06748,No Coffee Challenge,2023-08-01 00:00:00,2023-08-31 23:59:59,Active
CHAL_b1dd2100,USER_03897,No Midnight Spending Challenge,2023-08-01 00:00:00,2023-08-31 23:59:59,Active
CHAL_4a8218e2,USER_03897,No Coffee Challenge,2023-08-01 00:00:00,2023-08-31 23:59:59,Active
CHAL_97731b2d,USER_03244,No Coffee Challenge,2023-08-01 00:00:00,2023-08-31 23:59:59,Active
CHAL_1fb4773f,USER_09693,No Coffee Challenge,2023-08-01 00:00:00,2023-08-31 23:59:59,Active
CHAL_bc32384d,USER_01919,No Midnight Spending Challenge,2023-08-01 00:00:00,2023-08-31 23:59:59,Active
CHAL_3ab8b4f8,USER_01919,No Coffee Challenge,2023-08-01 00:00:00,2023-08-31 23:59:59,Active
CHAL_49ff9d08,USER_02566,No Midnight Spending Challenge,2023-08-01 00:00:00,2023-08-31 23:59:59,Active
CHAL_abfd333e,USER_02566,No Coffee Challenge,2023-08-01 00:00:00,2023-08-31 23:59:59,Active
CHAL_e71091d6,USER_02087,No Coffee Challenge,2023-08-01 00:00:00,2023-08-31 23:59:59,Active
CHAL_c303acb6,USER_02087,No Midnight Spending Challenge,2023-08-01 00:00:00,2023-08-31 23:59:59,Active
CHAL_bd7fd75a,USER_02456,No Midnight Spending Challenge,2023-08-01 00:00:00,2023-08-31 23:59:59,Active
CHAL_3ec00c12,USER_09369,No Midnight Spending Challenge,2023-08-01 00:00:00,2023-08-31 23:59:59,Active
CHAL_2eec88e7,USER_09369,No Coffee Challenge,2023-08-01 00:00:00,2023-08-31 23:59:59,Active
CHAL_190b9fec,USER_08244,No Midnight Spending Challenge,2023-08-01 00:00:00,2023-08-31 23:59:59,Active
CHAL_a87d8b5d,USER_09068,No Coffee Challenge,2023-08-01 00:00:00,2023-08-31 23:59:59,Active
CHAL_6946c6db,USER_09068,No Midnight Spending Challenge,2023-08-01 00:00:00,2023-08-31 23:59:59,Active
CHAL_2cd89e11,USER_08071,No Midnight Spending Challenge,2023-08-01 00:00:00,2023-08-31 23:59:59,Active
CHAL_660fd1a6,USER_06060,No Midnight Spending Challenge,2023-08-01 00:00:00,2023-08-31 23:59:59,Active
CHAL_c88f0ca2,USER_06060,No Coffee Challenge,2023-08-01 00:00:00,2023-08-31 23:59:59,Active
CHAL_78cc7e1b,USER_06675,No Midnight Spending Challenge,2023-08-01 00:00:00,2023-08-31 23:59:59,Active
CHAL_977284a1,USER_06675,No Coffee Challenge,2023-08-01 00:00:00,2023-08-31 23:59:59,Active
CHAL_e51af380,USER_08316,No Midnight Spending Challenge,2023-08-01 00:00:00,2023-08-31 23:59:59,Active
CHAL_e2b49fd0,USER_08316,No Coffee Challenge,2023-08-01 00:00:00,2023-08-31 23:59:59,Active
CHAL_bf0edd36,USER_08247,No Midnight Spending Challenge,2023-08-01 00:00:00,2023-08-31 23:59:59,Active
CHAL_726cd89d,USER_08247,No Coffee Challenge,2023-08-01 00:00:00,2023-08-31 23:59:59,Active
CHAL_1d3296bd,USER_06729,No Coffee Challenge,2023-08-01 00:00:00,2023-08-31 23:59:59,Active
CHAL_e07660c0,USER_06729,No Midnight Spending Challenge,2023-08-01 00:00:00,2023-08-31 23:59:59,Active
CHAL_97ef0d52,USER_06069,No Midnight Spending Challenge,2023-08-01 00:00:00,2023-08-31 23:59:59,Active
CHAL_367704e6,USER_06988,No Midnight Spending Challenge,2023-08-01 00:00:00,2023-08-31 23:59:59,Active
CHAL_d1a7ece9,USER_06988,No Coffee Challenge,2023-08-01 00:00:00,2023-08-31 23:59:59,Active
CHAL_4e16aef7,USER_00787,No Midnight Spending Challenge,2023-08-01 00:00:00,2023-08-31 23:59:59,Active
CHAL_b2ad78b1,USER_00787,No Coffee Challenge,2023-08-01 00:00:00,2023-08-31 23:59:59,Active
CHAL_039e1d26,USER_05004,No Coffee Challenge,2023-08-01 00:00:00,2023-08-31 23:59:59,Active
CHAL_0e8c7e4f,USER_04365,No Midnight Spending Challenge,2023-08-01 00:00:00,2023-08-31 23:59:59,Active
CHAL_6c86645c,USER_05827,No Coffee Challenge,2023-08-01 00:00:00,2023-08-31 23:59:59,Active
CHAL_1b12f6f0,USER_01226,No Coffee Challenge,2023-08-01 00:00:00,2023-08-31 23:59:59,Active
CHAL_46f5ec51,USER_01355,No Coffee Challenge,2023-08-01 00:00:00,2023-08-31 23:59:59,Active
CHAL_979c5017,USER_01355,No Midnight Spending Challenge,2023-08-01 00:00:00,2023-08-31 23:59:59,Active
CHAL_97eda812,USER_00357,No Coffee Challenge,2023-08-01 00:00:00,2023-08-31 23:59:59,Active
CHAL_bf1d2fb6,USER_00357,No Midnight Spending Challenge,2023-08-01 00:00:00,2023-08-31 23:59:59,Active
CHAL_68037a2a,USER_06195,No Midnight Spending Challenge,2023-08-01 00:00:00,2023-08-31 23:59:59,Active
CHAL_012feb74,USER_06195,No Coffee Challenge,2023-08-01 00:00:00,2023-08-31 23:59:59,Active
CHAL_9bb65e6b,USER_02213,No Midnight Spending Challenge,2023-08-01 00:00:00,2023-08-31 23:59:59,Active
CHAL_0051c456,USER_07514,No Coffee Challenge,2023-08-01 00:00:00,2023-08-31 23:59:59,Active
CHAL_48b84241,USER_00611,No Coffee Challenge,2023-08-01 00:00:00,2023-08-31 23:59:59,Active
CHAL_7d7be09a,USER_00611,No Midnight Spending Challenge,2023-08-01 00:00:00,2023-08-31 23:59:59,Active
CHAL_79b28114,USER_05064,No Midnight Spending Challenge,2023-08-01 00:00:00,2023-08-31 23:59:59,Active
CHAL_adfca281,USER_08855,No Coffee Challenge,2023-08-01 00:00:00,2023-08-31 23:59:59,Active
CHAL_d1bf5f2b,USER_08855,No Midnight Spending Challenge,2023-08-01 00:00:00,2023-08-31 23:59:59,Active
CHAL_3c4c3244,USER_00426,No Coffee Challenge,2023-08-01 00:00:00,2023-08-31 23:59:59,Active
CHAL_6ca20a95,USER_00426,No Midnight Spending Challenge,2023-08-01 00:00:00,2023-08-31 23:59:59,Active
CHAL_c871d606,USER_09381,No Coffee Challenge,2023-08-01 00:00:00,2023-08-31 23:59:59,Active
CHAL_d2d7948f,USER_09103,No Coffee Challenge,2023-08-01 00:00:00,2023-08-31 23:59:59,Active
CHAL_a06ade62,USER_09103,No Midnight Spending Challenge,2023-08-01 00:00:00,2023-08-31 23:59:59,Active
CHAL_105de233,USER_01376,No Midnight Spending Challenge,2023-08-01 00:00:00,2023-08-31 23:59:59,Active
CHAL_a18b74ab,USER_04320,No Midnight Spending Challenge,2023-08-01 00:00:00,2023-08-31 23:59:59,Active
CHAL_547c24d0,USER_04446,No Midnight Spending Challenge,2023-08-01 00:00:00,2023-08-31 23:59:59,Active
CHAL_7c0b8ea7,USER_04232,No Coffee Challenge,2023-08-01 00:00:00,2023-08-31 23:59:59,Active
CHAL_6c50ca6c,USER_04232,No Midnight Spending Challenge,2023-08-01 00:00:00,2023-08-31 23:59:59,Active
CHAL_53813ce4,USER_00061,No Midnight Spending Challenge,2023-08-01 00:00:00,2023-08-31 23:59:59,Active
CHAL_a938841e,USER_09606,No Midnight Spending Challenge,2023-08-01 00:00:00,2023-08-31 23:59:59,Active
CHAL_c8f561a3,USER_09606,No Coffee Challenge,2023-08-01 00:00:00,2023-08-31 23:59:59,Active
CHAL_2383041b,USER_03486,No Midnight Spending Challenge,2023-08-01 00:00:00,2023-08-31 23:59:59,Active
CHAL_1aa6bd17,USER_03486,No Coffee Challenge,2023-08-01 00:00:00,2023-08-31 23:59:59,Active
CHAL_bc618848,USER_09391,No Midnight Spending Challenge,2023-08-01 00:00:00,2023-08-31 23:59:59,Active
CHAL_7d344852,USER_09391,No Coffee Challenge,2023-08-01 00:00:00,2023-08-31 23:59:59,Active
CHAL_ddda623c,USER_09141,No Midnight Spending Challenge,2023-08-01 00:00:00,2023-08-31 23:59:59,Active
CHAL_ca0d42da,USER_02873,No Midnight Spending Challenge,2023-08-01 00:00:00,2023-08-31 23:59:59,Active
CHAL_3e8e95c2,USER_07787,No Coffee Challenge,2023-08-01 00:00:00,2023-08-31 23:59:59,Active
CHAL_8ae32466,USER_07787,No Midnight Spending Challenge,2023-08-01 00:00:00,2023-08-31 23:59:59,Active
CHAL_5e8d7b17,USER_02145,No Coffee Challenge,2023-08-01 00:00:00,2023-08-31 23:59:59,Active
CHAL_641c180b,USER_02145,No Midnight Spending Challenge,2023-08-01 00:00:00,2023-08-31 23:59:59,Active
CHAL_4b71e66b,USER_08432,No Coffee Challenge,2023-08-01 00:00:00,2023-08-31 23:59:59,Active
CHAL_04ababe4,USER_02484,No Midnight Spending Challenge,2023-08-01 00:00:00,2023-08-31 23:59:59,Active
CHAL_6b913784,USER_02484,No Coffee Challenge,2023-08-01 00:00:00,2023-08-31 23:59:59,Active
CHAL_372455ac,USER_09044,No Midnight Spending Challenge,2023-08-01 00:00:00,2023-08-31 23:59:59,Active
CHAL_36feae24,USER_02355,No Coffee Challenge,2023-08-01 00:00:00,2023-08-31 23:59:59,Active
CHAL_00479cda,USER_02355,No Midnight Spending Challenge,2023-08-01 00:00:00,2023-08-31 23:59:59,Active
CHAL_e10cbf5b,USER_06568,No Coffee Challenge,2023-08-01 00:00:00,2023-08-31 23:59:59,Active
CHAL_a1094529,USER_07608,No Midnight Spending Challenge,2023-08-01 00:00:00,2023-08-31 23:59:59,Active
CHAL_15ec5507,USER_07608,No Coffee Challenge,2023-08-01 00:00:00,2023-08-31 23:59:59,Active
CHAL_b87b6d11,USER_01579,No Midnight Spending Challenge,2023-08-01 00:00:00,2023-08-31 23:59:59,Active
CHAL_963aaa50,USER_02835,No Midnight Spending Challenge,2023-08-01 00:00:00,2023-08-31 23:59:59,Active
CHAL_9b1afd9b,USER_00099,No Coffee Challenge,2023-08-01 00:00:00,2023-08-31 23:59:59,Active
CHAL_f76268be,USER_01021,No Coffee Challenge,2023-08-01 00:00:00,2023-08-31 23:59:59,Active
CHAL_c3d80feb,USER_01021,No Midnight Spending Challenge,2023-08-01 00:00:00,2023-08-31 23:59:59,Active
CHAL_3ce6572a,USER_06757,No Midnight Spending Challenge,2023-08-01 00:00:00,2023-08-31 23:59:59,Active
CHAL_d41cd34a,USER_06757,No Coffee Challenge,2023-08-01 00:00:00,2023-08-31 23:59:59,Active
CHAL_4574b897,USER_05853,No Coffee Challenge,2023-08-01 00:00:00,2023-08-31 23:59:59,Active
CHAL_f76c4fed,USER_05853,No Midnight Spending Challenge,2023-08-01 00:00:00,2023-08-31 23:59:59,Active
CHAL_3d0d4cc6,USER_08117,No Midnight Spending Challenge,2023-08-01 00:00:00,2023-08-31 23:59:59,Active
CHAL_e199056d,USER_04873,No Coffee Challenge,2023-08-01 00:00:00,2023-08-31 23:59:59,Active
CHAL_5534c84d,USER_04873,No Midnight Spending Challenge,2023-08-01 00:00:00,2023-08-31 23:59:59,Active
CHAL_c444840f,USER_02032,No Coffee Challenge,2023-08-01 00:00:00,2023-08-31 23:59:59,Active
CHAL_abbd81cb,USER_02032,No Midnight Spending Challenge,2023-08-01 00:00:00,2023-08-31 23:59:59,Active
CHAL_f21142ab,USER_03115,No Coffee Challenge,2023-08-01 00:00:00,2023-08-31 23:59:59,Active
CHAL_11a9251b,USER_04527,No Coffee Challenge,2023-08-01 00:00:00,2023-08-31 23:59:59,Active
CHAL_73d476f9,USER_04527,No Midnight Spending Challenge,2023-08-01 00:00:00,2023-08-31 23:59:59,Active
CHAL_14fadee4,USER_00590,No Midnight Spending Challenge,2023-08-01 00:00:00,2023-08-31 23:59:59,Active
CHAL_5b45631e,USER_05141,No Midnight Spending Challenge,2023-08-01 00:00:00,2023-08-31 23:59:59,Active
CHAL_45ae9a52,USER_05141,No Coffee Challenge,2023-08-01 00:00:00,2023-08-31 23:59:59,Active
CHAL_39f9cd03,USER_09482,No Coffee Challenge,2023-08-01 00:00:00,2023-08-31 23:59:59,Active
CHAL_e4aeb1cd,USER_05939,No Midnight Spending Challenge,2023-08-01 00:00:00,2023-08-31 23:59:59,Active
CHAL_7bad7d72,USER_05939,No Coffee Challenge,2023-08-01 00:00:00,2023-08-31 23:59:59,Active
CHAL_55e0d804,USER_00196,No Coffee Challenge,2023-08-01 00:00:00,2023-08-31 23:59:59,Active
CHAL_d53026d5,USER_05162,No Coffee Challenge,2023-08-01 00:00:00,2023-08-31 23:59:59,Active
CHAL_f1eea398,USER_09782,No Midnight Spending Challenge,2023-08-01 00:00:00,2023-08-31 23:59:59,Active
CHAL_ed03400c,USER_06650,No Midnight Spending Challenge,2023-08-01 00:00:00,2023-08-31 23:59:59,Active
CHAL_bf8af5fb,USER_06650,No Coffee Challenge,2023-08-01 00:00:00,2023-08-31 23:59:59,Active
CHAL_4f63df7f,USER_06591,No Midnight Spending Challenge,2023-08-01 00:00:00,2023-08-31 23:59:59,Active
CHAL_8a598fa6,USER_06591,No Coffee Challenge,2023-08-01 00:00:00,2023-08-31 23:59:59,Active
CHAL_54690075,USER_07729,No Midnight Spending Challenge,2023-08-01 00:00:00,2023-08-31 23:59:59,Active
CHAL_04907716,USER_02756,No Coffee Challenge,2023-08-01 00:00:00,2023-08-31 23:59:59,Active
CHAL_a9f47667,USER_04787,No Coffee Challenge,2023-08-01 00:00:00,2023-08-31 23:59:59,Active
CHAL_5ac59dd9,USER_04787,No Midnight Spending Challenge,2023-08-01 00:00:00,2023-08-31 23:59:59,Active
CHAL_a6671ddb,USER_01682,No Midnight Spending Challenge,2023-08-01 00:00:00,2023-08-31 23:59:59,Active
CHAL_b43f87bd,USER_01480,No Midnight Spending Challenge,2023-08-01 00:00:00,2023-08-31 23:59:59,Active
CHAL_05ad465b,USER_06211,No Coffee Challenge,2023-08-01 00:00:00,2023-08-31 23:59:59,Active
CHAL_381f5cca,USER_06211,No Midnight Spending Challenge,2023-08-01 00:00:00,2023-08-31 23:59:59,Active
CHAL_a685e5d9,USER_06277,No Coffee Challenge,2023-08-01 00:00:00,2023-08-31 23:59:59,Active
CHAL_dede6ff8,USER_09597,No Midnight Spending Challenge,2023-08-01 00:00:00,2023-08-31 23:59:59,Active
CHAL_dafb706a,USER_08897,No Coffee Challenge,2023-08-01 00:00:00,2023-08-31 23:59:59,Active
CHAL_f3bcd8f9,USER_08897,No Midnight Spending Challenge,2023-08-01 00:00:00,2023-08-31 23:59:59,Active
CHAL_8dbfe024,USER_00295,No Midnight Spending Challenge,2023-08-01 00:00:00,2023-08-31 23:59:59,Active
CHAL_d4a138d5,USER_03290,No Midnight Spending Challenge,2023-08-01 00:00:00,2023-08-31 23:59:59,Active
CHAL_baaa47e9,USER_00420,No Coffee Challenge,2023-08-01 00:00:00,2023-08-31 23:59:59,Active
CHAL_d2e792c4,USER_03188,No Coffee Challenge,2023-08-01 00:00:00,2023-08-31 23:59:59,Active
CHAL_442e0dfc,USER_01991,No Coffee Challenge,2023-08-01 00:00:00,2023-08-31 23:59:59,Active
CHAL_3bedb954,USER_04779,No Coffee Challenge,2023-08-01 00:00:00,2023-08-31 23:59:59,Active
CHAL_14253b79,USER_09875,No Coffee Challenge,2023-08-01 00:00:00,2023-08-31 23:59:59,Active
CHAL_23457779,USER_09875,No Midnight Spending Challenge,2023-08-01 00:00:00,2023-08-31 23:59:59,Active
CHAL_ea274cf0,USER_09630,No Coffee Challenge,2023-08-01 00:00:00,2023-08-31 23:59:59,Active
CHAL_b0a6a09d,USER_08035,No Midnight Spending Challenge,2023-08-01 00:00:00,2023-08-31 23:59:59,Active
CHAL_b44a655b,USER_08035,No Coffee Challenge,2023-08-01 00:00:00,2023-08-31 23:59:59,Active
CHAL_b38aef50,USER_05962,No Coffee Challenge,2023-08-01 00:00:00,2023-08-31 23:59:59,Active
CHAL_59b7abc5,USER_05448,No Midnight Spending Challenge,2023-08-01 00:00:00,2023-08-31 23:59:59,Active
CHAL_e5075bc2,USER_05448,No Coffee Challenge,2023-08-01 00:00:00,2023-08-31 23:59:59,Active
CHAL_a0bc203a,USER_09753,No Midnight Spending Challenge,2023-08-01 00:00:00,2023-08-31 23:59:59,Active
CHAL_0f4a5e7f,USER_06808,No Midnight Spending Challenge,2023-08-01 00:00:00,2023-08-31 23:59:59,Active
CHAL_ceeca0e9,USER_06808,No Coffee Challenge,2023-08-01 00:00:00,2023-08-31 23:59:59,Active
CHAL_c7b7e166,USER_01878,No Coffee Challenge,2023-08-01 00:00:00,2023-08-31 23:59:59,Active
CHAL_218d2aa6,USER_01878,No Midnight Spending Challenge,2023-08-01 00:00:00,2023-08-31 23:59:59,Active
CHAL_31d2b839,USER_04495,No Midnight Spending Challenge,2023-08-01 00:00:00,2023-08-31 23:59:59,Active
CHAL_6fdd51be,USER_01879,No Midnight Spending Challenge,2023-08-01 00:00:00,2023-08-31 23:59:59,Active
CHAL_8430bae1,USER_06350,No Midnight Spending Challenge,2023-08-01 00:00:00,2023-08-31 23:59:59,Active
CHAL_ef3b8771,USER_06350,No Coffee Challenge,2023-08-01 00:00:00,2023-08-31 23:59:59,Active
CHAL_02c0a66f,USER_09852,No Midnight Spending Challenge,2023-08-01 00:00:00,2023-08-31 23:59:59,Active
CHAL_d36e6a78,USER_09870,No Midnight Spending Challenge,2023-08-01 00:00:00,2023-08-31 23:59:59,Active
CHAL_0849e413,USER_09870,No Coffee Challenge,2023-08-01 00:00:00,2023-08-31 23:59:59,Active
CHAL_56851def,USER_08656,No Midnight Spending Challenge,2023-08-01 00:00:00,2023-08-31 23:59:59,Active
CHAL_ab31d56b,USER_08754,No Midnight Spending Challenge,2023-08-01 00:00:00,2023-08-31 23:59:59,Active
CHAL_16b0a699,USER_08754,No Coffee Challenge,2023-08-01 00:00:00,2023-08-31 23:59:59,Active
CHAL_6cb01493,USER_00848,No Coffee Challenge,2023-08-01 00:00:00,2023-08-31 23:59:59,Active
CHAL_edd41820,USER_04905,No Midnight Spending Challenge,2023-08-01 00:00:00,2023-08-31 23:59:59,Active
CHAL_0b0b7d42,USER_04905,No Coffee Challenge,2023-08-01 00:00:00,2023-08-31 23:59:59,Active
CHAL_7175550d,USER_02273,No Midnight Spending Challenge,2023-08-01 00:00:00,2023-08-31 23:59:59,Active
CHAL_c62fc595,USER_02273,No Coffee Challenge,2023-08-01 00:00:00,2023-08-31 23:59:59,Active
CHAL_7c067d5b,USER_06602,No Midnight Spending Challenge,2023-08-01 00:00:00,2023-08-31 23:59:59,Active
CHAL_d040eec3,USER_05339,No Coffee Challenge,2023-08-01 00:00:00,2023-08-31 23:59:59,Active
CHAL_dc4d2447,USER_05339,No Midnight Spending Challenge,2023-08-01 00:00:00,2023-08-31 23:59:59,Active
CHAL_528f1f41,USER_04907,No Midnight Spending Challenge,2023-08-01 00:00:00,2023-08-31 23:59:59,Active
CHAL_15bd4780,USER_04907,No Coffee Challenge,2023-08-01 00:00:00,2023-08-31 23:59:59,Active
CHAL_f7cee65f,USER_06670,No Midnight Spending Challenge,2023-08-01 00:00:00,2023-08-31 23:59:59,Active
CHAL_7fcd7957,USER_06670,No Coffee Challenge,2023-08-01 00:00:00,2023-08-31 23:59:59,Active
CHAL_9f5b97b3,USER_05359,No Midnight Spending Challenge,2023-08-01 00:00:00,2023-08-31 23:59:59,Active
CHAL_90f07ab8,USER_05359,No Coffee Challenge,2023-08-01 00:00:00,2023-08-31 23:59:59,Active
CHAL_eccc55a2,USER_01092,No Coffee Challenge,2023-08-01 00:00:00,2023-08-31 23:59:59,Active
CHAL_2c27c587,USER_05729,No Coffee Challenge,2023-08-01 00:00:00,2023-08-31 23:59:59,Active
CHAL_66cdb648,USER_02807,No Midnight Spending Challenge,2023-08-01 00:00:00,2023-08-31 23:59:59,Active
CHAL_509b3f16,USER_02807,No Coffee Challenge,2023-08-01 00:00:00,2023-08-31 23:59:59,Active
CHAL_7db7719b,USER_04334,No Midnight Spending Challenge,2023-08-01 00:00:00,2023-08-31 23:59:59,Active
CHAL_a4d5645b,USER_04747,No Coffee Challenge,2023-08-01 00:00:00,2023-08-31 23:59:59,Active
CHAL_a79da983,USER_05649,No Midnight Spending Challenge,2023-08-01 00:00:00,2023-08-31 23:59:59,Active
CHAL_9f893e50,USER_00633,No Coffee Challenge,2023-08-01 00:00:00,2023-08-31 23:59:59,Active
CHAL_d149025a,USER_02122,No Midnight Spending Challenge,2023-08-01 00:00:00,2023-08-31 23:59:59,Active
CHAL_5c1879cb,USER_02122,No Coffee Challenge,2023-08-01 00:00:00,2023-08-31 23:59:59,Active
CHAL_20d3ba60,USER_00416,No Coffee Challenge,2023-08-01 00:00:00,2023-08-31 23:59:59,Active
CHAL_5fd1fd36,USER_00416,No Midnight Spending Challenge,2023-08-01 00:00:00,2023-08-31 23:59:59,Active
CHAL_a886d303,USER_01316,No Coffee Challenge,2023-08-01 00:00:00,2023-08-31 23:59:59,Active
CHAL_61ffe271,USER_09466,No Midnight Spending Challenge,2023-08-01 00:00:00,2023-08-31 23:59:59,Active
CHAL_cc80a483,USER_09466,No Coffee Challenge,2023-08-01 00:00:00,2023-08-31 23:59:59,Active
CHAL_d8a19915,USER_07122,No Midnight Spending Challenge,2023-08-01 00:00:00,2023-08-31 23:59:59,Active
CHAL_314db104,USER_07122,No Coffee Challenge,2023-08-01 00:00:00,2023-08-31 23:59:59,Active
CHAL_a0bc2a4a,USER_03719,No Coffee Challenge,2023-08-01 00:00:00,2023-08-31 23:59:59,Active
CHAL_a8b6df01,USER_01308,No Midnight Spending Challenge,2023-08-01 00:00:00,2023-08-31 23:59:59,Active
CHAL_acf13343,USER_01308,No Coffee Challenge,2023-08-01 00:00:00,2023-08-31 23:59:59,Active
CHAL_2880f504,USER_00512,No Coffee Challenge,2023-08-01 00:00:00,2023-08-31 23:59:59,Active
CHAL_f71e7631,USER_00512,No Midnight Spending Challenge,2023-08-01 00:00:00,2023-08-31 23:59:59,Active
CHAL_f008a172,USER_08295,No Coffee Challenge,2023-08-01 00:00:00,2023-08-31 23:59:59,Active
CHAL_675812a1,USER_02420,No Coffee Challenge,2023-08-01 00:00:00,2023-08-31 23:59:59,Active
CHAL_c0ee3179,USER_02420,No Midnight Spending Challenge,2023-08-01 00:00:00,2023-08-31 23:59:59,Active
CHAL_7789708e,USER_01460,No Coffee Challenge,2023-08-01 00:00:00,2023-08-31 23:59:59,Active
CHAL_a77f0f3c,USER_02033,No Midnight Spending Challenge,2023-08-01 00:00:00,2023-08-31 23:59:59,Active
CHAL_fd5df6de,USER_02033,No Coffee Challenge,2023-08-01 00:00:00,2023-08-31 23:59:59,Active
CHAL_981fcac2,USER_06412,No Midnight Spending Challenge,2023-08-01 00:00:00,2023-08-31 23:59:59,Active
CHAL_b2c3412b,USER_05749,No Coffee Challenge,2023-08-01 00:00:00,2023-08-31 23:59:59,Active
CHAL_69a262c5,USER_05749,No Midnight Spending Challenge,2023-08-01 00:00:00,2023-08-31 23:59:59,Active
CHAL_54f3ca42,USER_08405,No Coffee Challenge,2023-08-01 00:00:00,2023-08-31 23:59:59,Active
CHAL_5b17983c,USER_06031,No Midnight Spending Challenge,2023-08-01 00:00:00,2023-08-31 23:59:59,Active
CHAL_b97d01ed,USER_06031,No Coffee Challenge,2023-08-01 00:00:00,2023-08-31 23:59:59,Active
CHAL_54de1ba9,USER_04155,No Midnight Spending Challenge,2023-08-01 00:00:00,2023-08-31 23:59:59,Active
CHAL_ee05eca3,USER_00149,No Coffee Challenge,2023-08-01 00:00:00,2023-08-31 23:59:59,Active
CHAL_b75cd16c,USER_00149,No Midnight Spending Challenge,2023-08-01 00:00:00,2023-08-31 23:59:59,Active
CHAL_19221d78,USER_07966,No Coffee Challenge,2023-08-01 00:00:00,2023-08-31 23:59:59,Active
CHAL_f3845e8c,USER_06413,No Coffee Challenge,2023-08-01 00:00:00,2023-08-31 23:59:59,Active
CHAL_812ad07f,USER_06413,No Midnight Spending Challenge,2023-08-01 00:00:00,2023-08-31 23:59:59,Active
CHAL_c008243e,USER_05858,No Midnight Spending Challenge,2023-08-01 00:00:00,2023-08-31 23:59:59,Active
CHAL_e42184d6,USER_00795,No Coffee Challenge,2023-08-01 00:00:00,2023-08-31 23:59:59,Active
CHAL_516a7a8d,USER_04702,No Coffee Challenge,2023-08-01 00:00:00,2023-08-31 23:59:59,Active
CHAL_d4013fe6,USER_07618,No Midnight Spending Challenge,2023-08-01 00:00:00,2023-08-31 23:59:59,Active
CHAL_2e773751,USER_00361,No Midnight Spending Challenge,2023-08-01 00:00:00,2023-08-31 23:59:59,Active
CHAL_35deb7bb,USER_06899,No Midnight Spending Challenge,2023-08-01 00:00:00,2023-08-31 23:59:59,Active
CHAL_70d7ec60,USER_06899,No Coffee Challenge,2023-08-01 00:00:00,2023-08-31 23:59:59,Active
CHAL_0d907ac4,USER_08290,No Midnight Spending Challenge,2023-08-01 00:00:00,2023-08-31 23:59:59,Active
CHAL_ac6bd5a2,USER_07127,No Coffee Challenge,2023-08-01 00:00:00,2023-08-31 23:59:59,Active
CHAL_3270024c,USER_07127,No Midnight Spending Challenge,2023-08-01 00:00:00,2023-08-31 23:59:59,Active
CHAL_76e6f93a,USER_02139,No Coffee Challenge,2023-08-01 00:00:00,2023-08-31 23:59:59,Active
CHAL_5fec3f90,USER_07253,No Coffee Challenge,2023-08-01 00:00:00,2023-08-31 23:59:59,Active
CHAL_1b9322aa,USER_01855,No Coffee Challenge,2023-08-01 00:00:00,2023-08-31 23:59:59,Active
CHAL_ddbb95ae,USER_08634,No Coffee Challenge,2023-08-01 00:00:00,2023-08-31 23:59:59,Active
CHAL_9cfc68e8,USER_08634,No Midnight Spending Challenge,2023-08-01 00:00:00,2023-08-31 23:59:59,Active
CHAL_32fd5dd8,USER_03873,No Coffee Challenge,2023-08-01 00:00:00,2023-08-31 23:59:59,Active
CHAL_c138315d,USER_06085,No Coffee Challenge,2023-08-01 00:00:00,2023-08-31 23:59:59,Active
CHAL_5c50abf6,USER_06085,No Midnight Spending Challenge,2023-08-01 00:00:00,2023-08-31 23:59:59,Active
CHAL_492da682,USER_00855,No Midnight Spending Challenge,2023-08-01 00:00:00,2023-08-31 23:59:59,Active
CHAL_5a2445e3,USER_05925,No Coffee Challenge,2023-08-01 00:00:00,2023-08-31 23:59:59,Active
CHAL_55056f4d,USER_01988,No Coffee Challenge,2023-08-01 00:00:00,2023-08-31 23:59:59,Active
CHAL_b08295fd,USER_01286,No Coffee Challenge,2023-08-01 00:00:00,2023-08-31 23:59:59,Active
CHAL_6bff13a1,USER_00117,No Midnight Spending Challenge,2023-08-01 00:00:00,2023-08-31 23:59:59,Active
CHAL_ac911aa9,USER_00117,No Coffee Challenge,2023-08-01 00:00:00,2023-08-31 23:59:59,Active
CHAL_6282d5ed,USER_05850,No Coffee Challenge,2023-08-01 00:00:00,2023-08-31 23:59:59,Active
CHAL_ef544014,USER_01907,No Coffee Challenge,2023-08-01 00:00:00,2023-08-31 23:59:59,Active
CHAL_23727fdd,USER_01907,No Midnight Spending Challenge,2023-08-01 00:00:00,2023-08-31 23:59:59,Active
CHAL_3afa59f3,USER_03782,No Coffee Challenge,2023-08-01 00:00:00,2023-08-31 23:59:59,Active
CHAL_a8b19bf6,USER_03782,No Midnight Spending Challenge,2023-08-01 00:00:00,2023-08-31 23:59:59,Active
CHAL_bc9e60b1,USER_00570,No Midnight Spending Challenge,2023-08-01 00:00:00,2023-08-31 23:59:59,Active
CHAL_1b67d4b6,USER_03601,No Coffee Challenge,2023-08-01 00:00:00,2023-08-31 23:59:59,Active
CHAL_957a8a23,USER_03601,No Midnight Spending Challenge,2023-08-01 00:00:00,2023-08-31 23:59:59,Active
CHAL_7cc4ff64,USER_05031,No Midnight Spending Challenge,2023-08-01 00:00:00,2023-08-31 23:59:59,Active
CHAL_67e340d5,USER_08998,No Midnight Spending Challenge,2023-08-01 00:00:00,2023-08-31 23:59:59,Active
CHAL_edd33bfd,USER_08998,No Coffee Challenge,2023-08-01 00:00:00,2023-08-31 23:59:59,Active
CHAL_f880a565,USER_09485,No Midnight Spending Challenge,2023-08-01 00:00:00,2023-08-31 23:59:59,Active
CHAL_65acf3ef,USER_02965,No Midnight Spending Challenge,2023-08-01 00:00:00,2023-08-31 23:59:59,Active
CHAL_99cb10dd,USER_02459,No Coffee Challenge,2023-08-01 00:00:00,2023-08-31 23:59:59,Active
CHAL_9868c6e5,USER_02459,No Midnight Spending Challenge,2023-08-01 00:00:00,2023-08-31 23:59:59,Active
CHAL_5499b95b,USER_06559,No Coffee Challenge,2023-08-01 00:00:00,2023-08-31 23:59:59,Active
CHAL_567b8902,USER_06559,No Midnight Spending Challenge,2023-08-01 00:00:00,2023-08-31 23:59:59,Active
CHAL_4abeaf53,USER_05835,No Midnight Spending Challenge,2023-08-01 00:00:00,2023-08-31 23:59:59,Active
CHAL_0ab0e662,USER_05835,No Coffee Challenge,2023-08-01 00:00:00,2023-08-31 23:59:59,Active
CHAL_74b9c8cd,USER_04783,No Midnight Spending Challenge,2023-08-01 00:00:00,2023-08-31 23:59:59,Active
CHAL_650f2f6b,USER_04783,No Coffee Challenge,2023-08-01 00:00:00,2023-08-31 23:59:59,Active
CHAL_6f0fd0f1,USER_02026,No Coffee Challenge,2023-08-01 00:00:00,2023-08-31 23:59:59,Active
CHAL_2aade0ac,USER_01911,No Midnight Spending Challenge,2023-08-01 00:00:00,2023-08-31 23:59:59,Active
CHAL_5cde9bc5,USER_01911,No Coffee Challenge,2023-08-01 00:00:00,2023-08-31 23:59:59,Active
CHAL_0124eaba,USER_03501,No Coffee Challenge,2023-08-01 00:00:00,2023-08-31 23:59:59,Active
CHAL_55c543af,USER_05353,No Coffee Challenge,2023-08-01 00:00:00,2023-08-31 23:59:59,Active
CHAL_7760286e,USER_05353,No Midnight Spending Challenge,2023-08-01 00:00:00,2023-08-31 23:59:59,Active
CHAL_8a24716d,USER_07018,No Coffee Challenge,2023-08-01 00:00:00,2023-08-31 23:59:59,Active
CHAL_f041080c,USER_07018,No Midnight Spending Challenge,2023-08-01 00:00:00,2023-08-31 23:59:59,Active
CHAL_6c8a5be5,USER_08537,No Coffee Challenge,2023-08-01 00:00:00,2023-08-31 23:59:59,Active
CHAL_0fe110f5,USER_06752,No Midnight Spending Challenge,2023-08-01 00:00:00,2023-08-31 23:59:59,Active
CHAL_467f801c,USER_06752,No Coffee Challenge,2023-08-01 00:00:00,2023-08-31 23:59:59,Active
CHAL_93e71f20,USER_08406,No Coffee Challenge,2023-08-01 00:00:00,2023-08-31 23:59:59,Active
CHAL_8f00fba5,USER_09473,No Coffee Challenge,2023-08-01 00:00:00,2023-08-31 23:59:59,Active
CHAL_cc4a063b,USER_05263,No Midnight Spending Challenge,2023-08-01 00:00:00,2023-08-31 23:59:59,Active
CHAL_85063251,USER_05263,No Coffee Challenge,2023-08-01 00:00:00,2023-08-31 23:59:59,Active
CHAL_9c62e458,USER_08302,No Midnight Spending Challenge,2023-08-01 00:00:00,2023-08-31 23:59:59,Active
CHAL_bceda535,USER_08302,No Coffee Challenge,2023-08-01 00:00:00,2023-08-31 23:59:59,Active
CHAL_0596a121,USER_07549,No Midnight Spending Challenge,2023-08-01 00:00:00,2023-08-31 23:59:59,Active
CHAL_21b26891,USER_07549,No Coffee Challenge,2023-08-01 00:00:00,2023-08-31 23:59:59,Active
CHAL_521728a8,USER_02911,No Coffee Challenge,2023-08-01 00:00:00,2023-08-31 23:59:59,Active
CHAL_b03e611b,USER_02782,No Coffee Challenge,2023-08-01 00:00:00,2023-08-31 23:59:59,Active
CHAL_b00db6e2,USER_02782,No Midnight Spending Challenge,2023-08-01 00:00:00,2023-08-31 23:59:59,Active
CHAL_d0c08c47,USER_07751,No Coffee Challenge,2023-08-01 00:00:00,2023-08-31 23:59:59,Active
CHAL_30dd1ebf,USER_07751,No Midnight Spending Challenge,2023-08-01 00:00:00,2023-08-31 23:59:59,Active
CHAL_c3b6225b,USER_08710,No Coffee Challenge,2023-08-01 00:00:00,2023-08-31 23:59:59,Active
CHAL_035046c7,USER_03934,No Midnight Spending Challenge,2023-08-01 00:00:00,2023-08-31 23:59:59,Active
CHAL_0a5c8c48,USER_00568,No Midnight Spending Challenge,2023-08-01 00:00:00,2023-08-31 23:59:59,Active
CHAL_2d7dbb0a,USER_02449,No Coffee Challenge,2023-08-01 00:00:00,2023-08-31 23:59:59,Active
CHAL_1bb8bbd8,USER_02449,No Midnight Spending Challenge,2023-08-01 00:00:00,2023-08-31 23:59:59,Active
CHAL_6a054af7,USER_09935,No Midnight Spending Challenge,2023-08-01 00:00:00,2023-08-31 23:59:59,Active
CHAL_e43b1f80,USER_09935,No Coffee Challenge,2023-08-01 00:00:00,2023-08-31 23:59:59,Active
CHAL_68525270,USER_02601,No Midnight Spending Challenge,2023-08-01 00:00:00,2023-08-31 23:59:59,Active
CHAL_f849d8ec,USER_02601,No Coffee Challenge,2023-08-01 00:00:00,2023-08-31 23:59:59,Active
CHAL_46c80f64,USER_03557,No Midnight Spending Challenge,2023-08-01 00:00:00,2023-08-31 23:59:59,Active
CHAL_7ca35f57,USER_05738,No Coffee Challenge,2023-08-01 00:00:00,2023-08-31 23:59:59,Active
CHAL_eff1b187,USER_06185,No Midnight Spending Challenge,2023-08-01 00:00:00,2023-08-31 23:59:59,Active
CHAL_041e0062,USER_06185,No Coffee Challenge,2023-08-01 00:00:00,2023-08-31 23:59:59,Active
CHAL_9448e36b,USER_03904,No Coffee Challenge,2023-08-01 00:00:00,2023-08-31 23:59:59,Active
CHAL_40705555,USER_03904,No Midnight Spending Challenge,2023-08-01 00:00:00,2023-08-31 23:59:59,Active
CHAL_622aea63,USER_00308,No Midnight Spending Challenge,2023-08-01 00:00:00,2023-08-31 23:59:59,Active
CHAL_019aa4f0,USER_04270,No Coffee Challenge,2023-08-01 00:00:00,2023-08-31 23:59:59,Active
CHAL_7c2c83bd,USER_04270,No Midnight Spending Challenge,2023-08-01 00:00:00,2023-08-31 23:59:59,Active
CHAL_ad277add,USER_01055,No Midnight Spending Challenge,2023-08-01 00:00:00,2023-08-31 23:59:59,Active
CHAL_c7012f23,USER_05692,No Coffee Challenge,2023-08-01 00:00:00,2023-08-31 23:59:59,Active
CHAL_1177a584,USER_06054,No Midnight Spending Challenge,2023-08-01 00:00:00,2023-08-31 23:59:59,Active
CHAL_508c6068,USER_06054,No Coffee Challenge,2023-08-01 00:00:00,2023-08-31 23:59:59,Active
CHAL_bccf4b0a,USER_03357,No Midnight Spending Challenge,2023-08-01 00:00:00,2023-08-31 23:59:59,Active
CHAL_aa786ab5,USER_03357,No Coffee Challenge,2023-08-01 00:00:00,2023-08-31 23:59:59,Active
CHAL_1900e8d7,USER_02348,No Midnight Spending Challenge,2023-08-01 00:00:00,2023-08-31 23:59:59,Active
CHAL_7de39228,USER_02348,No Coffee Challenge,2023-08-01 00:00:00,2023-08-31 23:59:59,Active
CHAL_b1d53c0b,USER_01968,No Coffee Challenge,2023-08-01 00:00:00,2023-08-31 23:59:59,Active
CHAL_ea6075e3,USER_01968,No Midnight Spending Challenge,2023-08-01 00:00:00,2023-08-31 23:59:59,Active
CHAL_e6e0bfa3,USER_06795,No Midnight Spending Challenge,2023-08-01 00:00:00,2023-08-31 23:59:59,Active
CHAL_a36b7868,USER_06795,No Coffee Challenge,2023-08-01 00:00:00,2023-08-31 23:59:59,Active
CHAL_354b2ca6,USER_01782,No Coffee Challenge,2023-08-01 00:00:00,2023-08-31 23:59:59,Active
CHAL_6135c793,USER_08437,No Coffee Challenge,2023-08-01 00:00:00,2023-08-31 23:59:59,Active
CHAL_971ef9d6,USER_04482,No Coffee Challenge,2023-08-01 00:00:00,2023-08-31 23:59:59,Active
CHAL_de2f1165,USER_04482,No Midnight Spending Challenge,2023-08-01 00:00:00,2023-08-31 23:59:59,Active
CHAL_e83d3495,USER_07167,No Midnight Spending Challenge,2023-08-01 00:00:00,2023-08-31 23:59:59,Active
CHAL_fb12a77c,USER_07167,No Coffee Challenge,2023-08-01 00:00:00,2023-08-31 23:59:59,Active
CHAL_2c049bd6,USER_07590,No Midnight Spending Challenge,2023-08-01 00:00:00,2023-08-31 23:59:59,Active
CHAL_d3ce2dad,USER_07590,No Coffee Challenge,2023-08-01 00:00:00,2023-08-31 23:59:59,Active
CHAL_e3c6af3b,USER_09040,No Midnight Spending Challenge,2023-08-01 00:00:00,2023-08-31 23:59:59,Active
CHAL_68e7af1b,USER_09040,No Coffee Challenge,2023-08-01 00:00:00,2023-08-31 23:59:59,Active
CHAL_69f33064,USER_00240,No Midnight Spending Challenge,2023-08-01 00:00:00,2023-08-31 23:59:59,Active
CHAL_8e47942b,USER_00240,No Coffee Challenge,2023-08-01 00:00:00,2023-08-31 23:59:59,Active
CHAL_6c302c9e,USER_09373,No Midnight Spending Challenge,2023-08-01 00:00:00,2023-08-31 23:59:59,Active
CHAL_9d235e8c,USER_03382,No Midnight Spending Challenge,2023-08-01 00:00:00,2023-08-31 23:59:59,Active
CHAL_9746e792,USER_03382,No Coffee Challenge,2023-08-01 00:00:00,2023-08-31 23:59:59,Active
CHAL_6c44eddf,USER_04367,No Midnight Spending Challenge,2023-08-01 00:00:00,2023-08-31 23:59:59,Active
CHAL_b2712137,USER_04367,No Coffee Challenge,2023-08-01 00:00:00,2023-08-31 23:59:59,Active
CHAL_c8616139,USER_08163,No Coffee Challenge,2023-08-01 00:00:00,2023-08-31 23:59:59,Active
CHAL_56a1bc61,USER_03035,No Coffee Challenge,2023-08-01 00:00:00,2023-08-31 23:59:59,Active
CHAL_df6b7d47,USER_00932,No Midnight Spending Challenge,2023-08-01 00:00:00,2023-08-31 23:59:59,Active
CHAL_c1fb764b,USER_03128,No Coffee Challenge,2023-08-01 00:00:00,2023-08-31 23:59:59,Active
CHAL_9779ff41,USER_05436,No Midnight Spending Challenge,2023-08-01 00:00:00,2023-08-31 23:59:59,Active
CHAL_87eba2c7,USER_06872,No Midnight Spending Challenge,2023-08-01 00:00:00,2023-08-31 23:59:59,Active
CHAL_452aafed,USER_09029,No Midnight Spending Challenge,2023-08-01 00:00:00,2023-08-31 23:59:59,Active
CHAL_c52a6f3c,USER_09029,No Coffee Challenge,2023-08-01 00:00:00,2023-08-31 23:59:59,Active
CHAL_b82f4d98,USER_09624,No Coffee Challenge,2023-08-01 00:00:00,2023-08-31 23:59:59,Active
CHAL_9108481c,USER_09624,No Midnight Spending Challenge,2023-08-01 00:00:00,2023-08-31 23:59:59,Active
CHAL_d1ffa5db,USER_06544,No Midnight Spending Challenge,2023-08-01 00:00:00,2023-08-31 23:59:59,Active
CHAL_53ef2d53,USER_06544,No Coffee Challenge,2023-08-01 00:00:00,2023-08-31 23:59:59,Active
CHAL_811955dd,USER_09951,No Midnight Spending Challenge,2023-08-01 00:00:00,2023-08-31 23:59:59,Active
CHAL_9a61e890,USER_09492,No Coffee Challenge,2023-08-01 00:00:00,2023-08-31 23:59:59,Active
CHAL_4d0e58de,USER_05847,No Midnight Spending Challenge,2023-08-01 00:00:00,2023-08-31 23:59:59,Active
CHAL_8a3214cc,USER_05847,No Coffee Challenge,2023-08-01 00:00:00,2023-08-31 23:59:59,Active
CHAL_205ee4f5,USER_00052,No Midnight Spending Challenge,2023-08-01 00:00:00,2023-08-31 23:59:59,Active
CHAL_302a364d,USER_01534,No Midnight Spending Challenge,2023-08-01 00:00:00,2023-08-31 23:59:59,Active
CHAL_0bf250f9,USER_07927,No Midnight Spending Challenge,2023-08-01 00:00:00,2023-08-31 23:59:59,Active
CHAL_d4b129fb,USER_03515,No Coffee Challenge,2023-08-01 00:00:00,2023-08-31 23:59:59,Active
CHAL_1fb87187,USER_09997,No Midnight Spending Challenge,2023-08-01 00:00:00,2023-08-31 23:59:59,Active
CHAL_5c60cb2e,USER_01655,No Midnight Spending Challenge,2023-08-01 00:00:00,2023-08-31 23:59:59,Active
CHAL_bf2e9388,USER_05996,No Midnight Spending Challenge,2023-08-01 00:00:00,2023-08-31 23:59:59,Active
CHAL_90a49d93,USER_05996,No Coffee Challenge,2023-08-01 00:00:00,2023-08-31 23:59:59,Active
CHAL_176360ad,USER_09019,No Midnight Spending Challenge,2023-08-01 00:00:00,2023-08-31 23:59:59,Active
CHAL_7c56632f,USER_06711,No Coffee Challenge,2023-08-01 00:00:00,2023-08-31 23:59:59,Active
CHAL_2e1a4b52,USER_06711,No Midnight Spending Challenge,2023-08-01 00:00:00,2023-08-31 23:59:59,Active
CHAL_9bd82209,USER_08773,No Coffee Challenge,2023-08-01 00:00:00,2023-08-31 23:59:59,Active
CHAL_ce128c2f,USER_08773,No Midnight Spending Challenge,2023-08-01 00:00:00,2023-08-31 23:59:59,Active
CHAL_f35e1f48,USER_09765,No Coffee Challenge,2023-08-01 00:00:00,2023-08-31 23:59:59,Active
CHAL_f439de7b,USER_05618,No Midnight Spending Challenge,2023-08-01 00:00:00,2023-08-31 23:59:59,Active
CHAL_0221b675,USER_04723,No Coffee Challenge,2023-08-01 00:00:00,2023-08-31 23:59:59,Active
CHAL_3fcbf7f5,USER_00239,No Coffee Challenge,2023-08-01 00:00:00,2023-08-31 23:59:59,Active
CHAL_221d2e86,USER_01710,No Midnight Spending Challenge,2023-08-01 00:00:00,2023-08-31 23:59:59,Active
CHAL_0a432f4f,USER_05010,No Coffee Challenge,2023-08-01 00:00:00,2023-08-31 23:59:59,Active
CHAL_b002a264,USER_05010,No Midnight Spending Challenge,2023-08-01 00:00:00,2023-08-31 23:59:59,Active
CHAL_6a3b64fd,USER_02256,No Midnight Spending Challenge,2023-08-01 00:00:00,2023-08-31 23:59:59,Active
CHAL_1a66c99b,USER_06193,No Coffee Challenge,2023-08-01 00:00:00,2023-08-31 23:59:59,Active
CHAL_a7ccec70,USER_02151,No Midnight Spending Challenge,2023-08-01 00:00:00,2023-08-31 23:59:59,Active
CHAL_48c5d6e4,USER_04967,No Midnight Spending Challenge,2023-08-01 00:00:00,2023-08-31 23:59:59,Active
CHAL_bd739625,USER_08434,No Coffee Challenge,2023-08-01 00:00:00,2023-08-31 23:59:59,Active
CHAL_ce8cba03,USER_01866,No Coffee Challenge,2023-08-01 00:00:00,2023-08-31 23:59:59,Active
CHAL_ceef6886,USER_01070,No Coffee Challenge,2023-08-01 00:00:00,2023-08-31 23:59:59,Active
CHAL_cf542a9a,USER_01070,No Midnight Spending Challenge,2023-08-01 00:00:00,2023-08-31 23:59:59,Active
CHAL_dfeb0d79,USER_05413,No Midnight Spending Challenge,2023-08-01 00:00:00,2023-08-31 23:59:59,Active
CHAL_542bdd07,USER_04517,No Midnight Spending Challenge,2023-08-01 00:00:00,2023-08-31 23:59:59,Active
CHAL_b12afb94,USER_07947,No Coffee Challenge,2023-08-01 00:00:00,2023-08-31 23:59:59,Active
CHAL_69e42f5d,USER_07947,No Midnight Spending Challenge,2023-08-01 00:00:00,2023-08-31 23:59:59,Active
CHAL_9ebeffea,USER_02254,No Midnight Spending Challenge,2023-08-01 00:00:00,2023-08-31 23:59:59,Active
CHAL_1d217db4,USER_02254,No Coffee Challenge,2023-08-01 00:00:00,2023-08-31 23:59:59,Active
CHAL_2da97911,USER_06672,No Midnight Spending Challenge,2023-08-01 00:00:00,2023-08-31 23:59:59,Active
CHAL_f3ccc3a1,USER_06672,No Coffee Challenge,2023-08-01 00:00:00,2023-08-31 23:59:59,Active
CHAL_bb664a2c,USER_00892,No Midnight Spending Challenge,2023-08-01 00:00:00,2023-08-31 23:59:59,Active
CHAL_3ec915d5,USER_00892,No Coffee Challenge,2023-08-01 00:00:00,2023-08-31 23:59:59,Active
CHAL_cef2faca,USER_09847,No Coffee Challenge,2023-08-01 00:00:00,2023-08-31 23:59:59,Active
CHAL_e6c68fb2,USER_09847,No Midnight Spending Challenge,2023-08-01 00:00:00,2023-08-31 23:59:59,Active
CHAL_24b27780,USER_07734,No Coffee Challenge,2023-08-01 00:00:00,2023-08-31 23:59:59,Active
CHAL_8e78815d,USER_07980,No Midnight Spending Challenge,2023-08-01 00:00:00,2023-08-31 23:59:59,Active
CHAL_183c42c4,USER_00225,No Midnight Spending Challenge,2023-08-01 00:00:00,2023-08-31 23:59:59,Active
CHAL_caf993ab,USER_02396,No Coffee Challenge,2023-08-01 00:00:00,2023-08-31 23:59:59,Active
CHAL_e7f872aa,USER_07472,No Coffee Challenge,2023-08-01 00:00:00,2023-08-31 23:59:59,Active
CHAL_3ad9ccc6,USER_07472,No Midnight Spending Challenge,2023-08-01 00:00:00,2023-08-31 23:59:59,Active
CHAL_177ea5eb,USER_04591,No Coffee Challenge,2023-08-01 00:00:00,2023-08-31 23:59:59,Active
CHAL_7944d9a2,USER_04549,No Coffee Challenge,2023-08-01 00:00:00,2023-08-31 23:59:59,Active
CHAL_9ad90ba6,USER_08412,No Midnight Spending Challenge,2023-08-01 00:00:00,2023-08-31 23:59:59,Active
CHAL_6c307505,USER_09467,No Midnight Spending Challenge,2023-08-01 00:00:00,2023-08-31 23:59:59,Active
CHAL_29e66c78,USER_09467,No Coffee Challenge,2023-08-01 00:00:00,2023-08-31 23:59:59,Active
CHAL_db0cf362,USER_03959,No Midnight Spending Challenge,2023-08-01 00:00:00,2023-08-31 23:59:59,Active
CHAL_0c927eb9,USER_00562,No Coffee Challenge,2023-08-01 00:00:00,2023-08-31 23:59:59,Active
CHAL_e1f1a451,USER_06424,No Midnight Spending Challenge,2023-08-01 00:00:00,2023-08-31 23:59:59,Active
CHAL_773f6082,USER_08595,No Coffee Challenge,2023-08-01 00:00:00,2023-08-31 23:59:59,Active
CHAL_b4a290c7,USER_03224,No Coffee Challenge,2023-08-01 00:00:00,2023-08-31 23:59:59,Active
CHAL_da090ef1,USER_01533,No Midnight Spending Challenge,2023-08-01 00:00:00,2023-08-31 23:59:59,Active
CHAL_99233d10,USER_01533,No Coffee Challenge,2023-08-01 00:00:00,2023-08-31 23:59:59,Active
CHAL_b0fa6f05,USER_03175,No Midnight Spending Challenge,2023-08-01 00:00:00,2023-08-31 23:59:59,Active
CHAL_56b82234,USER_03175,No Coffee Challenge,2023-08-01 00:00:00,2023-08-31 23:59:59,Active
CHAL_b4b4a48f,USER_00119,No Midnight Spending Challenge,2023-08-01 00:00:00,2023-08-31 23:59:59,Active
CHAL_e8827640,USER_00119,No Coffee Challenge,2023-08-01 00:00:00,2023-08-31 23:59:59,Active
CHAL_315b81ad,USER_07430,No Midnight Spending Challenge,2023-08-01 00:00:00,2023-08-31 23:59:59,Active
CHAL_b3d4a2e5,USER_07430,No Coffee Challenge,2023-08-01 00:00:00,2023-08-31 23:59:59,Active
CHAL_32aa07a4,USER_00810,No Midnight Spending Challenge,2023-08-01 00:00:00,2023-08-31 23:59:59,Active
CHAL_8858ecbc,USER_01005,No Midnight Spending Challenge,2023-08-01 00:00:00,2023-08-31 23:59:59,Active
CHAL_c8cfc25c,USER_00202,No Midnight Spending Challenge,2023-08-01 00:00:00,2023-08-31 23:59:59,Active
CHAL_2a732a38,USER_08402,No Coffee Challenge,2023-08-01 00:00:00,2023-08-31 23:59:59,Active
CHAL_17efe51a,USER_00419,No Midnight Spending Challenge,2023-08-01 00:00:00,2023-08-31 23:59:59,Active
CHAL_803eafbb,USER_00419,No Coffee Challenge,2023-08-01 00:00:00,2023-08-31 23:59:59,Active
CHAL_3cf3f378,USER_05319,No Midnight Spending Challenge,2023-08-01 00:00:00,2023-08-31 23:59:59,Active
CHAL_ae29bb70,USER_00733,No Coffee Challenge,2023-08-01 00:00:00,2023-08-31 23:59:59,Active
CHAL_4bbc54ec,USER_00733,No Midnight Spending Challenge,2023-08-01 00:00:00,2023-08-31 23:59:59,Active
CHAL_c5a3eddc,USER_08184,No Midnight Spending Challenge,2023-08-01 00:00:00,2023-08-31 23:59:59,Active
CHAL_0f5f3e3d,USER_09266,No Coffee Challenge,2023-08-01 00:00:00,2023-08-31 23:59:59,Active
CHAL_50338291,USER_09266,No Midnight Spending Challenge,2023-08-01 00:00:00,2023-08-31 23:59:59,Active
CHAL_fec7d126,USER_05848,No Coffee Challenge,2023-08-01 00:00:00,2023-08-31 23:59:59,Active
CHAL_dc8fc897,USER_06449,No Coffee Challenge,2023-08-01 00:00:00,2023-08-31 23:59:59,Active
CHAL_2d17967c,USER_06449,No Midnight Spending Challenge,2023-08-01 00:00:00,2023-08-31 23:59:59,Active
CHAL_c12cbc48,USER_09024,No Midnight Spending Challenge,2023-08-01 00:00:00,2023-08-31 23:59:59,Active
CHAL_022e27a7,USER_09024,No Coffee Challenge,2023-08-01 00:00:00,2023-08-31 23:59:59,Active
CHAL_e04d6076,USER_02325,No Midnight Spending Challenge,2023-08-01 00:00:00,2023-08-31 23:59:59,Active
CHAL_f8fcc715,USER_02041,No Coffee Challenge,2023-08-01 00:00:00,2023-08-31 23:59:59,Active
CHAL_cc09cd52,USER_08918,No Coffee Challenge,2023-08-01 00:00:00,2023-08-31 23:59:59,Active
CHAL_5a4dd18d,USER_08918,No Midnight Spending Challenge,2023-08-01 00:00:00,2023-08-31 23:59:59,Active
CHAL_1cf346c6,USER_02893,No Coffee Challenge,2023-08-01 00:00:00,2023-08-31 23:59:59,Active
CHAL_11440fc9,USER_01848,No Midnight Spending Challenge,2023-08-01 00:00:00,2023-08-31 23:59:59,Active
CHAL_0cb67550,USER_01848,No Coffee Challenge,2023-08-01 00:00:00,2023-08-31 23:59:59,Active
CHAL_ed37e2e7,USER_01224,No Midnight Spending Challenge,2023-08-01 00:00:00,2023-08-31 23:59:59,Active
CHAL_4f74386a,USER_01224,No Coffee Challenge,2023-08-01 00:00:00,2023-08-31 23:59:59,Active
CHAL_966dacc3,USER_06106,No Midnight Spending Challenge,2023-08-01 00:00:00,2023-08-31 23:59:59,Active
CHAL_b458e38c,USER_06106,No Coffee Challenge,2023-08-01 00:00:00,2023-08-31 23:59:59,Active
CHAL_2649b46d,USER_04531,No Coffee Challenge,2023-08-01 00:00:00,2023-08-31 23:59:59,Active
CHAL_2b109ebd,USER_05123,No Midnight Spending Challenge,2023-08-01 00:00:00,2023-08-31 23:59:59,Active
CHAL_6fac5fda,USER_06799,No Coffee Challenge,2023-08-01 00:00:00,2023-08-31 23:59:59,Active
CHAL_7267d499,USER_06799,No Midnight Spending Challenge,2023-08-01 00:00:00,2023-08-31 23:59:59,Active
CHAL_8e45cc9b,USER_07116,No Coffee Challenge,2023-08-01 00:00:00,2023-08-31 23:59:59,Active
CHAL_8585ea68,USER_02252,No Coffee Challenge,2023-08-01 00:00:00,2023-08-31 23:59:59,Active
CHAL_ef618e24,USER_02252,No Midnight Spending Challenge,2023-08-01 00:00:00,2023-08-31 23:59:59,Active
CHAL_51cec860,USER_02624,No Coffee Challenge,2023-08-01 00:00:00,2023-08-31 23:59:59,Active
CHAL_be06adc1,USER_04359,No Coffee Challenge,2023-08-01 00:00:00,2023-08-31 23:59:59,Active
CHAL_b9e57c73,USER_04359,No Midnight Spending Challenge,2023-08-01 00:00:00,2023-08-31 23:59:59,Active
CHAL_9347df93,USER_01978,No Midnight Spending Challenge,2023-08-01 00:00:00,2023-08-31 23:59:59,Active
CHAL_edd6231d,USER_01978,No Coffee Challenge,2023-08-01 00:00:00,2023-08-31 23:59:59,Active
CHAL_4c61cbff,USER_02050,No Coffee Challenge,2023-08-01 00:00:00,2023-08-31 23:59:59,Active
CHAL_00a3dbfd,USER_01896,No Midnight Spending Challenge,2023-08-01 00:00:00,2023-08-31 23:59:59,Active
CHAL_703fe891,USER_01896,No Coffee Challenge,2023-08-01 00:00:00,2023-08-31 23:59:59,Active
CHAL_2e34f5bf,USER_09612,No Midnight Spending Challenge,2023-08-01 00:00:00,2023-08-31 23:59:59,Active
CHAL_1ef7b73c,USER_07700,No Midnight Spending Challenge,2023-08-01 00:00:00,2023-08-31 23:59:59,Active
CHAL_c6a2a5a8,USER_05869,No Midnight Spending Challenge,2023-08-01 00:00:00,2023-08-31 23:59:59,Active
CHAL_06161dde,USER_05957,No Coffee Challenge,2023-08-01 00:00:00,2023-08-31 23:59:59,Active
CHAL_b3aefa2f,USER_03199,No Midnight Spending Challenge,2023-08-01 00:00:00,2023-08-31 23:59:59,Active
CHAL_2e54c0a3,USER_05050,No Midnight Spending Challenge,2023-08-01 00:00:00,2023-08-31 23:59:59,Active
CHAL_cbf3373f,USER_05240,No Midnight Spending Challenge,2023-08-01 00:00:00,2023-08-31 23:59:59,Active
CHAL_94e81584,USER_02166,No Midnight Spending Challenge,2023-08-01 00:00:00,2023-08-31 23:59:59,Active
CHAL_d3507c74,USER_07257,No Coffee Challenge,2023-08-01 00:00:00,2023-08-31 23:59:59,Active
CHAL_fc58ace2,USER_07257,No Midnight Spending Challenge,2023-08-01 00:00:00,2023-08-31 23:59:59,Active
CHAL_0b3867f4,USER_05727,No Midnight Spending Challenge,2023-08-01 00:00:00,2023-08-31 23:59:59,Active
CHAL_9a615ee9,USER_03016,No Midnight Spending Challenge,2023-08-01 00:00:00,2023-08-31 23:59:59,Active
CHAL_43fd5e75,USER_06701,No Midnight Spending Challenge,2023-08-01 00:00:00,2023-08-31 23:59:59,Active
CHAL_b9f2baff,USER_06701,No Coffee Challenge,2023-08-01 00:00:00,2023-08-31 23:59:59,Active
CHAL_a16110fa,USER_05603,No Midnight Spending Challenge,2023-08-01 00:00:00,2023-08-31 23:59:59,Active
CHAL_e2a9f1c2,USER_05603,No Coffee Challenge,2023-08-01 00:00:00,2023-08-31 23:59:59,Active
CHAL_533cc40a,USER_04683,No Coffee Challenge,2023-08-01 00:00:00,2023-08-31 23:59:59,Active
CHAL_3bee312a,USER_06865,No Midnight Spending Challenge,2023-08-01 00:00:00,2023-08-31 23:59:59,Active
CHAL_ad1663b9,USER_06865,No Coffee Challenge,2023-08-01 00:00:00,2023-08-31 23:59:59,Active
CHAL_b736c017,USER_00123,No Coffee Challenge,2023-08-01 00:00:00,2023-08-31 23:59:59,Active
CHAL_7021ddf1,USER_00123,No Midnight Spending Challenge,2023-08-01 00:00:00,2023-08-31 23:59:59,Active
CHAL_83451aa0,USER_05820,No Coffee Challenge,2023-08-01 00:00:00,2023-08-31 23:59:59,Active
CHAL_69f08b19,USER_05820,No Midnight Spending Challenge,2023-08-01 00:00:00,2023-08-31 23:59:59,Active
CHAL_4049b90e,USER_04807,No Midnight Spending Challenge,2023-08-01 00:00:00,2023-08-31 23:59:59,Active
CHAL_ac7a800d,USER_09050,No Midnight Spending Challenge,2023-08-01 00:00:00,2023-08-31 23:59:59,Active
CHAL_9d396784,USER_09433,No Coffee Challenge,2023-08-01 00:00:00,2023-08-31 23:59:59,Active
CHAL_1f13fdb6,USER_09433,No Midnight Spending Challenge,2023-08-01 00:00:00,2023-08-31 23:59:59,Active
CHAL_4d9e0694,USER_00522,No Midnight Spending Challenge,2023-08-01 00:00:00,2023-08-31 23:59:59,Active
CHAL_8e8276ea,USER_00522,No Coffee Challenge,2023-08-01 00:00:00,2023-08-31 23:59:59,Active
CHAL_dfbb9c08,USER_05989,No Midnight Spending Challenge,2023-08-01 00:00:00,2023-08-31 23:59:59,Active
CHAL_3e2bc79d,USER_05989,No Coffee Challenge,2023-08-01 00:00:00,2023-08-31 23:59:59,Active
CHAL_a212cd82,USER_05377,No Coffee Challenge,2023-08-01 00:00:00,2023-08-31 23:59:59,Active
CHAL_64b7e43c,USER_05377,No Midnight Spending Challenge,2023-08-01 00:00:00,2023-08-31 23:59:59,Active
CHAL_b373b134,USER_05238,No Midnight Spending Challenge,2023-08-01 00:00:00,2023-08-31 23:59:59,Active
CHAL_0fd6ca24,USER_09820,No Midnight Spending Challenge,2023-08-01 00:00:00,2023-08-31 23:59:59,Active
CHAL_f102607a,USER_03177,No Midnight Spending Challenge,2023-08-01 00:00:00,2023-08-31 23:59:59,Active
CHAL_5587c045,USER_07910,No Midnight Spending Challenge,2023-08-01 00:00:00,2023-08-31 23:59:59,Active
CHAL_081a76e4,USER_07910,No Coffee Challenge,2023-08-01 00:00:00,2023-08-31 23:59:59,Active
CHAL_e3ef7b44,USER_04945,No Coffee Challenge,2023-08-01 00:00:00,2023-08-31 23:59:59,Active
CHAL_f30b2725,USER_04945,No Midnight Spending Challenge,2023-08-01 00:00:00,2023-08-31 23:59:59,Active
CHAL_33bf07fe,USER_07711,No Midnight Spending Challenge,2023-08-01 00:00:00,2023-08-31 23:59:59,Active
CHAL_6e13b0e7,USER_07711,No Coffee Challenge,2023-08-01 00:00:00,2023-08-31 23:59:59,Active
CHAL_ffac5c6f,USER_09632,No Midnight Spending Challenge,2023-08-01 00:00:00,2023-08-31 23:59:59,Active
CHAL_f4b72a3f,USER_09632,No Coffee Challenge,2023-08-01 00:00:00,2023-08-31 23:59:59,Active
CHAL_6bb63740,USER_06655,No Midnight Spending Challenge,2023-08-01 00:00:00,2023-08-31 23:59:59,Active
CHAL_d66de17e,USER_06655,No Coffee Challenge,2023-08-01 00:00:00,2023-08-31 23:59:59,Active
CHAL_05aece74,USER_08099,No Midnight Spending Challenge,2023-08-01 00:00:00,2023-08-31 23:59:59,Active
CHAL_3c437125,USER_02392,No Midnight Spending Challenge,2023-08-01 00:00:00,2023-08-31 23:59:59,Active
CHAL_9cb1bf71,USER_02392,No Coffee Challenge,2023-08-01 00:00:00,2023-08-31 23:59:59,Active
CHAL_6b698263,USER_08862,No Coffee Challenge,2023-08-01 00:00:00,2023-08-31 23:59:59,Active
CHAL_2a497dd4,USER_08862,No Midnight Spending Challenge,2023-08-01 00:00:00,2023-08-31 23:59:59,Active
CHAL_2ea6d70c,USER_00474,No Coffee Challenge,2023-08-01 00:00:00,2023-08-31 23:59:59,Active
CHAL_61a04c91,USER_09594,No Midnight Spending Challenge,2023-08-01 00:00:00,2023-08-31 23:59:59,Active
CHAL_534672a0,USER_09594,No Coffee Challenge,2023-08-01 00:00:00,2023-08-31 23:59:59,Active
CHAL_54061a80,USER_02190,No Coffee Challenge,2023-08-01 00:00:00,2023-08-31 23:59:59,Active
CHAL_d1531388,USER_02190,No Midnight Spending Challenge,2023-08-01 00:00:00,2023-08-31 23:59:59,Active
CHAL_49553ad8,USER_08155,No Coffee Challenge,2023-08-01 00:00:00,2023-08-31 23:59:59,Active
CHAL_a5d921d9,USER_08155,No Midnight Spending Challenge,2023-08-01 00:00:00,2023-08-31 23:59:59,Active
CHAL_8083e99a,USER_07146,No Midnight Spending Challenge,2023-08-01 00:00:00,2023-08-31 23:59:59,Active
CHAL_0f84811f,USER_07146,No Coffee Challenge,2023-08-01 00:00:00,2023-08-31 23:59:59,Active
CHAL_4437c41c,USER_06884,No Midnight Spending Challenge,2023-08-01 00:00:00,2023-08-31 23:59:59,Active
CHAL_94301cf5,USER_07901,No Coffee Challenge,2023-08-01 00:00:00,2023-08-31 23:59:59,Active
CHAL_7dd320a2,USER_00865,No Coffee Challenge,2023-08-01 00:00:00,2023-08-31 23:59:59,Active
CHAL_116342a2,USER_01420,No Coffee Challenge,2023-08-01 00:00:00,2023-08-31 23:59:59,Active
CHAL_8eede051,USER_01786,No Coffee Challenge,2023-08-01 00:00:00,2023-08-31 23:59:59,Active
CHAL_f71caa7c,USER_02522,No Coffee Challenge,2023-08-01 00:00:00,2023-08-31 23:59:59,Active
CHAL_fed609b4,USER_02522,No Midnight Spending Challenge,2023-08-01 00:00:00,2023-08-31 23:59:59,Active
CHAL_36e4d249,USER_06953,No Coffee Challenge,2023-08-01 00:00:00,2023-08-31 23:59:59,Active
CHAL_e1cf3c1d,USER_06953,No Midnight Spending Challenge,2023-08-01 00:00:00,2023-08-31 23:59:59,Active
CHAL_8415a462,USER_04518,No Coffee Challenge,2023-08-01 00:00:00,2023-08-31 23:59:59,Active
CHAL_98bbcf45,USER_04518,No Midnight Spending Challenge,2023-08-01 00:00:00,2023-08-31 23:59:59,Active
CHAL_4c50b9ce,USER_08974,No Midnight Spending Challenge,2023-08-01 00:00:00,2023-08-31 23:59:59,Active
CHAL_4798cb2c,USER_00818,No Coffee Challenge,2023-08-01 00:00:00,2023-08-31 23:59:59,Active
CHAL_b85db1c0,USER_00818,No Midnight Spending Challenge,2023-08-01 00:00:00,2023-08-31 23:59:59,Active
CHAL_6b98bb3c,USER_09459,No Coffee Challenge,2023-08-01 00:00:00,2023-08-31 23:59:59,Active
CHAL_6f79907e,USER_09459,No Midnight Spending Challenge,2023-08-01 00:00:00,2023-08-31 23:59:59,Active
CHAL_1f8992bc,USER_08801,No Midnight Spending Challenge,2023-08-01 00:00:00,2023-08-31 23:59:59,Active
CHAL_d4492954,USER_07393,No Coffee Challenge,2023-08-01 00:00:00,2023-08-31 23:59:59,Active
CHAL_d0f5f95f,USER_07191,No Midnight Spending Challenge,2023-08-01 00:00:00,2023-08-31 23:59:59,Active
CHAL_0275cddb,USER_07191,No Coffee Challenge,2023-08-01 00:00:00,2023-08-31 23:59:59,Active
CHAL_ec1b467b,USER_06145,No Coffee Challenge,2023-08-01 00:00:00,2023-08-31 23:59:59,Active
CHAL_83cdf01f,USER_06145,No Midnight Spending Challenge,2023-08-01 00:00:00,2023-08-31 23:59:59,Active
CHAL_6382b99e,USER_05769,No Midnight Spending Challenge,2023-08-01 00:00:00,2023-08-31 23:59:59,Active
CHAL_111216fe,USER_05769,No Coffee Challenge,2023-08-01 00:00:00,2023-08-31 23:59:59,Active
CHAL_0d55b3df,USER_00449,No Coffee Challenge,2023-08-01 00:00:00,2023-08-31 23:59:59,Active
CHAL_2d1368d9,USER_09350,No Midnight Spending Challenge,2023-08-01 00:00:00,2023-08-31 23:59:59,Active
CHAL_f239f4ff,USER_09350,No Coffee Challenge,2023-08-01 00:00:00,2023-08-31 23:59:59,Active
CHAL_00cc15f1,USER_08023,No Midnight Spending Challenge,2023-08-01 00:00:00,2023-08-31 23:59:59,Active
CHAL_beae32c7,USER_08023,No Coffee Challenge,2023-08-01 00:00:00,2023-08-31 23:59:59,Active
CHAL_8d5f9c9e,USER_01659,No Coffee Challenge,2023-08-01 00:00:00,2023-08-31 23:59:59,Active
CHAL_8b316828,USER_01659,No Midnight Spending Challenge,2023-08-01 00:00:00,2023-08-31 23:59:59,Active
CHAL_42c9f773,USER_06226,No Coffee Challenge,2023-08-01 00:00:00,2023-08-31 23:59:59,Active
CHAL_9778364b,USER_06226,No Midnight Spending Challenge,2023-08-01 00:00:00,2023-08-31 23:59:59,Active
CHAL_9542fdb0,USER_03488,No Coffee Challenge,2023-08-01 00:00:00,2023-08-31 23:59:59,Active
CHAL_2d016bf1,USER_03488,No Midnight Spending Challenge,2023-08-01 00:00:00,2023-08-31 23:59:59,Active
CHAL_ba871907,USER_05949,No Midnight Spending Challenge,2023-08-01 00:00:00,2023-08-31 23:59:59,Active
CHAL_f7d79d99,USER_05949,No Coffee Challenge,2023-08-01 00:00:00,2023-08-31 23:59:59,Active
CHAL_0d7c2066,USER_01056,No Coffee Challenge,2023-08-01 00:00:00,2023-08-31 23:59:59,Active
CHAL_9aee3de3,USER_07588,No Coffee Challenge,2023-08-01 00:00:00,2023-08-31 23:59:59,Active
CHAL_ec112dff,USER_07588,No Midnight Spending Challenge,2023-08-01 00:00:00,2023-08-31 23:59:59,Active
CHAL_b69c8301,USER_02827,No Coffee Challenge,2023-08-01 00:00:00,2023-08-31 23:59:59,Active
CHAL_1969b86e,USER_01898,No Midnight Spending Challenge,2023-08-01 00:00:00,2023-08-31 23:59:59,Active
CHAL_0902c83e,USER_01898,No Coffee Challenge,2023-08-01 00:00:00,2023-08-31 23:59:59,Active
CHAL_4c262422,USER_02249,No Midnight Spending Challenge,2023-08-01 00:00:00,2023-08-31 23:59:59,Active
CHAL_a387c9d5,USER_08940,No Midnight Spending Challenge,2023-08-01 00:00:00,2023-08-31 23:59:59,Active
CHAL_3447ccad,USER_05183,No Midnight Spending Challenge,2023-08-01 00:00:00,2023-08-31 23:59:59,Active
CHAL_a8742a55,USER_05183,No Coffee Challenge,2023-08-01 00:00:00,2023-08-31 23:59:59,Active
CHAL_1cce9804,USER_01622,No Coffee Challenge,2023-08-01 00:00:00,2023-08-31 23:59:59,Active
CHAL_50ce7430,USER_07703,No Midnight Spending Challenge,2023-08-01 00:00:00,2023-08-31 23:59:59,Active
CHAL_0e3665cf,USER_07703,No Coffee Challenge,2023-08-01 00:00:00,2023-08-31 23:59:59,Active
CHAL_a5e7543a,USER_00050,No Coffee Challenge,2023-08-01 00:00:00,2023-08-31 23:59:59,Active
CHAL_42c9c249,USER_08624,No Coffee Challenge,2023-08-01 00:00:00,2023-08-31 23:59:59,Active
CHAL_7d9b0541,USER_08624,No Midnight Spending Challenge,2023-08-01 00:00:00,2023-08-31 23:59:59,Active
CHAL_3b74a020,USER_07882,No Coffee Challenge,2023-08-01 00:00:00,2023-08-31 23:59:59,Active
CHAL_0c219384,USER_08161,No Midnight Spending Challenge,2023-08-01 00:00:00,2023-08-31 23:59:59,Active
CHAL_cb5b3cae,USER_04223,No Coffee Challenge,2023-08-01 00:00:00,2023-08-31 23:59:59,Active
CHAL_f36b517d,USER_04223,No Midnight Spending Challenge,2023-08-01 00:00:00,2023-08-31 23:59:59,Active
CHAL_27993873,USER_00074,No Coffee Challenge,2023-08-01 00:00:00,2023-08-31 23:59:59,Active
CHAL_31486687,USER_02883,No Midnight Spending Challenge,2023-08-01 00:00:00,2023-08-31 23:59:59,Active
CHAL_f2e53dde,USER_02883,No Coffee Challenge,2023-08-01 00:00:00,2023-08-31 23:59:59,Active
CHAL_27d6865f,USER_01747,No Midnight Spending Challenge,2023-08-01 00:00:00,2023-08-31 23:59:59,Active
CHAL_75cf6854,USER_01747,No Coffee Challenge,2023-08-01 00:00:00,2023-08-31 23:59:59,Active
CHAL_ef54b267,USER_03681,No Coffee Challenge,2023-08-01 00:00:00,2023-08-31 23:59:59,Active
CHAL_5e08dd24,USER_03681,No Midnight Spending Challenge,2023-08-01 00:00:00,2023-08-31 23:59:59,Active
CHAL_46db7d62,USER_05180,No Midnight Spending Challenge,2023-08-01 00:00:00,2023-08-31 23:59:59,Active
CHAL_a91f9e6b,USER_08815,No Coffee Challenge,2023-08-01 00:00:00,2023-08-31 23:59:59,Active
CHAL_1bc86342,USER_07286,No Midnight Spending Challenge,2023-08-01 00:00:00,2023-08-31 23:59:59,Active
CHAL_4aecb5ff,USER_07286,No Coffee Challenge,2023-08-01 00:00:00,2023-08-31 23:59:59,Active
CHAL_982c6273,USER_01040,No Coffee Challenge,2023-08-01 00:00:00,2023-08-31 23:59:59,Active
CHAL_29dc78ec,USER_00750,No Coffee Challenge,2023-08-01 00:00:00,2023-08-31 23:59:59,Active
CHAL_ef8eaebe,USER_09523,No Coffee Challenge,2023-08-01 00:00:00,2023-08-31 23:59:59,Active
CHAL_116e31f9,USER_09523,No Midnight Spending Challenge,2023-08-01 00:00:00,2023-08-31 23:59:59,Active
CHAL_1664e538,USER_01030,No Midnight Spending Challenge,2023-08-01 00:00:00,2023-08-31 23:59:59,Active
CHAL_03479c7b,USER_03868,No Coffee Challenge,2023-08-01 00:00:00,2023-08-31 23:59:59,Active
CHAL_053bbc93,USER_03868,No Midnight Spending Challenge,2023-08-01 00:00:00,2023-08-31 23:59:59,Active
CHAL_edf643c6,USER_01487,No Coffee Challenge,2023-08-01 00:00:00,2023-08-31 23:59:59,Active
CHAL_d2c33d52,USER_01487,No Midnight Spending Challenge,2023-08-01 00:00:00,2023-08-31 23:59:59,Active
CHAL_bec1b597,USER_04672,No Coffee Challenge,2023-08-01 00:00:00,2023-08-31 23:59:59,Active
CHAL_d03264f5,USER_04672,No Midnight Spending Challenge,2023-08-01 00:00:00,2023-08-31 23:59:59,Active
CHAL_01818542,USER_07613,No Coffee Challenge,2023-08-01 00:00:00,2023-08-31 23:59:59,Active
CHAL_289638ac,USER_07613,No Midnight Spending Challenge,2023-08-01 00:00:00,2023-08-31 23:59:59,Active
CHAL_5f8bd78a,USER_04630,No Coffee Challenge,2023-08-01 00:00:00,2023-08-31 23:59:59,Active
CHAL_04302fb4,USER_07622,No Midnight Spending Challenge,2023-08-01 00:00:00,2023-08-31 23:59:59,Active
CHAL_8c517e1b,USER_07622,No Coffee Challenge,2023-08-01 00:00:00,2023-08-31 23:59:59,Active
CHAL_a446f608,USER_09965,No Coffee Challenge,2023-08-01 00:00:00,2023-08-31 23:59:59,Active
CHAL_7f5c86b3,USER_09965,No Midnight Spending Challenge,2023-08-01 00:00:00,2023-08-31 23:59:59,Active
CHAL_30dd5677,USER_01623,No Coffee Challenge,2023-08-01 00:00:00,2023-08-31 23:59:59,Active
CHAL_d7423c81,USER_04595,No Midnight Spending Challenge,2023-08-01 00:00:00,2023-08-31 23:59:59,Active
CHAL_5deca57b,USER_04595,No Coffee Challenge,2023-08-01 00:00:00,2023-08-31 23:59:59,Active
CHAL_09db7818,USER_03796,No Coffee Challenge,2023-08-01 00:00:00,2023-08-31 23:59:59,Active
CHAL_e9dd14f3,USER_03796,No Midnight Spending Challenge,2023-08-01 00:00:00,2023-08-31 23:59:59,Active
CHAL_ba8adc4f,USER_06387,No Coffee Challenge,2023-08-01 00:00:00,2023-08-31 23:59:59,Active
CHAL_bc1d45c0,USER_04899,No Midnight Spending Challenge,2023-08-01 00:00:00,2023-08-31 23:59:59,Active
CHAL_22439e15,USER_07089,No Midnight Spending Challenge,2023-08-01 00:00:00,2023-08-31 23:59:59,Active
CHAL_f7d01fb5,USER_07089,No Coffee Challenge,2023-08-01 00:00:00,2023-08-31 23:59:59,Active
CHAL_b31985e7,USER_06377,No Coffee Challenge,2023-08-01 00:00:00,2023-08-31 23:59:59,Active
CHAL_8df351f4,USER_09362,No Coffee Challenge,2023-08-01 00:00:00,2023-08-31 23:59:59,Active
CHAL_066d66be,USER_09362,No Midnight Spending Challenge,2023-08-01 00:00:00,2023-08-31 23:59:59,Active
CHAL_14219973,USER_07021,No Coffee Challenge,2023-08-01 00:00:00,2023-08-31 23:59:59,Active
CHAL_67b71f1f,USER_02861,No Coffee Challenge,2023-08-01 00:00:00,2023-08-31 23:59:59,Active
CHAL_caf947c4,USER_04908,No Coffee Challenge,2023-08-01 00:00:00,2023-08-31 23:59:59,Active
CHAL_9a0334bd,USER_04908,No Midnight Spending Challenge,2023-08-01 00:00:00,2023-08-31 23:59:59,Active
CHAL_e3312936,USER_02600,No Coffee Challenge,2023-08-01 00:00:00,2023-08-31 23:59:59,Active
CHAL_c087b4a5,USER_02600,No Midnight Spending Challenge,2023-08-01 00:00:00,2023-08-31 23:59:59,Active
CHAL_1bc82ea3,USER_04261,No Coffee Challenge,2023-08-01 00:00:00,2023-08-31 23:59:59,Active
CHAL_b241abf8,USER_00160,No Coffee Challenge,2023-08-01 00:00:00,2023-08-31 23:59:59,Active
CHAL_acb18028,USER_00160,No Midnight Spending Challenge,2023-08-01 00:00:00,2023-08-31 23:59:59,Active
CHAL_95f0504d,USER_01987,No Coffee Challenge,2023-08-01 00:00:00,2023-08-31 23:59:59,Active
CHAL_77e394af,USER_06817,No Coffee Challenge,2023-08-01 00:00:00,2023-08-31 23:59:59,Active
CHAL_03e82470,USER_06817,No Midnight Spending Challenge,2023-08-01 00:00:00,2023-08-31 23:59:59,Active
CHAL_aaf5e16b,USER_08757,No Midnight Spending Challenge,2023-08-01 00:00:00,2023-08-31 23:59:59,Active
CHAL_e0ca9da4,USER_09749,No Midnight Spending Challenge,2023-08-01 00:00:00,2023-08-31 23:59:59,Active
CHAL_812a8c9b,USER_01849,No Coffee Challenge,2023-08-01 00:00:00,2023-08-31 23:59:59,Active
CHAL_46451562,USER_01849,No Midnight Spending Challenge,2023-08-01 00:00:00,2023-08-31 23:59:59,Active
CHAL_8cddb634,USER_06003,No Midnight Spending Challenge,2023-08-01 00:00:00,2023-08-31 23:59:59,Active
CHAL_102a7ff7,USER_09264,No Coffee Challenge,2023-08-01 00:00:00,2023-08-31 23:59:59,Active
CHAL_6077bcdf,USER_09264,No Midnight Spending Challenge,2023-08-01 00:00:00,2023-08-31 23:59:59,Active
CHAL_323f5e77,USER_07271,No Midnight Spending Challenge,2023-08-01 00:00:00,2023-08-31 23:59:59,Active
CHAL_b36e1165,USER_07271,No Coffee Challenge,2023-08-01 00:00:00,2023-08-31 23:59:59,Active
CHAL_9e0a4321,USER_09130,No Coffee Challenge,2023-08-01 00:00:00,2023-08-31 23:59:59,Active
CHAL_eff4582a,USER_03239,No Midnight Spending Challenge,2023-08-01 00:00:00,2023-08-31 23:59:59,Active
CHAL_53fb7796,USER_06074,No Coffee Challenge,2023-08-01 00:00:00,2023-08-31 23:59:59,Active
CHAL_06fbcd15,USER_06074,No Midnight Spending Challenge,2023-08-01 00:00:00,2023-08-31 23:59:59,Active
CHAL_ede600e9,USER_01546,No Coffee Challenge,2023-08-01 00:00:00,2023-08-31 23:59:59,Active
CHAL_1df2316f,USER_01546,No Midnight Spending Challenge,2023-08-01 00:00:00,2023-08-31 23:59:59,Active
CHAL_db8945ac,USER_06000,No Coffee Challenge,2023-08-01 00:00:00,2023-08-31 23:59:59,Active
CHAL_a6566321,USER_06000,No Midnight Spending Challenge,2023-08-01 00:00:00,2023-08-31 23:59:59,Active
CHAL_6635744f,USER_03145,No Coffee Challenge,2023-08-01 00:00:00,2023-08-31 23:59:59,Active
CHAL_ad42fae2,USER_00364,No Coffee Challenge,2023-08-01 00:00:00,2023-08-31 23:59:59,Active
CHAL_187511d3,USER_02298,No Midnight Spending Challenge,2023-08-01 00:00:00,2023-08-31 23:59:59,Active
CHAL_604c78f3,USER_02298,No Coffee Challenge,2023-08-01 00:00:00,2023-08-31 23:59:59,Active
CHAL_722c988a,USER_04888,No Midnight Spending Challenge,2023-08-01 00:00:00,2023-08-31 23:59:59,Active
CHAL_66c58b97,USER_00276,No Midnight Spending Challenge,2023-08-01 00:00:00,2023-08-31 23:59:59,Active
CHAL_4eb42110,USER_04437,No Coffee Challenge,2023-08-01 00:00:00,2023-08-31 23:59:59,Active
CHAL_8a4a57bb,USER_06201,No Coffee Challenge,2023-08-01 00:00:00,2023-08-31 23:59:59,Active
CHAL_8098fe9f,USER_06201,No Midnight Spending Challenge,2023-08-01 00:00:00,2023-08-31 23:59:59,Active
CHAL_ed1170b1,USER_00309,No Coffee Challenge,2023-08-01 00:00:00,2023-08-31 23:59:59,Active
CHAL_783df25a,USER_00309,No Midnight Spending Challenge,2023-08-01 00:00:00,2023-08-31 23:59:59,Active
CHAL_45e3a74c,USER_06316,No Coffee Challenge,2023-08-01 00:00:00,2023-08-31 23:59:59,Active
CHAL_3ca1343e,USER_00995,No Midnight Spending Challenge,2023-08-01 00:00:00,2023-08-31 23:59:59,Active
CHAL_76f9102a,USER_01541,No Coffee Challenge,2023-08-01 00:00:00,2023-08-31 23:59:59,Active
CHAL_baf9cdfe,USER_09248,No Midnight Spending Challenge,2023-08-01 00:00:00,2023-08-31 23:59:59,Active
CHAL_af644beb,USER_09248,No Coffee Challenge,2023-08-01 00:00:00,2023-08-31 23:59:59,Active
CHAL_dbe9b6aa,USER_05409,No Coffee Challenge,2023-08-01 00:00:00,2023-08-31 23:59:59,Active
CHAL_9bb77a86,USER_05409,No Midnight Spending Challenge,2023-08-01 00:00:00,2023-08-31 23:59:59,Active
CHAL_36606adf,USER_08646,No Coffee Challenge,2023-08-01 00:00:00,2023-08-31 23:59:59,Active
CHAL_a28d02c4,USER_05284,No Midnight Spending Challenge,2023-08-01 00:00:00,2023-08-31 23:59:59,Active
CHAL_e2be42ad,USER_05917,No Midnight Spending Challenge,2023-08-01 00:00:00,2023-08-31 23:59:59,Active
CHAL_5f218e65,USER_05917,No Coffee Challenge,2023-08-01 00:00:00,2023-08-31 23:59:59,Active
CHAL_a3827648,USER_00163,No Midnight Spending Challenge,2023-08-01 00:00:00,2023-08-31 23:59:59,Active
CHAL_1d03be1c,USER_00163,No Coffee Challenge,2023-08-01 00:00:00,2023-08-31 23:59:59,Active
CHAL_e3fead44,USER_00176,No Coffee Challenge,2023-08-01 00:00:00,2023-08-31 23:59:59,Active
CHAL_aba228c6,USER_00176,No Midnight Spending Challenge,2023-08-01 00:00:00,2023-08-31 23:59:59,Active
CHAL_ee82bdd7,USER_00968,No Midnight Spending Challenge,2023-08-01 00:00:00,2023-08-31 23:59:59,Active
CHAL_197f6b50,USER_00968,No Coffee Challenge,2023-08-01 00:00:00,2023-08-31 23:59:59,Active
CHAL_ec7d8b06,USER_02986,No Midnight Spending Challenge,2023-08-01 00:00:00,2023-08-31 23:59:59,Active
CHAL_ebc584e6,USER_02845,No Midnight Spending Challenge,2023-08-01 00:00:00,2023-08-31 23:59:59,Active
CHAL_743a0422,USER_08216,No Midnight Spending Challenge,2023-08-01 00:00:00,2023-08-31 23:59:59,Active
CHAL_15c8dab1,USER_04175,No Midnight Spending Challenge,2023-08-01 00:00:00,2023-08-31 23:59:59,Active
CHAL_b3601774,USER_04175,No Coffee Challenge,2023-08-01 00:00:00,2023-08-31 23:59:59,Active
CHAL_e31cd8f5,USER_03653,No Midnight Spending Challenge,2023-08-01 00:00:00,2023-08-31 23:59:59,Active
CHAL_a7824fb2,USER_03653,No Coffee Challenge,2023-08-01 00:00:00,2023-08-31 23:59:59,Active
CHAL_60e9c816,USER_03262,No Coffee Challenge,2023-08-01 00:00:00,2023-08-31 23:59:59,Active
CHAL_ec39d5aa,USER_08818,No Midnight Spending Challenge,2023-08-01 00:00:00,2023-08-31 23:59:59,Active
CHAL_4abfca5b,USER_08818,No Coffee Challenge,2023-08-01 00:00:00,2023-08-31 23:59:59,Active
CHAL_0cf47547,USER_05332,No Coffee Challenge,2023-08-01 00:00:00,2023-08-31 23:59:59,Active
CHAL_7b625517,USER_05332,No Midnight Spending Challenge,2023-08-01 00:00:00,2023-08-31 23:59:59,Active
CHAL_3d3d5fc7,USER_01478,No Coffee Challenge,2023-08-01 00:00:00,2023-08-31 23:59:59,Active
CHAL_046d3d7b,USER_01478,No Midnight Spending Challenge,2023-08-01 00:00:00,2023-08-31 23:59:59,Active
CHAL_814a5420,USER_03253,No Midnight Spending Challenge,2023-08-01 00:00:00,2023-08-31 23:59:59,Active
CHAL_0c8703d4,USER_00112,No Coffee Challenge,2023-08-01 00:00:00,2023-08-31 23:59:59,Active
CHAL_e4a65533,USER_05327,No Midnight Spending Challenge,2023-08-01 00:00:00,2023-08-31 23:59:59,Active
CHAL_39b44112,USER_05327,No Coffee Challenge,2023-08-01 00:00:00,2023-08-31 23:59:59,Active
CHAL_75e12aff,USER_07334,No Coffee Challenge,2023-08-01 00:00:00,2023-08-31 23:59:59,Active
CHAL_7ab3b52e,USER_07334,No Midnight Spending Challenge,2023-08-01 00:00:00,2023-08-31 23:59:59,Active
CHAL_e0943989,USER_03925,No Coffee Challenge,2023-08-01 00:00:00,2023-08-31 23:59:59,Active
CHAL_3f42c89f,USER_06622,No Midnight Spending Challenge,2023-08-01 00:00:00,2023-08-31 23:59:59,Active
CHAL_fc591939,USER_06622,No Coffee Challenge,2023-08-01 00:00:00,2023-08-31 23:59:59,Active
CHAL_9132ef8e,USER_00362,No Midnight Spending Challenge,2023-08-01 00:00:00,2023-08-31 23:59:59,Active
CHAL_9b86eab8,USER_05414,No Midnight Spending Challenge,2023-08-01 00:00:00,2023-08-31 23:59:59,Active
CHAL_b89b53be,USER_01187,No Coffee Challenge,2023-08-01 00:00:00,2023-08-31 23:59:59,Active
CHAL_e7f794f2,USER_01187,No Midnight Spending Challenge,2023-08-01 00:00:00,2023-08-31 23:59:59,Active
CHAL_beb3152b,USER_09273,No Coffee Challenge,2023-08-01 00:00:00,2023-08-31 23:59:59,Active
CHAL_d71d5bb8,USER_09273,No Midnight Spending Challenge,2023-08-01 00:00:00,2023-08-31 23:59:59,Active
CHAL_75c78764,USER_04045,No Coffee Challenge,2023-08-01 00:00:00,2023-08-31 23:59:59,Active
CHAL_661cd2c0,USER_04045,No Midnight Spending Challenge,2023-08-01 00:00:00,2023-08-31 23:59:59,Active
CHAL_ac2adc81,USER_00194,No Midnight Spending Challenge,2023-08-01 00:00:00,2023-08-31 23:59:59,Active
CHAL_33729ac1,USER_02553,No Coffee Challenge,2023-08-01 00:00:00,2023-08-31 23:59:59,Active
CHAL_1d646f9b,USER_09063,No Midnight Spending Challenge,2023-08-01 00:00:00,2023-08-31 23:59:59,Active
CHAL_194ec2dd,USER_06330,No Midnight Spending Challenge,2023-08-01 00:00:00,2023-08-31 23:59:59,Active
CHAL_096fc95f,USER_06097,No Coffee Challenge,2023-08-01 00:00:00,2023-08-31 23:59:59,Active
CHAL_5175e588,USER_01875,No Midnight Spending Challenge,2023-08-01 00:00:00,2023-08-31 23:59:59,Active
CHAL_043059e3,USER_01875,No Coffee Challenge,2023-08-01 00:00:00,2023-08-31 23:59:59,Active
CHAL_3d939a3a,USER_05888,No Coffee Challenge,2023-08-01 00:00:00,2023-08-31 23:59:59,Active
CHAL_bedf4d8d,USER_05888,No Midnight Spending Challenge,2023-08-01 00:00:00,2023-08-31 23:59:59,Active
CHAL_50382320,USER_05109,No Coffee Challenge,2023-08-01 00:00:00,2023-08-31 23:59:59,Active
CHAL_5e2f7bc4,USER_05109,No Midnight Spending Challenge,2023-08-01 00:00:00,2023-08-31 23:59:59,Active
CHAL_e4adb913,USER_06118,No Midnight Spending Challenge,2023-08-01 00:00:00,2023-08-31 23:59:59,Active
CHAL_c61b27a6,USER_06118,No Coffee Challenge,2023-08-01 00:00:00,2023-08-31 23:59:59,Active
CHAL_4b453ab5,USER_09918,No Coffee Challenge,2023-08-01 00:00:00,2023-08-31 23:59:59,Active
CHAL_d3d9def4,USER_04692,No Midnight Spending Challenge,2023-08-01 00:00:00,2023-08-31 23:59:59,Active
CHAL_baa4527f,USER_04692,No Coffee Challenge,2023-08-01 00:00:00,2023-08-31 23:59:59,Active
CHAL_e50b6d16,USER_01417,No Coffee Challenge,2023-08-01 00:00:00,2023-08-31 23:59:59,Active
CHAL_5e3c98c3,USER_01417,No Midnight Spending Challenge,2023-08-01 00:00:00,2023-08-31 23:59:59,Active
CHAL_91d6ba08,USER_03195,No Midnight Spending Challenge,2023-08-01 00:00:00,2023-08-31 23:59:59,Active
CHAL_860fb07e,USER_03195,No Coffee Challenge,2023-08-01 00:00:00,2023-08-31 23:59:59,Active
CHAL_b67e5f07,USER_02532,No Coffee Challenge,2023-08-01 00:00:00,2023-08-31 23:59:59,Active
CHAL_b9fe9194,USER_02532,No Midnight Spending Challenge,2023-08-01 00:00:00,2023-08-31 23:59:59,Active
CHAL_3397fb39,USER_08784,No Midnight Spending Challenge,2023-08-01 00:00:00,2023-08-31 23:59:59,Active
CHAL_8d4f7cb4,USER_08784,No Coffee Challenge,2023-08-01 00:00:00,2023-08-31 23:59:59,Active
CHAL_bab296dd,USER_07355,No Midnight Spending Challenge,2023-08-01 00:00:00,2023-08-31 23:59:59,Active
CHAL_46741966,USER_07355,No Coffee Challenge,2023-08-01 00:00:00,2023-08-31 23:59:59,Active
CHAL_8ffe6708,USER_05365,No Coffee Challenge,2023-08-01 00:00:00,2023-08-31 23:59:59,Active
CHAL_617a55f0,USER_05365,No Midnight Spending Challenge,2023-08-01 00:00:00,2023-08-31 23:59:59,Active
CHAL_aa1a9a84,USER_01374,No Midnight Spending Challenge,2023-08-01 00:00:00,2023-08-31 23:59:59,Active
CHAL_73aeeb45,USER_09261,No Coffee Challenge,2023-08-01 00:00:00,2023-08-31 23:59:59,Active
CHAL_c0843f46,USER_07753,No Midnight Spending Challenge,2023-08-01 00:00:00,2023-08-31 23:59:59,Active
CHAL_fc38b593,USER_07904,No Coffee Challenge,2023-08-01 00:00:00,2023-08-31 23:59:59,Active
CHAL_00c69255,USER_07904,No Midnight Spending Challenge,2023-08-01 00:00:00,2023-08-31 23:59:59,Active
CHAL_97f52ab9,USER_08588,No Coffee Challenge,2023-08-01 00:00:00,2023-08-31 23:59:59,Active
CHAL_c78a70dd,USER_08588,No Midnight Spending Challenge,2023-08-01 00:00:00,2023-08-31 23:59:59,Active
CHAL_a69641c6,USER_01095,No Coffee Challenge,2023-08-01 00:00:00,2023-08-31 23:59:59,Active
CHAL_b12cb1fd,USER_08834,No Coffee Challenge,2023-08-01 00:00:00,2023-08-31 23:59:59,Active
CHAL_dd6f2e7a,USER_08834,No Midnight Spending Challenge,2023-08-01 00:00:00,2023-08-31 23:59:59,Active
CHAL_878f4e7c,USER_06776,No Midnight Spending Challenge,2023-08-01 00:00:00,2023-08-31 23:59:59,Active
CHAL_b484bdcf,USER_05113,No Coffee Challenge,2023-08-01 00:00:00,2023-08-31 23:59:59,Active
CHAL_3dc5edf9,USER_00947,No Midnight Spending Challenge,2023-08-01 00:00:00,2023-08-31 23:59:59,Active
CHAL_64978df3,USER_00947,No Coffee Challenge,2023-08-01 00:00:00,2023-08-31 23:59:59,Active
CHAL_085259a9,USER_06500,No Coffee Challenge,2023-08-01 00:00:00,2023-08-31 23:59:59,Active
CHAL_9a4a1946,USER_06500,No Midnight Spending Challenge,2023-08-01 00:00:00,2023-08-31 23:59:59,Active
CHAL_388d2659,USER_08075,No Coffee Challenge,2023-08-01 00:00:00,2023-08-31 23:59:59,Active
CHAL_e741975f,USER_06467,No Midnight Spending Challenge,2023-08-01 00:00:00,2023-08-31 23:59:59,Active
CHAL_e913ca5e,USER_08281,No Midnight Spending Challenge,2023-08-01 00:00:00,2023-08-31 23:59:59,Active
CHAL_50828771,USER_07042,No Coffee Challenge,2023-08-01 00:00:00,2023-08-31 23:59:59,Active
CHAL_c7f76c91,USER_00550,No Coffee Challenge,2023-08-01 00:00:00,2023-08-31 23:59:59,Active
CHAL_62bc7ba7,USER_00550,No Midnight Spending Challenge,2023-08-01 00:00:00,2023-08-31 23:59:59,Active
CHAL_d21440bd,USER_05521,No Coffee Challenge,2023-08-01 00:00:00,2023-08-31 23:59:59,Active
CHAL_12f46d0e,USER_05521,No Midnight Spending Challenge,2023-08-01 00:00:00,2023-08-31 23:59:59,Active
CHAL_ef3189b5,USER_03634,No Coffee Challenge,2023-08-01 00:00:00,2023-08-31 23:59:59,Active
CHAL_4e5a09ea,USER_03634,No Midnight Spending Challenge,2023-08-01 00:00:00,2023-08-31 23:59:59,Active
CHAL_6d1a0173,USER_01706,No Coffee Challenge,2023-08-01 00:00:00,2023-08-31 23:59:59,Active
CHAL_89db64b0,USER_01706,No Midnight Spending Challenge,2023-08-01 00:00:00,2023-08-31 23:59:59,Active
CHAL_6deaded6,USER_02043,No Coffee Challenge,2023-08-01 00:00:00,2023-08-31 23:59:59,Active
CHAL_b5a8a3ca,USER_02043,No Midnight Spending Challenge,2023-08-01 00:00:00,2023-08-31 23:59:59,Active
CHAL_66d9d7dd,USER_03205,No Coffee Challenge,2023-08-01 00:00:00,2023-08-31 23:59:59,Active
CHAL_77b66ede,USER_08464,No Coffee Challenge,2023-08-01 00:00:00,2023-08-31 23:59:59,Active
CHAL_a1553d67,USER_08464,No Midnight Spending Challenge,2023-08-01 00:00:00,2023-08-31 23:59:59,Active
CHAL_94fe4532,USER_08108,No Midnight Spending Challenge,2023-08-01 00:00:00,2023-08-31 23:59:59,Active
CHAL_7da1b3f0,USER_08108,No Coffee Challenge,2023-08-01 00:00:00,2023-08-31 23:59:59,Active
CHAL_18996f5e,USER_05924,No Coffee Challenge,2023-08-01 00:00:00,2023-08-31 23:59:59,Active
CHAL_e2f9e973,USER_05924,No Midnight Spending Challenge,2023-08-01 00:00:00,2023-08-31 23:59:59,Active
CHAL_3c542af5,USER_06104,No Midnight Spending Challenge,2023-08-01 00:00:00,2023-08-31 23:59:59,Active
CHAL_4985f093,USER_04602,No Coffee Challenge,2023-08-01 00:00:00,2023-08-31 23:59:59,Active
CHAL_8d3dfaf2,USER_04602,No Midnight Spending Challenge,2023-08-01 00:00:00,2023-08-31 23:59:59,Active
CHAL_29cd5a80,USER_05913,No Coffee Challenge,2023-08-01 00:00:00,2023-08-31 23:59:59,Active
CHAL_57e65dc8,USER_06388,No Midnight Spending Challenge,2023-08-01 00:00:00,2023-08-31 23:59:59,Active
CHAL_8df953d2,USER_06388,No Coffee Challenge,2023-08-01 00:00:00,2023-08-31 23:59:59,Active
CHAL_6f6ad3d5,USER_05503,No Midnight Spending Challenge,2023-08-01 00:00:00,2023-08-31 23:59:59,Active
CHAL_e7ae7a7c,USER_05503,No Coffee Challenge,2023-08-01 00:00:00,2023-08-31 23:59:59,Active
CHAL_0df88fe9,USER_07375,No Midnight Spending Challenge,2023-08-01 00:00:00,2023-08-31 23:59:59,Active
CHAL_6b89834e,USER_06173,No Coffee Challenge,2023-08-01 00:00:00,2023-08-31 23:59:59,Active
CHAL_361696ff,USER_06173,No Midnight Spending Challenge,2023-08-01 00:00:00,2023-08-31 23:59:59,Active
CHAL_2c664e8d,USER_05334,No Midnight Spending Challenge,2023-08-01 00:00:00,2023-08-31 23:59:59,Active
CHAL_a40365f1,USER_06712,No Coffee Challenge,2023-08-01 00:00:00,2023-08-31 23:59:59,Active
CHAL_a5c13c5b,USER_06712,No Midnight Spending Challenge,2023-08-01 00:00:00,2023-08-31 23:59:59,Active
CHAL_9d45159c,USER_00843,No Coffee Challenge,2023-08-01 00:00:00,2023-08-31 23:59:59,Active
CHAL_8bbb7bf8,USER_02646,No Coffee Challenge,2023-08-01 00:00:00,2023-08-31 23:59:59,Active
CHAL_60ec8313,USER_06708,No Midnight Spending Challenge,2023-08-01 00:00:00,2023-08-31 23:59:59,Active
CHAL_ba37f94f,USER_05440,No Midnight Spending Challenge,2023-08-01 00:00:00,2023-08-31 23:59:59,Active
CHAL_f17e7d8d,USER_05440,No Coffee Challenge,2023-08-01 00:00:00,2023-08-31 23:59:59,Active
CHAL_db2efc95,USER_05558,No Coffee Challenge,2023-08-01 00:00:00,2023-08-31 23:59:59,Active
CHAL_3cb01e1f,USER_05558,No Midnight Spending Challenge,2023-08-01 00:00:00,2023-08-31 23:59:59,Active
CHAL_01c0d185,USER_07083,No Midnight Spending Challenge,2023-08-01 00:00:00,2023-08-31 23:59:59,Active
CHAL_8c90a7fd,USER_07083,No Coffee Challenge,2023-08-01 00:00:00,2023-08-31 23:59:59,Active
CHAL_286fea97,USER_01803,No Coffee Challenge,2023-08-01 00:00:00,2023-08-31 23:59:59,Active
CHAL_e20c8256,USER_07530,No Coffee Challenge,2023-08-01 00:00:00,2023-08-31 23:59:59,Active
CHAL_d77e0fb3,USER_03214,No Coffee Challenge,2023-08-01 00:00:00,2023-08-31 23:59:59,Active
CHAL_0151e2ba,USER_08520,No Coffee Challenge,2023-08-01 00:00:00,2023-08-31 23:59:59,Active
CHAL_62f7e0c2,USER_08520,No Midnight Spending Challenge,2023-08-01 00:00:00,2023-08-31 23:59:59,Active
CHAL_c298afe5,USER_09142,No Coffee Challenge,2023-08-01 00:00:00,2023-08-31 23:59:59,Active
CHAL_cb14a9e3,USER_06833,No Midnight Spending Challenge,2023-08-01 00:00:00,2023-08-31 23:59:59,Active
CHAL_449e2598,USER_06833,No Coffee Challenge,2023-08-01 00:00:00,2023-08-31 23:59:59,Active
CHAL_db7a395c,USER_09645,No Midnight Spending Challenge,2023-08-01 00:00:00,2023-08-31 23:59:59,Active
CHAL_04fbda18,USER_04540,No Midnight Spending Challenge,2023-08-01 00:00:00,2023-08-31 23:59:59,Active
CHAL_bce1cf0e,USER_09819,No Coffee Challenge,2023-08-01 00:00:00,2023-08-31 23:59:59,Active
CHAL_97795f64,USER_09819,No Midnight Spending Challenge,2023-08-01 00:00:00,2023-08-31 23:59:59,Active
CHAL_41b00911,USER_06267,No Midnight Spending Challenge,2023-08-01 00:00:00,2023-08-31 23:59:59,Active
CHAL_4f0e8483,USER_02103,No Coffee Challenge,2023-08-01 00:00:00,2023-08-31 23:59:59,Active
CHAL_5f417492,USER_02103,No Midnight Spending Challenge,2023-08-01 00:00:00,2023-08-31 23:59:59,Active
CHAL_b21c528c,USER_01847,No Midnight Spending Challenge,2023-08-01 00:00:00,2023-08-31 23:59:59,Active
CHAL_fbcb0a82,USER_00067,No Coffee Challenge,2023-08-01 00:00:00,2023-08-31 23:59:59,Active
CHAL_6c7fe629,USER_09673,No Coffee Challenge,2023-08-01 00:00:00,2023-08-31 23:59:59,Active
CHAL_add18496,USER_06421,No Coffee Challenge,2023-08-01 00:00:00,2023-08-31 23:59:59,Active
CHAL_90a7c886,USER_01648,No Coffee Challenge,2023-08-01 00:00:00,2023-08-31 23:59:59,Active
CHAL_03e66331,USER_07206,No Coffee Challenge,2023-08-01 00:00:00,2023-08-31 23:59:59,Active
CHAL_d0735121,USER_07206,No Midnight Spending Challenge,2023-08-01 00:00:00,2023-08-31 23:59:59,Active
CHAL_99828c26,USER_08261,No Coffee Challenge,2023-08-01 00:00:00,2023-08-31 23:59:59,Active
CHAL_32f9490a,USER_07623,No Coffee Challenge,2023-08-01 00:00:00,2023-08-31 23:59:59,Active
CHAL_11846c54,USER_05971,No Midnight Spending Challenge,2023-08-01 00:00:00,2023-08-31 23:59:59,Active
CHAL_9d6ed572,USER_02729,No Coffee Challenge,2023-08-01 00:00:00,2023-08-31 23:59:59,Active
CHAL_b2453828,USER_08498,No Midnight Spending Challenge,2023-08-01 00:00:00,2023-08-31 23:59:59,Active
CHAL_393e51b3,USER_00983,No Coffee Challenge,2023-08-01 00:00:00,2023-08-31 23:59:59,Active
CHAL_7aadc54e,USER_00983,No Midnight Spending Challenge,2023-08-01 00:00:00,2023-08-31 23:59:59,Active
CHAL_6d88392e,USER_00632,No Midnight Spending Challenge,2023-08-01 00:00:00,2023-08-31 23:59:59,Active
CHAL_d292701d,USER_08849,No Midnight Spending Challenge,2023-08-01 00:00:00,2023-08-31 23:59:59,Active
CHAL_77968aa3,USER_04468,No Coffee Challenge,2023-08-01 00:00:00,2023-08-31 23:59:59,Active
CHAL_7ac76065,USER_04468,No Midnight Spending Challenge,2023-08-01 00:00:00,2023-08-31 23:59:59,Active
CHAL_6b59056f,USER_03040,No Coffee Challenge,2023-08-01 00:00:00,2023-08-31 23:59:59,Active
CHAL_b6c859aa,USER_03040,No Midnight Spending Challenge,2023-08-01 00:00:00,2023-08-31 23:59:59,Active
CHAL_f8f0c409,USER_08204,No Midnight Spending Challenge,2023-08-01 00:00:00,2023-08-31 23:59:59,Active
CHAL_685044e8,USER_07856,No Coffee Challenge,2023-08-01 00:00:00,2023-08-31 23:59:59,Active
CHAL_1c5242f1,USER_07856,No Midnight Spending Challenge,2023-08-01 00:00:00,2023-08-31 23:59:59,Active
CHAL_91212b2c,USER_09577,No Coffee Challenge,2023-08-01 00:00:00,2023-08-31 23:59:59,Active
CHAL_152ab7c0,USER_09178,No Coffee Challenge,2023-08-01 00:00:00,2023-08-31 23:59:59,Active
CHAL_420fe4b2,USER_09178,No Midnight Spending Challenge,2023-08-01 00:00:00,2023-08-31 23:59:59,Active
CHAL_fb41e98e,USER_01026,No Coffee Challenge,2023-08-01 00:00:00,2023-08-31 23:59:59,Active
CHAL_0dc84853,USER_01026,No Midnight Spending Challenge,2023-08-01 00:00:00,2023-08-31 23:59:59,Active
CHAL_116f1cba,USER_05172,No Midnight Spending Challenge,2023-08-01 00:00:00,2023-08-31 23:59:59,Active
CHAL_df4e8140,USER_05172,No Coffee Challenge,2023-08-01 00:00:00,2023-08-31 23:59:59,Active
CHAL_ec86fecf,USER_06016,No Coffee Challenge,2023-08-01 00:00:00,2023-08-31 23:59:59,Active
CHAL_446f61c6,USER_07128,No Midnight Spending Challenge,2023-08-01 00:00:00,2023-08-31 23:59:59,Active
CHAL_b6c1c4b0,USER_07128,No Coffee Challenge,2023-08-01 00:00:00,2023-08-31 23:59:59,Active
CHAL_d6297889,USER_08201,No Coffee Challenge,2023-08-01 00:00:00,2023-08-31 23:59:59,Active
CHAL_979c19d5,USER_08201,No Midnight Spending Challenge,2023-08-01 00:00:00,2023-08-31 23:59:59,Active
CHAL_0458f842,USER_00921,No Coffee Challenge,2023-08-01 00:00:00,2023-08-31 23:59:59,Active
CHAL_33391b65,USER_00921,No Midnight Spending Challenge,2023-08-01 00:00:00,2023-08-31 23:59:59,Active
CHAL_440c62bd,USER_04008,No Midnight Spending Challenge,2023-08-01 00:00:00,2023-08-31 23:59:59,Active
CHAL_d1f43628,USER_03157,No Coffee Challenge,2023-08-01 00:00:00,2023-08-31 23:59:59,Active
CHAL_6dca61fb,USER_03157,No Midnight Spending Challenge,2023-08-01 00:00:00,2023-08-31 23:59:59,Active
CHAL_ef85e544,USER_00717,No Coffee Challenge,2023-08-01 00:00:00,2023-08-31 23:59:59,Active
CHAL_98a5f212,USER_00717,No Midnight Spending Challenge,2023-08-01 00:00:00,2023-08-31 23:59:59,Active
CHAL_50ebce10,USER_08759,No Midnight Spending Challenge,2023-08-01 00:00:00,2023-08-31 23:59:59,Active
CHAL_8f8074b7,USER_08759,No Coffee Challenge,2023-08-01 00:00:00,2023-08-31 23:59:59,Active
CHAL_5a3daa35,USER_00150,No Coffee Challenge,2023-08-01 00:00:00,2023-08-31 23:59:59,Active
CHAL_92399c45,USER_08206,No Coffee Challenge,2023-08-01 00:00:00,2023-08-31 23:59:59,Active
CHAL_ba5c8f1f,USER_08206,No Midnight Spending Challenge,2023-08-01 00:00:00,2023-08-31 23:59:59,Active
CHAL_b9e30585,USER_04463,No Coffee Challenge,2023-08-01 00:00:00,2023-08-31 23:59:59,Active
CHAL_c7c86ca2,USER_04463,No Midnight Spending Challenge,2023-08-01 00:00:00,2023-08-31 23:59:59,Active
CHAL_e80a698d,USER_00752,No Midnight Spending Challenge,2023-08-01 00:00:00,2023-08-31 23:59:59,Active
CHAL_d263a534,USER_05312,No Coffee Challenge,2023-08-01 00:00:00,2023-08-31 23:59:59,Active
CHAL_14e08e2d,USER_05312,No Midnight Spending Challenge,2023-08-01 00:00:00,2023-08-31 23:59:59,Active
CHAL_6e2119b6,USER_09418,No Midnight Spending Challenge,2023-08-01 00:00:00,2023-08-31 23:59:59,Active
CHAL_8e0c3f23,USER_09418,No Coffee Challenge,2023-08-01 00:00:00,2023-08-31 23:59:59,Active
CHAL_ea4d9c6f,USER_03648,No Midnight Spending Challenge,2023-08-01 00:00:00,2023-08-31 23:59:59,Active
CHAL_d0a31c9d,USER_06782,No Midnight Spending Challenge,2023-08-01 00:00:00,2023-08-31 23:59:59,Active
CHAL_8bfced6a,USER_03291,No Coffee Challenge,2023-08-01 00:00:00,2023-08-31 23:59:59,Active
CHAL_84dd0a45,USER_03291,No Midnight Spending Challenge,2023-08-01 00:00:00,2023-08-31 23:59:59,Active
CHAL_e2379dde,USER_00974,No Coffee Challenge,2023-08-01 00:00:00,2023-08-31 23:59:59,Active
CHAL_4c27c473,USER_00974,No Midnight Spending Challenge,2023-08-01 00:00:00,2023-08-31 23:59:59,Active
CHAL_b9b88e9d,USER_08962,No Midnight Spending Challenge,2023-08-01 00:00:00,2023-08-31 23:59:59,Active
CHAL_3f5707e6,USER_04246,No Midnight Spending Challenge,2023-08-01 00:00:00,2023-08-31 23:59:59,Active
CHAL_efcab55d,USER_01877,No Midnight Spending Challenge,2023-08-01 00:00:00,2023-08-31 23:59:59,Active
CHAL_d9c324c2,USER_09014,No Coffee Challenge,2023-08-01 00:00:00,2023-08-31 23:59:59,Active
CHAL_6b4d1410,USER_09014,No Midnight Spending Challenge,2023-08-01 00:00:00,2023-08-31 23:59:59,Active
CHAL_2661936c,USER_03277,No Midnight Spending Challenge,2023-08-01 00:00:00,2023-08-31 23:59:59,Active
CHAL_25d04a19,USER_07445,No Coffee Challenge,2023-08-01 00:00:00,2023-08-31 23:59:59,Active
CHAL_b1b4e48c,USER_03604,No Coffee Challenge,2023-08-01 00:00:00,2023-08-31 23:59:59,Active
CHAL_53d91517,USER_01237,No Coffee Challenge,2023-08-01 00:00:00,2023-08-31 23:59:59,Active
CHAL_b618cb9b,USER_01237,No Midnight Spending Challenge,2023-08-01 00:00:00,2023-08-31 23:59:59,Active
CHAL_450da367,USER_02501,No Coffee Challenge,2023-08-01 00:00:00,2023-08-31 23:59:59,Active
CHAL_5b2aadb9,USER_08952,No Midnight Spending Challenge,2023-08-01 00:00:00,2023-08-31 23:59:59,Active
CHAL_8bc7fb09,USER_08952,No Coffee Challenge,2023-08-01 00:00:00,2023-08-31 23:59:59,Active
CHAL_4aac5a78,USER_00815,No Coffee Challenge,2023-08-01 00:00:00,2023-08-31 23:59:59,Active
CHAL_f05cea8a,USER_00815,No Midnight Spending Challenge,2023-08-01 00:00:00,2023-08-31 23:59:59,Active
CHAL_d0ca480d,USER_07467,No Midnight Spending Challenge,2023-08-01 00:00:00,2023-08-31 23:59:59,Active
CHAL_e70e394a,USER_07467,No Coffee Challenge,2023-08-01 00:00:00,2023-08-31 23:59:59,Active
CHAL_a893123e,USER_09709,No Midnight Spending Challenge,2023-08-01 00:00:00,2023-08-31 23:59:59,Active
CHAL_514d4b31,USER_09709,No Coffee Challenge,2023-08-01 00:00:00,2023-08-31 23:59:59,Active
CHAL_266b4fc2,USER_09393,No Coffee Challenge,2023-08-01 00:00:00,2023-08-31 23:59:59,Active
CHAL_0cda7096,USER_09583,No Coffee Challenge,2023-08-01 00:00:00,2023-08-31 23:59:59,Active
CHAL_6ef3b21d,USER_04225,No Midnight Spending Challenge,2023-08-01 00:00:00,2023-08-31 23:59:59,Active
CHAL_7b23bce6,USER_04225,No Coffee Challenge,2023-08-01 00:00:00,2023-08-31 23:59:59,Active
CHAL_630866bb,USER_05889,No Coffee Challenge,2023-08-01 00:00:00,2023-08-31 23:59:59,Active
CHAL_b2c03d15,USER_05889,No Midnight Spending Challenge,2023-08-01 00:00:00,2023-08-31 23:59:59,Active
CHAL_8b3766b3,USER_05304,No Coffee Challenge,2023-08-01 00:00:00,2023-08-31 23:59:59,Active
CHAL_2518d1b1,USER_05304,No Midnight Spending Challenge,2023-08-01 00:00:00,2023-08-31 23:59:59,Active
CHAL_fa762139,USER_03132,No Midnight Spending Challenge,2023-08-01 00:00:00,2023-08-31 23:59:59,Active
CHAL_c32ccb84,USER_03132,No Coffee Challenge,2023-08-01 00:00:00,2023-08-31 23:59:59,Active
CHAL_467fdb29,USER_07447,No Midnight Spending Challenge,2023-08-01 00:00:00,2023-08-31 23:59:59,Active
CHAL_12770686,USER_07796,No Coffee Challenge,2023-08-01 00:00:00,2023-08-31 23:59:59,Active
CHAL_dd7ca94e,USER_07796,No Midnight Spending Challenge,2023-08-01 00:00:00,2023-08-31 23:59:59,Active
CHAL_ae906b86,USER_06538,No Midnight Spending Challenge,2023-08-01 00:00:00,2023-08-31 23:59:59,Active
CHAL_895d281a,USER_06538,No Coffee Challenge,2023-08-01 00:00:00,2023-08-31 23:59:59,Active
CHAL_8d24ab4b,USER_08727,No Coffee Challenge,2023-08-01 00:00:00,2023-08-31 23:59:59,Active
CHAL_c2dc09d6,USER_09623,No Midnight Spending Challenge,2023-08-01 00:00:00,2023-08-31 23:59:59,Active
CHAL_14a44754,USER_03469,No Coffee Challenge,2023-08-01 00:00:00,2023-08-31 23:59:59,Active
CHAL_ea8722b3,USER_04047,No Coffee Challenge,2023-08-01 00:00:00,2023-08-31 23:59:59,Active
CHAL_190f3a70,USER_08485,No Coffee Challenge,2023-08-01 00:00:00,2023-08-31 23:59:59,Active
CHAL_843b7cbe,USER_08485,No Midnight Spending Challenge,2023-08-01 00:00:00,2023-08-31 23:59:59,Active
CHAL_ae818556,USER_09144,No Midnight Spending Challenge,2023-08-01 00:00:00,2023-08-31 23:59:59,Active
CHAL_1298d6d2,USER_06323,No Coffee Challenge,2023-08-01 00:00:00,2023-08-31 23:59:59,Active
CHAL_ac7559c3,USER_05201,No Midnight Spending Challenge,2023-08-01 00:00:00,2023-08-31 23:59:59,Active
CHAL_1323d4d0,USER_00566,No Midnight Spending Challenge,2023-08-01 00:00:00,2023-08-31 23:59:59,Active
CHAL_277308c1,USER_09787,No Coffee Challenge,2023-08-01 00:00:00,2023-08-31 23:59:59,Active
CHAL_845af78a,USER_09787,No Midnight Spending Challenge,2023-08-01 00:00:00,2023-08-31 23:59:59,Active
CHAL_d5e94eed,USER_00253,No Coffee Challenge,2023-08-01 00:00:00,2023-08-31 23:59:59,Active
CHAL_914aaf25,USER_08594,No Coffee Challenge,2023-08-01 00:00:00,2023-08-31 23:59:59,Active
CHAL_1a6513ac,USER_00320,No Coffee Challenge,2023-08-01 00:00:00,2023-08-31 23:59:59,Active
CHAL_d6e093d5,USER_00320,No Midnight Spending Challenge,2023-08-01 00:00:00,2023-08-31 23:59:59,Active
CHAL_2c086f61,USER_05530,No Midnight Spending Challenge,2023-08-01 00:00:00,2023-08-31 23:59:59,Active
CHAL_28d77263,USER_09089,No Midnight Spending Challenge,2023-08-01 00:00:00,2023-08-31 23:59:59,Active
CHAL_dc5d5dfc,USER_06545,No Midnight Spending Challenge,2023-08-01 00:00:00,2023-08-31 23:59:59,Active
CHAL_27f9c52f,USER_09239,No Midnight Spending Challenge,2023-08-01 00:00:00,2023-08-31 23:59:59,Active
CHAL_3023df83,USER_09239,No Coffee Challenge,2023-08-01 00:00:00,2023-08-31 23:59:59,Active
CHAL_238bfa26,USER_01559,No Midnight Spending Challenge,2023-08-01 00:00:00,2023-08-31 23:59:59,Active
CHAL_88101037,USER_01559,No Coffee Challenge,2023-08-01 00:00:00,2023-08-31 23:59:59,Active
CHAL_fb2dd2c2,USER_01400,No Coffee Challenge,2023-08-01 00:00:00,2023-08-31 23:59:59,Active
CHAL_dfbed081,USER_01543,No Midnight Spending Challenge,2023-08-01 00:00:00,2023-08-31 23:59:59,Active
CHAL_26ff5438,USER_05405,No Coffee Challenge,2023-08-01 00:00:00,2023-08-31 23:59:59,Active
CHAL_e3e6acbd,USER_05405,No Midnight Spending Challenge,2023-08-01 00:00:00,2023-08-31 23:59:59,Active
CHAL_9ce644ed,USER_05424,No Coffee Challenge,2023-08-01 00:00:00,2023-08-31 23:59:59,Active
CHAL_4c61c3f4,USER_05424,No Midnight Spending Challenge,2023-08-01 00:00:00,2023-08-31 23:59:59,Active
CHAL_e535abb9,USER_07954,No Midnight Spending Challenge,2023-08-01 00:00:00,2023-08-31 23:59:59,Active
CHAL_af609f45,USER_06402,No Coffee Challenge,2023-08-01 00:00:00,2023-08-31 23:59:59,Active
CHAL_df006849,USER_07056,No Coffee Challenge,2023-08-01 00:00:00,2023-08-31 23:59:59,Active
CHAL_af876c13,USER_04487,No Coffee Challenge,2023-08-01 00:00:00,2023-08-31 23:59:59,Active
CHAL_ba3fbc0a,USER_02764,No Midnight Spending Challenge,2023-08-01 00:00:00,2023-08-31 23:59:59,Active
CHAL_acd3bf09,USER_02764,No Coffee Challenge,2023-08-01 00:00:00,2023-08-31 23:59:59,Active
CHAL_7794bd03,USER_04426,No Coffee Challenge,2023-08-01 00:00:00,2023-08-31 23:59:59,Active
CHAL_43c2798f,USER_04426,No Midnight Spending Challenge,2023-08-01 00:00:00,2023-08-31 23:59:59,Active
CHAL_bf513b12,USER_05528,No Coffee Challenge,2023-08-01 00:00:00,2023-08-31 23:59:59,Active
CHAL_51bb4009,USER_05528,No Midnight Spending Challenge,2023-08-01 00:00:00,2023-08-31 23:59:59,Active
CHAL_d3fb46aa,USER_06365,No Coffee Challenge,2023-08-01 00:00:00,2023-08-31 23:59:59,Active
CHAL_fe15fb22,USER_06365,No Midnight Spending Challenge,2023-08-01 00:00:00,2023-08-31 23:59:59,Active
CHAL_49566066,USER_03775,No Coffee Challenge,2023-08-01 00:00:00,2023-08-31 23:59:59,Active
CHAL_a6c1969f,USER_03775,No Midnight Spending Challenge,2023-08-01 00:00:00,2023-08-31 23:59:59,Active
CHAL_5fa8b214,USER_04631,No Midnight Spending Challenge,2023-08-01 00:00:00,2023-08-31 23:59:59,Active
CHAL_968e3034,USER_04631,No Coffee Challenge,2023-08-01 00:00:00,2023-08-31 23:59:59,Active
CHAL_33e0756e,USER_03502,No Coffee Challenge,2023-08-01 00:00:00,2023-08-31 23:59:59,Active
CHAL_9d8ad087,USER_00086,No Midnight Spending Challenge,2023-08-01 00:00:00,2023-08-31 23:59:59,Active
CHAL_b52c0968,USER_04014,No Coffee Challenge,2023-08-01 00:00:00,2023-08-31 23:59:59,Active
CHAL_0b5e6d80,USER_03928,No Coffee Challenge,2023-08-01 00:00:00,2023-08-31 23:59:59,Active
CHAL_9368e0ee,USER_03512,No Coffee Challenge,2023-08-01 00:00:00,2023-08-31 23:59:59,Active
CHAL_d9f6e59f,USER_04855,No Midnight Spending Challenge,2023-08-01 00:00:00,2023-08-31 23:59:59,Active
CHAL_d4fe3443,USER_01444,No Coffee Challenge,2023-08-01 00:00:00,2023-08-31 23:59:59,Active
CHAL_be60625b,USER_01444,No Midnight Spending Challenge,2023-08-01 00:00:00,2023-08-31 23:59:59,Active
CHAL_4f545bea,USER_03583,No Coffee Challenge,2023-08-01 00:00:00,2023-08-31 23:59:59,Active
CHAL_05d35498,USER_03583,No Midnight Spending Challenge,2023-08-01 00:00:00,2023-08-31 23:59:59,Active
CHAL_627c17ea,USER_09526,No Midnight Spending Challenge,2023-08-01 00:00:00,2023-08-31 23:59:59,Active
CHAL_bab5f515,USER_02678,No Midnight Spending Challenge,2023-08-01 00:00:00,2023-08-31 23:59:59,Active
CHAL_1c62f5ea,USER_02678,No Coffee Challenge,2023-08-01 00:00:00,2023-08-31 23:59:59,Active
CHAL_3d344e6d,USER_04330,No Midnight Spending Challenge,2023-08-01 00:00:00,2023-08-31 23:59:59,Active
CHAL_d440fa39,USER_04330,No Coffee Challenge,2023-08-01 00:00:00,2023-08-31 23:59:59,Active
CHAL_81cb6c4f,USER_08559,No Coffee Challenge,2023-08-01 00:00:00,2023-08-31 23:59:59,Active
CHAL_dc09ad42,USER_09660,No Midnight Spending Challenge,2023-08-01 00:00:00,2023-08-31 23:59:59,Active
CHAL_e2fd526d,USER_06775,No Coffee Challenge,2023-08-01 00:00:00,2023-08-31 23:59:59,Active
CHAL_9f16fd65,USER_05130,No Midnight Spending Challenge,2023-08-01 00:00:00,2023-08-31 23:59:59,Active
CHAL_b9a13e50,USER_09271,No Midnight Spending Challenge,2023-08-01 00:00:00,2023-08-31 23:59:59,Active
CHAL_56d6654b,USER_09271,No Coffee Challenge,2023-08-01 00:00:00,2023-08-31 23:59:59,Active
CHAL_4662681e,USER_00744,No Coffee Challenge,2023-08-01 00:00:00,2023-08-31 23:59:59,Active
CHAL_1f553710,USER_02289,No Coffee Challenge,2023-08-01 00:00:00,2023-08-31 23:59:59,Active
CHAL_56feae65,USER_02289,No Midnight Spending Challenge,2023-08-01 00:00:00,2023-08-31 23:59:59,Active
CHAL_730a208a,USER_03643,No Coffee Challenge,2023-08-01 00:00:00,2023-08-31 23:59:59,Active
CHAL_502948a2,USER_05091,No Coffee Challenge,2023-08-01 00:00:00,2023-08-31 23:59:59,Active
CHAL_50d9e3a6,USER_05091,No Midnight Spending Challenge,2023-08-01 00:00:00,2023-08-31 23:59:59,Active
CHAL_f52a5ef9,USER_00296,No Coffee Challenge,2023-08-01 00:00:00,2023-08-31 23:59:59,Active
CHAL_96395890,USER_06302,No Midnight Spending Challenge,2023-08-01 00:00:00,2023-08-31 23:59:59,Active
CHAL_a918ccab,USER_06302,No Coffee Challenge,2023-08-01 00:00:00,2023-08-31 23:59:59,Active
CHAL_379629fb,USER_03079,No Coffee Challenge,2023-08-01 00:00:00,2023-08-31 23:59:59,Active
CHAL_324f473a,USER_03079,No Midnight Spending Challenge,2023-08-01 00:00:00,2023-08-31 23:59:59,Active
CHAL_a49dbf02,USER_02675,No Midnight Spending Challenge,2023-08-01 00:00:00,2023-08-31 23:59:59,Active
CHAL_64092c2e,USER_02675,No Coffee Challenge,2023-08-01 00:00:00,2023-08-31 23:59:59,Active
CHAL_2ad24fc8,USER_06002,No Coffee Challenge,2023-08-01 00:00:00,2023-08-31 23:59:59,Active
CHAL_16b341a3,USER_02815,No Coffee Challenge,2023-08-01 00:00:00,2023-08-31 23:59:59,Active
CHAL_7b741c04,USER_02815,No Midnight Spending Challenge,2023-08-01 00:00:00,2023-08-31 23:59:59,Active
CHAL_e0ea7f7c,USER_07690,No Midnight Spending Challenge,2023-08-01 00:00:00,2023-08-31 23:59:59,Active
CHAL_49f6e19d,USER_07690,No Coffee Challenge,2023-08-01 00:00:00,2023-08-31 23:59:59,Active
CHAL_e7ecdece,USER_03038,No Coffee Challenge,2023-08-01 00:00:00,2023-08-31 23:59:59,Active
CHAL_ed5cb3b1,USER_03037,No Midnight Spending Challenge,2023-08-01 00:00:00,2023-08-31 23:59:59,Active
CHAL_91f9b0f1,USER_03037,No Coffee Challenge,2023-08-01 00:00:00,2023-08-31 23:59:59,Active
CHAL_20b890a7,USER_03864,No Coffee Challenge,2023-08-01 00:00:00,2023-08-31 23:59:59,Active
CHAL_b22da842,USER_00871,No Coffee Challenge,2023-08-01 00:00:00,2023-08-31 23:59:59,Active
CHAL_4c8455d1,USER_08084,No Midnight Spending Challenge,2023-08-01 00:00:00,2023-08-31 23:59:59,Active
CHAL_dbbf1f9a,USER_08084,No Coffee Challenge,2023-08-01 00:00:00,2023-08-31 23:59:59,Active
CHAL_f6b506cb,USER_08454,No Coffee Challenge,2023-08-01 00:00:00,2023-08-31 23:59:59,Active
CHAL_5fa3d806,USER_08454,No Midnight Spending Challenge,2023-08-01 00:00:00,2023-08-31 23:59:59,Active
CHAL_d522b027,USER_06125,No Coffee Challenge,2023-08-01 00:00:00,2023-08-31 23:59:59,Active
CHAL_a6355aba,USER_01218,No Midnight Spending Challenge,2023-08-01 00:00:00,2023-08-31 23:59:59,Active
CHAL_28decfe7,USER_01218,No Coffee Challenge,2023-08-01 00:00:00,2023-08-31 23:59:59,Active
CHAL_991bffa7,USER_04368,No Coffee Challenge,2023-08-01 00:00:00,2023-08-31 23:59:59,Active
CHAL_a7b94fae,USER_04368,No Midnight Spending Challenge,2023-08-01 00:00:00,2023-08-31 23:59:59,Active
CHAL_50a25d0b,USER_01746,No Coffee Challenge,2023-08-01 00:00:00,2023-08-31 23:59:59,Active
CHAL_99841be8,USER_01746,No Midnight Spending Challenge,2023-08-01 00:00:00,2023-08-31 23:59:59,Active
CHAL_ac212149,USER_07305,No Midnight Spending Challenge,2023-08-01 00:00:00,2023-08-31 23:59:59,Active
CHAL_6770f66d,USER_07305,No Coffee Challenge,2023-08-01 00:00:00,2023-08-31 23:59:59,Active
CHAL_5dde2b62,USER_05177,No Midnight Spending Challenge,2023-08-01 00:00:00,2023-08-31 23:59:59,Active
CHAL_4d70e5f1,USER_05177,No Coffee Challenge,2023-08-01 00:00:00,2023-08-31 23:59:59,Active
CHAL_9cac37c3,USER_01439,No Coffee Challenge,2023-08-01 00:00:00,2023-08-31 23:59:59,Active
CHAL_835c7e79,USER_01439,No Midnight Spending Challenge,2023-08-01 00:00:00,2023-08-31 23:59:59,Active
CHAL_7422e3dc,USER_04475,No Midnight Spending Challenge,2023-08-01 00:00:00,2023-08-31 23:59:59,Active
CHAL_20c3f888,USER_04475,No Coffee Challenge,2023-08-01 00:00:00,2023-08-31 23:59:59,Active
CHAL_1e45b187,USER_08009,No Midnight Spending Challenge,2023-08-01 00:00:00,2023-08-31 23:59:59,Active
CHAL_e731e20b,USER_01225,No Midnight Spending Challenge,2023-08-01 00:00:00,2023-08-31 23:59:59,Active
CHAL_8a430fc8,USER_05059,No Midnight Spending Challenge,2023-08-01 00:00:00,2023-08-31 23:59:59,Active
CHAL_bb3ff745,USER_01984,No Midnight Spending Challenge,2023-08-01 00:00:00,2023-08-31 23:59:59,Active
CHAL_8af70be4,USER_01984,No Coffee Challenge,2023-08-01 00:00:00,2023-08-31 23:59:59,Active
CHAL_f4a8e411,USER_03318,No Midnight Spending Challenge,2023-08-01 00:00:00,2023-08-31 23:59:59,Active
CHAL_d2fc24de,USER_09887,No Midnight Spending Challenge,2023-08-01 00:00:00,2023-08-31 23:59:59,Active
CHAL_9189a1ee,USER_07914,No Midnight Spending Challenge,2023-08-01 00:00:00,2023-08-31 23:59:59,Active
CHAL_c96729c0,USER_04906,No Coffee Challenge,2023-08-01 00:00:00,2023-08-31 23:59:59,Active
CHAL_794de4cc,USER_06719,No Midnight Spending Challenge,2023-08-01 00:00:00,2023-08-31 23:59:59,Active
CHAL_8b73c3fb,USER_05520,No Coffee Challenge,2023-08-01 00:00:00,2023-08-31 23:59:59,Active
CHAL_d3527fb5,USER_01105,No Coffee Challenge,2023-08-01 00:00:00,2023-08-31 23:59:59,Active
CHAL_e3417042,USER_06337,No Midnight Spending Challenge,2023-08-01 00:00:00,2023-08-31 23:59:59,Active
CHAL_446ef39a,USER_04418,No Coffee Challenge,2023-08-01 00:00:00,2023-08-31 23:59:59,Active
CHAL_8628ccf9,USER_04418,No Midnight Spending Challenge,2023-08-01 00:00:00,2023-08-31 23:59:59,Active
CHAL_a373ecd9,USER_08105,No Midnight Spending Challenge,2023-08-01 00:00:00,2023-08-31 23:59:59,Active
CHAL_ceaa566e,USER_03324,No Midnight Spending Challenge,2023-08-01 00:00:00,2023-08-31 23:59:59,Active
CHAL_80987f62,USER_07174,No Midnight Spending Challenge,2023-08-01 00:00:00,2023-08-31 23:59:59,Active
CHAL_7d35b18f,USER_07174,No Coffee Challenge,2023-08-01 00:00:00,2023-08-31 23:59:59,Active
CHAL_720ef2dd,USER_04653,No Midnight Spending Challenge,2023-08-01 00:00:00,2023-08-31 23:59:59,Active
CHAL_96684afc,USER_01099,No Coffee Challenge,2023-08-01 00:00:00,2023-08-31 23:59:59,Active
CHAL_202315ba,USER_01099,No Midnight Spending Challenge,2023-08-01 00:00:00,2023-08-31 23:59:59,Active
CHAL_c647278d,USER_06318,No Midnight Spending Challenge,2023-08-01 00:00:00,2023-08-31 23:59:59,Active
CHAL_a501141a,USER_01981,No Coffee Challenge,2023-08-01 00:00:00,2023-08-31 23:59:59,Active
CHAL_c12f603b,USER_03117,No Coffee Challenge,2023-08-01 00:00:00,2023-08-31 23:59:59,Active
CHAL_6cf7e54e,USER_03117,No Midnight Spending Challenge,2023-08-01 00:00:00,2023-08-31 23:59:59,Active
CHAL_03af055f,USER_04577,No Coffee Challenge,2023-08-01 00:00:00,2023-08-31 23:59:59,Active
CHAL_caa60ed5,USER_07525,No Midnight Spending Challenge,2023-08-01 00:00:00,2023-08-31 23:59:59,Active
CHAL_62837b6a,USER_07525,No Coffee Challenge,2023-08-01 00:00:00,2023-08-31 23:59:59,Active
CHAL_613bc751,USER_08963,No Coffee Challenge,2023-08-01 00:00:00,2023-08-31 23:59:59,Active
CHAL_6622c724,USER_08963,No Midnight Spending Challenge,2023-08-01 00:00:00,2023-08-31 23:59:59,Active
CHAL_312e8caa,USER_06468,No Coffee Challenge,2023-08-01 00:00:00,2023-08-31 23:59:59,Active
CHAL_0e31028a,USER_06468,No Midnight Spending Challenge,2023-08-01 00:00:00,2023-08-31 23:59:59,Active
CHAL_663d59a5,USER_06386,No Midnight Spending Challenge,2023-08-01 00:00:00,2023-08-31 23:59:59,Active
CHAL_0e46a679,USER_06360,No Coffee Challenge,2023-08-01 00:00:00,2023-08-31 23:59:59,Active
CHAL_3117cc7b,USER_06360,No Midnight Spending Challenge,2023-08-01 00:00:00,2023-08-31 23:59:59,Active
CHAL_c8c0206a,USER_09771,No Midnight Spending Challenge,2023-08-01 00:00:00,2023-08-31 23:59:59,Active
CHAL_265d4afe,USER_09771,No Coffee Challenge,2023-08-01 00:00:00,2023-08-31 23:59:59,Active
CHAL_aac30e60,USER_03341,No Midnight Spending Challenge,2023-08-01 00:00:00,2023-08-31 23:59:59,Active
CHAL_79b10615,USER_05775,No Coffee Challenge,2023-08-01 00:00:00,2023-08-31 23:59:59,Active
CHAL_de3bb335,USER_02928,No Coffee Challenge,2023-08-01 00:00:00,2023-08-31 23:59:59,Active
CHAL_8a1ef21b,USER_09422,No Coffee Challenge,2023-08-01 00:00:00,2023-08-31 23:59:59,Active
CHAL_ef7f90af,USER_09836,No Coffee Challenge,2023-08-01 00:00:00,2023-08-31 23:59:59,Active
CHAL_63ad913c,USER_08063,No Midnight Spending Challenge,2023-08-01 00:00:00,2023-08-31 23:59:59,Active
CHAL_11dc337e,USER_08063,No Coffee Challenge,2023-08-01 00:00:00,2023-08-31 23:59:59,Active
CHAL_1ad7c637,USER_00543,No Coffee Challenge,2023-08-01 00:00:00,2023-08-31 23:59:59,Active
CHAL_fa6f98d8,USER_05814,No Midnight Spending Challenge,2023-08-01 00:00:00,2023-08-31 23:59:59,Active
CHAL_52e286b4,USER_05814,No Coffee Challenge,2023-08-01 00:00:00,2023-08-31 23:59:59,Active
CHAL_67681e73,USER_07647,No Midnight Spending Challenge,2023-08-01 00:00:00,2023-08-31 23:59:59,Active
CHAL_d10a67f6,USER_00969,No Midnight Spending Challenge,2023-08-01 00:00:00,2023-08-31 23:59:59,Active
CHAL_ff025ec6,USER_00969,No Coffee Challenge,2023-08-01 00:00:00,2023-08-31 23:59:59,Active
CHAL_828c60e1,USER_05245,No Midnight Spending Challenge,2023-08-01 00:00:00,2023-08-31 23:59:59,Active
CHAL_e41192c1,USER_05245,No Coffee Challenge,2023-08-01 00:00:00,2023-08-31 23:59:59,Active
CHAL_bf3d63f6,USER_04940,No Coffee Challenge,2023-08-01 00:00:00,2023-08-31 23:59:59,Active
CHAL_02e79a3f,USER_04584,No Midnight Spending Challenge,2023-08-01 00:00:00,2023-08-31 23:59:59,Active
CHAL_0d724f19,USER_04584,No Coffee Challenge,2023-08-01 00:00:00,2023-08-31 23:59:59,Active
CHAL_a486e480,USER_09786,No Coffee Challenge,2023-08-01 00:00:00,2023-08-31 23:59:59,Active
CHAL_03847969,USER_09786,No Midnight Spending Challenge,2023-08-01 00:00:00,2023-08-31 23:59:59,Active
CHAL_8efe350b,USER_07438,No Coffee Challenge,2023-08-01 00:00:00,2023-08-31 23:59:59,Active
CHAL_4036b9f1,USER_07438,No Midnight Spending Challenge,2023-08-01 00:00:00,2023-08-31 23:59:59,Active
CHAL_5b330c68,USER_01259,No Midnight Spending Challenge,2023-08-01 00:00:00,2023-08-31 23:59:59,Active
CHAL_6e509290,USER_01259,No Coffee Challenge,2023-08-01 00:00:00,2023-08-31 23:59:59,Active
CHAL_d1c04a6e,USER_09789,No Midnight Spending Challenge,2023-08-01 00:00:00,2023-08-31 23:59:59,Active
CHAL_887bc71e,USER_08169,No Coffee Challenge,2023-08-01 00:00:00,2023-08-31 23:59:59,Active
CHAL_3f951d45,USER_00482,No Midnight Spending Challenge,2023-08-01 00:00:00,2023-08-31 23:59:59,Active
CHAL_e702ab15,USER_00482,No Coffee Challenge,2023-08-01 00:00:00,2023-08-31 23:59:59,Active
CHAL_ea0f21db,USER_09587,No Midnight Spending Challenge,2023-08-01 00:00:00,2023-08-31 23:59:59,Active
CHAL_fad3c4c0,USER_01242,No Coffee Challenge,2023-08-01 00:00:00,2023-08-31 23:59:59,Active
CHAL_7521aa5b,USER_02408,No Coffee Challenge,2023-08-01 00:00:00,2023-08-31 23:59:59,Active
CHAL_86e44e67,USER_02408,No Midnight Spending Challenge,2023-08-01 00:00:00,2023-08-31 23:59:59,Active
CHAL_9aef506b,USER_04573,No Coffee Challenge,2023-08-01 00:00:00,2023-08-31 23:59:59,Active
CHAL_909b1be8,USER_09991,No Coffee Challenge,2023-08-01 00:00:00,2023-08-31 23:59:59,Active
CHAL_252ba845,USER_09991,No Midnight Spending Challenge,2023-08-01 00:00:00,2023-08-31 23:59:59,Active
CHAL_dc1435e4,USER_04835,No Midnight Spending Challenge,2023-08-01 00:00:00,2023-08-31 23:59:59,Active
CHAL_fbc7feb0,USER_01059,No Midnight Spending Challenge,2023-08-01 00:00:00,2023-08-31 23:59:59,Active
CHAL_89917477,USER_01059,No Coffee Challenge,2023-08-01 00:00:00,2023-08-31 23:59:59,Active
CHAL_c5fc6d2f,USER_01502,No Midnight Spending Challenge,2023-08-01 00:00:00,2023-08-31 23:59:59,Active
CHAL_3638c7e8,USER_01502,No Coffee Challenge,2023-08-01 00:00:00,2023-08-31 23:59:59,Active
CHAL_17f6d9b8,USER_06990,No Midnight Spending Challenge,2023-08-01 00:00:00,2023-08-31 23:59:59,Active
CHAL_0ffbc4d9,USER_06020,No Midnight Spending Challenge,2023-08-01 00:00:00,2023-08-31 23:59:59,Active
CHAL_60d49f24,USER_05062,No Coffee Challenge,2023-08-01 00:00:00,2023-08-31 23:59:59,Active
CHAL_e785cb68,USER_05062,No Midnight Spending Challenge,2023-08-01 00:00:00,2023-08-31 23:59:59,Active
CHAL_b5f1a507,USER_04091,No Midnight Spending Challenge,2023-08-01 00:00:00,2023-08-31 23:59:59,Active
CHAL_a00431d8,USER_04091,No Coffee Challenge,2023-08-01 00:00:00,2023-08-31 23:59:59,Active
CHAL_1cd705ef,USER_09672,No Midnight Spending Challenge,2023-08-01 00:00:00,2023-08-31 23:59:59,Active
CHAL_6f34b162,USER_09672,No Coffee Challenge,2023-08-01 00:00:00,2023-08-31 23:59:59,Active
CHAL_17579137,USER_05170,No Midnight Spending Challenge,2023-08-01 00:00:00,2023-08-31 23:59:59,Active
CHAL_007d0302,USER_08200,No Coffee Challenge,2023-08-01 00:00:00,2023-08-31 23:59:59,Active
CHAL_0df96e30,USER_08200,No Midnight Spending Challenge,2023-08-01 00:00:00,2023-08-31 23:59:59,Active
CHAL_155087ea,USER_04393,No Coffee Challenge,2023-08-01 00:00:00,2023-08-31 23:59:59,Active
CHAL_6c56c1e1,USER_04393,No Midnight Spending Challenge,2023-08-01 00:00:00,2023-08-31 23:59:59,Active
CHAL_c0e1ecbc,USER_05204,No Midnight Spending Challenge,2023-08-01 00:00:00,2023-08-31 23:59:59,Active
CHAL_c88f44ba,USER_05005,No Midnight Spending Challenge,2023-08-01 00:00:00,2023-08-31 23:59:59,Active
CHAL_a47edc56,USER_05005,No Coffee Challenge,2023-08-01 00:00:00,2023-08-31 23:59:59,Active
CHAL_e4549229,USER_01437,No Coffee Challenge,2023-08-01 00:00:00,2023-08-31 23:59:59,Active
CHAL_634f43af,USER_05249,No Coffee Challenge,2023-08-01 00:00:00,2023-08-31 23:59:59,Active
CHAL_252c97ed,USER_05249,No Midnight Spending Challenge,2023-08-01 00:00:00,2023-08-31 23:59:59,Active
CHAL_131b54f0,USER_05466,No Coffee Challenge,2023-08-01 00:00:00,2023-08-31 23:59:59,Active
CHAL_3e910e65,USER_05218,No Coffee Challenge,2023-08-01 00:00:00,2023-08-31 23:59:59,Active
CHAL_11fbedf5,USER_06971,No Coffee Challenge,2023-08-01 00:00:00,2023-08-31 23:59:59,Active
CHAL_857e1002,USER_05793,No Coffee Challenge,2023-08-01 00:00:00,2023-08-31 23:59:59,Active
CHAL_e7539a7b,USER_00728,No Coffee Challenge,2023-08-01 00:00:00,2023-08-31 23:59:59,Active
CHAL_715f8bfb,USER_07060,No Midnight Spending Challenge,2023-08-01 00:00:00,2023-08-31 23:59:59,Active
CHAL_905e39c6,USER_04299,No Coffee Challenge,2023-08-01 00:00:00,2023-08-31 23:59:59,Active
CHAL_110863bc,USER_06525,No Coffee Challenge,2023-08-01 00:00:00,2023-08-31 23:59:59,Active
CHAL_768cb4e6,USER_02037,No Midnight Spending Challenge,2023-08-01 00:00:00,2023-08-31 23:59:59,Active
CHAL_dbff55ca,USER_06075,No Coffee Challenge,2023-08-01 00:00:00,2023-08-31 23:59:59,Active
CHAL_7904bdf2,USER_01175,No Coffee Challenge,2023-08-01 00:00:00,2023-08-31 23:59:59,Active
CHAL_7132daae,USER_06492,No Coffee Challenge,2023-08-01 00:00:00,2023-08-31 23:59:59,Active
CHAL_b5e9c51d,USER_06492,No Midnight Spending Challenge,2023-08-01 00:00:00,2023-08-31 23:59:59,Active
CHAL_f9c807b8,USER_05016,No Midnight Spending Challenge,2023-08-01 00:00:00,2023-08-31 23:59:59,Active
CHAL_cc67786a,USER_00659,No Midnight Spending Challenge,2023-08-01 00:00:00,2023-08-31 23:59:59,Active
CHAL_052e30c3,USER_00659,No Coffee Challenge,2023-08-01 00:00:00,2023-08-31 23:59:59,Active
CHAL_771ee358,USER_04842,No Coffee Challenge,2023-08-01 00:00:00,2023-08-31 23:59:59,Active
CHAL_156ab075,USER_04842,No Midnight Spending Challenge,2023-08-01 00:00:00,2023-08-31 23:59:59,Active
CHAL_ad311ffe,USER_04652,No Coffee Challenge,2023-08-01 00:00:00,2023-08-31 23:59:59,Active
CHAL_db6c068f,USER_03769,No Coffee Challenge,2023-08-01 00:00:00,2023-08-31 23:59:59,Active
CHAL_bbb54f0a,USER_09950,No Midnight Spending Challenge,2023-08-01 00:00:00,2023-08-31 23:59:59,Active
CHAL_25714c71,USER_09950,No Coffee Challenge,2023-08-01 00:00:00,2023-08-31 23:59:59,Active
CHAL_7176bdc2,USER_02004,No Midnight Spending Challenge,2023-08-01 00:00:00,2023-08-31 23:59:59,Active
CHAL_81d665ac,USER_02004,No Coffee Challenge,2023-08-01 00:00:00,2023-08-31 23:59:59,Active
CHAL_0658502b,USER_09948,No Midnight Spending Challenge,2023-08-01 00:00:00,2023-08-31 23:59:59,Active
CHAL_289301a0,USER_00663,No Midnight Spending Challenge,2023-08-01 00:00:00,2023-08-31 23:59:59,Active
CHAL_ec522930,USER_00663,No Coffee Challenge,2023-08-01 00:00:00,2023-08-31 23:59:59,Active
CHAL_b821736c,USER_02372,No Coffee Challenge,2023-08-01 00:00:00,2023-08-31 23:59:59,Active
CHAL_c567fb40,USER_02372,No Midnight Spending Challenge,2023-08-01 00:00:00,2023-08-31 23:59:59,Active
CHAL_ec8f3f4b,USER_01634,No Coffee Challenge,2023-08-01 00:00:00,2023-08-31 23:59:59,Active
CHAL_67e24f4e,USER_07045,No Midnight Spending Challenge,2023-08-01 00:00:00,2023-08-31 23:59:59,Active
CHAL_19c89860,USER_04108,No Coffee Challenge,2023-08-01 00:00:00,2023-08-31 23:59:59,Active
CHAL_7288a9a5,USER_04108,No Midnight Spending Challenge,2023-08-01 00:00:00,2023-08-31 23:59:59,Active
CHAL_42e49ca2,USER_02185,No Midnight Spending Challenge,2023-08-01 00:00:00,2023-08-31 23:59:59,Active
CHAL_47494fdd,USER_02185,No Coffee Challenge,2023-08-01 00:00:00,2023-08-31 23:59:59,Active
CHAL_36e35d6b,USER_03647,No Coffee Challenge,2023-08-01 00:00:00,2023-08-31 23:59:59,Active
CHAL_c2974fb7,USER_03647,No Midnight Spending Challenge,2023-08-01 00:00:00,2023-08-31 23:59:59,Active
CHAL_29f319c4,USER_02652,No Midnight Spending Challenge,2023-08-01 00:00:00,2023-08-31 23:59:59,Active
CHAL_92db7aa0,USER_09464,No Midnight Spending Challenge,2023-08-01 00:00:00,2023-08-31 23:59:59,Active
CHAL_f3cfcb5d,USER_07534,No Coffee Challenge,2023-08-01 00:00:00,2023-08-31 23:59:59,Active
CHAL_c318b39f,USER_07534,No Midnight Spending Challenge,2023-08-01 00:00:00,2023-08-31 23:59:59,Active
CHAL_4330a939,USER_04172,No Coffee Challenge,2023-08-01 00:00:00,2023-08-31 23:59:59,Active
CHAL_890700cd,USER_04172,No Midnight Spending Challenge,2023-08-01 00:00:00,2023-08-31 23:59:59,Active
CHAL_4ed6e38d,USER_08004,No Coffee Challenge,2023-08-01 00:00:00,2023-08-31 23:59:59,Active
CHAL_9dd14216,USER_02475,No Coffee Challenge,2023-08-01 00:00:00,2023-08-31 23:59:59,Active
CHAL_cd5dd72f,USER_03879,No Midnight Spending Challenge,2023-08-01 00:00:00,2023-08-31 23:59:59,Active
CHAL_a82550bf,USER_03879,No Coffee Challenge,2023-08-01 00:00:00,2023-08-31 23:59:59,Active
CHAL_2be00e7e,USER_01767,No Coffee Challenge,2023-08-01 00:00:00,2023-08-31 23:59:59,Active
CHAL_dff67ad2,USER_01767,No Midnight Spending Challenge,2023-08-01 00:00:00,2023-08-31 23:59:59,Active
CHAL_f5602832,USER_08742,No Midnight Spending Challenge,2023-08-01 00:00:00,2023-08-31 23:59:59,Active
CHAL_54d2d770,USER_08742,No Coffee Challenge,2023-08-01 00:00:00,2023-08-31 23:59:59,Active
CHAL_b7fdd547,USER_06080,No Coffee Challenge,2023-08-01 00:00:00,2023-08-31 23:59:59,Active
CHAL_2aa5d6e0,USER_06080,No Midnight Spending Challenge,2023-08-01 00:00:00,2023-08-31 23:59:59,Active
CHAL_4a320bdd,USER_03229,No Midnight Spending Challenge,2023-08-01 00:00:00,2023-08-31 23:59:59,Active
CHAL_8fa4439b,USER_03229,No Coffee Challenge,2023-08-01 00:00:00,2023-08-31 23:59:59,Active
CHAL_89885bd2,USER_04366,No Coffee Challenge,2023-08-01 00:00:00,2023-08-31 23:59:59,Active
CHAL_18053b88,USER_04366,No Midnight Spending Challenge,2023-08-01 00:00:00,2023-08-31 23:59:59,Active
CHAL_718aeb78,USER_02744,No Coffee Challenge,2023-08-01 00:00:00,2023-08-31 23:59:59,Active
CHAL_92cb1737,USER_02744,No Midnight Spending Challenge,2023-08-01 00:00:00,2023-08-31 23:59:59,Active
CHAL_bfbbbece,USER_03012,No Midnight Spending Challenge,2023-08-01 00:00:00,2023-08-31 23:59:59,Active
CHAL_a293a5bf,USER_03012,No Coffee Challenge,2023-08-01 00:00:00,2023-08-31 23:59:59,Active
CHAL_0198d9a6,USER_08115,No Coffee Challenge,2023-08-01 00:00:00,2023-08-31 23:59:59,Active
CHAL_0b1899dd,USER_04289,No Midnight Spending Challenge,2023-08-01 00:00:00,2023-08-31 23:59:59,Active
CHAL_054567af,USER_04289,No Coffee Challenge,2023-08-01 00:00:00,2023-08-31 23:59:59,Active
CHAL_c9b869f7,USER_07029,No Coffee Challenge,2023-08-01 00:00:00,2023-08-31 23:59:59,Active
CHAL_f87abb79,USER_07029,No Midnight Spending Challenge,2023-08-01 00:00:00,2023-08-31 23:59:59,Active
CHAL_3ed8df45,USER_03690,No Midnight Spending Challenge,2023-08-01 00:00:00,2023-08-31 23:59:59,Active
CHAL_82e3a75b,USER_00786,No Midnight Spending Challenge,2023-08-01 00:00:00,2023-08-31 23:59:59,Active
CHAL_cfca85dd,USER_04853,No Midnight Spending Challenge,2023-08-01 00:00:00,2023-08-31 23:59:59,Active
CHAL_385ba429,USER_04853,No Coffee Challenge,2023-08-01 00:00:00,2023-08-31 23:59:59,Active
CHAL_e8a11d71,USER_02314,No Midnight Spending Challenge,2023-08-01 00:00:00,2023-08-31 23:59:59,Active
CHAL_f6d6d818,USER_05460,No Midnight Spending Challenge,2023-08-01 00:00:00,2023-08-31 23:59:59,Active
CHAL_b018a8ff,USER_06230,No Midnight Spending Challenge,2023-08-01 00:00:00,2023-08-31 23:59:59,Active
CHAL_1e979d44,USER_03406,No Coffee Challenge,2023-08-01 00:00:00,2023-08-31 23:59:59,Active
CHAL_f504af7e,USER_03406,No Midnight Spending Challenge,2023-08-01 00:00:00,2023-08-31 23:59:59,Active
CHAL_ba474a5c,USER_01160,No Midnight Spending Challenge,2023-08-01 00:00:00,2023-08-31 23:59:59,Active
CHAL_7144a664,USER_00043,No Coffee Challenge,2023-08-01 00:00:00,2023-08-31 23:59:59,Active
CHAL_aa9ec3b5,USER_00043,No Midnight Spending Challenge,2023-08-01 00:00:00,2023-08-31 23:59:59,Active
CHAL_cc11d5bd,USER_02466,No Coffee Challenge,2023-08-01 00:00:00,2023-08-31 23:59:59,Active
CHAL_7158f27a,USER_02466,No Midnight Spending Challenge,2023-08-01 00:00:00,2023-08-31 23:59:59,Active
CHAL_e789811d,USER_07716,No Coffee Challenge,2023-08-01 00:00:00,2023-08-31 23:59:59,Active
CHAL_73066030,USER_01644,No Midnight Spending Challenge,2023-08-01 00:00:00,2023-08-31 23:59:59,Active
CHAL_d7157a32,USER_01644,No Coffee Challenge,2023-08-01 00:00:00,2023-08-31 23:59:59,Active
CHAL_c1e5fd47,USER_05278,No Coffee Challenge,2023-08-01 00:00:00,2023-08-31 23:59:59,Active
CHAL_599d5ac0,USER_05278,No Midnight Spending Challenge,2023-08-01 00:00:00,2023-08-31 23:59:59,Active
CHAL_3843887c,USER_09973,No Midnight Spending Challenge,2023-08-01 00:00:00,2023-08-31 23:59:59,Active
CHAL_85457616,USER_09973,No Coffee Challenge,2023-08-01 00:00:00,2023-08-31 23:59:59,Active
CHAL_eec1e2eb,USER_03948,No Coffee Challenge,2023-08-01 00:00:00,2023-08-31 23:59:59,Active
CHAL_e6f2aef7,USER_03948,No Midnight Spending Challenge,2023-08-01 00:00:00,2023-08-31 23:59:59,Active
CHAL_598c9ebc,USER_01571,No Midnight Spending Challenge,2023-08-01 00:00:00,2023-08-31 23:59:59,Active
CHAL_a0dced02,USER_01571,No Coffee Challenge,2023-08-01 00:00:00,2023-08-31 23:59:59,Active
CHAL_d4df9c07,USER_04076,No Coffee Challenge,2023-08-01 00:00:00,2023-08-31 23:59:59,Active
CHAL_71869a36,USER_08794,No Coffee Challenge,2023-08-01 00:00:00,2023-08-31 23:59:59,Active
CHAL_c99fb2c3,USER_08794,No Midnight Spending Challenge,2023-08-01 00:00:00,2023-08-31 23:59:59,Active
CHAL_dbc6fe66,USER_07659,No Midnight Spending Challenge,2023-08-01 00:00:00,2023-08-31 23:59:59,Active
CHAL_0e0f0c80,USER_09531,No Midnight Spending Challenge,2023-08-01 00:00:00,2023-08-31 23:59:59,Active
CHAL_b687d002,USER_09531,No Coffee Challenge,2023-08-01 00:00:00,2023-08-31 23:59:59,Active
CHAL_c2c38be9,USER_03210,No Midnight Spending Challenge,2023-08-01 00:00:00,2023-08-31 23:59:59,Active
CHAL_d23b38af,USER_03760,No Midnight Spending Challenge,2023-08-01 00:00:00,2023-08-31 23:59:59,Active
CHAL_d56bcc4b,USER_00544,No Coffee Challenge,2023-08-01 00:00:00,2023-08-31 23:59:59,Active
CHAL_f54bc619,USER_00544,No Midnight Spending Challenge,2023-08-01 00:00:00,2023-08-31 23:59:59,Active
CHAL_a8aed39e,USER_02840,No Midnight Spending Challenge,2023-08-01 00:00:00,2023-08-31 23:59:59,Active
CHAL_0edd6e50,USER_04799,No Coffee Challenge,2023-08-01 00:00:00,2023-08-31 23:59:59,Active
CHAL_0e71c278,USER_02234,No Midnight Spending Challenge,2023-08-01 00:00:00,2023-08-31 23:59:59,Active
CHAL_5876c93a,USER_03631,No Coffee Challenge,2023-08-01 00:00:00,2023-08-31 23:59:59,Active
CHAL_c5370ad2,USER_03631,No Midnight Spending Challenge,2023-08-01 00:00:00,2023-08-31 23:59:59,Active
CHAL_9617b843,USER_02341,No Midnight Spending Challenge,2023-08-01 00:00:00,2023-08-31 23:59:59,Active
CHAL_91e73c65,USER_02341,No Coffee Challenge,2023-08-01 00:00:00,2023-08-31 23:59:59,Active
CHAL_968b897b,USER_07223,No Coffee Challenge,2023-08-01 00:00:00,2023-08-31 23:59:59,Active
CHAL_15d24ef2,USER_04959,No Midnight Spending Challenge,2023-08-01 00:00:00,2023-08-31 23:59:59,Active
CHAL_cc5a4154,USER_04959,No Coffee Challenge,2023-08-01 00:00:00,2023-08-31 23:59:59,Active
CHAL_2b597b31,USER_04235,No Midnight Spending Challenge,2023-08-01 00:00:00,2023-08-31 23:59:59,Active
CHAL_6e08e7ae,USER_07692,No Coffee Challenge,2023-08-01 00:00:00,2023-08-31 23:59:59,Active
CHAL_1df48a18,USER_01860,No Midnight Spending Challenge,2023-08-01 00:00:00,2023-08-31 23:59:59,Active
CHAL_24ba86b3,USER_03945,No Midnight Spending Challenge,2023-08-01 00:00:00,2023-08-31 23:59:59,Active
CHAL_edb9032e,USER_03945,No Coffee Challenge,2023-08-01 00:00:00,2023-08-31 23:59:59,Active
CHAL_cd2fdb2a,USER_03056,No Coffee Challenge,2023-08-01 00:00:00,2023-08-31 23:59:59,Active
CHAL_ff66b546,USER_00846,No Midnight Spending Challenge,2023-08-01 00:00:00,2023-08-31 23:59:59,Active
CHAL_d21827aa,USER_00846,No Coffee Challenge,2023-08-01 00:00:00,2023-08-31 23:59:59,Active
CHAL_ec32d00e,USER_07959,No Coffee Challenge,2023-08-01 00:00:00,2023-08-31 23:59:59,Active
CHAL_eb59fd5f,USER_07959,No Midnight Spending Challenge,2023-08-01 00:00:00,2023-08-31 23:59:59,Active
CHAL_c892d0d4,USER_06229,No Coffee Challenge,2023-08-01 00:00:00,2023-08-31 23:59:59,Active
CHAL_f530ee35,USER_02549,No Midnight Spending Challenge,2023-08-01 00:00:00,2023-08-31 23:59:59,Active
CHAL_8570cbdd,USER_09460,No Midnight Spending Challenge,2023-08-01 00:00:00,2023-08-31 23:59:59,Active
CHAL_6f3cbfbd,USER_09201,No Coffee Challenge,2023-08-01 00:00:00,2023-08-31 23:59:59,Active
CHAL_0152ac9e,USER_09201,No Midnight Spending Challenge,2023-08-01 00:00:00,2023-08-31 23:59:59,Active
CHAL_1efcc503,USER_08429,No Coffee Challenge,2023-08-01 00:00:00,2023-08-31 23:59:59,Active
CHAL_086836bb,USER_09960,No Midnight Spending Challenge,2023-08-01 00:00:00,2023-08-31 23:59:59,Active
CHAL_2b16ca6c,USER_09960,No Coffee Challenge,2023-08-01 00:00:00,2023-08-31 23:59:59,Active
CHAL_8214490a,USER_03286,No Midnight Spending Challenge,2023-08-01 00:00:00,2023-08-31 23:59:59,Active
CHAL_f037d1cd,USER_03286,No Coffee Challenge,2023-08-01 00:00:00,2023-08-31 23:59:59,Active
CHAL_9679ee66,USER_03055,No Midnight Spending Challenge,2023-08-01 00:00:00,2023-08-31 23:59:59,Active
CHAL_6730f9e5,USER_03055,No Coffee Challenge,2023-08-01 00:00:00,2023-08-31 23:59:59,Active
CHAL_52bd933b,USER_07059,No Coffee Challenge,2023-08-01 00:00:00,2023-08-31 23:59:59,Active
CHAL_adf235ea,USER_04143,No Midnight Spending Challenge,2023-08-01 00:00:00,2023-08-31 23:59:59,Active
CHAL_f27d73b6,USER_04143,No Coffee Challenge,2023-08-01 00:00:00,2023-08-31 23:59:59,Active
CHAL_c5279dcb,USER_02473,No Coffee Challenge,2023-08-01 00:00:00,2023-08-31 23:59:59,Active
CHAL_36d000d1,USER_02473,No Midnight Spending Challenge,2023-08-01 00:00:00,2023-08-31 23:59:59,Active
CHAL_c1c86245,USER_00283,No Coffee Challenge,2023-08-01 00:00:00,2023-08-31 23:59:59,Active
CHAL_15f69aed,USER_09323,No Coffee Challenge,2023-08-01 00:00:00,2023-08-31 23:59:59,Active
CHAL_bbf39167,USER_01671,No Coffee Challenge,2023-08-01 00:00:00,2023-08-31 23:59:59,Active
CHAL_f56600e4,USER_01465,No Midnight Spending Challenge,2023-08-01 00:00:00,2023-08-31 23:59:59,Active
CHAL_97e2ad6c,USER_03853,No Midnight Spending Challenge,2023-08-01 00:00:00,2023-08-31 23:59:59,Active
CHAL_5393acf6,USER_09479,No Midnight Spending Challenge,2023-08-01 00:00:00,2023-08-31 23:59:59,Active
CHAL_b61a3a14,USER_09479,No Coffee Challenge,2023-08-01 00:00:00,2023-08-31 23:59:59,Active
CHAL_08dddda9,USER_05361,No Coffee Challenge,2023-08-01 00:00:00,2023-08-31 23:59:59,Active
CHAL_e86ef9a0,USER_05361,No Midnight Spending Challenge,2023-08-01 00:00:00,2023-08-31 23:59:59,Active
CHAL_c0c37441,USER_02907,No Midnight Spending Challenge,2023-08-01 00:00:00,2023-08-31 23:59:59,Active
CHAL_72a56275,USER_02907,No Coffee Challenge,2023-08-01 00:00:00,2023-08-31 23:59:59,Active
CHAL_5c593170,USER_03490,No Coffee Challenge,2023-08-01 00:00:00,2023-08-31 23:59:59,Active
CHAL_20390a16,USER_03490,No Midnight Spending Challenge,2023-08-01 00:00:00,2023-08-31 23:59:59,Active
CHAL_ecfb1391,USER_00943,No Midnight Spending Challenge,2023-08-01 00:00:00,2023-08-31 23:59:59,Active
CHAL_2de69953,USER_00943,No Coffee Challenge,2023-08-01 00:00:00,2023-08-31 23:59:59,Active
CHAL_97c953d3,USER_07052,No Coffee Challenge,2023-08-01 00:00:00,2023-08-31 23:59:59,Active
CHAL_413fb39a,USER_07763,No Coffee Challenge,2023-08-01 00:00:00,2023-08-31 23:59:59,Active
CHAL_08676f5e,USER_06730,No Midnight Spending Challenge,2023-08-01 00:00:00,2023-08-31 23:59:59,Active
CHAL_42be7d86,USER_03073,No Midnight Spending Challenge,2023-08-01 00:00:00,2023-08-31 23:59:59,Active
CHAL_204b9019,USER_03073,No Coffee Challenge,2023-08-01 00:00:00,2023-08-31 23:59:59,Active
CHAL_8381cca9,USER_04245,No Midnight Spending Challenge,2023-08-01 00:00:00,2023-08-31 23:59:59,Active
CHAL_a2b89662,USER_04245,No Coffee Challenge,2023-08-01 00:00:00,2023-08-31 23:59:59,Active
CHAL_6740db1a,USER_00868,No Midnight Spending Challenge,2023-08-01 00:00:00,2023-08-31 23:59:59,Active
CHAL_4759b389,USER_04682,No Coffee Challenge,2023-08-01 00:00:00,2023-08-31 23:59:59,Active
CHAL_c5a66d68,USER_02109,No Midnight Spending Challenge,2023-08-01 00:00:00,2023-08-31 23:59:59,Active
CHAL_ec99ec3a,USER_03361,No Coffee Challenge,2023-08-01 00:00:00,2023-08-31 23:59:59,Active
CHAL_3b95beda,USER_06196,No Coffee Challenge,2023-08-01 00:00:00,2023-08-31 23:59:59,Active
CHAL_d8e35f1d,USER_02946,No Midnight Spending Challenge,2023-08-01 00:00:00,2023-08-31 23:59:59,Active
CHAL_4805d777,USER_02946,No Coffee Challenge,2023-08-01 00:00:00,2023-08-31 23:59:59,Active
CHAL_bf50f927,USER_01071,No Coffee Challenge,2023-08-01 00:00:00,2023-08-31 23:59:59,Active
CHAL_07ee3bb6,USER_06462,No Coffee Challenge,2023-08-01 00:00:00,2023-08-31 23:59:59,Active
CHAL_3bfdeb8c,USER_06462,No Midnight Spending Challenge,2023-08-01 00:00:00,2023-08-31 23:59:59,Active
CHAL_7bfa7372,USER_08002,No Coffee Challenge,2023-08-01 00:00:00,2023-08-31 23:59:59,Active
CHAL_25d5eb4b,USER_01737,No Coffee Challenge,2023-08-01 00:00:00,2023-08-31 23:59:59,Active
CHAL_46ae78e7,USER_00979,No Coffee Challenge,2023-08-01 00:00:00,2023-08-31 23:59:59,Active
CHAL_6ad1e954,USER_05993,No Midnight Spending Challenge,2023-08-01 00:00:00,2023-08-31 23:59:59,Active
CHAL_54e51c87,USER_07869,No Midnight Spending Challenge,2023-08-01 00:00:00,2023-08-31 23:59:59,Active
CHAL_99c22d98,USER_08389,No Coffee Challenge,2023-08-01 00:00:00,2023-08-31 23:59:59,Active
CHAL_63ddf9ed,USER_08421,No Coffee Challenge,2023-08-01 00:00:00,2023-08-31 23:59:59,Active
CHAL_b904d4d4,USER_08421,No Midnight Spending Challenge,2023-08-01 00:00:00,2023-08-31 23:59:59,Active
CHAL_5fc8135a,USER_00772,No Midnight Spending Challenge,2023-08-01 00:00:00,2023-08-31 23:59:59,Active
CHAL_cf5f4770,USER_02093,No Midnight Spending Challenge,2023-08-01 00:00:00,2023-08-31 23:59:59,Active
CHAL_22032098,USER_05645,No Coffee Challenge,2023-08-01 00:00:00,2023-08-31 23:59:59,Active
CHAL_ac5a21ec,USER_05645,No Midnight Spending Challenge,2023-08-01 00:00:00,2023-08-31 23:59:59,Active
CHAL_f3c713b0,USER_02833,No Midnight Spending Challenge,2023-08-01 00:00:00,2023-08-31 23:59:59,Active
CHAL_8030a13b,USER_02833,No Coffee Challenge,2023-08-01 00:00:00,2023-08-31 23:59:59,Active
CHAL_16fe4348,USER_08528,No Coffee Challenge,2023-08-01 00:00:00,2023-08-31 23:59:59,Active
CHAL_64d6c1d6,USER_08528,No Midnight Spending Challenge,2023-08-01 00:00:00,2023-08-31 23:59:59,Active
CHAL_4ed7fc25,USER_08777,No Coffee Challenge,2023-08-01 00:00:00,2023-08-31 23:59:59,Active
CHAL_c141bee4,USER_08777,No Midnight Spending Challenge,2023-08-01 00:00:00,2023-08-31 23:59:59,Active
CHAL_3c1e45b1,USER_00304,No Midnight Spending Challenge,2023-08-01 00:00:00,2023-08-31 23:59:59,Active
CHAL_ec773ffd,USER_05579,No Coffee Challenge,2023-08-01 00:00:00,2023-08-31 23:59:59,Active
CHAL_83a7f095,USER_05579,No Midnight Spending Challenge,2023-08-01 00:00:00,2023-08-31 23:59:59,Active
CHAL_96ef6402,USER_04115,No Coffee Challenge,2023-08-01 00:00:00,2023-08-31 23:59:59,Active
CHAL_c2d07782,USER_04115,No Midnight Spending Challenge,2023-08-01 00:00:00,2023-08-31 23:59:59,Active
CHAL_2db8ec8b,USER_07301,No Coffee Challenge,2023-08-01 00:00:00,2023-08-31 23:59:59,Active
CHAL_cb0e3ca9,USER_07301,No Midnight Spending Challenge,2023-08-01 00:00:00,2023-08-31 23:59:59,Active
CHAL_d6db8b7f,USER_04696,No Midnight Spending Challenge,2023-08-01 00:00:00,2023-08-31 23:59:59,Active
CHAL_a63e5e1d,USER_04696,No Coffee Challenge,2023-08-01 00:00:00,2023-08-31 23:59:59,Active
CHAL_618f2cdd,USER_05358,No Midnight Spending Challenge,2023-08-01 00:00:00,2023-08-31 23:59:59,Active
CHAL_9ef4b4b6,USER_05358,No Coffee Challenge,2023-08-01 00:00:00,2023-08-31 23:59:59,Active
CHAL_832db516,USER_01829,No Coffee Challenge,2023-08-01 00:00:00,2023-08-31 23:59:59,Active
CHAL_06ac7cac,USER_01829,No Midnight Spending Challenge,2023-08-01 00:00:00,2023-08-31 23:59:59,Active
CHAL_cb3703b8,USER_06724,No Coffee Challenge,2023-08-01 00:00:00,2023-08-31 23:59:59,Active
CHAL_e2bc3928,USER_06724,No Midnight Spending Challenge,2023-08-01 00:00:00,2023-08-31 23:59:59,Active
CHAL_399acdef,USER_00674,No Coffee Challenge,2023-08-01 00:00:00,2023-08-31 23:59:59,Active
CHAL_0fe4690a,USER_04958,No Coffee Challenge,2023-08-01 00:00:00,2023-08-31 23:59:59,Active
CHAL_820f6571,USER_01271,No Coffee Challenge,2023-08-01 00:00:00,2023-08-31 23:59:59,Active
CHAL_1f61ab28,USER_05350,No Midnight Spending Challenge,2023-08-01 00:00:00,2023-08-31 23:59:59,Active
CHAL_418f82fe,USER_05350,No Coffee Challenge,2023-08-01 00:00:00,2023-08-31 23:59:59,Active
CHAL_8437b60c,USER_03092,No Coffee Challenge,2023-08-01 00:00:00,2023-08-31 23:59:59,Active
CHAL_a958a4c6,USER_06328,No Midnight Spending Challenge,2023-08-01 00:00:00,2023-08-31 23:59:59,Active
CHAL_5955b0db,USER_06328,No Coffee Challenge,2023-08-01 00:00:00,2023-08-31 23:59:59,Active
CHAL_4508bf61,USER_04314,No Midnight Spending Challenge,2023-08-01 00:00:00,2023-08-31 23:59:59,Active
CHAL_0aa72465,USER_06516,No Coffee Challenge,2023-08-01 00:00:00,2023-08-31 23:59:59,Active
CHAL_03b694e8,USER_06516,No Midnight Spending Challenge,2023-08-01 00:00:00,2023-08-31 23:59:59,Active
CHAL_744b0104,USER_04291,No Midnight Spending Challenge,2023-08-01 00:00:00,2023-08-31 23:59:59,Active
CHAL_672230a8,USER_04291,No Coffee Challenge,2023-08-01 00:00:00,2023-08-31 23:59:59,Active
CHAL_25fa0ffa,USER_08483,No Coffee Challenge,2023-08-01 00:00:00,2023-08-31 23:59:59,Active
CHAL_c7dc147b,USER_08483,No Midnight Spending Challenge,2023-08-01 00:00:00,2023-08-31 23:59:59,Active
CHAL_7319daa6,USER_01264,No Coffee Challenge,2023-08-01 00:00:00,2023-08-31 23:59:59,Active
CHAL_8826df4b,USER_07552,No Coffee Challenge,2023-08-01 00:00:00,2023-08-31 23:59:59,Active
CHAL_34ab1c37,USER_06791,No Midnight Spending Challenge,2023-08-01 00:00:00,2023-08-31 23:59:59,Active
CHAL_6b1833ae,USER_06791,No Coffee Challenge,2023-08-01 00:00:00,2023-08-31 23:59:59,Active
CHAL_5596c21c,USER_04675,No Midnight Spending Challenge,2023-08-01 00:00:00,2023-08-31 23:59:59,Active
CHAL_6487b9c2,USER_04675,No Coffee Challenge,2023-08-01 00:00:00,2023-08-31 23:59:59,Active
CHAL_ef7aff82,USER_04939,No Coffee Challenge,2023-08-01 00:00:00,2023-08-31 23:59:59,Active
CHAL_7d16b963,USER_04939,No Midnight Spending Challenge,2023-08-01 00:00:00,2023-08-31 23:59:59,Active
CHAL_c56903eb,USER_01734,No Coffee Challenge,2023-08-01 00:00:00,2023-08-31 23:59:59,Active
CHAL_88922025,USER_01734,No Midnight Spending Challenge,2023-08-01 00:00:00,2023-08-31 23:59:59,Active
CHAL_b9a8e5be,USER_07291,No Coffee Challenge,2023-08-01 00:00:00,2023-08-31 23:59:59,Active
CHAL_f7399547,USER_05636,No Coffee Challenge,2023-08-01 00:00:00,2023-08-31 23:59:59,Active
CHAL_9dda69c9,USER_05636,No Midnight Spending Challenge,2023-08-01 00:00:00,2023-08-31 23:59:59,Active
CHAL_be34b293,USER_06774,No Midnight Spending Challenge,2023-08-01 00:00:00,2023-08-31 23:59:59,Active
CHAL_de5a7f80,USER_07646,No Coffee Challenge,2023-08-01 00:00:00,2023-08-31 23:59:59,Active
CHAL_679bc6fa,USER_07646,No Midnight Spending Challenge,2023-08-01 00:00:00,2023-08-31 23:59:59,Active
CHAL_0089d046,USER_06126,No Midnight Spending Challenge,2023-08-01 00:00:00,2023-08-31 23:59:59,Active
CHAL_9aeddba9,USER_06126,No Coffee Challenge,2023-08-01 00:00:00,2023-08-31 23:59:59,Active
CHAL_d8cf63aa,USER_04402,No Coffee Challenge,2023-08-01 00:00:00,2023-08-31 23:59:59,Active
CHAL_3543ed32,USER_06960,No Midnight Spending Challenge,2023-08-01 00:00:00,2023-08-31 23:59:59,Active
CHAL_a3906ef4,USER_06182,No Coffee Challenge,2023-08-01 00:00:00,2023-08-31 23:59:59,Active
CHAL_a696b568,USER_08470,No Midnight Spending Challenge,2023-08-01 00:00:00,2023-08-31 23:59:59,Active
CHAL_7d88f59a,USER_05272,No Coffee Challenge,2023-08-01 00:00:00,2023-08-31 23:59:59,Active
CHAL_ce5c4c1e,USER_06422,No Coffee Challenge,2023-08-01 00:00:00,2023-08-31 23:59:59,Active
CHAL_b615b305,USER_06422,No Midnight Spending Challenge,2023-08-01 00:00:00,2023-08-31 23:59:59,Active
CHAL_81940ebb,USER_07434,No Midnight Spending Challenge,2023-08-01 00:00:00,2023-08-31 23:59:59,Active
CHAL_9fb0ea82,USER_07434,No Coffee Challenge,2023-08-01 00:00:00,2023-08-31 23:59:59,Active
CHAL_a1eae5ce,USER_00755,No Coffee Challenge,2023-08-01 00:00:00,2023-08-31 23:59:59,Active
CHAL_f76460b2,USER_05281,No Midnight Spending Challenge,2023-08-01 00:00:00,2023-08-31 23:59:59,Active
CHAL_9d8d54c6,USER_05281,No Coffee Challenge,2023-08-01 00:00:00,2023-08-31 23:59:59,Active
CHAL_5b7dce38,USER_00038,No Midnight Spending Challenge,2023-08-01 00:00:00,2023-08-31 23:59:59,Active
CHAL_fdc9772f,USER_08723,No Midnight Spending Challenge,2023-08-01 00:00:00,2023-08-31 23:59:59,Active
CHAL_ffa7d3b0,USER_08723,No Coffee Challenge,2023-08-01 00:00:00,2023-08-31 23:59:59,Active
CHAL_693ca947,USER_04489,No Coffee Challenge,2023-08-01 00:00:00,2023-08-31 23:59:59,Active
CHAL_13d59490,USER_03523,No Midnight Spending Challenge,2023-08-01 00:00:00,2023-08-31 23:59:59,Active
CHAL_54b443da,USER_03523,No Coffee Challenge,2023-08-01 00:00:00,2023-08-31 23:59:59,Active
CHAL_092d236e,USER_05857,No Coffee Challenge,2023-08-01 00:00:00,2023-08-31 23:59:59,Active
CHAL_1e6d0eec,USER_05857,No Midnight Spending Challenge,2023-08-01 00:00:00,2023-08-31 23:59:59,Active
CHAL_5c4a29b0,USER_08776,No Coffee Challenge,2023-08-01 00:00:00,2023-08-31 23:59:59,Active
CHAL_48288736,USER_08776,No Midnight Spending Challenge,2023-08-01 00:00:00,2023-08-31 23:59:59,Active
CHAL_6c38345a,USER_06395,No Coffee Challenge,2023-08-01 00:00:00,2023-08-31 23:59:59,Active
CHAL_0dd209f5,USER_00348,No Coffee Challenge,2023-08-01 00:00:00,2023-08-31 23:59:59,Active
CHAL_d6580606,USER_00348,No Midnight Spending Challenge,2023-08-01 00:00:00,2023-08-31 23:59:59,Active
CHAL_370f558b,USER_09689,No Midnight Spending Challenge,2023-08-01 00:00:00,2023-08-31 23:59:59,Active
CHAL_708231c4,USER_05594,No Midnight Spending Challenge,2023-08-01 00:00:00,2023-08-31 23:59:59,Active
CHAL_fd6d59d5,USER_05594,No Coffee Challenge,2023-08-01 00:00:00,2023-08-31 23:59:59,Active
CHAL_dd8fe14c,USER_07805,No Coffee Challenge,2023-08-01 00:00:00,2023-08-31 23:59:59,Active
CHAL_e4608320,USER_09568,No Coffee Challenge,2023-08-01 00:00:00,2023-08-31 23:59:59,Active
CHAL_b8846f02,USER_07090,No Coffee Challenge,2023-08-01 00:00:00,2023-08-31 23:59:59,Active
CHAL_7bea8855,USER_07090,No Midnight Spending Challenge,2023-08-01 00:00:00,2023-08-31 23:59:59,Active
CHAL_18b6a49b,USER_06662,No Coffee Challenge,2023-08-01 00:00:00,2023-08-31 23:59:59,Active
CHAL_41296c8d,USER_06662,No Midnight Spending Challenge,2023-08-01 00:00:00,2023-08-31 23:59:59,Active
CHAL_41fc538f,USER_08917,No Coffee Challenge,2023-08-01 00:00:00,2023-08-31 23:59:59,Active
CHAL_80a8fb43,USER_08917,No Midnight Spending Challenge,2023-08-01 00:00:00,2023-08-31 23:59:59,Active
CHAL_5da4a675,USER_04524,No Midnight Spending Challenge,2023-08-01 00:00:00,2023-08-31 23:59:59,Active
CHAL_fed20aac,USER_04524,No Coffee Challenge,2023-08-01 00:00:00,2023-08-31 23:59:59,Active
CHAL_aa3270c2,USER_01029,No Coffee Challenge,2023-08-01 00:00:00,2023-08-31 23:59:59,Active
CHAL_67569875,USER_01029,No Midnight Spending Challenge,2023-08-01 00:00:00,2023-08-31 23:59:59,Active
CHAL_28f15c83,USER_05786,No Coffee Challenge,2023-08-01 00:00:00,2023-08-31 23:59:59,Active
CHAL_7cf3df6b,USER_05786,No Midnight Spending Challenge,2023-08-01 00:00:00,2023-08-31 23:59:59,Active
CHAL_6cfc86ca,USER_07777,No Midnight Spending Challenge,2023-08-01 00:00:00,2023-08-31 23:59:59,Active
CHAL_b19396fe,USER_07777,No Coffee Challenge,2023-08-01 00:00:00,2023-08-31 23:59:59,Active
CHAL_50a98121,USER_05868,No Coffee Challenge,2023-08-01 00:00:00,2023-08-31 23:59:59,Active
CHAL_b6c953c0,USER_05868,No Midnight Spending Challenge,2023-08-01 00:00:00,2023-08-31 23:59:59,Active
CHAL_cffe37c6,USER_09311,No Midnight Spending Challenge,2023-08-01 00:00:00,2023-08-31 23:59:59,Active
CHAL_d4a259d6,USER_01169,No Coffee Challenge,2023-08-01 00:00:00,2023-08-31 23:59:59,Active
CHAL_0e5533af,USER_01885,No Midnight Spending Challenge,2023-08-01 00:00:00,2023-08-31 23:59:59,Active
CHAL_f1eb65f1,USER_03522,No Midnight Spending Challenge,2023-08-01 00:00:00,2023-08-31 23:59:59,Active
CHAL_ed0cf97e,USER_03522,No Coffee Challenge,2023-08-01 00:00:00,2023-08-31 23:59:59,Active
CHAL_773b7b64,USER_08949,No Midnight Spending Challenge,2023-08-01 00:00:00,2023-08-31 23:59:59,Active
CHAL_da5b58f4,USER_06968,No Midnight Spending Challenge,2023-08-01 00:00:00,2023-08-31 23:59:59,Active
CHAL_ace4dd1a,USER_06968,No Coffee Challenge,2023-08-01 00:00:00,2023-08-31 23:59:59,Active
CHAL_c912d8f9,USER_02246,No Coffee Challenge,2023-08-01 00:00:00,2023-08-31 23:59:59,Active
CHAL_922a1ad8,USER_09461,No Coffee Challenge,2023-08-01 00:00:00,2023-08-31 23:59:59,Active
CHAL_39d622fa,USER_09461,No Midnight Spending Challenge,2023-08-01 00:00:00,2023-08-31 23:59:59,Active
CHAL_adfdc8ce,USER_01650,No Midnight Spending Challenge,2023-08-01 00:00:00,2023-08-31 23:59:59,Active
CHAL_68f93ba2,USER_01650,No Coffee Challenge,2023-08-01 00:00:00,2023-08-31 23:59:59,Active
CHAL_329d15e6,USER_07776,No Midnight Spending Challenge,2023-08-01 00:00:00,2023-08-31 23:59:59,Active
CHAL_08eed51b,USER_07776,No Coffee Challenge,2023-08-01 00:00:00,2023-08-31 23:59:59,Active
CHAL_c1bdd3a4,USER_01550,No Midnight Spending Challenge,2023-08-01 00:00:00,2023-08-31 23:59:59,Active
CHAL_94c6a115,USER_07149,No Coffee Challenge,2023-08-01 00:00:00,2023-08-31 23:59:59,Active
CHAL_5465f6b1,USER_07149,No Midnight Spending Challenge,2023-08-01 00:00:00,2023-08-31 23:59:59,Active
CHAL_c9d6c4d1,USER_09822,No Coffee Challenge,2023-08-01 00:00:00,2023-08-31 23:59:59,Active
CHAL_4a9af10d,USER_09822,No Midnight Spending Challenge,2023-08-01 00:00:00,2023-08-31 23:59:59,Active
CHAL_83fff8ce,USER_00033,No Coffee Challenge,2023-08-01 00:00:00,2023-08-31 23:59:59,Active
CHAL_52c07875,USER_00033,No Midnight Spending Challenge,2023-08-01 00:00:00,2023-08-31 23:59:59,Active
CHAL_cb445419,USER_06862,No Midnight Spending Challenge,2023-08-01 00:00:00,2023-08-31 23:59:59,Active
CHAL_9fa6756f,USER_04796,No Midnight Spending Challenge,2023-08-01 00:00:00,2023-08-31 23:59:59,Active
CHAL_84358909,USER_04796,No Coffee Challenge,2023-08-01 00:00:00,2023-08-31 23:59:59,Active
CHAL_6dabb8a4,USER_01186,No Midnight Spending Challenge,2023-08-01 00:00:00,2023-08-31 23:59:59,Active
CHAL_2449678d,USER_05922,No Coffee Challenge,2023-08-01 00:00:00,2023-08-31 23:59:59,Active
CHAL_15c33bdc,USER_05922,No Midnight Spending Challenge,2023-08-01 00:00:00,2023-08-31 23:59:59,Active
CHAL_df336114,USER_00450,No Midnight Spending Challenge,2023-08-01 00:00:00,2023-08-31 23:59:59,Active
CHAL_8cbb5d7e,USER_02081,No Coffee Challenge,2023-08-01 00:00:00,2023-08-31 23:59:59,Active
CHAL_bbebd257,USER_02081,No Midnight Spending Challenge,2023-08-01 00:00:00,2023-08-31 23:59:59,Active
CHAL_a75fa39b,USER_04670,No Midnight Spending Challenge,2023-08-01 00:00:00,2023-08-31 23:59:59,Active
CHAL_6083c631,USER_04670,No Coffee Challenge,2023-08-01 00:00:00,2023-08-31 23:59:59,Active
CHAL_a874e1c5,USER_01453,No Midnight Spending Challenge,2023-08-01 00:00:00,2023-08-31 23:59:59,Active
CHAL_657cd2e8,USER_01086,No Coffee Challenge,2023-08-01 00:00:00,2023-08-31 23:59:59,Active
CHAL_1bcc4d50,USER_06221,No Coffee Challenge,2023-08-01 00:00:00,2023-08-31 23:59:59,Active
CHAL_1294a6e3,USER_07057,No Coffee Challenge,2023-08-01 00:00:00,2023-08-31 23:59:59,Active
CHAL_4ef5a15a,USER_09741,No Coffee Challenge,2023-08-01 00:00:00,2023-08-31 23:59:59,Active
CHAL_07eb5387,USER_09741,No Midnight Spending Challenge,2023-08-01 00:00:00,2023-08-31 23:59:59,Active
CHAL_0755ab86,USER_03730,No Midnight Spending Challenge,2023-08-01 00:00:00,2023-08-31 23:59:59,Active
CHAL_7fd1d6f2,USER_03730,No Coffee Challenge,2023-08-01 00:00:00,2023-08-31 23:59:59,Active
CHAL_e3079573,USER_09498,No Midnight Spending Challenge,2023-08-01 00:00:00,2023-08-31 23:59:59,Active
CHAL_fa89a88a,USER_09498,No Coffee Challenge,2023-08-01 00:00:00,2023-08-31 23:59:59,Active
CHAL_ab41d7a5,USER_06933,No Midnight Spending Challenge,2023-08-01 00:00:00,2023-08-31 23:59:59,Active
CHAL_07c0b4c1,USER_08033,No Coffee Challenge,2023-08-01 00:00:00,2023-08-31 23:59:59,Active
CHAL_fa383e7c,USER_08033,No Midnight Spending Challenge,2023-08-01 00:00:00,2023-08-31 23:59:59,Active
CHAL_e14c1c23,USER_07214,No Midnight Spending Challenge,2023-08-01 00:00:00,2023-08-31 23:59:59,Active
CHAL_91fd52c5,USER_03192,No Coffee Challenge,2023-08-01 00:00:00,2023-08-31 23:59:59,Active
CHAL_5455e969,USER_00042,No Coffee Challenge,2023-08-01 00:00:00,2023-08-31 23:59:59,Active
CHAL_f8e3236c,USER_00042,No Midnight Spending Challenge,2023-08-01 00:00:00,2023-08-31 23:59:59,Active
CHAL_852ca989,USER_07299,No Coffee Challenge,2023-08-01 00:00:00,2023-08-31 23:59:59,Active
CHAL_3304cca3,USER_07299,No Midnight Spending Challenge,2023-08-01 00:00:00,2023-08-31 23:59:59,Active
CHAL_4264c448,USER_09704,No Midnight Spending Challenge,2023-08-01 00:00:00,2023-08-31 23:59:59,Active
CHAL_a2625a3c,USER_00164,No Midnight Spending Challenge,2023-08-01 00:00:00,2023-08-31 23:59:59,Active
CHAL_5118bbba,USER_00164,No Coffee Challenge,2023-08-01 00:00:00,2023-08-31 23:59:59,Active
CHAL_3ee24159,USER_02055,No Midnight Spending Challenge,2023-08-01 00:00:00,2023-08-31 23:59:59,Active
CHAL_c223c7b9,USER_01977,No Coffee Challenge,2023-08-01 00:00:00,2023-08-31 23:59:59,Active
CHAL_93355cf2,USER_00444,No Coffee Challenge,2023-08-01 00:00:00,2023-08-31 23:59:59,Active
CHAL_43ede61f,USER_04604,No Coffee Challenge,2023-08-01 00:00:00,2023-08-31 23:59:59,Active
CHAL_0be1f61c,USER_06688,No Midnight Spending Challenge,2023-08-01 00:00:00,2023-08-31 23:59:59,Active
CHAL_bc8f44d9,USER_06688,No Coffee Challenge,2023-08-01 00:00:00,2023-08-31 23:59:59,Active
CHAL_cc9b04d3,USER_05397,No Midnight Spending Challenge,2023-08-01 00:00:00,2023-08-31 23:59:59,Active
CHAL_b2c619a8,USER_00870,No Midnight Spending Challenge,2023-08-01 00:00:00,2023-08-31 23:59:59,Active
CHAL_4d4bae58,USER_00523,No Coffee Challenge,2023-08-01 00:00:00,2023-08-31 23:59:59,Active
CHAL_96019119,USER_00523,No Midnight Spending Challenge,2023-08-01 00:00:00,2023-08-31 23:59:59,Active
CHAL_a63cb65e,USER_05970,No Midnight Spending Challenge,2023-08-01 00:00:00,2023-08-31 23:59:59,Active
CHAL_b7254b91,USER_02627,No Midnight Spending Challenge,2023-08-01 00:00:00,2023-08-31 23:59:59,Active
CHAL_e24720c8,USER_09817,No Midnight Spending Challenge,2023-08-01 00:00:00,2023-08-31 23:59:59,Active
CHAL_153923a3,USER_09817,No Coffee Challenge,2023-08-01 00:00:00,2023-08-31 23:59:59,Active
CHAL_1f1b5035,USER_06077,No Midnight Spending Challenge,2023-08-01 00:00:00,2023-08-31 23:59:59,Active
CHAL_a253a8c8,USER_06077,No Coffee Challenge,2023-08-01 00:00:00,2023-08-31 23:59:59,Active
CHAL_228e1cff,USER_08504,No Coffee Challenge,2023-08-01 00:00:00,2023-08-31 23:59:59,Active
CHAL_b7f5bcf3,USER_08504,No Midnight Spending Challenge,2023-08-01 00:00:00,2023-08-31 23:59:59,Active
CHAL_a73093c3,USER_05701,No Coffee Challenge,2023-08-01 00:00:00,2023-08-31 23:59:59,Active
CHAL_42867c09,USER_00850,No Midnight Spending Challenge,2023-08-01 00:00:00,2023-08-31 23:59:59,Active
CHAL_7c284825,USER_00691,No Midnight Spending Challenge,2023-08-01 00:00:00,2023-08-31 23:59:59,Active
CHAL_00361b44,USER_08669,No Coffee Challenge,2023-08-01 00:00:00,2023-08-31 23:59:59,Active
CHAL_ce02bf86,USER_04560,No Midnight Spending Challenge,2023-08-01 00:00:00,2023-08-31 23:59:59,Active
CHAL_adcb7e5e,USER_05525,No Coffee Challenge,2023-08-01 00:00:00,2023-08-31 23:59:59,Active
CHAL_3b5a6c88,USER_08233,No Coffee Challenge,2023-08-01 00:00:00,2023-08-31 23:59:59,Active
CHAL_fd70f261,USER_08233,No Midnight Spending Challenge,2023-08-01 00:00:00,2023-08-31 23:59:59,Active
CHAL_302e4da5,USER_07859,No Midnight Spending Challenge,2023-08-01 00:00:00,2023-08-31 23:59:59,Active
CHAL_56100428,USER_02204,No Midnight Spending Challenge,2023-08-01 00:00:00,2023-08-31 23:59:59,Active
CHAL_2aefdbd9,USER_02204,No Coffee Challenge,2023-08-01 00:00:00,2023-08-31 23:59:59,Active
CHAL_e92ed1fb,USER_02479,No Coffee Challenge,2023-08-01 00:00:00,2023-08-31 23:59:59,Active
CHAL_75f0b5f6,USER_02479,No Midnight Spending Challenge,2023-08-01 00:00:00,2023-08-31 23:59:59,Active
CHAL_17b7f753,USER_06154,No Midnight Spending Challenge,2023-08-01 00:00:00,2023-08-31 23:59:59,Active
CHAL_d40fc718,USER_06901,No Coffee Challenge,2023-08-01 00:00:00,2023-08-31 23:59:59,Active
CHAL_aac0a735,USER_03898,No Midnight Spending Challenge,2023-08-01 00:00:00,2023-08-31 23:59:59,Active
CHAL_065c5b89,USER_08272,No Coffee Challenge,2023-08-01 00:00:00,2023-08-31 23:59:59,Active
CHAL_26efe051,USER_03412,No Midnight Spending Challenge,2023-08-01 00:00:00,2023-08-31 23:59:59,Active
CHAL_bf37e79c,USER_03412,No Coffee Challenge,2023-08-01 00:00:00,2023-08-31 23:59:59,Active
CHAL_2aed898c,USER_04193,No Coffee Challenge,2023-08-01 00:00:00,2023-08-31 23:59:59,Active
CHAL_3f6e4ecc,USER_04193,No Midnight Spending Challenge,2023-08-01 00:00:00,2023-08-31 23:59:59,Active
CHAL_a63ddac5,USER_01846,No Midnight Spending Challenge,2023-08-01 00:00:00,2023-08-31 23:59:59,Active
CHAL_c533d952,USER_01846,No Coffee Challenge,2023-08-01 00:00:00,2023-08-31 23:59:59,Active
CHAL_885a5338,USER_08708,No Coffee Challenge,2023-08-01 00:00:00,2023-08-31 23:59:59,Active
CHAL_a86a487a,USER_03144,No Coffee Challenge,2023-08-01 00:00:00,2023-08-31 23:59:59,Active
CHAL_79d60af2,USER_03144,No Midnight Spending Challenge,2023-08-01 00:00:00,2023-08-31 23:59:59,Active
CHAL_fc9786d0,USER_01062,No Midnight Spending Challenge,2023-08-01 00:00:00,2023-08-31 23:59:59,Active
CHAL_1002db6f,USER_01062,No Coffee Challenge,2023-08-01 00:00:00,2023-08-31 23:59:59,Active
CHAL_dbfcae80,USER_04271,No Midnight Spending Challenge,2023-08-01 00:00:00,2023-08-31 23:59:59,Active
CHAL_958cde00,USER_04861,No Midnight Spending Challenge,2023-08-01 00:00:00,2023-08-31 23:59:59,Active
CHAL_3189290a,USER_01361,No Coffee Challenge,2023-08-01 00:00:00,2023-08-31 23:59:59,Active
CHAL_d6379ec1,USER_09603,No Coffee Challenge,2023-08-01 00:00:00,2023-08-31 23:59:59,Active
CHAL_b8f3a2e0,USER_09603,No Midnight Spending Challenge,2023-08-01 00:00:00,2023-08-31 23:59:59,Active
CHAL_9732131c,USER_08278,No Midnight Spending Challenge,2023-08-01 00:00:00,2023-08-31 23:59:59,Active
CHAL_8cb430cc,USER_09619,No Coffee Challenge,2023-08-01 00:00:00,2023-08-31 23:59:59,Active
CHAL_c4db1d0a,USER_05832,No Coffee Challenge,2023-08-01 00:00:00,2023-08-31 23:59:59,Active
CHAL_7fa36ae5,USER_05726,No Coffee Challenge,2023-08-01 00:00:00,2023-08-31 23:59:59,Active
CHAL_4b533e8f,USER_05726,No Midnight Spending Challenge,2023-08-01 00:00:00,2023-08-31 23:59:59,Active
CHAL_9e2b1ddf,USER_03338,No Coffee Challenge,2023-08-01 00:00:00,2023-08-31 23:59:59,Active
CHAL_dace4190,USER_03338,No Midnight Spending Challenge,2023-08-01 00:00:00,2023-08-31 23:59:59,Active
CHAL_52ddfa45,USER_07862,No Midnight Spending Challenge,2023-08-01 00:00:00,2023-08-31 23:59:59,Active
CHAL_9a155f20,USER_07862,No Coffee Challenge,2023-08-01 00:00:00,2023-08-31 23:59:59,Active
CHAL_e3a2585d,USER_02625,No Coffee Challenge,2023-08-01 00:00:00,2023-08-31 23:59:59,Active
CHAL_c063f603,USER_02625,No Midnight Spending Challenge,2023-08-01 00:00:00,2023-08-31 23:59:59,Active
CHAL_2dd45380,USER_07261,No Coffee Challenge,2023-08-01 00:00:00,2023-08-31 23:59:59,Active
CHAL_3981b86d,USER_07261,No Midnight Spending Challenge,2023-08-01 00:00:00,2023-08-31 23:59:59,Active
CHAL_2ecb6fb9,USER_04571,No Coffee Challenge,2023-08-01 00:00:00,2023-08-31 23:59:59,Active
CHAL_ca2b1f7f,USER_06325,No Midnight Spending Challenge,2023-08-01 00:00:00,2023-08-31 23:59:59,Active
CHAL_dea2cc23,USER_01275,No Coffee Challenge,2023-08-01 00:00:00,2023-08-31 23:59:59,Active
CHAL_0c45966b,USER_01275,No Midnight Spending Challenge,2023-08-01 00:00:00,2023-08-31 23:59:59,Active
CHAL_5a066e72,USER_02452,No Coffee Challenge,2023-08-01 00:00:00,2023-08-31 23:59:59,Active
CHAL_0011744a,USER_02452,No Midnight Spending Challenge,2023-08-01 00:00:00,2023-08-31 23:59:59,Active
CHAL_0e017799,USER_02331,No Midnight Spending Challenge,2023-08-01 00:00:00,2023-08-31 23:59:59,Active
CHAL_531d55f6,USER_08027,No Midnight Spending Challenge,2023-08-01 00:00:00,2023-08-31 23:59:59,Active
CHAL_12e88a4b,USER_04774,No Coffee Challenge,2023-08-01 00:00:00,2023-08-31 23:59:59,Active
CHAL_346cc72d,USER_04774,No Midnight Spending Challenge,2023-08-01 00:00:00,2023-08-31 23:59:59,Active
CHAL_628e0c07,USER_04574,No Coffee Challenge,2023-08-01 00:00:00,2023-08-31 23:59:59,Active
CHAL_f04ed0ba,USER_04574,No Midnight Spending Challenge,2023-08-01 00:00:00,2023-08-31 23:59:59,Active
CHAL_782bb0c1,USER_04497,No Coffee Challenge,2023-08-01 00:00:00,2023-08-31 23:59:59,Active
CHAL_594bec84,USER_03535,No Coffee Challenge,2023-08-01 00:00:00,2023-08-31 23:59:59,Active
CHAL_bcda4c45,USER_03535,No Midnight Spending Challenge,2023-08-01 00:00:00,2023-08-31 23:59:59,Active
CHAL_5f01dce7,USER_09864,No Midnight Spending Challenge,2023-08-01 00:00:00,2023-08-31 23:59:59,Active
CHAL_2d2b2dbd,USER_09864,No Coffee Challenge,2023-08-01 00:00:00,2023-08-31 23:59:59,Active
CHAL_29516137,USER_00864,No Midnight Spending Challenge,2023-08-01 00:00:00,2023-08-31 23:59:59,Active
CHAL_1dd763e8,USER_02520,No Coffee Challenge,2023-08-01 00:00:00,2023-08-31 23:59:59,Active
CHAL_acda1c34,USER_03866,No Coffee Challenge,2023-08-01 00:00:00,2023-08-31 23:59:59,Active
CHAL_d80fd81c,USER_00199,No Midnight Spending Challenge,2023-08-01 00:00:00,2023-08-31 23:59:59,Active
CHAL_193a5590,USER_00199,No Coffee Challenge,2023-08-01 00:00:00,2023-08-31 23:59:59,Active
CHAL_d22b26e8,USER_08362,No Coffee Challenge,2023-08-01 00:00:00,2023-08-31 23:59:59,Active
CHAL_7e11056f,USER_03463,No Midnight Spending Challenge,2023-08-01 00:00:00,2023-08-31 23:59:59,Active
CHAL_9f7b4a37,USER_05644,No Midnight Spending Challenge,2023-08-01 00:00:00,2023-08-31 23:59:59,Active
CHAL_485a26f6,USER_05644,No Coffee Challenge,2023-08-01 00:00:00,2023-08-31 23:59:59,Active
CHAL_da02e196,USER_03810,No Midnight Spending Challenge,2023-08-01 00:00:00,2023-08-31 23:59:59,Active
CHAL_6e1c1d35,USER_03810,No Coffee Challenge,2023-08-01 00:00:00,2023-08-31 23:59:59,Active
CHAL_c57bb285,USER_03798,No Coffee Challenge,2023-08-01 00:00:00,2023-08-31 23:59:59,Active
CHAL_dd71ad5a,USER_08037,No Coffee Challenge,2023-08-01 00:00:00,2023-08-31 23:59:59,Active
CHAL_5dd0bdb2,USER_04510,No Midnight Spending Challenge,2023-08-01 00:00:00,2023-08-31 23:59:59,Active
CHAL_42d859d0,USER_04510,No Coffee Challenge,2023-08-01 00:00:00,2023-08-31 23:59:59,Active
CHAL_8ec44cc3,USER_07952,No Coffee Challenge,2023-08-01 00:00:00,2023-08-31 23:59:59,Active
CHAL_9e3cc6d6,USER_09552,No Midnight Spending Challenge,2023-08-01 00:00:00,2023-08-31 23:59:59,Active
CHAL_3a8aeec7,USER_02552,No Coffee Challenge,2023-08-01 00:00:00,2023-08-31 23:59:59,Active
CHAL_f1e91dd1,USER_06958,No Midnight Spending Challenge,2023-08-01 00:00:00,2023-08-31 23:59:59,Active
CHAL_c769069a,USER_06958,No Coffee Challenge,2023-08-01 00:00:00,2023-08-31 23:59:59,Active
CHAL_1358af93,USER_03652,No Coffee Challenge,2023-08-01 00:00:00,2023-08-31 23:59:59,Active
CHAL_70436c84,USER_05790,No Coffee Challenge,2023-08-01 00:00:00,2023-08-31 23:59:59,Active
CHAL_4da52da3,USER_05790,No Midnight Spending Challenge,2023-08-01 00:00:00,2023-08-31 23:59:59,Active
CHAL_bbe26856,USER_07785,No Coffee Challenge,2023-08-01 00:00:00,2023-08-31 23:59:59,Active
CHAL_70b181dc,USER_07785,No Midnight Spending Challenge,2023-08-01 00:00:00,2023-08-31 23:59:59,Active
CHAL_1c8eea81,USER_09158,No Coffee Challenge,2023-08-01 00:00:00,2023-08-31 23:59:59,Active
CHAL_63585e56,USER_09158,No Midnight Spending Challenge,2023-08-01 00:00:00,2023-08-31 23:59:59,Active
CHAL_a32d430a,USER_01006,No Coffee Challenge,2023-08-01 00:00:00,2023-08-31 23:59:59,Active
CHAL_bd25bdfe,USER_09128,No Midnight Spending Challenge,2023-08-01 00:00:00,2023-08-31 23:59:59,Active
CHAL_9627b900,USER_02361,No Coffee Challenge,2023-08-01 00:00:00,2023-08-31 23:59:59,Active
CHAL_296ff5bf,USER_02637,No Midnight Spending Challenge,2023-08-01 00:00:00,2023-08-31 23:59:59,Active
CHAL_ff522634,USER_02637,No Coffee Challenge,2023-08-01 00:00:00,2023-08-31 23:59:59,Active
CHAL_4c13e67a,USER_02457,No Midnight Spending Challenge,2023-08-01 00:00:00,2023-08-31 23:59:59,Active
CHAL_1184cbc5,USER_08255,No Midnight Spending Challenge,2023-08-01 00:00:00,2023-08-31 23:59:59,Active
CHAL_a60816f0,USER_08450,No Coffee Challenge,2023-08-01 00:00:00,2023-08-31 23:59:59,Active
CHAL_a63a62d1,USER_08090,No Midnight Spending Challenge,2023-08-01 00:00:00,2023-08-31 23:59:59,Active
CHAL_30da27c8,USER_08090,No Coffee Challenge,2023-08-01 00:00:00,2023-08-31 23:59:59,Active
CHAL_8ea35c76,USER_06773,No Midnight Spending Challenge,2023-08-01 00:00:00,2023-08-31 23:59:59,Active
CHAL_762a94b1,USER_06773,No Coffee Challenge,2023-08-01 00:00:00,2023-08-31 23:59:59,Active
CHAL_1e4ac269,USER_07346,No Midnight Spending Challenge,2023-08-01 00:00:00,2023-08-31 23:59:59,Active
CHAL_9f164238,USER_03672,No Coffee Challenge,2023-08-01 00:00:00,2023-08-31 23:59:59,Active
CHAL_27057176,USER_03672,No Midnight Spending Challenge,2023-08-01 00:00:00,2023-08-31 23:59:59,Active
CHAL_3304493d,USER_04466,No Coffee Challenge,2023-08-01 00:00:00,2023-08-31 23:59:59,Active
CHAL_db722bbb,USER_04466,No Midnight Spending Challenge,2023-08-01 00:00:00,2023-08-31 23:59:59,Active
CHAL_5bfe5073,USER_02788,No Midnight Spending Challenge,2023-08-01 00:00:00,2023-08-31 23:59:59,Active
CHAL_5137b861,USER_03139,No Coffee Challenge,2023-08-01 00:00:00,2023-08-31 23:59:59,Active
CHAL_d56edb1b,USER_00498,No Midnight Spending Challenge,2023-08-01 00:00:00,2023-08-31 23:59:59,Active
CHAL_c872acf5,USER_00839,No Midnight Spending Challenge,2023-08-01 00:00:00,2023-08-31 23:59:59,Active
CHAL_483151b3,USER_03453,No Coffee Challenge,2023-08-01 00:00:00,2023-08-31 23:59:59,Active
CHAL_72abb4c8,USER_01776,No Midnight Spending Challenge,2023-08-01 00:00:00,2023-08-31 23:59:59,Active
CHAL_4e962038,USER_08913,No Midnight Spending Challenge,2023-08-01 00:00:00,2023-08-31 23:59:59,Active
CHAL_e8e1364f,USER_08913,No Coffee Challenge,2023-08-01 00:00:00,2023-08-31 23:59:59,Active
CHAL_7388d440,USER_03404,No Midnight Spending Challenge,2023-08-01 00:00:00,2023-08-31 23:59:59,Active
CHAL_2d185e7b,USER_04019,No Midnight Spending Challenge,2023-08-01 00:00:00,2023-08-31 23:59:59,Active
CHAL_4986e146,USER_04019,No Coffee Challenge,2023-08-01 00:00:00,2023-08-31 23:59:59,Active
CHAL_24a9ab68,USER_05372,No Coffee Challenge,2023-08-01 00:00:00,2023-08-31 23:59:59,Active
CHAL_4f3109a0,USER_05372,No Midnight Spending Challenge,2023-08-01 00:00:00,2023-08-31 23:59:59,Active
CHAL_0f1c1157,USER_07702,No Midnight Spending Challenge,2023-08-01 00:00:00,2023-08-31 23:59:59,Active
CHAL_cb25d8dc,USER_07702,No Coffee Challenge,2023-08-01 00:00:00,2023-08-31 23:59:59,Active
CHAL_8b4bcd62,USER_01295,No Midnight Spending Challenge,2023-08-01 00:00:00,2023-08-31 23:59:59,Active
CHAL_b8218a60,USER_01295,No Coffee Challenge,2023-08-01 00:00:00,2023-08-31 23:59:59,Active
CHAL_97c9472a,USER_07352,No Coffee Challenge,2023-08-01 00:00:00,2023-08-31 23:59:59,Active
CHAL_092503e3,USER_07352,No Midnight Spending Challenge,2023-08-01 00:00:00,2023-08-31 23:59:59,Active
CHAL_b1b378d2,USER_09957,No Coffee Challenge,2023-08-01 00:00:00,2023-08-31 23:59:59,Active
CHAL_5e0bf28e,USER_09957,No Midnight Spending Challenge,2023-08-01 00:00:00,2023-08-31 23:59:59,Active
CHAL_1df3f4ba,USER_01942,No Coffee Challenge,2023-08-01 00:00:00,2023-08-31 23:59:59,Active
CHAL_40451ccc,USER_01942,No Midnight Spending Challenge,2023-08-01 00:00:00,2023-08-31 23:59:59,Active
CHAL_fc3dbce1,USER_06190,No Midnight Spending Challenge,2023-08-01 00:00:00,2023-08-31 23:59:59,Active
CHAL_f6ae1177,USER_03867,No Coffee Challenge,2023-08-01 00:00:00,2023-08-31 23:59:59,Active
CHAL_f688bbbe,USER_03867,No Midnight Spending Challenge,2023-08-01 00:00:00,2023-08-31 23:59:59,Active
CHAL_caf64390,USER_05493,No Coffee Challenge,2023-08-01 00:00:00,2023-08-31 23:59:59,Active
CHAL_f6fb86a3,USER_09800,No Coffee Challenge,2023-08-01 00:00:00,2023-08-31 23:59:59,Active
CHAL_a6df4e2f,USER_09800,No Midnight Spending Challenge,2023-08-01 00:00:00,2023-08-31 23:59:59,Active
CHAL_a23da41c,USER_00336,No Coffee Challenge,2023-08-01 00:00:00,2023-08-31 23:59:59,Active
CHAL_60fead24,USER_08765,No Coffee Challenge,2023-08-01 00:00:00,2023-08-31 23:59:59,Active
CHAL_8f15aee3,USER_08418,No Coffee Challenge,2023-08-01 00:00:00,2023-08-31 23:59:59,Active
CHAL_d699dd08,USER_05490,No Coffee Challenge,2023-08-01 00:00:00,2023-08-31 23:59:59,Active
CHAL_0c5cae3d,USER_05490,No Midnight Spending Challenge,2023-08-01 00:00:00,2023-08-31 23:59:59,Active
CHAL_492fbcaa,USER_04780,No Coffee Challenge,2023-08-01 00:00:00,2023-08-31 23:59:59,Active
CHAL_31b832d1,USER_04780,No Midnight Spending Challenge,2023-08-01 00:00:00,2023-08-31 23:59:59,Active
CHAL_76a2c4aa,USER_02322,No Coffee Challenge,2023-08-01 00:00:00,2023-08-31 23:59:59,Active
CHAL_42853daf,USER_02322,No Midnight Spending Challenge,2023-08-01 00:00:00,2023-08-31 23:59:59,Active
CHAL_c7c50de7,USER_03380,No Coffee Challenge,2023-08-01 00:00:00,2023-08-31 23:59:59,Active
CHAL_1cf393a4,USER_03380,No Midnight Spending Challenge,2023-08-01 00:00:00,2023-08-31 23:59:59,Active
CHAL_c2d67362,USER_07766,No Midnight Spending Challenge,2023-08-01 00:00:00,2023-08-31 23:59:59,Active
CHAL_e88a4058,USER_00388,No Midnight Spending Challenge,2023-08-01 00:00:00,2023-08-31 23:59:59,Active
CHAL_623ced9a,USER_09033,No Midnight Spending Challenge,2023-08-01 00:00:00,2023-08-31 23:59:59,Active
CHAL_6bb6ff6d,USER_09033,No Coffee Challenge,2023-08-01 00:00:00,2023-08-31 23:59:59,Active
CHAL_2579793d,USER_00228,No Coffee Challenge,2023-08-01 00:00:00,2023-08-31 23:59:59,Active
CHAL_0f488e2b,USER_00228,No Midnight Spending Challenge,2023-08-01 00:00:00,2023-08-31 23:59:59,Active
CHAL_b35b7700,USER_04023,No Coffee Challenge,2023-08-01 00:00:00,2023-08-31 23:59:59,Active
CHAL_0aee98b1,USER_04790,No Coffee Challenge,2023-08-01 00:00:00,2023-08-31 23:59:59,Active
CHAL_87d14b1f,USER_04015,No Coffee Challenge,2023-08-01 00:00:00,2023-08-31 23:59:59,Active
CHAL_73d162ab,USER_04015,No Midnight Spending Challenge,2023-08-01 00:00:00,2023-08-31 23:59:59,Active
CHAL_252a354c,USER_00433,No Midnight Spending Challenge,2023-08-01 00:00:00,2023-08-31 23:59:59,Active
CHAL_b78216d6,USER_00433,No Coffee Challenge,2023-08-01 00:00:00,2023-08-31 23:59:59,Active
CHAL_c1b26a5c,USER_05963,No Coffee Challenge,2023-08-01 00:00:00,2023-08-31 23:59:59,Active
CHAL_d2b959a9,USER_05963,No Midnight Spending Challenge,2023-08-01 00:00:00,2023-08-31 23:59:59,Active
CHAL_f2b864ec,USER_08718,No Midnight Spending Challenge,2023-08-01 00:00:00,2023-08-31 23:59:59,Active
CHAL_e1ef4455,USER_04727,No Midnight Spending Challenge,2023-08-01 00:00:00,2023-08-31 23:59:59,Active
CHAL_80a9ae08,USER_08299,No Midnight Spending Challenge,2023-08-01 00:00:00,2023-08-31 23:59:59,Active
CHAL_320d111a,USER_03665,No Midnight Spending Challenge,2023-08-01 00:00:00,2023-08-31 23:59:59,Active
CHAL_1f9972c3,USER_03665,No Coffee Challenge,2023-08-01 00:00:00,2023-08-31 23:59:59,Active
CHAL_49ba05e4,USER_06283,No Coffee Challenge,2023-08-01 00:00:00,2023-08-31 23:59:59,Active
CHAL_42484d27,USER_06283,No Midnight Spending Challenge,2023-08-01 00:00:00,2023-08-31 23:59:59,Active
CHAL_42c5ce5c,USER_08445,No Midnight Spending Challenge,2023-08-01 00:00:00,2023-08-31 23:59:59,Active
CHAL_538cc7a2,USER_08445,No Coffee Challenge,2023-08-01 00:00:00,2023-08-31 23:59:59,Active
CHAL_38be760a,USER_00142,No Midnight Spending Challenge,2023-08-01 00:00:00,2023-08-31 23:59:59,Active
CHAL_385fc74f,USER_00142,No Coffee Challenge,2023-08-01 00:00:00,2023-08-31 23:59:59,Active
CHAL_4dfeded8,USER_07484,No Midnight Spending Challenge,2023-08-01 00:00:00,2023-08-31 23:59:59,Active
CHAL_9ac078eb,USER_07046,No Coffee Challenge,2023-08-01 00:00:00,2023-08-31 23:59:59,Active
CHAL_f62cf942,USER_02381,No Coffee Challenge,2023-08-01 00:00:00,2023-08-31 23:59:59,Active
CHAL_0347810a,USER_04377,No Midnight Spending Challenge,2023-08-01 00:00:00,2023-08-31 23:59:59,Active
CHAL_488ec39f,USER_02990,No Coffee Challenge,2023-08-01 00:00:00,2023-08-31 23:59:59,Active
CHAL_0a73d9a3,USER_02990,No Midnight Spending Challenge,2023-08-01 00:00:00,2023-08-31 23:59:59,Active
CHAL_752716ac,USER_06295,No Coffee Challenge,2023-08-01 00:00:00,2023-08-31 23:59:59,Active
CHAL_b795accf,USER_06295,No Midnight Spending Challenge,2023-08-01 00:00:00,2023-08-31 23:59:59,Active
CHAL_fde890d0,USER_09849,No Coffee Challenge,2023-08-01 00:00:00,2023-08-31 23:59:59,Active
CHAL_256b8f5e,USER_00606,No Coffee Challenge,2023-08-01 00:00:00,2023-08-31 23:59:59,Active
CHAL_0407525a,USER_06133,No Midnight Spending Challenge,2023-08-01 00:00:00,2023-08-31 23:59:59,Active
CHAL_69b4e821,USER_09205,No Midnight Spending Challenge,2023-08-01 00:00:00,2023-08-31 23:59:59,Active
CHAL_351bf2ee,USER_09205,No Coffee Challenge,2023-08-01 00:00:00,2023-08-31 23:59:59,Active
CHAL_e9220abb,USER_06601,No Coffee Challenge,2023-08-01 00:00:00,2023-08-31 23:59:59,Active
CHAL_c78f3326,USER_06601,No Midnight Spending Challenge,2023-08-01 00:00:00,2023-08-31 23:59:59,Active
CHAL_e5a9ccb0,USER_06588,No Coffee Challenge,2023-08-01 00:00:00,2023-08-31 23:59:59,Active
CHAL_2eb03d27,USER_06588,No Midnight Spending Challenge,2023-08-01 00:00:00,2023-08-31 23:59:59,Active
CHAL_c2461d6a,USER_09801,No Midnight Spending Challenge,2023-08-01 00:00:00,2023-08-31 23:59:59,Active
CHAL_8b279c4f,USER_02205,No Midnight Spending Challenge,2023-08-01 00:00:00,2023-08-31 23:59:59,Active
CHAL_58d93171,USER_08704,No Coffee Challenge,2023-08-01 00:00:00,2023-08-31 23:59:59,Active
CHAL_caf8b2a1,USER_08704,No Midnight Spending Challenge,2023-08-01 00:00:00,2023-08-31 23:59:59,Active
CHAL_73d2bc4a,USER_07967,No Coffee Challenge,2023-08-01 00:00:00,2023-08-31 23:59:59,Active
CHAL_4be54e07,USER_07967,No Midnight Spending Challenge,2023-08-01 00:00:00,2023-08-31 23:59:59,Active
CHAL_4cae0660,USER_03095,No Coffee Challenge,2023-08-01 00:00:00,2023-08-31 23:59:59,Active
CHAL_ddebdb57,USER_05302,No Midnight Spending Challenge,2023-08-01 00:00:00,2023-08-31 23:59:59,Active
CHAL_7ef172f0,USER_05302,No Coffee Challenge,2023-08-01 00:00:00,2023-08-31 23:59:59,Active
CHAL_5ad9f836,USER_05849,No Midnight Spending Challenge,2023-08-01 00:00:00,2023-08-31 23:59:59,Active
CHAL_35d16b3f,USER_09941,No Coffee Challenge,2023-08-01 00:00:00,2023-08-31 23:59:59,Active
CHAL_8051d0e8,USER_09941,No Midnight Spending Challenge,2023-08-01 00:00:00,2023-08-31 23:59:59,Active
CHAL_da58f397,USER_09757,No Midnight Spending Challenge,2023-08-01 00:00:00,2023-08-31 23:59:59,Active
CHAL_89b4b2be,USER_09757,No Coffee Challenge,2023-08-01 00:00:00,2023-08-31 23:59:59,Active
CHAL_fe894a00,USER_01718,No Midnight Spending Challenge,2023-08-01 00:00:00,2023-08-31 23:59:59,Active
CHAL_116336ff,USER_01718,No Coffee Challenge,2023-08-01 00:00:00,2023-08-31 23:59:59,Active
CHAL_ebd473d2,USER_02574,No Coffee Challenge,2023-08-01 00:00:00,2023-08-31 23:59:59,Active
CHAL_1db49c7e,USER_01745,No Coffee Challenge,2023-08-01 00:00:00,2023-08-31 23:59:59,Active
CHAL_ffb03a93,USER_01745,No Midnight Spending Challenge,2023-08-01 00:00:00,2023-08-31 23:59:59,Active
CHAL_893bf61b,USER_06287,No Coffee Challenge,2023-08-01 00:00:00,2023-08-31 23:59:59,Active
CHAL_0a8381a3,USER_04208,No Midnight Spending Challenge,2023-08-01 00:00:00,2023-08-31 23:59:59,Active
CHAL_98734688,USER_04208,No Coffee Challenge,2023-08-01 00:00:00,2023-08-31 23:59:59,Active
CHAL_5e44066e,USER_05024,No Midnight Spending Challenge,2023-08-01 00:00:00,2023-08-31 23:59:59,Active
CHAL_70c1e0a1,USER_05024,No Coffee Challenge,2023-08-01 00:00:00,2023-08-31 23:59:59,Active
CHAL_df66fb0e,USER_02327,No Midnight Spending Challenge,2023-08-01 00:00:00,2023-08-31 23:59:59,Active
CHAL_2bf494c2,USER_02327,No Coffee Challenge,2023-08-01 00:00:00,2023-08-31 23:59:59,Active
CHAL_8dd24101,USER_00048,No Midnight Spending Challenge,2023-08-01 00:00:00,2023-08-31 23:59:59,Active
CHAL_c4a40068,USER_00736,No Coffee Challenge,2023-08-01 00:00:00,2023-08-31 23:59:59,Active
CHAL_fb49dbda,USER_07857,No Coffee Challenge,2023-08-01 00:00:00,2023-08-31 23:59:59,Active
CHAL_f3327871,USER_07857,No Midnight Spending Challenge,2023-08-01 00:00:00,2023-08-31 23:59:59,Active
CHAL_6c77a95a,USER_01536,No Midnight Spending Challenge,2023-08-01 00:00:00,2023-08-31 23:59:59,Active
CHAL_48b18771,USER_01536,No Coffee Challenge,2023-08-01 00:00:00,2023-08-31 23:59:59,Active
CHAL_76c403b6,USER_09637,No Coffee Challenge,2023-08-01 00:00:00,2023-08-31 23:59:59,Active
CHAL_7a5221c3,USER_09387,No Midnight Spending Challenge,2023-08-01 00:00:00,2023-08-31 23:59:59,Active
CHAL_ab07f62a,USER_09387,No Coffee Challenge,2023-08-01 00:00:00,2023-08-31 23:59:59,Active
CHAL_af237e0c,USER_09048,No Coffee Challenge,2023-08-01 00:00:00,2023-08-31 23:59:59,Active
CHAL_60b0fedd,USER_09048,No Midnight Spending Challenge,2023-08-01 00:00:00,2023-08-31 23:59:59,Active
CHAL_0ee2a052,USER_04477,No Coffee Challenge,2023-08-01 00:00:00,2023-08-31 23:59:59,Active
CHAL_0d1394a6,USER_04627,No Coffee Challenge,2023-08-01 00:00:00,2023-08-31 23:59:59,Active
CHAL_b2de8cd6,USER_04627,No Midnight Spending Challenge,2023-08-01 00:00:00,2023-08-31 23:59:59,Active
CHAL_06897ede,USER_05254,No Coffee Challenge,2023-08-01 00:00:00,2023-08-31 23:59:59,Active
CHAL_ac74085f,USER_09356,No Midnight Spending Challenge,2023-08-01 00:00:00,2023-08-31 23:59:59,Active
CHAL_f19962ea,USER_09356,No Coffee Challenge,2023-08-01 00:00:00,2023-08-31 23:59:59,Active
CHAL_243616a6,USER_05092,No Coffee Challenge,2023-08-01 00:00:00,2023-08-31 23:59:59,Active
CHAL_dd8dca44,USER_05092,No Midnight Spending Challenge,2023-08-01 00:00:00,2023-08-31 23:59:59,Active
CHAL_d522eca1,USER_05946,No Midnight Spending Challenge,2023-08-01 00:00:00,2023-08-31 23:59:59,Active
CHAL_fd10486d,USER_04804,No Midnight Spending Challenge,2023-08-01 00:00:00,2023-08-31 23:59:59,Active
CHAL_e9eda848,USER_04804,No Coffee Challenge,2023-08-01 00:00:00,2023-08-31 23:59:59,Active
CHAL_ec218c38,USER_08426,No Coffee Challenge,2023-08-01 00:00:00,2023-08-31 23:59:59,Active
CHAL_f3c5ec2d,USER_08426,No Midnight Spending Challenge,2023-08-01 00:00:00,2023-08-31 23:59:59,Active
CHAL_dc129e52,USER_05317,No Midnight Spending Challenge,2023-08-01 00:00:00,2023-08-31 23:59:59,Active
CHAL_822b2c21,USER_03473,No Coffee Challenge,2023-08-01 00:00:00,2023-08-31 23:59:59,Active
CHAL_b258e620,USER_08180,No Coffee Challenge,2023-08-01 00:00:00,2023-08-31 23:59:59,Active
CHAL_79ddf869,USER_01182,No Coffee Challenge,2023-08-01 00:00:00,2023-08-31 23:59:59,Active
CHAL_9a0a2f0a,USER_01182,No Midnight Spending Challenge,2023-08-01 00:00:00,2023-08-31 23:59:59,Active
CHAL_c7dbf6da,USER_02007,No Coffee Challenge,2023-08-01 00:00:00,2023-08-31 23:59:59,Active
CHAL_7ebc1465,USER_02007,No Midnight Spending Challenge,2023-08-01 00:00:00,2023-08-31 23:59:59,Active
CHAL_b7e4f874,USER_00226,No Midnight Spending Challenge,2023-08-01 00:00:00,2023-08-31 23:59:59,Active
CHAL_eebb2ee8,USER_09730,No Coffee Challenge,2023-08-01 00:00:00,2023-08-31 23:59:59,Active
CHAL_32771d44,USER_09730,No Midnight Spending Challenge,2023-08-01 00:00:00,2023-08-31 23:59:59,Active
CHAL_20ede778,USER_01450,No Midnight Spending Challenge,2023-08-01 00:00:00,2023-08-31 23:59:59,Active
CHAL_0972ba40,USER_03434,No Coffee Challenge,2023-08-01 00:00:00,2023-08-31 23:59:59,Active
CHAL_e9e35450,USER_00412,No Coffee Challenge,2023-08-01 00:00:00,2023-08-31 23:59:59,Active
CHAL_d4fbe84d,USER_01197,No Midnight Spending Challenge,2023-08-01 00:00:00,2023-08-31 23:59:59,Active
CHAL_1015012b,USER_01197,No Coffee Challenge,2023-08-01 00:00:00,2023-08-31 23:59:59,Active
CHAL_e6d6183a,USER_00745,No Coffee Challenge,2023-08-01 00:00:00,2023-08-31 23:59:59,Active
CHAL_10c612ae,USER_07871,No Midnight Spending Challenge,2023-08-01 00:00:00,2023-08-31 23:59:59,Active
CHAL_e342abf0,USER_07871,No Coffee Challenge,2023-08-01 00:00:00,2023-08-31 23:59:59,Active
CHAL_fe5d3b31,USER_02897,No Coffee Challenge,2023-08-01 00:00:00,2023-08-31 23:59:59,Active
CHAL_c111f036,USER_04841,No Coffee Challenge,2023-08-01 00:00:00,2023-08-31 23:59:59,Active
CHAL_232443f9,USER_04841,No Midnight Spending Challenge,2023-08-01 00:00:00,2023-08-31 23:59:59,Active
CHAL_c40482a7,USER_04586,No Midnight Spending Challenge,2023-08-01 00:00:00,2023-08-31 23:59:59,Active
CHAL_0a9a9b51,USER_01703,No Coffee Challenge,2023-08-01 00:00:00,2023-08-31 23:59:59,Active
CHAL_4cb7a4b0,USER_00178,No Coffee Challenge,2023-08-01 00:00:00,2023-08-31 23:59:59,Active
CHAL_25904785,USER_08552,No Midnight Spending Challenge,2023-08-01 00:00:00,2023-08-31 23:59:59,Active
CHAL_c511bf6a,USER_00080,No Midnight Spending Challenge,2023-08-01 00:00:00,2023-08-31 23:59:59,Active
CHAL_52e4b8de,USER_08018,No Coffee Challenge,2023-08-01 00:00:00,2023-08-31 23:59:59,Active
CHAL_28b8fd18,USER_07713,No Coffee Challenge,2023-08-01 00:00:00,2023-08-31 23:59:59,Active
CHAL_b259344a,USER_05863,No Coffee Challenge,2023-08-01 00:00:00,2023-08-31 23:59:59,Active
CHAL_59666546,USER_02830,No Coffee Challenge,2023-08-01 00:00:00,2023-08-31 23:59:59,Active
CHAL_3658848b,USER_06093,No Midnight Spending Challenge,2023-08-01 00:00:00,2023-08-31 23:59:59,Active
CHAL_9f69dc08,USER_06093,No Coffee Challenge,2023-08-01 00:00:00,2023-08-31 23:59:59,Active
CHAL_97055425,USER_09797,No Midnight Spending Challenge,2023-08-01 00:00:00,2023-08-31 23:59:59,Active
CHAL_191b5f65,USER_09797,No Coffee Challenge,2023-08-01 00:00:00,2023-08-31 23:59:59,Active
CHAL_3d4bb504,USER_05030,No Midnight Spending Challenge,2023-08-01 00:00:00,2023-08-31 23:59:59,Active
CHAL_b3be1ce7,USER_09214,No Midnight Spending Challenge,2023-08-01 00:00:00,2023-08-31 23:59:59,Active
CHAL_ed86c3c9,USER_09214,No Coffee Challenge,2023-08-01 00:00:00,2023-08-31 23:59:59,Active
CHAL_4aff5841,USER_07244,No Midnight Spending Challenge,2023-08-01 00:00:00,2023-08-31 23:59:59,Active
CHAL_ce8af9d0,USER_06855,No Midnight Spending Challenge,2023-08-01 00:00:00,2023-08-31 23:59:59,Active
CHAL_a77d0ee3,USER_07312,No Coffee Challenge,2023-08-01 00:00:00,2023-08-31 23:59:59,Active
CHAL_d510de43,USER_03481,No Midnight Spending Challenge,2023-08-01 00:00:00,2023-08-31 23:59:59,Active
CHAL_89cfa09a,USER_05325,No Midnight Spending Challenge,2023-08-01 00:00:00,2023-08-31 23:59:59,Active
CHAL_9513a725,USER_06142,No Midnight Spending Challenge,2023-08-01 00:00:00,2023-08-31 23:59:59,Active
CHAL_39bf7522,USER_06142,No Coffee Challenge,2023-08-01 00:00:00,2023-08-31 23:59:59,Active
CHAL_5847050e,USER_07158,No Midnight Spending Challenge,2023-08-01 00:00:00,2023-08-31 23:59:59,Active
CHAL_1d96ca42,USER_07158,No Coffee Challenge,2023-08-01 00:00:00,2023-08-31 23:59:59,Active
CHAL_5c07424a,USER_08149,No Midnight Spending Challenge,2023-08-01 00:00:00,2023-08-31 23:59:59,Active
CHAL_7199c42a,USER_08149,No Coffee Challenge,2023-08-01 00:00:00,2023-08-31 23:59:59,Active
CHAL_3cccf049,USER_07903,No Coffee Challenge,2023-08-01 00:00:00,2023-08-31 23:59:59,Active
CHAL_381c1961,USER_04492,No Midnight Spending Challenge,2023-08-01 00:00:00,2023-08-31 23:59:59,Active
CHAL_26e75b1e,USER_03482,No Coffee Challenge,2023-08-01 00:00:00,2023-08-31 23:59:59,Active
CHAL_bbe1cbb2,USER_08964,No Coffee Challenge,2023-08-01 00:00:00,2023-08-31 23:59:59,Active
CHAL_46275bba,USER_08964,No Midnight Spending Challenge,2023-08-01 00:00:00,2023-08-31 23:59:59,Active
CHAL_5dd888be,USER_02931,No Midnight Spending Challenge,2023-08-01 00:00:00,2023-08-31 23:59:59,Active
CHAL_48ec3bbc,USER_02923,No Coffee Challenge,2023-08-01 00:00:00,2023-08-31 23:59:59,Active
CHAL_daeff384,USER_02923,No Midnight Spending Challenge,2023-08-01 00:00:00,2023-08-31 23:59:59,Active
CHAL_ab8be902,USER_08383,No Coffee Challenge,2023-08-01 00:00:00,2023-08-31 23:59:59,Active
CHAL_69eeb4cd,USER_08383,No Midnight Spending Challenge,2023-08-01 00:00:00,2023-08-31 23:59:59,Active
CHAL_dcc03ad2,USER_09326,No Coffee Challenge,2023-08-01 00:00:00,2023-08-31 23:59:59,Active
CHAL_28567aca,USER_09326,No Midnight Spending Challenge,2023-08-01 00:00:00,2023-08-31 23:59:59,Active
CHAL_caacb456,USER_07486,No Midnight Spending Challenge,2023-08-01 00:00:00,2023-08-31 23:59:59,Active
CHAL_52c3c34f,USER_08258,No Midnight Spending Challenge,2023-08-01 00:00:00,2023-08-31 23:59:59,Active
CHAL_889cd434,USER_08258,No Coffee Challenge,2023-08-01 00:00:00,2023-08-31 23:59:59,Active
CHAL_280b7eb8,USER_08966,No Midnight Spending Challenge,2023-08-01 00:00:00,2023-08-31 23:59:59,Active
CHAL_b5992261,USER_07563,No Midnight Spending Challenge,2023-08-01 00:00:00,2023-08-31 23:59:59,Active
CHAL_cf9853c8,USER_07563,No Coffee Challenge,2023-08-01 00:00:00,2023-08-31 23:59:59,Active
CHAL_04eda62e,USER_00569,No Coffee Challenge,2023-08-01 00:00:00,2023-08-31 23:59:59,Active
CHAL_522831e0,USER_00569,No Midnight Spending Challenge,2023-08-01 00:00:00,2023-08-31 23:59:59,Active
CHAL_4ae26293,USER_07539,No Coffee Challenge,2023-08-01 00:00:00,2023-08-31 23:59:59,Active
CHAL_72f1423d,USER_01696,No Coffee Challenge,2023-08-01 00:00:00,2023-08-31 23:59:59,Active
CHAL_2a3b6852,USER_01696,No Midnight Spending Challenge,2023-08-01 00:00:00,2023-08-31 23:59:59,Active
CHAL_89dbfeca,USER_06875,No Coffee Challenge,2023-08-01 00:00:00,2023-08-31 23:59:59,Active
CHAL_2ebdb6ac,USER_05722,No Midnight Spending Challenge,2023-08-01 00:00:00,2023-08-31 23:59:59,Active
CHAL_21dfb47a,USER_02200,No Midnight Spending Challenge,2023-08-01 00:00:00,2023-08-31 23:59:59,Active
CHAL_9d5d655e,USER_02200,No Coffee Challenge,2023-08-01 00:00:00,2023-08-31 23:59:59,Active
CHAL_d61077d4,USER_08936,No Midnight Spending Challenge,2023-08-01 00:00:00,2023-08-31 23:59:59,Active
CHAL_3c968f89,USER_05294,No Midnight Spending Challenge,2023-08-01 00:00:00,2023-08-31 23:59:59,Active
CHAL_f307d719,USER_06338,No Coffee Challenge,2023-08-01 00:00:00,2023-08-31 23:59:59,Active
CHAL_15ee3c6b,USER_05856,No Coffee Challenge,2023-08-01 00:00:00,2023-08-31 23:59:59,Active
CHAL_56eaf2cf,USER_05856,No Midnight Spending Challenge,2023-08-01 00:00:00,2023-08-31 23:59:59,Active
CHAL_bdea9ee3,USER_05560,No Coffee Challenge,2023-08-01 00:00:00,2023-08-31 23:59:59,Active
CHAL_d7d34d47,USER_08466,No Midnight Spending Challenge,2023-08-01 00:00:00,2023-08-31 23:59:59,Active
CHAL_940d5e11,USER_02156,No Coffee Challenge,2023-08-01 00:00:00,2023-08-31 23:59:59,Active
CHAL_da970d9b,USER_03715,No Coffee Challenge,2023-08-01 00:00:00,2023-08-31 23:59:59,Active
CHAL_44214636,USER_09509,No Coffee Challenge,2023-08-01 00:00:00,2023-08-31 23:59:59,Active
CHAL_79eccbb7,USER_09509,No Midnight Spending Challenge,2023-08-01 00:00:00,2023-08-31 23:59:59,Active
CHAL_3b428829,USER_04262,No Midnight Spending Challenge,2023-08-01 00:00:00,2023-08-31 23:59:59,Active
CHAL_d4f606d5,USER_06265,No Coffee Challenge,2023-08-01 00:00:00,2023-08-31 23:59:59,Active
CHAL_d7318bb3,USER_06265,No Midnight Spending Challenge,2023-08-01 00:00:00,2023-08-31 23:59:59,Active
CHAL_a9daa8dd,USER_09652,No Coffee Challenge,2023-08-01 00:00:00,2023-08-31 23:59:59,Active
CHAL_549fe1d6,USER_09652,No Midnight Spending Challenge,2023-08-01 00:00:00,2023-08-31 23:59:59,Active
CHAL_ad6147e0,USER_04801,No Midnight Spending Challenge,2023-08-01 00:00:00,2023-08-31 23:59:59,Active
CHAL_920cc328,USER_04801,No Coffee Challenge,2023-08-01 00:00:00,2023-08-31 23:59:59,Active
CHAL_896c747d,USER_09636,No Midnight Spending Challenge,2023-08-01 00:00:00,2023-08-31 23:59:59,Active
CHAL_4267924a,USER_09636,No Coffee Challenge,2023-08-01 00:00:00,2023-08-31 23:59:59,Active
CHAL_f51df900,USER_06970,No Coffee Challenge,2023-08-01 00:00:00,2023-08-31 23:59:59,Active
CHAL_65fedb7c,USER_06970,No Midnight Spending Challenge,2023-08-01 00:00:00,2023-08-31 23:59:59,Active
CHAL_47f3756e,USER_05126,No Coffee Challenge,2023-08-01 00:00:00,2023-08-31 23:59:59,Active
CHAL_7885529f,USER_03091,No Midnight Spending Challenge,2023-08-01 00:00:00,2023-08-31 23:59:59,Active
CHAL_76f20b50,USER_00065,No Coffee Challenge,2023-08-01 00:00:00,2023-08-31 23:59:59,Active
CHAL_c20b8603,USER_00065,No Midnight Spending Challenge,2023-08-01 00:00:00,2023-08-31 23:59:59,Active
CHAL_63d390ab,USER_01649,No Coffee Challenge,2023-08-01 00:00:00,2023-08-31 23:59:59,Active
CHAL_8ae30818,USER_06582,No Midnight Spending Challenge,2023-08-01 00:00:00,2023-08-31 23:59:59,Active
CHAL_1c4f1b52,USER_06582,No Coffee Challenge,2023-08-01 00:00:00,2023-08-31 23:59:59,Active
CHAL_1a436938,USER_03738,No Coffee Challenge,2023-08-01 00:00:00,2023-08-31 23:59:59,Active
CHAL_52c3ebc2,USER_01136,No Midnight Spending Challenge,2023-08-01 00:00:00,2023-08-31 23:59:59,Active
CHAL_f2885df0,USER_01136,No Coffee Challenge,2023-08-01 00:00:00,2023-08-31 23:59:59,Active
CHAL_9dc7aa37,USER_09744,No Coffee Challenge,2023-08-01 00:00:00,2023-08-31 23:59:59,Active
CHAL_30280d4a,USER_04356,No Coffee Challenge,2023-08-01 00:00:00,2023-08-31 23:59:59,Active
CHAL_8d93adb3,USER_08752,No Midnight Spending Challenge,2023-08-01 00:00:00,2023-08-31 23:59:59,Active
CHAL_ff0410bc,USER_08752,No Coffee Challenge,2023-08-01 00:00:00,2023-08-31 23:59:59,Active
CHAL_ed0ade78,USER_02523,No Coffee Challenge,2023-08-01 00:00:00,2023-08-31 23:59:59,Active
CHAL_cda29d41,USER_09570,No Midnight Spending Challenge,2023-08-01 00:00:00,2023-08-31 23:59:59,Active
CHAL_192c8473,USER_03788,No Midnight Spending Challenge,2023-08-01 00:00:00,2023-08-31 23:59:59,Active
CHAL_8a34b2ef,USER_01506,No Midnight Spending Challenge,2023-08-01 00:00:00,2023-08-31 23:59:59,Active
CHAL_f564aae1,USER_02793,No Midnight Spending Challenge,2023-08-01 00:00:00,2023-08-31 23:59:59,Active
CHAL_bae1b0da,USER_06572,No Coffee Challenge,2023-08-01 00:00:00,2023-08-31 23:59:59,Active
CHAL_ad0b7d30,USER_06572,No Midnight Spending Challenge,2023-08-01 00:00:00,2023-08-31 23:59:59,Active
CHAL_a3102a77,USER_01462,No Midnight Spending Challenge,2023-08-01 00:00:00,2023-08-31 23:59:59,Active
CHAL_bc8166b4,USER_06519,No Midnight Spending Challenge,2023-08-01 00:00:00,2023-08-31 23:59:59,Active
CHAL_f9661880,USER_06519,No Coffee Challenge,2023-08-01 00:00:00,2023-08-31 23:59:59,Active
CHAL_b748db04,USER_02313,No Midnight Spending Challenge,2023-08-01 00:00:00,2023-08-31 23:59:59,Active
CHAL_ada1e56e,USER_02313,No Coffee Challenge,2023-08-01 00:00:00,2023-08-31 23:59:59,Active
CHAL_a4ddc25d,USER_04809,No Coffee Challenge,2023-08-01 00:00:00,2023-08-31 23:59:59,Active
CHAL_39ce854b,USER_01201,No Midnight Spending Challenge,2023-08-01 00:00:00,2023-08-31 23:59:59,Active
CHAL_b96f3e9b,USER_03575,No Midnight Spending Challenge,2023-08-01 00:00:00,2023-08-31 23:59:59,Active
CHAL_aabb8e58,USER_01322,No Midnight Spending Challenge,2023-08-01 00:00:00,2023-08-31 23:59:59,Active
CHAL_08d82b6e,USER_01322,No Coffee Challenge,2023-08-01 00:00:00,2023-08-31 23:59:59,Active
CHAL_b5e77e71,USER_01370,No Midnight Spending Challenge,2023-08-01 00:00:00,2023-08-31 23:59:59,Active
CHAL_5511c6ff,USER_01370,No Coffee Challenge,2023-08-01 00:00:00,2023-08-31 23:59:59,Active
CHAL_737b75f3,USER_03105,No Coffee Challenge,2023-08-01 00:00:00,2023-08-31 23:59:59,Active
CHAL_1914fe3e,USER_03105,No Midnight Spending Challenge,2023-08-01 00:00:00,2023-08-31 23:59:59,Active
CHAL_69f7f617,USER_03997,No Coffee Challenge,2023-08-01 00:00:00,2023-08-31 23:59:59,Active
CHAL_38428fc7,USER_03997,No Midnight Spending Challenge,2023-08-01 00:00:00,2023-08-31 23:59:59,Active
CHAL_6f0906b8,USER_08620,No Midnight Spending Challenge,2023-08-01 00:00:00,2023-08-31 23:59:59,Active
CHAL_37db13e9,USER_08620,No Coffee Challenge,2023-08-01 00:00:00,2023-08-31 23:59:59,Active
CHAL_da81c238,USER_00585,No Midnight Spending Challenge,2023-08-01 00:00:00,2023-08-31 23:59:59,Active
CHAL_559c1599,USER_00585,No Coffee Challenge,2023-08-01 00:00:00,2023-08-31 23:59:59,Active
CHAL_a7162cdc,USER_00534,No Midnight Spending Challenge,2023-08-01 00:00:00,2023-08-31 23:59:59,Active
CHAL_28dfccdc,USER_00534,No Coffee Challenge,2023-08-01 00:00:00,2023-08-31 23:59:59,Active
CHAL_6f5383ce,USER_02822,No Coffee Challenge,2023-08-01 00:00:00,2023-08-31 23:59:59,Active
CHAL_e67b2861,USER_05075,No Midnight Spending Challenge,2023-08-01 00:00:00,2023-08-31 23:59:59,Active
CHAL_768c1502,USER_05075,No Coffee Challenge,2023-08-01 00:00:00,2023-08-31 23:59:59,Active
CHAL_8cf40065,USER_05795,No Coffee Challenge,2023-08-01 00:00:00,2023-08-31 23:59:59,Active
CHAL_dac65b63,USER_01592,No Midnight Spending Challenge,2023-08-01 00:00:00,2023-08-31 23:59:59,Active
CHAL_d933a8d4,USER_01592,No Coffee Challenge,2023-08-01 00:00:00,2023-08-31 23:59:59,Active
CHAL_f34c936f,USER_06994,No Midnight Spending Challenge,2023-08-01 00:00:00,2023-08-31 23:59:59,Active
CHAL_a78dbb19,USER_06994,No Coffee Challenge,2023-08-01 00:00:00,2023-08-31 23:59:59,Active
CHAL_f59c2644,USER_03021,No Coffee Challenge,2023-08-01 00:00:00,2023-08-31 23:59:59,Active
CHAL_a56dc1cc,USER_00190,No Coffee Challenge,2023-08-01 00:00:00,2023-08-31 23:59:59,Active
CHAL_fa08e334,USER_00190,No Midnight Spending Challenge,2023-08-01 00:00:00,2023-08-31 23:59:59,Active
CHAL_dc9d0722,USER_06404,No Coffee Challenge,2023-08-01 00:00:00,2023-08-31 23:59:59,Active
CHAL_61f2b831,USER_06404,No Midnight Spending Challenge,2023-08-01 00:00:00,2023-08-31 23:59:59,Active
CHAL_6ce7803a,USER_00581,No Midnight Spending Challenge,2023-08-01 00:00:00,2023-08-31 23:59:59,Active
CHAL_3e30a257,USER_04001,No Midnight Spending Challenge,2023-08-01 00:00:00,2023-08-31 23:59:59,Active
CHAL_ed162f8a,USER_02712,No Coffee Challenge,2023-08-01 00:00:00,2023-08-31 23:59:59,Active
CHAL_8c686e8b,USER_02712,No Midnight Spending Challenge,2023-08-01 00:00:00,2023-08-31 23:59:59,Active
CHAL_6922873c,USER_01664,No Coffee Challenge,2023-08-01 00:00:00,2023-08-31 23:59:59,Active
CHAL_6ebe2d84,USER_00329,No Midnight Spending Challenge,2023-08-01 00:00:00,2023-08-31 23:59:59,Active
CHAL_3a84d199,USER_03118,No Midnight Spending Challenge,2023-08-01 00:00:00,2023-08-31 23:59:59,Active
CHAL_ee98f5de,USER_09097,No Coffee Challenge,2023-08-01 00:00:00,2023-08-31 23:59:59,Active
CHAL_5c49fce7,USER_09097,No Midnight Spending Challenge,2023-08-01 00:00:00,2023-08-31 23:59:59,Active
CHAL_08fcd9f2,USER_03871,No Midnight Spending Challenge,2023-08-01 00:00:00,2023-08-31 23:59:59,Active
CHAL_11db5fe6,USER_03871,No Coffee Challenge,2023-08-01 00:00:00,2023-08-31 23:59:59,Active
CHAL_8e1f93e0,USER_00001,No Midnight Spending Challenge,2023-08-01 00:00:00,2023-08-31 23:59:59,Active
CHAL_c62e7026,USER_00561,No Midnight Spending Challenge,2023-08-01 00:00:00,2023-08-31 23:59:59,Active
CHAL_3ce3b6e6,USER_06628,No Midnight Spending Challenge,2023-08-01 00:00:00,2023-08-31 23:59:59,Active
CHAL_49136686,USER_06628,No Coffee Challenge,2023-08-01 00:00:00,2023-08-31 23:59:59,Active
CHAL_c5bfe594,USER_09218,No Coffee Challenge,2023-08-01 00:00:00,2023-08-31 23:59:59,Active
CHAL_4ff40284,USER_09218,No Midnight Spending Challenge,2023-08-01 00:00:00,2023-08-31 23:59:59,Active
CHAL_ba5d45b9,USER_01768,No Midnight Spending Challenge,2023-08-01 00:00:00,2023-08-31 23:59:59,Active
CHAL_cc2bc87a,USER_01768,No Coffee Challenge,2023-08-01 00:00:00,2023-08-31 23:59:59,Active
CHAL_5a5be2d1,USER_05741,No Midnight Spending Challenge,2023-08-01 00:00:00,2023-08-31 23:59:59,Active
CHAL_27bd5b60,USER_08899,No Midnight Spending Challenge,2023-08-01 00:00:00,2023-08-31 23:59:59,Active
CHAL_03600fd4,USER_06756,No Coffee Challenge,2023-08-01 00:00:00,2023-08-31 23:59:59,Active
CHAL_d2e43e92,USER_07266,No Coffee Challenge,2023-08-01 00:00:00,2023-08-31 23:59:59,Active
CHAL_5a3422a4,USER_02125,No Midnight Spending Challenge,2023-08-01 00:00:00,2023-08-31 23:59:59,Active
CHAL_94425a82,USER_02125,No Coffee Challenge,2023-08-01 00:00:00,2023-08-31 23:59:59,Active
CHAL_9d5858a8,USER_02669,No Coffee Challenge,2023-08-01 00:00:00,2023-08-31 23:59:59,Active
CHAL_32fe8b28,USER_05903,No Coffee Challenge,2023-08-01 00:00:00,2023-08-31 23:59:59,Active
CHAL_9cb1020c,USER_01871,No Midnight Spending Challenge,2023-08-01 00:00:00,2023-08-31 23:59:59,Active
CHAL_3f83f931,USER_02022,No Midnight Spending Challenge,2023-08-01 00:00:00,2023-08-31 23:59:59,Active
CHAL_e23630dd,USER_06671,No Midnight Spending Challenge,2023-08-01 00:00:00,2023-08-31 23:59:59,Active
CHAL_6fe83eb0,USER_06671,No Coffee Challenge,2023-08-01 00:00:00,2023-08-31 23:59:59,Active
CHAL_9f2938c4,USER_01530,No Coffee Challenge,2023-08-01 00:00:00,2023-08-31 23:59:59,Active
CHAL_2062b2ae,USER_01530,No Midnight Spending Challenge,2023-08-01 00:00:00,2023-08-31 23:59:59,Active
CHAL_1398b3ce,USER_08492,No Coffee Challenge,2023-08-01 00:00:00,2023-08-31 23:59:59,Active
CHAL_598f711f,USER_09698,No Midnight Spending Challenge,2023-08-01 00:00:00,2023-08-31 23:59:59,Active
CHAL_68959358,USER_09698,No Coffee Challenge,2023-08-01 00:00:00,2023-08-31 23:59:59,Active
CHAL_8f91e806,USER_02842,No Midnight Spending Challenge,2023-08-01 00:00:00,2023-08-31 23:59:59,Active
CHAL_a9965b94,USER_08658,No Midnight Spending Challenge,2023-08-01 00:00:00,2023-08-31 23:59:59,Active
CHAL_b33ce5e1,USER_08658,No Coffee Challenge,2023-08-01 00:00:00,2023-08-31 23:59:59,Active
CHAL_00096e31,USER_06176,No Midnight Spending Challenge,2023-08-01 00:00:00,2023-08-31 23:59:59,Active
CHAL_cb6b4d16,USER_00714,No Midnight Spending Challenge,2023-08-01 00:00:00,2023-08-31 23:59:59,Active
CHAL_2eedd598,USER_02189,No Midnight Spending Challenge,2023-08-01 00:00:00,2023-08-31 23:59:59,Active
CHAL_9728f044,USER_01459,No Midnight Spending Challenge,2023-08-01 00:00:00,2023-08-31 23:59:59,Active
CHAL_5bd844cd,USER_01459,No Coffee Challenge,2023-08-01 00:00:00,2023-08-31 23:59:59,Active
CHAL_e840afec,USER_08143,No Midnight Spending Challenge,2023-08-01 00:00:00,2023-08-31 23:59:59,Active
CHAL_5ae282ff,USER_06313,No Coffee Challenge,2023-08-01 00:00:00,2023-08-31 23:59:59,Active
CHAL_99deb740,USER_06313,No Midnight Spending Challenge,2023-08-01 00:00:00,2023-08-31 23:59:59,Active
CHAL_87f6ea3b,USER_08051,No Midnight Spending Challenge,2023-08-01 00:00:00,2023-08-31 23:59:59,Active
CHAL_cb50bc95,USER_09697,No Midnight Spending Challenge,2023-08-01 00:00:00,2023-08-31 23:59:59,Active
CHAL_34ead070,USER_05072,No Midnight Spending Challenge,2023-08-01 00:00:00,2023-08-31 23:59:59,Active
CHAL_db219209,USER_02439,No Coffee Challenge,2023-08-01 00:00:00,2023-08-31 23:59:59,Active
CHAL_4575a8b6,USER_02439,No Midnight Spending Challenge,2023-08-01 00:00:00,2023-08-31 23:59:59,Active
CHAL_b229749b,USER_07185,No Coffee Challenge,2023-08-01 00:00:00,2023-08-31 23:59:59,Active
CHAL_8c5e5133,USER_02739,No Midnight Spending Challenge,2023-08-01 00:00:00,2023-08-31 23:59:59,Active
CHAL_e5c52f8b,USER_01757,No Coffee Challenge,2023-08-01 00:00:00,2023-08-31 23:59:59,Active
CHAL_f497099a,USER_05014,No Coffee Challenge,2023-08-01 00:00:00,2023-08-31 23:59:59,Active
CHAL_8a8a5fb7,USER_08884,No Midnight Spending Challenge,2023-08-01 00:00:00,2023-08-31 23:59:59,Active
CHAL_c0436688,USER_01168,No Coffee Challenge,2023-08-01 00:00:00,2023-08-31 23:59:59,Active
CHAL_80fe1735,USER_01168,No Midnight Spending Challenge,2023-08-01 00:00:00,2023-08-31 23:59:59,Active
CHAL_edb11cd1,USER_04534,No Coffee Challenge,2023-08-01 00:00:00,2023-08-31 23:59:59,Active
CHAL_5d8b0c39,USER_02225,No Midnight Spending Challenge,2023-08-01 00:00:00,2023-08-31 23:59:59,Active
CHAL_a3ea98d7,USER_07015,No Coffee Challenge,2023-08-01 00:00:00,2023-08-31 23:59:59,Active
CHAL_8e60d98e,USER_03976,No Midnight Spending Challenge,2023-08-01 00:00:00,2023-08-31 23:59:59,Active
CHAL_e417f235,USER_03976,No Coffee Challenge,2023-08-01 00:00:00,2023-08-31 23:59:59,Active
CHAL_b21803cf,USER_07111,No Midnight Spending Challenge,2023-08-01 00:00:00,2023-08-31 23:59:59,Active
CHAL_5b01c5db,USER_07111,No Coffee Challenge,2023-08-01 00:00:00,2023-08-31 23:59:59,Active
CHAL_0185e9da,USER_07916,No Midnight Spending Challenge,2023-08-01 00:00:00,2023-08-31 23:59:59,Active
CHAL_c961e366,USER_09430,No Midnight Spending Challenge,2023-08-01 00:00:00,2023-08-31 23:59:59,Active
CHAL_0c9956b2,USER_09430,No Coffee Challenge,2023-08-01 00:00:00,2023-08-31 23:59:59,Active
CHAL_0bd1bae7,USER_04471,No Coffee Challenge,2023-08-01 00:00:00,2023-08-31 23:59:59,Active
CHAL_d293969b,USER_09701,No Coffee Challenge,2023-08-01 00:00:00,2023-08-31 23:59:59,Active
CHAL_c852c586,USER_09701,No Midnight Spending Challenge,2023-08-01 00:00:00,2023-08-31 23:59:59,Active
CHAL_d35dc302,USER_05643,No Coffee Challenge,2023-08-01 00:00:00,2023-08-31 23:59:59,Active
CHAL_6c459395,USER_00525,No Midnight Spending Challenge,2023-08-01 00:00:00,2023-08-31 23:59:59,Active
CHAL_17d33e3d,USER_08990,No Coffee Challenge,2023-08-01 00:00:00,2023-08-31 23:59:59,Active
CHAL_1b2128b2,USER_03774,No Midnight Spending Challenge,2023-08-01 00:00:00,2023-08-31 23:59:59,Active
CHAL_5015b68b,USER_03774,No Coffee Challenge,2023-08-01 00:00:00,2023-08-31 23:59:59,Active
CHAL_d7142e9a,USER_07792,No Midnight Spending Challenge,2023-08-01 00:00:00,2023-08-31 23:59:59,Active
CHAL_e5834367,USER_01723,No Midnight Spending Challenge,2023-08-01 00:00:00,2023-08-31 23:59:59,Active
CHAL_b882cfe0,USER_01723,No Coffee Challenge,2023-08-01 00:00:00,2023-08-31 23:59:59,Active
CHAL_4445ce82,USER_07847,No Coffee Challenge,2023-08-01 00:00:00,2023-08-31 23:59:59,Active
CHAL_bcf1750c,USER_02521,No Coffee Challenge,2023-08-01 00:00:00,2023-08-31 23:59:59,Active
CHAL_1bb44172,USER_02521,No Midnight Spending Challenge,2023-08-01 00:00:00,2023-08-31 23:59:59,Active
CHAL_7067867b,USER_04386,No Midnight Spending Challenge,2023-08-01 00:00:00,2023-08-31 23:59:59,Active
CHAL_31ca7808,USER_04386,No Coffee Challenge,2023-08-01 00:00:00,2023-08-31 23:59:59,Active
CHAL_25f7236d,USER_09590,No Coffee Challenge,2023-08-01 00:00:00,2023-08-31 23:59:59,Active
CHAL_48cc3ab1,USER_00696,No Midnight Spending Challenge,2023-08-01 00:00:00,2023-08-31 23:59:59,Active
CHAL_553aa66b,USER_07316,No Midnight Spending Challenge,2023-08-01 00:00:00,2023-08-31 23:59:59,Active
CHAL_234fc8e1,USER_07316,No Coffee Challenge,2023-08-01 00:00:00,2023-08-31 23:59:59,Active
CHAL_4cfb4305,USER_04938,No Midnight Spending Challenge,2023-08-01 00:00:00,2023-08-31 23:59:59,Active
CHAL_6e02eb8c,USER_04938,No Coffee Challenge,2023-08-01 00:00:00,2023-08-31 23:59:59,Active
CHAL_828d20af,USER_09588,No Coffee Challenge,2023-08-01 00:00:00,2023-08-31 23:59:59,Active
CHAL_61ae81ed,USER_09588,No Midnight Spending Challenge,2023-08-01 00:00:00,2023-08-31 23:59:59,Active
CHAL_98b2f124,USER_08549,No Midnight Spending Challenge,2023-08-01 00:00:00,2023-08-31 23:59:59,Active
CHAL_e9f25d93,USER_08549,No Coffee Challenge,2023-08-01 00:00:00,2023-08-31 23:59:59,Active
CHAL_7d3fd67a,USER_03564,No Coffee Challenge,2023-08-01 00:00:00,2023-08-31 23:59:59,Active
CHAL_187fa190,USER_05620,No Coffee Challenge,2023-08-01 00:00:00,2023-08-31 23:59:59,Active
CHAL_9fa98e02,USER_05620,No Midnight Spending Challenge,2023-08-01 00:00:00,2023-08-31 23:59:59,Active
CHAL_0577e8a1,USER_06844,No Coffee Challenge,2023-08-01 00:00:00,2023-08-31 23:59:59,Active
CHAL_330907ae,USER_06844,No Midnight Spending Challenge,2023-08-01 00:00:00,2023-08-31 23:59:59,Active
CHAL_38c2fb29,USER_01065,No Coffee Challenge,2023-08-01 00:00:00,2023-08-31 23:59:59,Active
CHAL_4133a0a4,USER_01485,No Coffee Challenge,2023-08-01 00:00:00,2023-08-31 23:59:59,Active
CHAL_53418382,USER_01485,No Midnight Spending Challenge,2023-08-01 00:00:00,2023-08-31 23:59:59,Active
CHAL_c46ede98,USER_08101,No Coffee Challenge,2023-08-01 00:00:00,2023-08-31 23:59:59,Active
CHAL_57b98260,USER_08101,No Midnight Spending Challenge,2023-08-01 00:00:00,2023-08-31 23:59:59,Active
CHAL_298ca7ef,USER_09764,No Midnight Spending Challenge,2023-08-01 00:00:00,2023-08-31 23:59:59,Active
CHAL_be616792,USER_09764,No Coffee Challenge,2023-08-01 00:00:00,2023-08-31 23:59:59,Active
CHAL_a7712ffa,USER_03650,No Midnight Spending Challenge,2023-08-01 00:00:00,2023-08-31 23:59:59,Active
CHAL_8d18dcda,USER_09657,No Coffee Challenge,2023-08-01 00:00:00,2023-08-31 23:59:59,Active
CHAL_1f08094b,USER_09495,No Midnight Spending Challenge,2023-08-01 00:00:00,2023-08-31 23:59:59,Active
CHAL_ceaa427d,USER_01492,No Coffee Challenge,2023-08-01 00:00:00,2023-08-31 23:59:59,Active
CHAL_941bed8b,USER_01492,No Midnight Spending Challenge,2023-08-01 00:00:00,2023-08-31 23:59:59,Active
CHAL_8aa3df7b,USER_09618,No Midnight Spending Challenge,2023-08-01 00:00:00,2023-08-31 23:59:59,Active
CHAL_c5869684,USER_05275,No Midnight Spending Challenge,2023-08-01 00:00:00,2023-08-31 23:59:59,Active
CHAL_c3893b0d,USER_05275,No Coffee Challenge,2023-08-01 00:00:00,2023-08-31 23:59:59,Active
CHAL_e8aac331,USER_09259,No Midnight Spending Challenge,2023-08-01 00:00:00,2023-08-31 23:59:59,Active
CHAL_f229b048,USER_09259,No Coffee Challenge,2023-08-01 00:00:00,2023-08-31 23:59:59,Active
CHAL_cc973604,USER_06928,No Midnight Spending Challenge,2023-08-01 00:00:00,2023-08-31 23:59:59,Active
CHAL_5f9f4a3c,USER_01153,No Midnight Spending Challenge,2023-08-01 00:00:00,2023-08-31 23:59:59,Active
CHAL_fbe8d27d,USER_02029,No Midnight Spending Challenge,2023-08-01 00:00:00,2023-08-31 23:59:59,Active
CHAL_434c86d5,USER_02029,No Coffee Challenge,2023-08-01 00:00:00,2023-08-31 23:59:59,Active
CHAL_960941df,USER_09069,No Midnight Spending Challenge,2023-08-01 00:00:00,2023-08-31 23:59:59,Active
CHAL_2d269bf5,USER_05883,No Midnight Spending Challenge,2023-08-01 00:00:00,2023-08-31 23:59:59,Active
CHAL_e450886f,USER_04413,No Coffee Challenge,2023-08-01 00:00:00,2023-08-31 23:59:59,Active
CHAL_9c849f04,USER_04413,No Midnight Spending Challenge,2023-08-01 00:00:00,2023-08-31 23:59:59,Active
CHAL_43975100,USER_04379,No Midnight Spending Challenge,2023-08-01 00:00:00,2023-08-31 23:59:59,Active
CHAL_9c620c4a,USER_04379,No Coffee Challenge,2023-08-01 00:00:00,2023-08-31 23:59:59,Active
CHAL_ace6a06c,USER_07238,No Midnight Spending Challenge,2023-08-01 00:00:00,2023-08-31 23:59:59,Active
CHAL_3a707626,USER_07238,No Coffee Challenge,2023-08-01 00:00:00,2023-08-31 23:59:59,Active
CHAL_67395b94,USER_00243,No Coffee Challenge,2023-08-01 00:00:00,2023-08-31 23:59:59,Active
CHAL_90cb7bdf,USER_00243,No Midnight Spending Challenge,2023-08-01 00:00:00,2023-08-31 23:59:59,Active
CHAL_f49b689c,USER_01067,No Midnight Spending Challenge,2023-08-01 00:00:00,2023-08-31 23:59:59,Active
CHAL_8a405db5,USER_03597,No Coffee Challenge,2023-08-01 00:00:00,2023-08-31 23:59:59,Active
CHAL_71b6b363,USER_03597,No Midnight Spending Challenge,2023-08-01 00:00:00,2023-08-31 23:59:59,Active
CHAL_59d756d6,USER_07594,No Coffee Challenge,2023-08-01 00:00:00,2023-08-31 23:59:59,Active
CHAL_0475503a,USER_05918,No Midnight Spending Challenge,2023-08-01 00:00:00,2023-08-31 23:59:59,Active
CHAL_b1153c2f,USER_08291,No Midnight Spending Challenge,2023-08-01 00:00:00,2023-08-31 23:59:59,Active
CHAL_27335d46,USER_08291,No Coffee Challenge,2023-08-01 00:00:00,2023-08-31 23:59:59,Active
CHAL_2e5f3c70,USER_06725,No Midnight Spending Challenge,2023-08-01 00:00:00,2023-08-31 23:59:59,Active
CHAL_8da9a94f,USER_08797,No Midnight Spending Challenge,2023-08-01 00:00:00,2023-08-31 23:59:59,Active
CHAL_efcd914f,USER_08797,No Coffee Challenge,2023-08-01 00:00:00,2023-08-31 23:59:59,Active
CHAL_3c6c3ef2,USER_00025,No Midnight Spending Challenge,2023-08-01 00:00:00,2023-08-31 23:59:59,Active
CHAL_66c8f96b,USER_00025,No Coffee Challenge,2023-08-01 00:00:00,2023-08-31 23:59:59,Active
CHAL_dd5b193b,USER_04836,No Coffee Challenge,2023-08-01 00:00:00,2023-08-31 23:59:59,Active
CHAL_2f09d656,USER_04836,No Midnight Spending Challenge,2023-08-01 00:00:00,2023-08-31 23:59:59,Active
CHAL_03d98d48,USER_03539,No Coffee Challenge,2023-08-01 00:00:00,2023-08-31 23:59:59,Active
CHAL_16003c62,USER_04756,No Midnight Spending Challenge,2023-08-01 00:00:00,2023-08-31 23:59:59,Active
CHAL_6446d259,USER_04756,No Coffee Challenge,2023-08-01 00:00:00,2023-08-31 23:59:59,Active
CHAL_1008be89,USER_09357,No Coffee Challenge,2023-08-01 00:00:00,2023-08-31 23:59:59,Active
CHAL_9edf4b8c,USER_09357,No Midnight Spending Challenge,2023-08-01 00:00:00,2023-08-31 23:59:59,Active
CHAL_08791699,USER_01098,No Midnight Spending Challenge,2023-08-01 00:00:00,2023-08-31 23:59:59,Active
CHAL_907392c9,USER_01906,No Midnight Spending Challenge,2023-08-01 00:00:00,2023-08-31 23:59:59,Active
CHAL_5d3aeaf5,USER_01906,No Coffee Challenge,2023-08-01 00:00:00,2023-08-31 23:59:59,Active
CHAL_0577ac1a,USER_01373,No Coffee Challenge,2023-08-01 00:00:00,2023-08-31 23:59:59,Active
CHAL_d0e94aa9,USER_01373,No Midnight Spending Challenge,2023-08-01 00:00:00,2023-08-31 23:59:59,Active
CHAL_c50ad2fd,USER_07313,No Midnight Spending Challenge,2023-08-01 00:00:00,2023-08-31 23:59:59,Active
CHAL_1f9b6a4a,USER_03513,No Coffee Challenge,2023-08-01 00:00:00,2023-08-31 23:59:59,Active
CHAL_677fe8fe,USER_06665,No Midnight Spending Challenge,2023-08-01 00:00:00,2023-08-31 23:59:59,Active
CHAL_1b81907d,USER_05867,No Coffee Challenge,2023-08-01 00:00:00,2023-08-31 23:59:59,Active
CHAL_caf34783,USER_05867,No Midnight Spending Challenge,2023-08-01 00:00:00,2023-08-31 23:59:59,Active
CHAL_334e623c,USER_00423,No Coffee Challenge,2023-08-01 00:00:00,2023-08-31 23:59:59,Active
CHAL_ce443be2,USER_00096,No Coffee Challenge,2023-08-01 00:00:00,2023-08-31 23:59:59,Active
CHAL_08d9f75f,USER_06533,No Coffee Challenge,2023-08-01 00:00:00,2023-08-31 23:59:59,Active
CHAL_193377ac,USER_06533,No Midnight Spending Challenge,2023-08-01 00:00:00,2023-08-31 23:59:59,Active
CHAL_f81a92b1,USER_09992,No Midnight Spending Challenge,2023-08-01 00:00:00,2023-08-31 23:59:59,Active
CHAL_74d75de8,USER_09992,No Coffee Challenge,2023-08-01 00:00:00,2023-08-31 23:59:59,Active
CHAL_bdc436ec,USER_02184,No Coffee Challenge,2023-08-01 00:00:00,2023-08-31 23:59:59,Active
CHAL_49e8675f,USER_02184,No Midnight Spending Challenge,2023-08-01 00:00:00,2023-08-31 23:59:59,Active
CHAL_eb937ed0,USER_06263,No Midnight Spending Challenge,2023-08-01 00:00:00,2023-08-31 23:59:59,Active
CHAL_5fdb292a,USER_06263,No Coffee Challenge,2023-08-01 00:00:00,2023-08-31 23:59:59,Active
CHAL_c8e3b91b,USER_00528,No Coffee Challenge,2023-08-01 00:00:00,2023-08-31 23:59:59,Active
CHAL_877a19fa,USER_09333,No Midnight Spending Challenge,2023-08-01 00:00:00,2023-08-31 23:59:59,Active
CHAL_d8608ae3,USER_09333,No Coffee Challenge,2023-08-01 00:00:00,2023-08-31 23:59:59,Active
CHAL_b2c05dae,USER_08609,No Midnight Spending Challenge,2023-08-01 00:00:00,2023-08-31 23:59:59,Active
CHAL_63dfa8b2,USER_06275,No Coffee Challenge,2023-08-01 00:00:00,2023-08-31 23:59:59,Active
CHAL_f80f6a62,USER_06275,No Midnight Spending Challenge,2023-08-01 00:00:00,2023-08-31 23:59:59,Active
CHAL_d3ffd667,USER_04214,No Coffee Challenge,2023-08-01 00:00:00,2023-08-31 23:59:59,Active
CHAL_c9834bb0,USER_04214,No Midnight Spending Challenge,2023-08-01 00:00:00,2023-08-31 23:59:59,Active
CHAL_7b2e19aa,USER_05393,No Midnight Spending Challenge,2023-08-01 00:00:00,2023-08-31 23:59:59,Active
CHAL_4d0c6022,USER_00577,No Midnight Spending Challenge,2023-08-01 00:00:00,2023-08-31 23:59:59,Active
CHAL_89ac7e26,USER_00577,No Coffee Challenge,2023-08-01 00:00:00,2023-08-31 23:59:59,Active
CHAL_27f543ad,USER_00907,No Coffee Challenge,2023-08-01 00:00:00,2023-08-31 23:59:59,Active
CHAL_1a6308b1,USER_00907,No Midnight Spending Challenge,2023-08-01 00:00:00,2023-08-31 23:59:59,Active
CHAL_9de3abf2,USER_00518,No Coffee Challenge,2023-08-01 00:00:00,2023-08-31 23:59:59,Active
CHAL_4bed2534,USER_09028,No Coffee Challenge,2023-08-01 00:00:00,2023-08-31 23:59:59,Active
CHAL_33a053a7,USER_06611,No Coffee Challenge,2023-08-01 00:00:00,2023-08-31 23:59:59,Active
CHAL_8f44d6a7,USER_06611,No Midnight Spending Challenge,2023-08-01 00:00:00,2023-08-31 23:59:59,Active
CHAL_91be7df7,USER_09758,No Midnight Spending Challenge,2023-08-01 00:00:00,2023-08-31 23:59:59,Active
CHAL_b930de2e,USER_09758,No Coffee Challenge,2023-08-01 00:00:00,2023-08-31 23:59:59,Active
CHAL_dd81a4f8,USER_07077,No Midnight Spending Challenge,2023-08-01 00:00:00,2023-08-31 23:59:59,Active
CHAL_fc3e7219,USER_05244,No Midnight Spending Challenge,2023-08-01 00:00:00,2023-08-31 23:59:59,Active
CHAL_4e41bdc2,USER_03134,No Midnight Spending Challenge,2023-08-01 00:00:00,2023-08-31 23:59:59,Active
CHAL_982fbc9e,USER_09025,No Midnight Spending Challenge,2023-08-01 00:00:00,2023-08-31 23:59:59,Active
CHAL_f5dd38a4,USER_09781,No Coffee Challenge,2023-08-01 00:00:00,2023-08-31 23:59:59,Active
CHAL_97bb0a20,USER_09781,No Midnight Spending Challenge,2023-08-01 00:00:00,2023-08-31 23:59:59,Active
CHAL_8e478b6a,USER_04024,No Coffee Challenge,2023-08-01 00:00:00,2023-08-31 23:59:59,Active
CHAL_a8cb5377,USER_01999,No Coffee Challenge,2023-08-01 00:00:00,2023-08-31 23:59:59,Active
CHAL_40946ae5,USER_06593,No Midnight Spending Challenge,2023-08-01 00:00:00,2023-08-31 23:59:59,Active
CHAL_c941876e,USER_06593,No Coffee Challenge,2023-08-01 00:00:00,2023-08-31 23:59:59,Active
CHAL_dab479a2,USER_00417,No Midnight Spending Challenge,2023-08-01 00:00:00,2023-08-31 23:59:59,Active
CHAL_c3e4ba97,USER_09614,No Midnight Spending Challenge,2023-08-01 00:00:00,2023-08-31 23:59:59,Active
CHAL_c6d61fef,USER_09614,No Coffee Challenge,2023-08-01 00:00:00,2023-08-31 23:59:59,Active
CHAL_33544af5,USER_05759,No Midnight Spending Challenge,2023-08-01 00:00:00,2023-08-31 23:59:59,Active
CHAL_4670dbb5,USER_00510,No Midnight Spending Challenge,2023-08-01 00:00:00,2023-08-31 23:59:59,Active
CHAL_677d14c8,USER_04022,No Midnight Spending Challenge,2023-08-01 00:00:00,2023-08-31 23:59:59,Active
CHAL_24afb185,USER_09448,No Midnight Spending Challenge,2023-08-01 00:00:00,2023-08-31 23:59:59,Active
CHAL_e29a765b,USER_09448,No Coffee Challenge,2023-08-01 00:00:00,2023-08-31 23:59:59,Active
CHAL_702576ae,USER_09456,No Midnight Spending Challenge,2023-08-01 00:00:00,2023-08-31 23:59:59,Active
CHAL_608e96ae,USER_07386,No Midnight Spending Challenge,2023-08-01 00:00:00,2023-08-31 23:59:59,Active
CHAL_693b1d87,USER_03887,No Coffee Challenge,2023-08-01 00:00:00,2023-08-31 23:59:59,Active
CHAL_38391a4b,USER_03887,No Midnight Spending Challenge,2023-08-01 00:00:00,2023-08-31 23:59:59,Active
CHAL_ab39647e,USER_02244,No Midnight Spending Challenge,2023-08-01 00:00:00,2023-08-31 23:59:59,Active
CHAL_5e954ceb,USER_02244,No Coffee Challenge,2023-08-01 00:00:00,2023-08-31 23:59:59,Active
CHAL_28e8d741,USER_00258,No Coffee Challenge,2023-08-01 00:00:00,2023-08-31 23:59:59,Active
CHAL_fa2bb024,USER_00258,No Midnight Spending Challenge,2023-08-01 00:00:00,2023-08-31 23:59:59,Active
CHAL_b71e1a9e,USER_03033,No Coffee Challenge,2023-08-01 00:00:00,2023-08-31 23:59:59,Active
CHAL_b8a1ba78,USER_05290,No Midnight Spending Challenge,2023-08-01 00:00:00,2023-08-31 23:59:59,Active
CHAL_5987a94b,USER_04902,No Midnight Spending Challenge,2023-08-01 00:00:00,2023-08-31 23:59:59,Active
CHAL_6b72dc83,USER_03776,No Midnight Spending Challenge,2023-08-01 00:00:00,2023-08-31 23:59:59,Active
CHAL_6b0ad70c,USER_03776,No Coffee Challenge,2023-08-01 00:00:00,2023-08-31 23:59:59,Active
CHAL_1d74e375,USER_04681,No Coffee Challenge,2023-08-01 00:00:00,2023-08-31 23:59:59,Active
CHAL_77a3bb03,USER_04681,No Midnight Spending Challenge,2023-08-01 00:00:00,2023-08-31 23:59:59,Active
CHAL_e6f653f3,USER_05944,No Midnight Spending Challenge,2023-08-01 00:00:00,2023-08-31 23:59:59,Active
CHAL_97dc71ef,USER_03420,No Midnight Spending Challenge,2023-08-01 00:00:00,2023-08-31 23:59:59,Active
CHAL_75c6b703,USER_07495,No Coffee Challenge,2023-08-01 00:00:00,2023-08-31 23:59:59,Active
CHAL_06ec4a4e,USER_07495,No Midnight Spending Challenge,2023-08-01 00:00:00,2023-08-31 23:59:59,Active
CHAL_256afab0,USER_03063,No Midnight Spending Challenge,2023-08-01 00:00:00,2023-08-31 23:59:59,Active
CHAL_3688d236,USER_03063,No Coffee Challenge,2023-08-01 00:00:00,2023-08-31 23:59:59,Active
CHAL_d3471cd8,USER_08525,No Midnight Spending Challenge,2023-08-01 00:00:00,2023-08-31 23:59:59,Active
CHAL_96002df0,USER_09971,No Coffee Challenge,2023-08-01 00:00:00,2023-08-31 23:59:59,Active
CHAL_bcb0a69c,USER_03494,No Midnight Spending Challenge,2023-08-01 00:00:00,2023-08-31 23:59:59,Active
CHAL_2ad2e627,USER_01695,No Midnight Spending Challenge,2023-08-01 00:00:00,2023-08-31 23:59:59,Active
CHAL_dd1577a7,USER_08772,No Coffee Challenge,2023-08-01 00:00:00,2023-08-31 23:59:59,Active
CHAL_928d2968,USER_08772,No Midnight Spending Challenge,2023-08-01 00:00:00,2023-08-31 23:59:59,Active
CHAL_b22e7181,USER_00339,No Midnight Spending Challenge,2023-08-01 00:00:00,2023-08-31 23:59:59,Active
CHAL_b063132d,USER_04715,No Midnight Spending Challenge,2023-08-01 00:00:00,2023-08-31 23:59:59,Active
CHAL_78cd6f1b,USER_04715,No Coffee Challenge,2023-08-01 00:00:00,2023-08-31 23:59:59,Active
CHAL_111feb6e,USER_03121,No Coffee Challenge,2023-08-01 00:00:00,2023-08-31 23:59:59,Active
CHAL_bb5cc2dc,USER_03121,No Midnight Spending Challenge,2023-08-01 00:00:00,2023-08-31 23:59:59,Active
CHAL_43c2e93c,USER_04930,No Midnight Spending Challenge,2023-08-01 00:00:00,2023-08-31 23:59:59,Active
CHAL_f750989c,USER_01905,No Midnight Spending Challenge,2023-08-01 00:00:00,2023-08-31 23:59:59,Active
CHAL_4a007cdf,USER_01905,No Coffee Challenge,2023-08-01 00:00:00,2023-08-31 23:59:59,Active
CHAL_fca4ded9,USER_07002,No Midnight Spending Challenge,2023-08-01 00:00:00,2023-08-31 23:59:59,Active
CHAL_408032cb,USER_03916,No Midnight Spending Challenge,2023-08-01 00:00:00,2023-08-31 23:59:59,Active
CHAL_4b40b8c3,USER_05255,No Coffee Challenge,2023-08-01 00:00:00,2023-08-31 23:59:59,Active
CHAL_8e68178b,USER_05255,No Midnight Spending Challenge,2023-08-01 00:00:00,2023-08-31 23:59:59,Active
CHAL_a9eeebab,USER_03267,No Midnight Spending Challenge,2023-08-01 00:00:00,2023-08-31 23:59:59,Active
CHAL_69ed9254,USER_09106,No Coffee Challenge,2023-08-01 00:00:00,2023-08-31 23:59:59,Active
CHAL_952a69fa,USER_05509,No Midnight Spending Challenge,2023-08-01 00:00:00,2023-08-31 23:59:59,Active
CHAL_ef1f3d7d,USER_04272,No Midnight Spending Challenge,2023-08-01 00:00:00,2023-08-31 23:59:59,Active
CHAL_b518a911,USER_00826,No Midnight Spending Challenge,2023-08-01 00:00:00,2023-08-31 23:59:59,Active
CHAL_e9c993e6,USER_02315,No Coffee Challenge,2023-08-01 00:00:00,2023-08-31 23:59:59,Active
CHAL_7da9b76d,USER_08277,No Coffee Challenge,2023-08-01 00:00:00,2023-08-31 23:59:59,Active
CHAL_ce1a54a9,USER_08277,No Midnight Spending Challenge,2023-08-01 00:00:00,2023-08-31 23:59:59,Active
CHAL_b203852d,USER_05843,No Coffee Challenge,2023-08-01 00:00:00,2023-08-31 23:59:59,Active
CHAL_333629b2,USER_05843,No Midnight Spending Challenge,2023-08-01 00:00:00,2023-08-31 23:59:59,Active
CHAL_b4ea87ce,USER_00063,No Coffee Challenge,2023-08-01 00:00:00,2023-08-31 23:59:59,Active
CHAL_c41732d4,USER_00063,No Midnight Spending Challenge,2023-08-01 00:00:00,2023-08-31 23:59:59,Active
CHAL_a0248f4c,USER_09830,No Midnight Spending Challenge,2023-08-01 00:00:00,2023-08-31 23:59:59,Active
CHAL_39f3267c,USER_00472,No Midnight Spending Challenge,2023-08-01 00:00:00,2023-08-31 23:59:59,Active
CHAL_56278f55,USER_08988,No Coffee Challenge,2023-08-01 00:00:00,2023-08-31 23:59:59,Active
CHAL_a00c1123,USER_02779,No Midnight Spending Challenge,2023-08-01 00:00:00,2023-08-31 23:59:59,Active
CHAL_eeb6b23c,USER_01950,No Midnight Spending Challenge,2023-08-01 00:00:00,2023-08-31 23:59:59,Active
CHAL_645f3fe8,USER_01950,No Coffee Challenge,2023-08-01 00:00:00,2023-08-31 23:59:59,Active
CHAL_559009f1,USER_00797,No Midnight Spending Challenge,2023-08-01 00:00:00,2023-08-31 23:59:59,Active
CHAL_eac21671,USER_00797,No Coffee Challenge,2023-08-01 00:00:00,2023-08-31 23:59:59,Active
CHAL_d8f939b0,USER_02604,No Coffee Challenge,2023-08-01 00:00:00,2023-08-31 23:59:59,Active
CHAL_385265ea,USER_02604,No Midnight Spending Challenge,2023-08-01 00:00:00,2023-08-31 23:59:59,Active
CHAL_e9a94392,USER_02312,No Midnight Spending Challenge,2023-08-01 00:00:00,2023-08-31 23:59:59,Active
CHAL_43189119,USER_06937,No Midnight Spending Challenge,2023-08-01 00:00:00,2023-08-31 23:59:59,Active
CHAL_53fc9334,USER_06937,No Coffee Challenge,2023-08-01 00:00:00,2023-08-31 23:59:59,Active
CHAL_f0878b28,USER_09511,No Coffee Challenge,2023-08-01 00:00:00,2023-08-31 23:59:59,Active
CHAL_413e2c6c,USER_03160,No Midnight Spending Challenge,2023-08-01 00:00:00,2023-08-31 23:59:59,Active
CHAL_11a5ffcf,USER_03160,No Coffee Challenge,2023-08-01 00:00:00,2023-08-31 23:59:59,Active
CHAL_31c2f63f,USER_01364,No Coffee Challenge,2023-08-01 00:00:00,2023-08-31 23:59:59,Active
CHAL_fa967b3f,USER_01672,No Coffee Challenge,2023-08-01 00:00:00,2023-08-31 23:59:59,Active
CHAL_5342b44b,USER_02403,No Coffee Challenge,2023-08-01 00:00:00,2023-08-31 23:59:59,Active
CHAL_0de1cdf8,USER_03342,No Coffee Challenge,2023-08-01 00:00:00,2023-08-31 23:59:59,Active
CHAL_a44e7174,USER_07877,No Coffee Challenge,2023-08-01 00:00:00,2023-08-31 23:59:59,Active
CHAL_9ba890cc,USER_07877,No Midnight Spending Challenge,2023-08-01 00:00:00,2023-08-31 23:59:59,Active
CHAL_a35a60b4,USER_07912,No Midnight Spending Challenge,2023-08-01 00:00:00,2023-08-31 23:59:59,Active
CHAL_ba4e999e,USER_07912,No Coffee Challenge,2023-08-01 00:00:00,2023-08-31 23:59:59,Active
CHAL_7487ed17,USER_01102,No Coffee Challenge,2023-08-01 00:00:00,2023-08-31 23:59:59,Active
CHAL_797a50fe,USER_04381,No Midnight Spending Challenge,2023-08-01 00:00:00,2023-08-31 23:59:59,Active
CHAL_382404d0,USER_04381,No Coffee Challenge,2023-08-01 00:00:00,2023-08-31 23:59:59,Active
CHAL_60f181a7,USER_08292,No Coffee Challenge,2023-08-01 00:00:00,2023-08-31 23:59:59,Active
CHAL_f2e29969,USER_08292,No Midnight Spending Challenge,2023-08-01 00:00:00,2023-08-31 23:59:59,Active
CHAL_4da0ce79,USER_02582,No Coffee Challenge,2023-08-01 00:00:00,2023-08-31 23:59:59,Active
CHAL_6751019a,USER_09651,No Coffee Challenge,2023-08-01 00:00:00,2023-08-31 23:59:59,Active
CHAL_4f9652d2,USER_09651,No Midnight Spending Challenge,2023-08-01 00:00:00,2023-08-31 23:59:59,Active
CHAL_8dd10172,USER_02841,No Midnight Spending Challenge,2023-08-01 00:00:00,2023-08-31 23:59:59,Active
CHAL_d451ad70,USER_02841,No Coffee Challenge,2023-08-01 00:00:00,2023-08-31 23:59:59,Active
CHAL_773b0ca5,USER_08567,No Midnight Spending Challenge,2023-08-01 00:00:00,2023-08-31 23:59:59,Active
CHAL_5d011a7e,USER_03862,No Midnight Spending Challenge,2023-08-01 00:00:00,2023-08-31 23:59:59,Active
CHAL_69b490a8,USER_00461,No Coffee Challenge,2023-08-01 00:00:00,2023-08-31 23:59:59,Active
CHAL_34b08cf6,USER_00461,No Midnight Spending Challenge,2023-08-01 00:00:00,2023-08-31 23:59:59,Active
CHAL_821b31ff,USER_09891,No Midnight Spending Challenge,2023-08-01 00:00:00,2023-08-31 23:59:59,Active
CHAL_cfc44d6f,USER_07592,No Coffee Challenge,2023-08-01 00:00:00,2023-08-31 23:59:59,Active
CHAL_e537e37e,USER_09534,No Coffee Challenge,2023-08-01 00:00:00,2023-08-31 23:59:59,Active
CHAL_03846388,USER_08130,No Midnight Spending Challenge,2023-08-01 00:00:00,2023-08-31 23:59:59,Active
CHAL_b26888a6,USER_00060,No Midnight Spending Challenge,2023-08-01 00:00:00,2023-08-31 23:59:59,Active
CHAL_bf6a2daf,USER_00060,No Coffee Challenge,2023-08-01 00:00:00,2023-08-31 23:59:59,Active
CHAL_e6e74c14,USER_08230,No Midnight Spending Challenge,2023-08-01 00:00:00,2023-08-31 23:59:59,Active
CHAL_d9987f9a,USER_08230,No Coffee Challenge,2023-08-01 00:00:00,2023-08-31 23:59:59,Active
CHAL_1eabb11c,USER_02672,No Coffee Challenge,2023-08-01 00:00:00,2023-08-31 23:59:59,Active
CHAL_6e1a1d72,USER_02672,No Midnight Spending Challenge,2023-08-01 00:00:00,2023-08-31 23:59:59,Active
CHAL_82663d7d,USER_09639,No Coffee Challenge,2023-08-01 00:00:00,2023-08-31 23:59:59,Active
CHAL_8514ea99,USER_07587,No Midnight Spending Challenge,2023-08-01 00:00:00,2023-08-31 23:59:59,Active
CHAL_e55ce1dc,USER_07587,No Coffee Challenge,2023-08-01 00:00:00,2023-08-31 23:59:59,Active
CHAL_fd932e67,USER_04399,No Coffee Challenge,2023-08-01 00:00:00,2023-08-31 23:59:59,Active
CHAL_55b9c6c6,USER_04399,No Midnight Spending Challenge,2023-08-01 00:00:00,2023-08-31 23:59:59,Active
CHAL_eb6533d0,USER_07528,No Midnight Spending Challenge,2023-08-01 00:00:00,2023-08-31 23:59:59,Active
CHAL_02d69909,USER_07528,No Coffee Challenge,2023-08-01 00:00:00,2023-08-31 23:59:59,Active
CHAL_796eb3cb,USER_04370,No Coffee Challenge,2023-08-01 00:00:00,2023-08-31 23:59:59,Active
CHAL_1eb5e8ab,USER_07893,No Coffee Challenge,2023-08-01 00:00:00,2023-08-31 23:59:59,Active
CHAL_ca026abf,USER_07893,No Midnight Spending Challenge,2023-08-01 00:00:00,2023-08-31 23:59:59,Active
CHAL_857e0347,USER_06517,No Coffee Challenge,2023-08-01 00:00:00,2023-08-31 23:59:59,Active
CHAL_8dd764db,USER_06517,No Midnight Spending Challenge,2023-08-01 00:00:00,2023-08-31 23:59:59,Active
CHAL_7d07d07d,USER_01897,No Midnight Spending Challenge,2023-08-01 00:00:00,2023-08-31 23:59:59,Active
CHAL_415c8141,USER_04491,No Coffee Challenge,2023-08-01 00:00:00,2023-08-31 23:59:59,Active
CHAL_57898039,USER_04491,No Midnight Spending Challenge,2023-08-01 00:00:00,2023-08-31 23:59:59,Active
CHAL_2d5a3210,USER_09471,No Coffee Challenge,2023-08-01 00:00:00,2023-08-31 23:59:59,Active
CHAL_d3da4f37,USER_01568,No Coffee Challenge,2023-08-01 00:00:00,2023-08-31 23:59:59,Active
CHAL_6d84819b,USER_01568,No Midnight Spending Challenge,2023-08-01 00:00:00,2023-08-31 23:59:59,Active
CHAL_68ecb924,USER_05289,No Coffee Challenge,2023-08-01 00:00:00,2023-08-31 23:59:59,Active
CHAL_698bed17,USER_05289,No Midnight Spending Challenge,2023-08-01 00:00:00,2023-08-31 23:59:59,Active
CHAL_1241205e,USER_04134,No Midnight Spending Challenge,2023-08-01 00:00:00,2023-08-31 23:59:59,Active
CHAL_528c8a42,USER_09020,No Midnight Spending Challenge,2023-08-01 00:00:00,2023-08-31 23:59:59,Active
CHAL_174dc1c6,USER_09020,No Coffee Challenge,2023-08-01 00:00:00,2023-08-31 23:59:59,Active
CHAL_429c9c79,USER_05061,No Midnight Spending Challenge,2023-08-01 00:00:00,2023-08-31 23:59:59,Active
CHAL_78408f9f,USER_00804,No Coffee Challenge,2023-08-01 00:00:00,2023-08-31 23:59:59,Active
CHAL_32f7bb83,USER_00804,No Midnight Spending Challenge,2023-08-01 00:00:00,2023-08-31 23:59:59,Active
CHAL_3adc9e05,USER_09197,No Coffee Challenge,2023-08-01 00:00:00,2023-08-31 23:59:59,Active
CHAL_ef365bf2,USER_03466,No Coffee Challenge,2023-08-01 00:00:00,2023-08-31 23:59:59,Active
CHAL_82e4f266,USER_03466,No Midnight Spending Challenge,2023-08-01 00:00:00,2023-08-31 23:59:59,Active
CHAL_97e7bdf2,USER_04442,No Midnight Spending Challenge,2023-08-01 00:00:00,2023-08-31 23:59:59,Active
CHAL_ec7bfba5,USER_05531,No Midnight Spending Challenge,2023-08-01 00:00:00,2023-08-31 23:59:59,Active
CHAL_3a724dfa,USER_03605,No Coffee Challenge,2023-08-01 00:00:00,2023-08-31 23:59:59,Active
CHAL_84566f44,USER_01945,No Coffee Challenge,2023-08-01 00:00:00,2023-08-31 23:59:59,Active
CHAL_67f22170,USER_00725,No Midnight Spending Challenge,2023-08-01 00:00:00,2023-08-31 23:59:59,Active
CHAL_327a9d2c,USER_00126,No Midnight Spending Challenge,2023-08-01 00:00:00,2023-08-31 23:59:59,Active
CHAL_3901bc73,USER_00126,No Coffee Challenge,2023-08-01 00:00:00,2023-08-31 23:59:59,Active
CHAL_11673dcf,USER_01578,No Midnight Spending Challenge,2023-08-01 00:00:00,2023-08-31 23:59:59,Active
CHAL_b68c0ece,USER_01578,No Coffee Challenge,2023-08-01 00:00:00,2023-08-31 23:59:59,Active
CHAL_e5436305,USER_02183,No Midnight Spending Challenge,2023-08-01 00:00:00,2023-08-31 23:59:59,Active
CHAL_86473277,USER_02183,No Coffee Challenge,2023-08-01 00:00:00,2023-08-31 23:59:59,Active
CHAL_103bfe78,USER_03880,No Coffee Challenge,2023-08-01 00:00:00,2023-08-31 23:59:59,Active
CHAL_b4c05c77,USER_03880,No Midnight Spending Challenge,2023-08-01 00:00:00,2023-08-31 23:59:59,Active
CHAL_d91f70c3,USER_09318,No Coffee Challenge,2023-08-01 00:00:00,2023-08-31 23:59:59,Active
CHAL_1341a898,USER_04478,No Coffee Challenge,2023-08-01 00:00:00,2023-08-31 23:59:59,Active
CHAL_76e630bb,USER_08800,No Midnight Spending Challenge,2023-08-01 00:00:00,2023-08-31 23:59:59,Active
CHAL_139641d8,USER_08800,No Coffee Challenge,2023-08-01 00:00:00,2023-08-31 23:59:59,Active
CHAL_7726b53b,USER_01859,No Midnight Spending Challenge,2023-08-01 00:00:00,2023-08-31 23:59:59,Active
CHAL_a1e2f9e7,USER_04720,No Coffee Challenge,2023-08-01 00:00:00,2023-08-31 23:59:59,Active
CHAL_e579decd,USER_04720,No Midnight Spending Challenge,2023-08-01 00:00:00,2023-08-31 23:59:59,Active
CHAL_12047089,USER_02559,No Coffee Challenge,2023-08-01 00:00:00,2023-08-31 23:59:59,Active
CHAL_6c00f18c,USER_02559,No Midnight Spending Challenge,2023-08-01 00:00:00,2023-08-31 23:59:59,Active
CHAL_d928fb35,USER_00349,No Midnight Spending Challenge,2023-08-01 00:00:00,2023-08-31 23:59:59,Active
CHAL_1fe89a78,USER_00349,No Coffee Challenge,2023-08-01 00:00:00,2023-08-31 23:59:59,Active
CHAL_20dd4420,USER_03049,No Midnight Spending Challenge,2023-08-01 00:00:00,2023-08-31 23:59:59,Active
CHAL_113c4a0b,USER_06041,No Midnight Spending Challenge,2023-08-01 00:00:00,2023-08-31 23:59:59,Active
CHAL_4e220edf,USER_06041,No Coffee Challenge,2023-08-01 00:00:00,2023-08-31 23:59:59,Active
CHAL_3871e71d,USER_00484,No Coffee Challenge,2023-08-01 00:00:00,2023-08-31 23:59:59,Active
CHAL_191b0d74,USER_08929,No Coffee Challenge,2023-08-01 00:00:00,2023-08-31 23:59:59,Active
CHAL_ac9ae6fd,USER_07819,No Midnight Spending Challenge,2023-08-01 00:00:00,2023-08-31 23:59:59,Active
CHAL_9a19f59d,USER_07819,No Coffee Challenge,2023-08-01 00:00:00,2023-08-31 23:59:59,Active
CHAL_5cba8b2a,USER_06991,No Midnight Spending Challenge,2023-08-01 00:00:00,2023-08-31 23:59:59,Active
CHAL_2bc4a6df,USER_06991,No Coffee Challenge,2023-08-01 00:00:00,2023-08-31 23:59:59,Active
CHAL_b2be6f98,USER_05529,No Midnight Spending Challenge,2023-08-01 00:00:00,2023-08-31 23:59:59,Active
CHAL_e9e7e9e0,USER_08853,No Coffee Challenge,2023-08-01 00:00:00,2023-08-31 23:59:59,Active
CHAL_13602458,USER_02759,No Midnight Spending Challenge,2023-08-01 00:00:00,2023-08-31 23:59:59,Active
CHAL_3aa4994e,USER_01363,No Midnight Spending Challenge,2023-08-01 00:00:00,2023-08-31 23:59:59,Active
CHAL_effae100,USER_01363,No Coffee Challenge,2023-08-01 00:00:00,2023-08-31 23:59:59,Active
CHAL_18e21675,USER_09818,No Coffee Challenge,2023-08-01 00:00:00,2023-08-31 23:59:59,Active
CHAL_f36b675f,USER_09818,No Midnight Spending Challenge,2023-08-01 00:00:00,2023-08-31 23:59:59,Active
CHAL_9e7b6a16,USER_09361,No Midnight Spending Challenge,2023-08-01 00:00:00,2023-08-31 23:59:59,Active
CHAL_ba5aee27,USER_09361,No Coffee Challenge,2023-08-01 00:00:00,2023-08-31 23:59:59,Active
CHAL_1c8c86d2,USER_02283,No Coffee Challenge,2023-08-01 00:00:00,2023-08-31 23:59:59,Active
CHAL_f03eafc7,USER_03878,No Coffee Challenge,2023-08-01 00:00:00,2023-08-31 23:59:59,Active
CHAL_a0366578,USER_08089,No Coffee Challenge,2023-08-01 00:00:00,2023-08-31 23:59:59,Active
CHAL_9af62c49,USER_08089,No Midnight Spending Challenge,2023-08-01 00:00:00,2023-08-31 23:59:59,Active
CHAL_888bad89,USER_06241,No Coffee Challenge,2023-08-01 00:00:00,2023-08-31 23:59:59,Active
CHAL_ea05f37e,USER_06241,No Midnight Spending Challenge,2023-08-01 00:00:00,2023-08-31 23:59:59,Active
CHAL_d5afe50e,USER_08650,No Midnight Spending Challenge,2023-08-01 00:00:00,2023-08-31 23:59:59,Active
CHAL_09b9a7e4,USER_08650,No Coffee Challenge,2023-08-01 00:00:00,2023-08-31 23:59:59,Active
CHAL_914131bb,USER_01278,No Midnight Spending Challenge,2023-08-01 00:00:00,2023-08-31 23:59:59,Active
CHAL_12081c3d,USER_01278,No Coffee Challenge,2023-08-01 00:00:00,2023-08-31 23:59:59,Active
CHAL_6454855e,USER_04369,No Midnight Spending Challenge,2023-08-01 00:00:00,2023-08-31 23:59:59,Active
CHAL_2c089a76,USER_00859,No Midnight Spending Challenge,2023-08-01 00:00:00,2023-08-31 23:59:59,Active
CHAL_a9639f18,USER_07876,No Coffee Challenge,2023-08-01 00:00:00,2023-08-31 23:59:59,Active
CHAL_70b722b6,USER_02698,No Midnight Spending Challenge,2023-08-01 00:00:00,2023-08-31 23:59:59,Active
CHAL_62ecab37,USER_02698,No Coffee Challenge,2023-08-01 00:00:00,2023-08-31 23:59:59,Active
CHAL_6a369731,USER_09240,No Midnight Spending Challenge,2023-08-01 00:00:00,2023-08-31 23:59:59,Active
CHAL_d245e73a,USER_02797,No Coffee Challenge,2023-08-01 00:00:00,2023-08-31 23:59:59,Active
CHAL_8781936e,USER_02797,No Midnight Spending Challenge,2023-08-01 00:00:00,2023-08-31 23:59:59,Active
CHAL_95f3ccda,USER_08950,No Midnight Spending Challenge,2023-08-01 00:00:00,2023-08-31 23:59:59,Active
CHAL_d2184e23,USER_03573,No Midnight Spending Challenge,2023-08-01 00:00:00,2023-08-31 23:59:59,Active
CHAL_a4c2998c,USER_03573,No Coffee Challenge,2023-08-01 00:00:00,2023-08-31 23:59:59,Active
CHAL_cbb7d973,USER_09501,No Midnight Spending Challenge,2023-08-01 00:00:00,2023-08-31 23:59:59,Active
CHAL_a2a949ca,USER_09501,No Coffee Challenge,2023-08-01 00:00:00,2023-08-31 23:59:59,Active
CHAL_1fd09a6d,USER_05055,No Midnight Spending Challenge,2023-08-01 00:00:00,2023-08-31 23:59:59,Active
CHAL_356914d9,USER_05055,No Coffee Challenge,2023-08-01 00:00:00,2023-08-31 23:59:59,Active
CHAL_6e64599e,USER_06542,No Coffee Challenge,2023-08-01 00:00:00,2023-08-31 23:59:59,Active
CHAL_ef8e82c4,USER_06542,No Midnight Spending Challenge,2023-08-01 00:00:00,2023-08-31 23:59:59,Active
CHAL_013e363e,USER_01250,No Coffee Challenge,2023-08-01 00:00:00,2023-08-31 23:59:59,Active
CHAL_53a59033,USER_01250,No Midnight Spending Challenge,2023-08-01 00:00:00,2023-08-31 23:59:59,Active
CHAL_75c0f238,USER_07497,No Coffee Challenge,2023-08-01 00:00:00,2023-08-31 23:59:59,Active
CHAL_7c339dcb,USER_04712,No Coffee Challenge,2023-08-01 00:00:00,2023-08-31 23:59:59,Active
CHAL_f861111b,USER_03684,No Midnight Spending Challenge,2023-08-01 00:00:00,2023-08-31 23:59:59,Active
CHAL_7f1c2271,USER_03684,No Coffee Challenge,2023-08-01 00:00:00,2023-08-31 23:59:59,Active
CHAL_fbfca0b8,USER_02949,No Coffee Challenge,2023-08-01 00:00:00,2023-08-31 23:59:59,Active
CHAL_328927fe,USER_02949,No Midnight Spending Challenge,2023-08-01 00:00:00,2023-08-31 23:59:59,Active
CHAL_75251d21,USER_04582,No Coffee Challenge,2023-08-01 00:00:00,2023-08-31 23:59:59,Active
CHAL_a29eccc9,USER_04582,No Midnight Spending Challenge,2023-08-01 00:00:00,2023-08-31 23:59:59,Active
CHAL_391639ab,USER_08431,No Midnight Spending Challenge,2023-08-01 00:00:00,2023-08-31 23:59:59,Active
CHAL_9696c2fa,USER_08431,No Coffee Challenge,2023-08-01 00:00:00,2023-08-31 23:59:59,Active
CHAL_55997d94,USER_00106,No Coffee Challenge,2023-08-01 00:00:00,2023-08-31 23:59:59,Active
CHAL_da7515e4,USER_09735,No Midnight Spending Challenge,2023-08-01 00:00:00,2023-08-31 23:59:59,Active
CHAL_1ceb0e10,USER_09735,No Coffee Challenge,2023-08-01 00:00:00,2023-08-31 23:59:59,Active
CHAL_69a9a398,USER_07384,No Coffee Challenge,2023-08-01 00:00:00,2023-08-31 23:59:59,Active
CHAL_03737b79,USER_07384,No Midnight Spending Challenge,2023-08-01 00:00:00,2023-08-31 23:59:59,Active
CHAL_87fb3a5b,USER_00616,No Coffee Challenge,2023-08-01 00:00:00,2023-08-31 23:59:59,Active
CHAL_05afe6b3,USER_00616,No Midnight Spending Challenge,2023-08-01 00:00:00,2023-08-31 23:59:59,Active
CHAL_9ba62021,USER_03560,No Coffee Challenge,2023-08-01 00:00:00,2023-08-31 23:59:59,Active
CHAL_52c70b04,USER_05074,No Coffee Challenge,2023-08-01 00:00:00,2023-08-31 23:59:59,Active
CHAL_a0e7693a,USER_04025,No Coffee Challenge,2023-08-01 00:00:00,2023-08-31 23:59:59,Active
CHAL_cb2ded6b,USER_04025,No Midnight Spending Challenge,2023-08-01 00:00:00,2023-08-31 23:59:59,Active
CHAL_fb92b759,USER_03520,No Midnight Spending Challenge,2023-08-01 00:00:00,2023-08-31 23:59:59,Active
CHAL_f2c75b00,USER_05907,No Coffee Challenge,2023-08-01 00:00:00,2023-08-31 23:59:59,Active
CHAL_a684972f,USER_05907,No Midnight Spending Challenge,2023-08-01 00:00:00,2023-08-31 23:59:59,Active
CHAL_1db71c40,USER_00210,No Coffee Challenge,2023-08-01 00:00:00,2023-08-31 23:59:59,Active
CHAL_e5b0f384,USER_06716,No Coffee Challenge,2023-08-01 00:00:00,2023-08-31 23:59:59,Active
CHAL_e5e11941,USER_01294,No Midnight Spending Challenge,2023-08-01 00:00:00,2023-08-31 23:59:59,Active
CHAL_06158aec,USER_01294,No Coffee Challenge,2023-08-01 00:00:00,2023-08-31 23:59:59,Active
CHAL_a5d36e61,USER_04506,No Midnight Spending Challenge,2023-08-01 00:00:00,2023-08-31 23:59:59,Active
CHAL_0db50456,USER_09886,No Coffee Challenge,2023-08-01 00:00:00,2023-08-31 23:59:59,Active
CHAL_4c8c1374,USER_09886,No Midnight Spending Challenge,2023-08-01 00:00:00,2023-08-31 23:59:59,Active
CHAL_0fe0c746,USER_09463,No Coffee Challenge,2023-08-01 00:00:00,2023-08-31 23:59:59,Active
CHAL_687b4b48,USER_08469,No Coffee Challenge,2023-08-01 00:00:00,2023-08-31 23:59:59,Active
CHAL_5805716d,USER_08469,No Midnight Spending Challenge,2023-08-01 00:00:00,2023-08-31 23:59:59,Active
CHAL_476de505,USER_03717,No Midnight Spending Challenge,2023-08-01 00:00:00,2023-08-31 23:59:59,Active
CHAL_5ea3ba3b,USER_04817,No Coffee Challenge,2023-08-01 00:00:00,2023-08-31 23:59:59,Active
CHAL_aeacadc5,USER_07820,No Midnight Spending Challenge,2023-08-01 00:00:00,2023-08-31 23:59:59,Active
CHAL_f5fc154e,USER_04006,No Coffee Challenge,2023-08-01 00:00:00,2023-08-31 23:59:59,Active
CHAL_d15b0026,USER_07237,No Midnight Spending Challenge,2023-08-01 00:00:00,2023-08-31 23:59:59,Active
CHAL_6a85b1d0,USER_07237,No Coffee Challenge,2023-08-01 00:00:00,2023-08-31 23:59:59,Active
CHAL_e964ffba,USER_02512,No Coffee Challenge,2023-08-01 00:00:00,2023-08-31 23:59:59,Active
CHAL_a4b34f96,USER_01349,No Midnight Spending Challenge,2023-08-01 00:00:00,2023-08-31 23:59:59,Active
CHAL_2f38a7bb,USER_01349,No Coffee Challenge,2023-08-01 00:00:00,2023-08-31 23:59:59,Active
CHAL_04b6e8b4,USER_07459,No Coffee Challenge,2023-08-01 00:00:00,2023-08-31 23:59:59,Active
CHAL_695baf57,USER_07459,No Midnight Spending Challenge,2023-08-01 00:00:00,2023-08-31 23:59:59,Active
CHAL_f83d587c,USER_05906,No Midnight Spending Challenge,2023-08-01 00:00:00,2023-08-31 23:59:59,Active
CHAL_b42a42d6,USER_05906,No Coffee Challenge,2023-08-01 00:00:00,2023-08-31 23:59:59,Active
CHAL_2c7a62b9,USER_00290,No Midnight Spending Challenge,2023-08-01 00:00:00,2023-08-31 23:59:59,Active
CHAL_61e652a8,USER_00290,No Coffee Challenge,2023-08-01 00:00:00,2023-08-31 23:59:59,Active
CHAL_178ed4c5,USER_05682,No Midnight Spending Challenge,2023-08-01 00:00:00,2023-08-31 23:59:59,Active
CHAL_268b72ac,USER_05117,No Coffee Challenge,2023-08-01 00:00:00,2023-08-31 23:59:59,Active
CHAL_c5d38b90,USER_05117,No Midnight Spending Challenge,2023-08-01 00:00:00,2023-08-31 23:59:59,Active
CHAL_cfb9ad3b,USER_09750,No Midnight Spending Challenge,2023-08-01 00:00:00,2023-08-31 23:59:59,Active
CHAL_87094e54,USER_09750,No Coffee Challenge,2023-08-01 00:00:00,2023-08-31 23:59:59,Active
CHAL_0c5ac87b,USER_04788,No Coffee Challenge,2023-08-01 00:00:00,2023-08-31 23:59:59,Active
CHAL_38e7a28e,USER_04788,No Midnight Spending Challenge,2023-08-01 00:00:00,2023-08-31 23:59:59,Active
CHAL_e48056e2,USER_04575,No Coffee Challenge,2023-08-01 00:00:00,2023-08-31 23:59:59,Active
CHAL_a824ac7a,USER_04575,No Midnight Spending Challenge,2023-08-01 00:00:00,2023-08-31 23:59:59,Active
CHAL_f4e1553c,USER_04522,No Coffee Challenge,2023-08-01 00:00:00,2023-08-31 23:59:59,Active
CHAL_7aae9757,USER_04522,No Midnight Spending Challenge,2023-08-01 00:00:00,2023-08-31 23:59:59,Active
CHAL_5dedf92c,USER_08583,No Coffee Challenge,2023-08-01 00:00:00,2023-08-31 23:59:59,Active
CHAL_a579f401,USER_08583,No Midnight Spending Challenge,2023-08-01 00:00:00,2023-08-31 23:59:59,Active
CHAL_3741788a,USER_01072,No Coffee Challenge,2023-08-01 00:00:00,2023-08-31 23:59:59,Active
CHAL_c0c2972d,USER_01072,No Midnight Spending Challenge,2023-08-01 00:00:00,2023-08-31 23:59:59,Active
CHAL_1366a6ab,USER_07377,No Midnight Spending Challenge,2023-08-01 00:00:00,2023-08-31 23:59:59,Active
CHAL_0669155b,USER_07377,No Coffee Challenge,2023-08-01 00:00:00,2023-08-31 23:59:59,Active
CHAL_4720d380,USER_01405,No Coffee Challenge,2023-08-01 00:00:00,2023-08-31 23:59:59,Active
CHAL_a2084992,USER_01405,No Midnight Spending Challenge,2023-08-01 00:00:00,2023-08-31 23:59:59,Active
CHAL_4135a4e4,USER_05929,No Midnight Spending Challenge,2023-08-01 00:00:00,2023-08-31 23:59:59,Active
CHAL_22f87665,USER_05929,No Coffee Challenge,2023-08-01 00:00:00,2023-08-31 23:59:59,Active
CHAL_32080d90,USER_05765,No Coffee Challenge,2023-08-01 00:00:00,2023-08-31 23:59:59,Active
CHAL_b5f19a05,USER_02808,No Coffee Challenge,2023-08-01 00:00:00,2023-08-31 23:59:59,Active
CHAL_3fc0acb8,USER_02921,No Coffee Challenge,2023-08-01 00:00:00,2023-08-31 23:59:59,Active
CHAL_47c97adb,USER_04869,No Coffee Challenge,2023-08-01 00:00:00,2023-08-31 23:59:59,Active
CHAL_8452e20b,USER_00988,No Midnight Spending Challenge,2023-08-01 00:00:00,2023-08-31 23:59:59,Active
CHAL_9c9d8085,USER_02828,No Midnight Spending Challenge,2023-08-01 00:00:00,2023-08-31 23:59:59,Active
CHAL_ba174778,USER_02828,No Coffee Challenge,2023-08-01 00:00:00,2023-08-31 23:59:59,Active
CHAL_6828411d,USER_03812,No Coffee Challenge,2023-08-01 00:00:00,2023-08-31 23:59:59,Active
CHAL_27c50970,USER_07949,No Coffee Challenge,2023-08-01 00:00:00,2023-08-31 23:59:59,Active
CHAL_48500fc9,USER_01179,No Midnight Spending Challenge,2023-08-01 00:00:00,2023-08-31 23:59:59,Active
CHAL_07cdc90f,USER_04751,No Coffee Challenge,2023-08-01 00:00:00,2023-08-31 23:59:59,Active
CHAL_9a61117f,USER_04612,No Coffee Challenge,2023-08-01 00:00:00,2023-08-31 23:59:59,Active
CHAL_ce5a916f,USER_04612,No Midnight Spending Challenge,2023-08-01 00:00:00,2023-08-31 23:59:59,Active
CHAL_73add2ad,USER_04231,No Midnight Spending Challenge,2023-08-01 00:00:00,2023-08-31 23:59:59,Active
CHAL_0bb9d3d3,USER_04231,No Coffee Challenge,2023-08-01 00:00:00,2023-08-31 23:59:59,Active
CHAL_732d8bb1,USER_03545,No Midnight Spending Challenge,2023-08-01 00:00:00,2023-08-31 23:59:59,Active
CHAL_2c3f936d,USER_00982,No Midnight Spending Challenge,2023-08-01 00:00:00,2023-08-31 23:59:59,Active
CHAL_f2f703f5,USER_00982,No Coffee Challenge,2023-08-01 00:00:00,2023-08-31 23:59:59,Active
CHAL_71400a10,USER_06332,No Midnight Spending Challenge,2023-08-01 00:00:00,2023-08-31 23:59:59,Active
CHAL_f8af4472,USER_03683,No Midnight Spending Challenge,2023-08-01 00:00:00,2023-08-31 23:59:59,Active
CHAL_4ae0e8f5,USER_07100,No Midnight Spending Challenge,2023-08-01 00:00:00,2023-08-31 23:59:59,Active
CHAL_1a069264,USER_01315,No Midnight Spending Challenge,2023-08-01 00:00:00,2023-08-31 23:59:59,Active
CHAL_306dbbd1,USER_06946,No Coffee Challenge,2023-08-01 00:00:00,2023-08-31 23:59:59,Active
CHAL_4fc19350,USER_06946,No Midnight Spending Challenge,2023-08-01 00:00:00,2023-08-31 23:59:59,Active
CHAL_3a54221f,USER_05630,No Midnight Spending Challenge,2023-08-01 00:00:00,2023-08-31 23:59:59,Active
CHAL_bb45d2bc,USER_00392,No Coffee Challenge,2023-08-01 00:00:00,2023-08-31 23:59:59,Active
CHAL_ab6d1bf4,USER_00392,No Midnight Spending Challenge,2023-08-01 00:00:00,2023-08-31 23:59:59,Active
CHAL_84e58f37,USER_03098,No Coffee Challenge,2023-08-01 00:00:00,2023-08-31 23:59:59,Active
CHAL_bbb6d526,USER_03098,No Midnight Spending Challenge,2023-08-01 00:00:00,2023-08-31 23:59:59,Active
CHAL_59b69a2b,USER_09838,No Coffee Challenge,2023-08-01 00:00:00,2023-08-31 23:59:59,Active
CHAL_b006d8b0,USER_09838,No Midnight Spending Challenge,2023-08-01 00:00:00,2023-08-31 23:59:59,Active
CHAL_4108e992,USER_01761,No Coffee Challenge,2023-08-01 00:00:00,2023-08-31 23:59:59,Active
CHAL_99fade82,USER_01761,No Midnight Spending Challenge,2023-08-01 00:00:00,2023-08-31 23:59:59,Active
CHAL_43499277,USER_04643,No Midnight Spending Challenge,2023-08-01 00:00:00,2023-08-31 23:59:59,Active
CHAL_84c806e4,USER_03822,No Midnight Spending Challenge,2023-08-01 00:00:00,2023-08-31 23:59:59,Active
CHAL_1f414020,USER_07597,No Coffee Challenge,2023-08-01 00:00:00,2023-08-31 23:59:59,Active
CHAL_837e560c,USER_07597,No Midnight Spending Challenge,2023-08-01 00:00:00,2023-08-31 23:59:59,Active
CHAL_43ceaf44,USER_02500,No Midnight Spending Challenge,2023-08-01 00:00:00,2023-08-31 23:59:59,Active
CHAL_f72c618c,USER_02500,No Coffee Challenge,2023-08-01 00:00:00,2023-08-31 23:59:59,Active
CHAL_43db2c0f,USER_06447,No Coffee Challenge,2023-08-01 00:00:00,2023-08-31 23:59:59,Active
CHAL_a5966bef,USER_06447,No Midnight Spending Challenge,2023-08-01 00:00:00,2023-08-31 23:59:59,Active
CHAL_57ac8caf,USER_00478,No Midnight Spending Challenge,2023-08-01 00:00:00,2023-08-31 23:59:59,Active
CHAL_e7bebd8d,USER_09860,No Midnight Spending Challenge,2023-08-01 00:00:00,2023-08-31 23:59:59,Active
CHAL_709ff092,USER_09860,No Coffee Challenge,2023-08-01 00:00:00,2023-08-31 23:59:59,Active
CHAL_95adef84,USER_02578,No Midnight Spending Challenge,2023-08-01 00:00:00,2023-08-31 23:59:59,Active
CHAL_27987b19,USER_06562,No Midnight Spending Challenge,2023-08-01 00:00:00,2023-08-31 23:59:59,Active
CHAL_e3355cc6,USER_06562,No Coffee Challenge,2023-08-01 00:00:00,2023-08-31 23:59:59,Active
CHAL_249bea1d,USER_03356,No Coffee Challenge,2023-08-01 00:00:00,2023-08-31 23:59:59,Active
CHAL_8609ea37,USER_07454,No Coffee Challenge,2023-08-01 00:00:00,2023-08-31 23:59:59,Active
CHAL_168f0276,USER_07161,No Midnight Spending Challenge,2023-08-01 00:00:00,2023-08-31 23:59:59,Active
CHAL_19896a95,USER_02513,No Coffee Challenge,2023-08-01 00:00:00,2023-08-31 23:59:59,Active
CHAL_e297fafb,USER_09915,No Midnight Spending Challenge,2023-08-01 00:00:00,2023-08-31 23:59:59,Active
CHAL_07dc791a,USER_09915,No Coffee Challenge,2023-08-01 00:00:00,2023-08-31 23:59:59,Active
CHAL_6416f242,USER_06639,No Coffee Challenge,2023-08-01 00:00:00,2023-08-31 23:59:59,Active
CHAL_39ab2533,USER_07657,No Coffee Challenge,2023-08-01 00:00:00,2023-08-31 23:59:59,Active
CHAL_4ec392ac,USER_07657,No Midnight Spending Challenge,2023-08-01 00:00:00,2023-08-31 23:59:59,Active
CHAL_32ce7d00,USER_07518,No Midnight Spending Challenge,2023-08-01 00:00:00,2023-08-31 23:59:59,Active
CHAL_5b9de2e8,USER_05647,No Midnight Spending Challenge,2023-08-01 00:00:00,2023-08-31 23:59:59,Active
CHAL_9d32fff7,USER_05647,No Coffee Challenge,2023-08-01 00:00:00,2023-08-31 23:59:59,Active
CHAL_f918ec57,USER_06596,No Midnight Spending Challenge,2023-08-01 00:00:00,2023-08-31 23:59:59,Active
CHAL_19ad2bcd,USER_06596,No Coffee Challenge,2023-08-01 00:00:00,2023-08-31 23:59:59,Active
CHAL_310a1312,USER_04100,No Midnight Spending Challenge,2023-08-01 00:00:00,2023-08-31 23:59:59,Active
CHAL_b09ca5f0,USER_00766,No Midnight Spending Challenge,2023-08-01 00:00:00,2023-08-31 23:59:59,Active
CHAL_fc2402aa,USER_00766,No Coffee Challenge,2023-08-01 00:00:00,2023-08-31 23:59:59,Active
CHAL_474a055d,USER_00091,No Midnight Spending Challenge,2023-08-01 00:00:00,2023-08-31 23:59:59,Active
CHAL_b6e251d4,USER_04508,No Midnight Spending Challenge,2023-08-01 00:00:00,2023-08-31 23:59:59,Active
CHAL_45f64d0c,USER_01113,No Midnight Spending Challenge,2023-08-01 00:00:00,2023-08-31 23:59:59,Active
CHAL_60125c9b,USER_01113,No Coffee Challenge,2023-08-01 00:00:00,2023-08-31 23:59:59,Active
CHAL_38f989aa,USER_04034,No Midnight Spending Challenge,2023-08-01 00:00:00,2023-08-31 23:59:59,Active
CHAL_c13eb82b,USER_04034,No Coffee Challenge,2023-08-01 00:00:00,2023-08-31 23:59:59,Active
CHAL_bc319752,USER_06645,No Coffee Challenge,2023-08-01 00:00:00,2023-08-31 23:59:59,Active
CHAL_e5956033,USER_06645,No Midnight Spending Challenge,2023-08-01 00:00:00,2023-08-31 23:59:59,Active
CHAL_92fc6a81,USER_03172,No Coffee Challenge,2023-08-01 00:00:00,2023-08-31 23:59:59,Active
CHAL_8bf653c6,USER_09558,No Midnight Spending Challenge,2023-08-01 00:00:00,2023-08-31 23:59:59,Active
CHAL_9f06ee11,USER_09558,No Coffee Challenge,2023-08-01 00:00:00,2023-08-31 23:59:59,Active
CHAL_95d951ae,USER_02216,No Coffee Challenge,2023-08-01 00:00:00,2023-08-31 23:59:59,Active
CHAL_747e14f1,USER_02216,No Midnight Spending Challenge,2023-08-01 00:00:00,2023-08-31 23:59:59,Active
CHAL_5939f9e5,USER_06014,No Midnight Spending Challenge,2023-08-01 00:00:00,2023-08-31 23:59:59,Active
CHAL_23e7ba7f,USER_04410,No Midnight Spending Challenge,2023-08-01 00:00:00,2023-08-31 23:59:59,Active
CHAL_844d3fa1,USER_01255,No Coffee Challenge,2023-08-01 00:00:00,2023-08-31 23:59:59,Active
CHAL_242e0eb1,USER_04160,No Midnight Spending Challenge,2023-08-01 00:00:00,2023-08-31 23:59:59,Active
CHAL_49403bd7,USER_08092,No Midnight Spending Challenge,2023-08-01 00:00:00,2023-08-31 23:59:59,Active
CHAL_8868c963,USER_08092,No Coffee Challenge,2023-08-01 00:00:00,2023-08-31 23:59:59,Active
CHAL_32c16a62,USER_09368,No Midnight Spending Challenge,2023-08-01 00:00:00,2023-08-31 23:59:59,Active
CHAL_18728d8b,USER_09368,No Coffee Challenge,2023-08-01 00:00:00,2023-08-31 23:59:59,Active
CHAL_36cf7bb4,USER_02019,No Coffee Challenge,2023-08-01 00:00:00,2023-08-31 23:59:59,Active
CHAL_016e2261,USER_02019,No Midnight Spending Challenge,2023-08-01 00:00:00,2023-08-31 23:59:59,Active
CHAL_abc81a14,USER_04678,No Midnight Spending Challenge,2023-08-01 00:00:00,2023-08-31 23:59:59,Active
CHAL_b88a40fe,USER_04678,No Coffee Challenge,2023-08-01 00:00:00,2023-08-31 23:59:59,Active
CHAL_f2bf1ea2,USER_05803,No Coffee Challenge,2023-08-01 00:00:00,2023-08-31 23:59:59,Active
CHAL_69db3db8,USER_05803,No Midnight Spending Challenge,2023-08-01 00:00:00,2023-08-31 23:59:59,Active
CHAL_6b6cbf81,USER_09752,No Midnight Spending Challenge,2023-08-01 00:00:00,2023-08-31 23:59:59,Active
CHAL_c6f58557,USER_07177,No Midnight Spending Challenge,2023-08-01 00:00:00,2023-08-31 23:59:59,Active
CHAL_b9671987,USER_02964,No Coffee Challenge,2023-08-01 00:00:00,2023-08-31 23:59:59,Active
CHAL_ad960214,USER_02964,No Midnight Spending Challenge,2023-08-01 00:00:00,2023-08-31 23:59:59,Active
CHAL_942f746c,USER_07715,No Midnight Spending Challenge,2023-08-01 00:00:00,2023-08-31 23:59:59,Active
CHAL_b0055bad,USER_07715,No Coffee Challenge,2023-08-01 00:00:00,2023-08-31 23:59:59,Active
CHAL_2aca9f4c,USER_07310,No Coffee Challenge,2023-08-01 00:00:00,2023-08-31 23:59:59,Active
CHAL_df983a6e,USER_07310,No Midnight Spending Challenge,2023-08-01 00:00:00,2023-08-31 23:59:59,Active
CHAL_7fd431d5,USER_06985,No Midnight Spending Challenge,2023-08-01 00:00:00,2023-08-31 23:59:59,Active
CHAL_0bbb0f25,USER_04588,No Coffee Challenge,2023-08-01 00:00:00,2023-08-31 23:59:59,Active
CHAL_e24ca721,USER_01305,No Coffee Challenge,2023-08-01 00:00:00,2023-08-31 23:59:59,Active
CHAL_0f208ff9,USER_07220,No Midnight Spending Challenge,2023-08-01 00:00:00,2023-08-31 23:59:59,Active
CHAL_ee3cfe1c,USER_07220,No Coffee Challenge,2023-08-01 00:00:00,2023-08-31 23:59:59,Active
CHAL_18168ac9,USER_09169,No Midnight Spending Challenge,2023-08-01 00:00:00,2023-08-31 23:59:59,Active
CHAL_2f76f3b1,USER_00059,No Coffee Challenge,2023-08-01 00:00:00,2023-08-31 23:59:59,Active
CHAL_b35f90ce,USER_00059,No Midnight Spending Challenge,2023-08-01 00:00:00,2023-08-31 23:59:59,Active
CHAL_23378a89,USER_09751,No Midnight Spending Challenge,2023-08-01 00:00:00,2023-08-31 23:59:59,Active
CHAL_cd52dc8a,USER_09751,No Coffee Challenge,2023-08-01 00:00:00,2023-08-31 23:59:59,Active
CHAL_f119344f,USER_09845,No Coffee Challenge,2023-08-01 00:00:00,2023-08-31 23:59:59,Active
CHAL_170f34f4,USER_09845,No Midnight Spending Challenge,2023-08-01 00:00:00,2023-08-31 23:59:59,Active
CHAL_38dd399c,USER_09681,No Coffee Challenge,2023-08-01 00:00:00,2023-08-31 23:59:59,Active
CHAL_3cf0da89,USER_01254,No Midnight Spending Challenge,2023-08-01 00:00:00,2023-08-31 23:59:59,Active
CHAL_ef7219aa,USER_01254,No Coffee Challenge,2023-08-01 00:00:00,2023-08-31 23:59:59,Active
CHAL_bd9fd02c,USER_06452,No Coffee Challenge,2023-08-01 00:00:00,2023-08-31 23:59:59,Active
CHAL_41402915,USER_03899,No Coffee Challenge,2023-08-01 00:00:00,2023-08-31 23:59:59,Active
CHAL_fd2a5283,USER_03899,No Midnight Spending Challenge,2023-08-01 00:00:00,2023-08-31 23:59:59,Active
CHAL_87c6f683,USER_00102,No Coffee Challenge,2023-08-01 00:00:00,2023-08-31 23:59:59,Active
CHAL_4f4f050b,USER_00102,No Midnight Spending Challenge,2023-08-01 00:00:00,2023-08-31 23:59:59,Active
CHAL_92e79448,USER_01369,No Coffee Challenge,2023-08-01 00:00:00,2023-08-31 23:59:59,Active
CHAL_c4ad4cf0,USER_02575,No Midnight Spending Challenge,2023-08-01 00:00:00,2023-08-31 23:59:59,Active
CHAL_382cfdf4,USER_00415,No Coffee Challenge,2023-08-01 00:00:00,2023-08-31 23:59:59,Active
CHAL_3b8d406a,USER_00415,No Midnight Spending Challenge,2023-08-01 00:00:00,2023-08-31 23:59:59,Active
CHAL_14724ced,USER_07573,No Coffee Challenge,2023-08-01 00:00:00,2023-08-31 23:59:59,Active
CHAL_3d1bee73,USER_07573,No Midnight Spending Challenge,2023-08-01 00:00:00,2023-08-31 23:59:59,Active
CHAL_48b1bbdf,USER_04454,No Coffee Challenge,2023-08-01 00:00:00,2023-08-31 23:59:59,Active
CHAL_4d0be26e,USER_04454,No Midnight Spending Challenge,2023-08-01 00:00:00,2023-08-31 23:59:59,Active
CHAL_ef6b824b,USER_02350,No Coffee Challenge,2023-08-01 00:00:00,2023-08-31 23:59:59,Active
CHAL_026c31e6,USER_09726,No Midnight Spending Challenge,2023-08-01 00:00:00,2023-08-31 23:59:59,Active
CHAL_67704240,USER_09726,No Coffee Challenge,2023-08-01 00:00:00,2023-08-31 23:59:59,Active
CHAL_2a32ebec,USER_06550,No Midnight Spending Challenge,2023-08-01 00:00:00,2023-08-31 23:59:59,Active
CHAL_02c09119,USER_03975,No Coffee Challenge,2023-08-01 00:00:00,2023-08-31 23:59:59,Active
CHAL_cec88ab0,USER_06293,No Coffee Challenge,2023-08-01 00:00:00,2023-08-31 23:59:59,Active
CHAL_9f08b6cb,USER_06293,No Midnight Spending Challenge,2023-08-01 00:00:00,2023-08-31 23:59:59,Active
CHAL_1668f5a4,USER_09279,No Coffee Challenge,2023-08-01 00:00:00,2023-08-31 23:59:59,Active
CHAL_ab493813,USER_09279,No Midnight Spending Challenge,2023-08-01 00:00:00,2023-08-31 23:59:59,Active
CHAL_e7cd9ab5,USER_08461,No Midnight Spending Challenge,2023-08-01 00:00:00,2023-08-31 23:59:59,Active
CHAL_e7d3dfe8,USER_02531,No Midnight Spending Challenge,2023-08-01 00:00:00,2023-08-31 23:59:59,Active
CHAL_fa03fb6d,USER_03154,No Coffee Challenge,2023-08-01 00:00:00,2023-08-31 23:59:59,Active
CHAL_83eb8a0d,USER_01441,No Midnight Spending Challenge,2023-08-01 00:00:00,2023-08-31 23:59:59,Active
CHAL_147e078d,USER_01441,No Coffee Challenge,2023-08-01 00:00:00,2023-08-31 23:59:59,Active
CHAL_0365857a,USER_09841,No Midnight Spending Challenge,2023-08-01 00:00:00,2023-08-31 23:59:59,Active
CHAL_2d1dce35,USER_09841,No Coffee Challenge,2023-08-01 00:00:00,2023-08-31 23:59:59,Active
CHAL_2f0f93b7,USER_02700,No Coffee Challenge,2023-08-01 00:00:00,2023-08-31 23:59:59,Active
CHAL_50245e28,USER_07186,No Midnight Spending Challenge,2023-08-01 00:00:00,2023-08-31 23:59:59,Active
CHAL_f59f087c,USER_09553,No Coffee Challenge,2023-08-01 00:00:00,2023-08-31 23:59:59,Active
CHAL_8a7af20f,USER_07370,No Midnight Spending Challenge,2023-08-01 00:00:00,2023-08-31 23:59:59,Active
CHAL_fc2fa24f,USER_07370,No Coffee Challenge,2023-08-01 00:00:00,2023-08-31 23:59:59,Active
CHAL_515fd891,USER_01082,No Midnight Spending Challenge,2023-08-01 00:00:00,2023-08-31 23:59:59,Active
CHAL_b16e1250,USER_05079,No Coffee Challenge,2023-08-01 00:00:00,2023-08-31 23:59:59,Active
CHAL_3aa0e872,USER_05079,No Midnight Spending Challenge,2023-08-01 00:00:00,2023-08-31 23:59:59,Active
CHAL_3f823d6f,USER_01713,No Midnight Spending Challenge,2023-08-01 00:00:00,2023-08-31 23:59:59,Active
CHAL_1bc10e83,USER_01713,No Coffee Challenge,2023-08-01 00:00:00,2023-08-31 23:59:59,Active
CHAL_00db2a8e,USER_02206,No Coffee Challenge,2023-08-01 00:00:00,2023-08-31 23:59:59,Active
CHAL_0d73f47d,USER_02206,No Midnight Spending Challenge,2023-08-01 00:00:00,2023-08-31 23:59:59,Active
CHAL_24c459aa,USER_06546,No Midnight Spending Challenge,2023-08-01 00:00:00,2023-08-31 23:59:59,Active
CHAL_6c711976,USER_05494,No Coffee Challenge,2023-08-01 00:00:00,2023-08-31 23:59:59,Active
CHAL_a2885c25,USER_03955,No Midnight Spending Challenge,2023-08-01 00:00:00,2023-08-31 23:59:59,Active
CHAL_57d0b1c3,USER_03955,No Coffee Challenge,2023-08-01 00:00:00,2023-08-31 23:59:59,Active
CHAL_4577db95,USER_07656,No Coffee Challenge,2023-08-01 00:00:00,2023-08-31 23:59:59,Active
CHAL_89529e7a,USER_07656,No Midnight Spending Challenge,2023-08-01 00:00:00,2023-08-31 23:59:59,Active
CHAL_5335df0d,USER_01161,No Midnight Spending Challenge,2023-08-01 00:00:00,2023-08-31 23:59:59,Active
CHAL_bced5638,USER_01743,No Coffee Challenge,2023-08-01 00:00:00,2023-08-31 23:59:59,Active
CHAL_cb0a0fac,USER_01094,No Coffee Challenge,2023-08-01 00:00:00,2023-08-31 23:59:59,Active
CHAL_6d13fe20,USER_03222,No Midnight Spending Challenge,2023-08-01 00:00:00,2023-08-31 23:59:59,Active
CHAL_7fdfd4f8,USER_03222,No Coffee Challenge,2023-08-01 00:00:00,2023-08-31 23:59:59,Active
CHAL_97989d57,USER_01106,No Midnight Spending Challenge,2023-08-01 00:00:00,2023-08-31 23:59:59,Active
CHAL_5c89d8b3,USER_01106,No Coffee Challenge,2023-08-01 00:00:00,2023-08-31 23:59:59,Active
CHAL_83a0c1e1,USER_02323,No Coffee Challenge,2023-08-01 00:00:00,2023-08-31 23:59:59,Active
CHAL_93a9454f,USER_02323,No Midnight Spending Challenge,2023-08-01 00:00:00,2023-08-31 23:59:59,Active
CHAL_30d8e158,USER_05667,No Midnight Spending Challenge,2023-08-01 00:00:00,2023-08-31 23:59:59,Active
CHAL_c753c9d5,USER_08314,No Midnight Spending Challenge,2023-08-01 00:00:00,2023-08-31 23:59:59,Active
CHAL_e3e923bc,USER_03727,No Midnight Spending Challenge,2023-08-01 00:00:00,2023-08-31 23:59:59,Active
CHAL_a2c1ded3,USER_03727,No Coffee Challenge,2023-08-01 00:00:00,2023-08-31 23:59:59,Active
CHAL_b9ce3f5d,USER_08087,No Midnight Spending Challenge,2023-08-01 00:00:00,2023-08-31 23:59:59,Active
CHAL_8bb377a4,USER_08087,No Coffee Challenge,2023-08-01 00:00:00,2023-08-31 23:59:59,Active
CHAL_85c1b2e2,USER_07988,No Coffee Challenge,2023-08-01 00:00:00,2023-08-31 23:59:59,Active
CHAL_0769ce76,USER_03060,No Midnight Spending Challenge,2023-08-01 00:00:00,2023-08-31 23:59:59,Active
CHAL_90f5ad0f,USER_03060,No Coffee Challenge,2023-08-01 00:00:00,2023-08-31 23:59:59,Active
CHAL_aa9ea5cd,USER_04013,No Midnight Spending Challenge,2023-08-01 00:00:00,2023-08-31 23:59:59,Active
CHAL_0574db37,USER_04013,No Coffee Challenge,2023-08-01 00:00:00,2023-08-31 23:59:59,Active
CHAL_56595edb,USER_01129,No Coffee Challenge,2023-08-01 00:00:00,2023-08-31 23:59:59,Active
CHAL_d37c995a,USER_01129,No Midnight Spending Challenge,2023-08-01 00:00:00,2023-08-31 23:59:59,Active
CHAL_5800f2a0,USER_04929,No Coffee Challenge,2023-08-01 00:00:00,2023-08-31 23:59:59,Active
CHAL_8ce7fb7f,USER_04929,No Midnight Spending Challenge,2023-08-01 00:00:00,2023-08-31 23:59:59,Active
CHAL_9dbf9a93,USER_01992,No Coffee Challenge,2023-08-01 00:00:00,2023-08-31 23:59:59,Active
CHAL_07e93d80,USER_04949,No Midnight Spending Challenge,2023-08-01 00:00:00,2023-08-31 23:59:59,Active
CHAL_0fc7fea1,USER_06444,No Midnight Spending Challenge,2023-08-01 00:00:00,2023-08-31 23:59:59,Active
CHAL_f170e12b,USER_05023,No Coffee Challenge,2023-08-01 00:00:00,2023-08-31 23:59:59,Active
CHAL_fe75183e,USER_05023,No Midnight Spending Challenge,2023-08-01 00:00:00,2023-08-31 23:59:59,Active
CHAL_721edbcb,USER_03447,No Midnight Spending Challenge,2023-08-01 00:00:00,2023-08-31 23:59:59,Active
CHAL_76b91e38,USER_03447,No Coffee Challenge,2023-08-01 00:00:00,2023-08-31 23:59:59,Active
CHAL_48cf0ba9,USER_03977,No Midnight Spending Challenge,2023-08-01 00:00:00,2023-08-31 23:59:59,Active
CHAL_b5e66b48,USER_03977,No Coffee Challenge,2023-08-01 00:00:00,2023-08-31 23:59:59,Active
CHAL_2218e584,USER_09342,No Midnight Spending Challenge,2023-08-01 00:00:00,2023-08-31 23:59:59,Active
CHAL_066c30cd,USER_09342,No Coffee Challenge,2023-08-01 00:00:00,2023-08-31 23:59:59,Active
CHAL_17cd04dc,USER_06111,No Coffee Challenge,2023-08-01 00:00:00,2023-08-31 23:59:59,Active
CHAL_bab3ec6c,USER_03670,No Midnight Spending Challenge,2023-08-01 00:00:00,2023-08-31 23:59:59,Active
CHAL_0e910d08,USER_02881,No Midnight Spending Challenge,2023-08-01 00:00:00,2023-08-31 23:59:59,Active
CHAL_77e39856,USER_02881,No Coffee Challenge,2023-08-01 00:00:00,2023-08-31 23:59:59,Active
CHAL_2a62bfd0,USER_01443,No Coffee Challenge,2023-08-01 00:00:00,2023-08-31 23:59:59,Active
CHAL_4093d019,USER_01443,No Midnight Spending Challenge,2023-08-01 00:00:00,2023-08-31 23:59:59,Active
CHAL_4770b055,USER_08118,No Midnight Spending Challenge,2023-08-01 00:00:00,2023-08-31 23:59:59,Active
CHAL_ba149788,USER_08118,No Coffee Challenge,2023-08-01 00:00:00,2023-08-31 23:59:59,Active
CHAL_c2c77bae,USER_01631,No Midnight Spending Challenge,2023-08-01 00:00:00,2023-08-31 23:59:59,Active
CHAL_fb0bac01,USER_01631,No Coffee Challenge,2023-08-01 00:00:00,2023-08-31 23:59:59,Active
CHAL_e0c6ce1d,USER_09769,No Coffee Challenge,2023-08-01 00:00:00,2023-08-31 23:59:59,Active
CHAL_224f85af,USER_03245,No Coffee Challenge,2023-08-01 00:00:00,2023-08-31 23:59:59,Active
CHAL_54f4d978,USER_00064,No Coffee Challenge,2023-08-01 00:00:00,2023-08-31 23:59:59,Active
CHAL_e4c5ae10,USER_00064,No Midnight Spending Challenge,2023-08-01 00:00:00,2023-08-31 23:59:59,Active
CHAL_be6ad070,USER_00655,No Midnight Spending Challenge,2023-08-01 00:00:00,2023-08-31 23:59:59,Active
CHAL_395bace0,USER_00655,No Coffee Challenge,2023-08-01 00:00:00,2023-08-31 23:59:59,Active
CHAL_f71783fc,USER_00041,No Midnight Spending Challenge,2023-08-01 00:00:00,2023-08-31 23:59:59,Active
CHAL_e82ca669,USER_07058,No Midnight Spending Challenge,2023-08-01 00:00:00,2023-08-31 23:59:59,Active
CHAL_e5b4b11a,USER_03009,No Coffee Challenge,2023-08-01 00:00:00,2023-08-31 23:59:59,Active
CHAL_0d9862fd,USER_03009,No Midnight Spending Challenge,2023-08-01 00:00:00,2023-08-31 23:59:59,Active
CHAL_6800ac1b,USER_06892,No Coffee Challenge,2023-08-01 00:00:00,2023-08-31 23:59:59,Active
CHAL_1b510fc7,USER_07024,No Coffee Challenge,2023-08-01 00:00:00,2023-08-31 23:59:59,Active
CHAL_a3abd5f2,USER_07024,No Midnight Spending Challenge,2023-08-01 00:00:00,2023-08-31 23:59:59,Active
CHAL_b6695d7a,USER_06828,No Midnight Spending Challenge,2023-08-01 00:00:00,2023-08-31 23:59:59,Active
CHAL_b11c087e,USER_06828,No Coffee Challenge,2023-08-01 00:00:00,2023-08-31 23:59:59,Active
CHAL_cabd0571,USER_01763,No Midnight Spending Challenge,2023-08-01 00:00:00,2023-08-31 23:59:59,Active
CHAL_c5020d59,USER_07022,No Midnight Spending Challenge,2023-08-01 00:00:00,2023-08-31 23:59:59,Active
CHAL_d6334136,USER_03343,No Midnight Spending Challenge,2023-08-01 00:00:00,2023-08-31 23:59:59,Active
CHAL_94fe8bb2,USER_02431,No Midnight Spending Challenge,2023-08-01 00:00:00,2023-08-31 23:59:59,Active
CHAL_c5c7ca33,USER_02431,No Coffee Challenge,2023-08-01 00:00:00,2023-08-31 23:59:59,Active
CHAL_5c5260e8,USER_06384,No Midnight Spending Challenge,2023-08-01 00:00:00,2023-08-31 23:59:59,Active
CHAL_e119ab1c,USER_05595,No Coffee Challenge,2023-08-01 00:00:00,2023-08-31 23:59:59,Active
CHAL_aa4a52eb,USER_05595,No Midnight Spending Challenge,2023-08-01 00:00:00,2023-08-31 23:59:59,Active
CHAL_41b76ae2,USER_07390,No Coffee Challenge,2023-08-01 00:00:00,2023-08-31 23:59:59,Active
CHAL_21479efe,USER_05718,No Coffee Challenge,2023-08-01 00:00:00,2023-08-31 23:59:59,Active
CHAL_f0e05067,USER_05718,No Midnight Spending Challenge,2023-08-01 00:00:00,2023-08-31 23:59:59,Active
CHAL_a76f9840,USER_09469,No Midnight Spending Challenge,2023-08-01 00:00:00,2023-08-31 23:59:59,Active
CHAL_e09eca3a,USER_04374,No Midnight Spending Challenge,2023-08-01 00:00:00,2023-08-31 23:59:59,Active
CHAL_9b15a1ba,USER_07123,No Coffee Challenge,2023-08-01 00:00:00,2023-08-31 23:59:59,Active
CHAL_6055a5f6,USER_07123,No Midnight Spending Challenge,2023-08-01 00:00:00,2023-08-31 23:59:59,Active
CHAL_47e37418,USER_09181,No Coffee Challenge,2023-08-01 00:00:00,2023-08-31 23:59:59,Active
CHAL_5fa59bac,USER_01429,No Coffee Challenge,2023-08-01 00:00:00,2023-08-31 23:59:59,Active
CHAL_a4fe216f,USER_01429,No Midnight Spending Challenge,2023-08-01 00:00:00,2023-08-31 23:59:59,Active
CHAL_158371bb,USER_02302,No Coffee Challenge,2023-08-01 00:00:00,2023-08-31 23:59:59,Active
CHAL_5d6942f5,USER_01965,No Midnight Spending Challenge,2023-08-01 00:00:00,2023-08-31 23:59:59,Active
CHAL_03adae8f,USER_01965,No Coffee Challenge,2023-08-01 00:00:00,2023-08-31 23:59:59,Active
CHAL_14d1bbaf,USER_02626,No Midnight Spending Challenge,2023-08-01 00:00:00,2023-08-31 23:59:59,Active
CHAL_108eeb75,USER_06252,No Midnight Spending Challenge,2023-08-01 00:00:00,2023-08-31 23:59:59,Active
CHAL_abca42ec,USER_06252,No Coffee Challenge,2023-08-01 00:00:00,2023-08-31 23:59:59,Active
CHAL_e7b78d69,USER_09579,No Coffee Challenge,2023-08-01 00:00:00,2023-08-31 23:59:59,Active
CHAL_6a0b3244,USER_09589,No Coffee Challenge,2023-08-01 00:00:00,2023-08-31 23:59:59,Active
CHAL_8654eb7d,USER_01507,No Midnight Spending Challenge,2023-08-01 00:00:00,2023-08-31 23:59:59,Active
CHAL_bc99339f,USER_01507,No Coffee Challenge,2023-08-01 00:00:00,2023-08-31 23:59:59,Active
CHAL_efbae518,USER_03838,No Coffee Challenge,2023-08-01 00:00:00,2023-08-31 23:59:59,Active
CHAL_3340bcad,USER_03838,No Midnight Spending Challenge,2023-08-01 00:00:00,2023-08-31 23:59:59,Active
CHAL_9f3dbb99,USER_00806,No Coffee Challenge,2023-08-01 00:00:00,2023-08-31 23:59:59,Active
CHAL_67a2649f,USER_00806,No Midnight Spending Challenge,2023-08-01 00:00:00,2023-08-31 23:59:59,Active
CHAL_ae5a87fc,USER_00609,No Coffee Challenge,2023-08-01 00:00:00,2023-08-31 23:59:59,Active
CHAL_787d73c0,USER_09390,No Coffee Challenge,2023-08-01 00:00:00,2023-08-31 23:59:59,Active
CHAL_e32c32ad,USER_09390,No Midnight Spending Challenge,2023-08-01 00:00:00,2023-08-31 23:59:59,Active
CHAL_2143515c,USER_03355,No Midnight Spending Challenge,2023-08-01 00:00:00,2023-08-31 23:59:59,Active
CHAL_d9a07431,USER_08188,No Coffee Challenge,2023-08-01 00:00:00,2023-08-31 23:59:59,Active
CHAL_f7acf2dd,USER_08188,No Midnight Spending Challenge,2023-08-01 00:00:00,2023-08-31 23:59:59,Active
CHAL_a5557b7a,USER_01284,No Midnight Spending Challenge,2023-08-01 00:00:00,2023-08-31 23:59:59,Active
CHAL_46281f3b,USER_01284,No Coffee Challenge,2023-08-01 00:00:00,2023-08-31 23:59:59,Active
CHAL_8f17ca3a,USER_06244,No Coffee Challenge,2023-08-01 00:00:00,2023-08-31 23:59:59,Active
CHAL_21ae343f,USER_08954,No Coffee Challenge,2023-08-01 00:00:00,2023-08-31 23:59:59,Active
CHAL_55953e05,USER_08954,No Midnight Spending Challenge,2023-08-01 00:00:00,2023-08-31 23:59:59,Active
CHAL_b415fc4c,USER_08141,No Coffee Challenge,2023-08-01 00:00:00,2023-08-31 23:59:59,Active
CHAL_7680274b,USER_06289,No Coffee Challenge,2023-08-01 00:00:00,2023-08-31 23:59:59,Active
CHAL_0aab4447,USER_06459,No Midnight Spending Challenge,2023-08-01 00:00:00,2023-08-31 23:59:59,Active
CHAL_341eada5,USER_06459,No Coffee Challenge,2023-08-01 00:00:00,2023-08-31 23:59:59,Active
CHAL_d7f03b11,USER_08449,No Coffee Challenge,2023-08-01 00:00:00,2023-08-31 23:59:59,Active
CHAL_358ca7aa,USER_08449,No Midnight Spending Challenge,2023-08-01 00:00:00,2023-08-31 23:59:59,Active
CHAL_330e6fd1,USER_03756,No Midnight Spending Challenge,2023-08-01 00:00:00,2023-08-31 23:59:59,Active
CHAL_ed15c1e5,USER_05715,No Midnight Spending Challenge,2023-08-01 00:00:00,2023-08-31 23:59:59,Active
CHAL_4ae00e43,USER_09107,No Coffee Challenge,2023-08-01 00:00:00,2023-08-31 23:59:59,Active
CHAL_24ac050a,USER_09107,No Midnight Spending Challenge,2023-08-01 00:00:00,2023-08-31 23:59:59,Active
CHAL_db4f08cc,USER_01949,No Midnight Spending Challenge,2023-08-01 00:00:00,2023-08-31 23:59:59,Active
CHAL_2fb09ab1,USER_01949,No Coffee Challenge,2023-08-01 00:00:00,2023-08-31 23:59:59,Active
CHAL_b0059d32,USER_06124,No Coffee Challenge,2023-08-01 00:00:00,2023-08-31 23:59:59,Active
CHAL_a2691394,USER_09192,No Midnight Spending Challenge,2023-08-01 00:00:00,2023-08-31 23:59:59,Active
CHAL_961d5c24,USER_05106,No Midnight Spending Challenge,2023-08-01 00:00:00,2023-08-31 23:59:59,Active
CHAL_c8d8a0dd,USER_02631,No Coffee Challenge,2023-08-01 00:00:00,2023-08-31 23:59:59,Active
CHAL_e53abdd3,USER_02631,No Midnight Spending Challenge,2023-08-01 00:00:00,2023-08-31 23:59:59,Active
CHAL_a48e29e6,USER_04661,No Coffee Challenge,2023-08-01 00:00:00,2023-08-31 23:59:59,Active
CHAL_b6f45320,USER_04661,No Midnight Spending Challenge,2023-08-01 00:00:00,2023-08-31 23:59:59,Active
CHAL_425252db,USER_07289,No Midnight Spending Challenge,2023-08-01 00:00:00,2023-08-31 23:59:59,Active
CHAL_a57a21bf,USER_07289,No Coffee Challenge,2023-08-01 00:00:00,2023-08-31 23:59:59,Active
CHAL_cdc2f4b8,USER_04771,No Coffee Challenge,2023-08-01 00:00:00,2023-08-31 23:59:59,Active
CHAL_be171ca1,USER_01773,No Midnight Spending Challenge,2023-08-01 00:00:00,2023-08-31 23:59:59,Active
CHAL_aa5fa96e,USER_01773,No Coffee Challenge,2023-08-01 00:00:00,2023-08-31 23:59:59,Active
CHAL_0338ac76,USER_01635,No Midnight Spending Challenge,2023-08-01 00:00:00,2023-08-31 23:59:59,Active
CHAL_45869940,USER_01635,No Coffee Challenge,2023-08-01 00:00:00,2023-08-31 23:59:59,Active
CHAL_ab0ca1d2,USER_03918,No Coffee Challenge,2023-08-01 00:00:00,2023-08-31 23:59:59,Active
CHAL_5b2c6583,USER_03918,No Midnight Spending Challenge,2023-08-01 00:00:00,2023-08-31 23:59:59,Active
CHAL_a9477eb2,USER_09925,No Coffee Challenge,2023-08-01 00:00:00,2023-08-31 23:59:59,Active
CHAL_3662ae4a,USER_08419,No Midnight Spending Challenge,2023-08-01 00:00:00,2023-08-31 23:59:59,Active
CHAL_9233cd70,USER_08419,No Coffee Challenge,2023-08-01 00:00:00,2023-08-31 23:59:59,Active
