plan_id,user_id,target_tabungan,batas_pengeluaran_kategori,tenggat_waktu
PLAN_af5a1f05,USER_05159,1869374,"{""Food Delivery"": 2040000, ""Coffee Shop"": 680000, ""Movie Ticket"": 680000, ""Gaming"": 680000}",2023-08-31
PLAN_1db83f22,USER_07204,1833671,"{""Food Delivery"": 1410000, ""Coffee Shop"": 470000, ""Movie Ticket"": 470000, ""Gaming"": 470000}",2023-08-31
PLAN_3d4ca108,USER_00903,1350955,"{""Food Delivery"": 1170000, ""Coffee Shop"": 390000, ""Movie Ticket"": 390000, ""Gaming"": 390000}",2023-08-31
PLAN_9951b1ec,USER_01769,1214980,"{""Food Delivery"": 1140000, ""Coffee Shop"": 380000, ""Movie Ticket"": 380000, ""Gaming"": 380000}",2023-08-31
PLAN_0a456060,USER_03544,936375,"{""Food Delivery"": 1215000, ""Coffee Shop"": 405000, ""Movie Ticket"": 405000, ""Gaming"": 405000}",2023-08-31
PLAN_8d44bbff,USER_07548,1514352,"{""Food Delivery"": 1965000, ""Coffee Shop"": 655000, ""Movie Ticket"": 655000, ""Gaming"": 655000}",2023-08-31
PLAN_656f46ab,USER_05280,1237957,"{""Food Delivery"": 1755000, ""Coffee Shop"": 585000, ""Movie Ticket"": 585000, ""Gaming"": 585000}",2023-08-31
PLAN_1f8a111f,USER_03459,1548926,"{""Food Delivery"": 1245000, ""Coffee Shop"": 415000, ""Movie Ticket"": 415000, ""Gaming"": 415000}",2023-08-31
PLAN_dd47f145,USER_04329,1424992,"{""Food Delivery"": 1335000, ""Coffee Shop"": 445000, ""Movie Ticket"": 445000, ""Gaming"": 445000}",2023-08-31
PLAN_445106a6,USER_07264,1468942,"{""Food Delivery"": 1290000, ""Coffee Shop"": 430000, ""Movie Ticket"": 430000, ""Gaming"": 430000}",2023-08-31
PLAN_7b229fbe,USER_00434,775644,"{""Food Delivery"": 1140000, ""Coffee Shop"": 380000, ""Movie Ticket"": 380000, ""Gaming"": 380000}",2023-08-31
PLAN_5099f7a3,USER_00723,1181945,"{""Food Delivery"": 900000, ""Coffee Shop"": 300000, ""Movie Ticket"": 300000, ""Gaming"": 300000}",2023-08-31
PLAN_b3ab55b2,USER_01944,2455473,"{""Food Delivery"": 2010000, ""Coffee Shop"": 670000, ""Movie Ticket"": 670000, ""Gaming"": 670000}",2023-08-31
PLAN_b7ccc4ff,USER_06471,909254,"{""Food Delivery"": 1125000, ""Coffee Shop"": 375000, ""Movie Ticket"": 375000, ""Gaming"": 375000}",2023-08-31
PLAN_97f3cae4,USER_01395,1690009,"{""Food Delivery"": 2145000, ""Coffee Shop"": 715000, ""Movie Ticket"": 715000, ""Gaming"": 715000}",2023-08-31
PLAN_2902db2e,USER_00384,650872,"{""Food Delivery"": 825000, ""Coffee Shop"": 275000, ""Movie Ticket"": 275000, ""Gaming"": 275000}",2023-08-31
PLAN_90d2ea50,USER_00257,1852023,"{""Food Delivery"": 2130000, ""Coffee Shop"": 710000, ""Movie Ticket"": 710000, ""Gaming"": 710000}",2023-08-31
PLAN_de703797,USER_04931,2180401,"{""Food Delivery"": 2145000, ""Coffee Shop"": 715000, ""Movie Ticket"": 715000, ""Gaming"": 715000}",2023-08-31
PLAN_9e70581f,USER_05181,486861,"{""Food Delivery"": 510000, ""Coffee Shop"": 170000, ""Movie Ticket"": 170000, ""Gaming"": 170000}",2023-08-31
PLAN_fbc52ede,USER_07275,1459088,"{""Food Delivery"": 1695000, ""Coffee Shop"": 565000, ""Movie Ticket"": 565000, ""Gaming"": 565000}",2023-08-31
PLAN_5344e5ca,USER_05710,1305600,"{""Food Delivery"": 1215000, ""Coffee Shop"": 405000, ""Movie Ticket"": 405000, ""Gaming"": 405000}",2023-08-31
PLAN_0b6c037b,USER_03731,1526921,"{""Food Delivery"": 2010000, ""Coffee Shop"": 670000, ""Movie Ticket"": 670000, ""Gaming"": 670000}",2023-08-31
PLAN_d91ca8d3,USER_01167,1343830,"{""Food Delivery"": 1560000, ""Coffee Shop"": 520000, ""Movie Ticket"": 520000, ""Gaming"": 520000}",2023-08-31
PLAN_0d958f6c,USER_06153,2035879,"{""Food Delivery"": 2235000, ""Coffee Shop"": 745000, ""Movie Ticket"": 745000, ""Gaming"": 745000}",2023-08-31
PLAN_b787b33b,USER_01839,1208538,"{""Food Delivery"": 1245000, ""Coffee Shop"": 415000, ""Movie Ticket"": 415000, ""Gaming"": 415000}",2023-08-31
PLAN_ad664af1,USER_09865,1106809,"{""Food Delivery"": 930000, ""Coffee Shop"": 310000, ""Movie Ticket"": 310000, ""Gaming"": 310000}",2023-08-31
PLAN_9e3d5849,USER_05566,947742,"{""Food Delivery"": 1185000, ""Coffee Shop"": 395000, ""Movie Ticket"": 395000, ""Gaming"": 395000}",2023-08-31
PLAN_69d5a592,USER_04900,1014537,"{""Food Delivery"": 1005000, ""Coffee Shop"": 335000, ""Movie Ticket"": 335000, ""Gaming"": 335000}",2023-08-31
PLAN_2b160493,USER_06975,891752,"{""Food Delivery"": 840000, ""Coffee Shop"": 280000, ""Movie Ticket"": 280000, ""Gaming"": 280000}",2023-08-31
PLAN_0c1c1f96,USER_08737,1328992,"{""Food Delivery"": 1905000, ""Coffee Shop"": 635000, ""Movie Ticket"": 635000, ""Gaming"": 635000}",2023-08-31
PLAN_b6f1ebdf,USER_08347,707319,"{""Food Delivery"": 660000, ""Coffee Shop"": 220000, ""Movie Ticket"": 220000, ""Gaming"": 220000}",2023-08-31
PLAN_3cb74e93,USER_06829,1463155,"{""Food Delivery"": 1875000, ""Coffee Shop"": 625000, ""Movie Ticket"": 625000, ""Gaming"": 625000}",2023-08-31
PLAN_fd754dff,USER_04117,958546,"{""Food Delivery"": 1350000, ""Coffee Shop"": 450000, ""Movie Ticket"": 450000, ""Gaming"": 450000}",2023-08-31
PLAN_2be56cdc,USER_06155,974442,"{""Food Delivery"": 750000, ""Coffee Shop"": 250000, ""Movie Ticket"": 250000, ""Gaming"": 250000}",2023-08-31
PLAN_f4dfed80,USER_00051,1474224,"{""Food Delivery"": 1125000, ""Coffee Shop"": 375000, ""Movie Ticket"": 375000, ""Gaming"": 375000}",2023-08-31
PLAN_3f6dd852,USER_00930,1772229,"{""Food Delivery"": 1470000, ""Coffee Shop"": 490000, ""Movie Ticket"": 490000, ""Gaming"": 490000}",2023-08-31
PLAN_21489d9b,USER_03591,456614,"{""Food Delivery"": 525000, ""Coffee Shop"": 175000, ""Movie Ticket"": 175000, ""Gaming"": 175000}",2023-08-31
PLAN_da893013,USER_02590,735440,"{""Food Delivery"": 1005000, ""Coffee Shop"": 335000, ""Movie Ticket"": 335000, ""Gaming"": 335000}",2023-08-31
PLAN_a2f962b7,USER_03043,1532652,"{""Food Delivery"": 1365000, ""Coffee Shop"": 455000, ""Movie Ticket"": 455000, ""Gaming"": 455000}",2023-08-31
PLAN_50dcbf78,USER_03935,1656175,"{""Food Delivery"": 1725000, ""Coffee Shop"": 575000, ""Movie Ticket"": 575000, ""Gaming"": 575000}",2023-08-31
PLAN_7a14366c,USER_03336,1021054,"{""Food Delivery"": 1365000, ""Coffee Shop"": 455000, ""Movie Ticket"": 455000, ""Gaming"": 455000}",2023-08-31
PLAN_bf2fd378,USER_03325,1659646,"{""Food Delivery"": 1665000, ""Coffee Shop"": 555000, ""Movie Ticket"": 555000, ""Gaming"": 555000}",2023-08-31
PLAN_1a205848,USER_03528,1106795,"{""Food Delivery"": 1605000, ""Coffee Shop"": 535000, ""Movie Ticket"": 535000, ""Gaming"": 535000}",2023-08-31
PLAN_7b4a1a22,USER_01473,1966600,"{""Food Delivery"": 1545000, ""Coffee Shop"": 515000, ""Movie Ticket"": 515000, ""Gaming"": 515000}",2023-08-31
PLAN_60bf8892,USER_03895,944084,"{""Food Delivery"": 1125000, ""Coffee Shop"": 375000, ""Movie Ticket"": 375000, ""Gaming"": 375000}",2023-08-31
PLAN_bcce4e0a,USER_00326,698259,"{""Food Delivery"": 630000, ""Coffee Shop"": 210000, ""Movie Ticket"": 210000, ""Gaming"": 210000}",2023-08-31
PLAN_a98795de,USER_06052,1626521,"{""Food Delivery"": 1860000, ""Coffee Shop"": 620000, ""Movie Ticket"": 620000, ""Gaming"": 620000}",2023-08-31
PLAN_a510939a,USER_03700,1869683,"{""Food Delivery"": 1845000, ""Coffee Shop"": 615000, ""Movie Ticket"": 615000, ""Gaming"": 615000}",2023-08-31
PLAN_4bfeb44c,USER_07984,494947,"{""Food Delivery"": 480000, ""Coffee Shop"": 160000, ""Movie Ticket"": 160000, ""Gaming"": 160000}",2023-08-31
PLAN_eda44e1e,USER_04870,1457370,"{""Food Delivery"": 1845000, ""Coffee Shop"": 615000, ""Movie Ticket"": 615000, ""Gaming"": 615000}",2023-08-31
PLAN_875dc873,USER_04742,689354,"{""Food Delivery"": 525000, ""Coffee Shop"": 175000, ""Movie Ticket"": 175000, ""Gaming"": 175000}",2023-08-31
PLAN_654a2b28,USER_08741,2165662,"{""Food Delivery"": 1830000, ""Coffee Shop"": 610000, ""Movie Ticket"": 610000, ""Gaming"": 610000}",2023-08-31
PLAN_651ac20a,USER_07974,717614,"{""Food Delivery"": 555000, ""Coffee Shop"": 185000, ""Movie Ticket"": 185000, ""Gaming"": 185000}",2023-08-31
PLAN_35a3d0a2,USER_05484,1383223,"{""Food Delivery"": 1095000, ""Coffee Shop"": 365000, ""Movie Ticket"": 365000, ""Gaming"": 365000}",2023-08-31
PLAN_f7e8513a,USER_07662,2205101,"{""Food Delivery"": 2070000, ""Coffee Shop"": 690000, ""Movie Ticket"": 690000, ""Gaming"": 690000}",2023-08-31
PLAN_dfffc2f5,USER_01404,2613748,"{""Food Delivery"": 2040000, ""Coffee Shop"": 680000, ""Movie Ticket"": 680000, ""Gaming"": 680000}",2023-08-31
PLAN_f63f84dd,USER_06644,1491234,"{""Food Delivery"": 2055000, ""Coffee Shop"": 685000, ""Movie Ticket"": 685000, ""Gaming"": 685000}",2023-08-31
PLAN_b04a9d62,USER_03963,741509,"{""Food Delivery"": 930000, ""Coffee Shop"": 310000, ""Movie Ticket"": 310000, ""Gaming"": 310000}",2023-08-31
PLAN_d6ad9d3f,USER_02160,1149750,"{""Food Delivery"": 1650000, ""Coffee Shop"": 550000, ""Movie Ticket"": 550000, ""Gaming"": 550000}",2023-08-31
PLAN_eb81bea4,USER_00509,1868715,"{""Food Delivery"": 2115000, ""Coffee Shop"": 705000, ""Movie Ticket"": 705000, ""Gaming"": 705000}",2023-08-31
PLAN_1c8f57c4,USER_05421,1444224,"{""Food Delivery"": 1560000, ""Coffee Shop"": 520000, ""Movie Ticket"": 520000, ""Gaming"": 520000}",2023-08-31
PLAN_a0665030,USER_00536,1347629,"{""Food Delivery"": 1590000, ""Coffee Shop"": 530000, ""Movie Ticket"": 530000, ""Gaming"": 530000}",2023-08-31
PLAN_50b18583,USER_03732,1444702,"{""Food Delivery"": 1185000, ""Coffee Shop"": 395000, ""Movie Ticket"": 395000, ""Gaming"": 395000}",2023-08-31
PLAN_034de4dd,USER_00058,542701,"{""Food Delivery"": 600000, ""Coffee Shop"": 200000, ""Movie Ticket"": 200000, ""Gaming"": 200000}",2023-08-31
PLAN_cb73f928,USER_01431,1588358,"{""Food Delivery"": 1860000, ""Coffee Shop"": 620000, ""Movie Ticket"": 620000, ""Gaming"": 620000}",2023-08-31
PLAN_c476b704,USER_01569,879336,"{""Food Delivery"": 855000, ""Coffee Shop"": 285000, ""Movie Ticket"": 285000, ""Gaming"": 285000}",2023-08-31
PLAN_58330950,USER_09093,1563066,"{""Food Delivery"": 2055000, ""Coffee Shop"": 685000, ""Movie Ticket"": 685000, ""Gaming"": 685000}",2023-08-31
PLAN_c9e2e385,USER_08679,1784175,"{""Food Delivery"": 1485000, ""Coffee Shop"": 495000, ""Movie Ticket"": 495000, ""Gaming"": 495000}",2023-08-31
PLAN_50319d48,USER_03820,752185,"{""Food Delivery"": 1050000, ""Coffee Shop"": 350000, ""Movie Ticket"": 350000, ""Gaming"": 350000}",2023-08-31
PLAN_30e9c673,USER_03468,894099,"{""Food Delivery"": 675000, ""Coffee Shop"": 225000, ""Movie Ticket"": 225000, ""Gaming"": 225000}",2023-08-31
PLAN_4fe00ba4,USER_02224,1719077,"{""Food Delivery"": 1455000, ""Coffee Shop"": 485000, ""Movie Ticket"": 485000, ""Gaming"": 485000}",2023-08-31
PLAN_f7b911b9,USER_04519,1534356,"{""Food Delivery"": 1920000, ""Coffee Shop"": 640000, ""Movie Ticket"": 640000, ""Gaming"": 640000}",2023-08-31
PLAN_ad83764c,USER_00916,774252,"{""Food Delivery"": 1155000, ""Coffee Shop"": 385000, ""Movie Ticket"": 385000, ""Gaming"": 385000}",2023-08-31
PLAN_d20d3179,USER_06348,1543142,"{""Food Delivery"": 1275000, ""Coffee Shop"": 425000, ""Movie Ticket"": 425000, ""Gaming"": 425000}",2023-08-31
PLAN_bcf47fcd,USER_01868,1587377,"{""Food Delivery"": 1395000, ""Coffee Shop"": 465000, ""Movie Ticket"": 465000, ""Gaming"": 465000}",2023-08-31
PLAN_fac99d6e,USER_00724,1521526,"{""Food Delivery"": 1320000, ""Coffee Shop"": 440000, ""Movie Ticket"": 440000, ""Gaming"": 440000}",2023-08-31
PLAN_51e05821,USER_09458,2107811,"{""Food Delivery"": 1785000, ""Coffee Shop"": 595000, ""Movie Ticket"": 595000, ""Gaming"": 595000}",2023-08-31
PLAN_ef1eba3b,USER_06794,977380,"{""Food Delivery"": 1365000, ""Coffee Shop"": 455000, ""Movie Ticket"": 455000, ""Gaming"": 455000}",2023-08-31
PLAN_258aa89c,USER_01317,2037698,"{""Food Delivery"": 2250000, ""Coffee Shop"": 750000, ""Movie Ticket"": 750000, ""Gaming"": 750000}",2023-08-31
PLAN_43ae9823,USER_02077,1171662,"{""Food Delivery"": 1575000, ""Coffee Shop"": 525000, ""Movie Ticket"": 525000, ""Gaming"": 525000}",2023-08-31
PLAN_e64e5f29,USER_06845,745241,"{""Food Delivery"": 600000, ""Coffee Shop"": 200000, ""Movie Ticket"": 200000, ""Gaming"": 200000}",2023-08-31
PLAN_fad33c7d,USER_02524,2110287,"{""Food Delivery"": 1950000, ""Coffee Shop"": 650000, ""Movie Ticket"": 650000, ""Gaming"": 650000}",2023-08-31
PLAN_788976a7,USER_06965,1570459,"{""Food Delivery"": 1770000, ""Coffee Shop"": 590000, ""Movie Ticket"": 590000, ""Gaming"": 590000}",2023-08-31
PLAN_0c26a59e,USER_02936,499872,"{""Food Delivery"": 705000, ""Coffee Shop"": 235000, ""Movie Ticket"": 235000, ""Gaming"": 235000}",2023-08-31
PLAN_706cc84f,USER_00889,629271,"{""Food Delivery"": 720000, ""Coffee Shop"": 240000, ""Movie Ticket"": 240000, ""Gaming"": 240000}",2023-08-31
PLAN_48d5e3da,USER_02268,1537212,"{""Food Delivery"": 1740000, ""Coffee Shop"": 580000, ""Movie Ticket"": 580000, ""Gaming"": 580000}",2023-08-31
PLAN_e84133d5,USER_06110,1452869,"{""Food Delivery"": 1260000, ""Coffee Shop"": 420000, ""Movie Ticket"": 420000, ""Gaming"": 420000}",2023-08-31
PLAN_503298b5,USER_06578,2145200,"{""Food Delivery"": 1965000, ""Coffee Shop"": 655000, ""Movie Ticket"": 655000, ""Gaming"": 655000}",2023-08-31
PLAN_03262439,USER_03529,2774202,"{""Food Delivery"": 2205000, ""Coffee Shop"": 735000, ""Movie Ticket"": 735000, ""Gaming"": 735000}",2023-08-31
PLAN_7a31103a,USER_03485,1634158,"{""Food Delivery"": 1665000, ""Coffee Shop"": 555000, ""Movie Ticket"": 555000, ""Gaming"": 555000}",2023-08-31
PLAN_eda038f5,USER_00515,615776,"{""Food Delivery"": 825000, ""Coffee Shop"": 275000, ""Movie Ticket"": 275000, ""Gaming"": 275000}",2023-08-31
PLAN_38816ff7,USER_02129,599635,"{""Food Delivery"": 525000, ""Coffee Shop"": 175000, ""Movie Ticket"": 175000, ""Gaming"": 175000}",2023-08-31
PLAN_e4e3f84b,USER_08642,581059,"{""Food Delivery"": 495000, ""Coffee Shop"": 165000, ""Movie Ticket"": 165000, ""Gaming"": 165000}",2023-08-31
PLAN_33000570,USER_00975,2138949,"{""Food Delivery"": 2055000, ""Coffee Shop"": 685000, ""Movie Ticket"": 685000, ""Gaming"": 685000}",2023-08-31
PLAN_69800a55,USER_06105,2550192,"{""Food Delivery"": 2160000, ""Coffee Shop"": 720000, ""Movie Ticket"": 720000, ""Gaming"": 720000}",2023-08-31
PLAN_beedcf0e,USER_05483,866401,"{""Food Delivery"": 870000, ""Coffee Shop"": 290000, ""Movie Ticket"": 290000, ""Gaming"": 290000}",2023-08-31
PLAN_c8631036,USER_03020,1340004,"{""Food Delivery"": 1320000, ""Coffee Shop"": 440000, ""Movie Ticket"": 440000, ""Gaming"": 440000}",2023-08-31
PLAN_c57b2a81,USER_00836,1812977,"{""Food Delivery"": 1905000, ""Coffee Shop"": 635000, ""Movie Ticket"": 635000, ""Gaming"": 635000}",2023-08-31
PLAN_e18cf961,USER_09219,471692,"{""Food Delivery"": 690000, ""Coffee Shop"": 230000, ""Movie Ticket"": 230000, ""Gaming"": 230000}",2023-08-31
PLAN_af094130,USER_02867,1506732,"{""Food Delivery"": 2040000, ""Coffee Shop"": 680000, ""Movie Ticket"": 680000, ""Gaming"": 680000}",2023-08-31
PLAN_d96ff6a6,USER_08415,742629,"{""Food Delivery"": 1080000, ""Coffee Shop"": 360000, ""Movie Ticket"": 360000, ""Gaming"": 360000}",2023-08-31
PLAN_4212e802,USER_00933,2389159,"{""Food Delivery"": 2190000, ""Coffee Shop"": 730000, ""Movie Ticket"": 730000, ""Gaming"": 730000}",2023-08-31
PLAN_2c183ea7,USER_00664,1432648,"{""Food Delivery"": 1635000, ""Coffee Shop"": 545000, ""Movie Ticket"": 545000, ""Gaming"": 545000}",2023-08-31
PLAN_52f87cae,USER_06850,1433142,"{""Food Delivery"": 1425000, ""Coffee Shop"": 475000, ""Movie Ticket"": 475000, ""Gaming"": 475000}",2023-08-31
PLAN_93058dd2,USER_09242,1201766,"{""Food Delivery"": 945000, ""Coffee Shop"": 315000, ""Movie Ticket"": 315000, ""Gaming"": 315000}",2023-08-31
PLAN_03eeb5b0,USER_06733,1848952,"{""Food Delivery"": 2220000, ""Coffee Shop"": 740000, ""Movie Ticket"": 740000, ""Gaming"": 740000}",2023-08-31
PLAN_c6721954,USER_01196,521841,"{""Food Delivery"": 555000, ""Coffee Shop"": 185000, ""Movie Ticket"": 185000, ""Gaming"": 185000}",2023-08-31
PLAN_d9960305,USER_02750,737331,"{""Food Delivery"": 630000, ""Coffee Shop"": 210000, ""Movie Ticket"": 210000, ""Gaming"": 210000}",2023-08-31
PLAN_a2aa3f47,USER_05320,1658877,"{""Food Delivery"": 2025000, ""Coffee Shop"": 675000, ""Movie Ticket"": 675000, ""Gaming"": 675000}",2023-08-31
PLAN_eec756c2,USER_09262,398482,"{""Food Delivery"": 555000, ""Coffee Shop"": 185000, ""Movie Ticket"": 185000, ""Gaming"": 185000}",2023-08-31
PLAN_eca4b52b,USER_06818,1586394,"{""Food Delivery"": 1845000, ""Coffee Shop"": 615000, ""Movie Ticket"": 615000, ""Gaming"": 615000}",2023-08-31
PLAN_0e916442,USER_01268,1451526,"{""Food Delivery"": 1875000, ""Coffee Shop"": 625000, ""Movie Ticket"": 625000, ""Gaming"": 625000}",2023-08-31
PLAN_1dbeaf0b,USER_07258,2489309,"{""Food Delivery"": 1935000, ""Coffee Shop"": 645000, ""Movie Ticket"": 645000, ""Gaming"": 645000}",2023-08-31
PLAN_6e836917,USER_09996,2531368,"{""Food Delivery"": 2100000, ""Coffee Shop"": 700000, ""Movie Ticket"": 700000, ""Gaming"": 700000}",2023-08-31
PLAN_f1df7664,USER_03718,2009086,"{""Food Delivery"": 1845000, ""Coffee Shop"": 615000, ""Movie Ticket"": 615000, ""Gaming"": 615000}",2023-08-31
PLAN_af2b4065,USER_02774,1759172,"{""Food Delivery"": 1410000, ""Coffee Shop"": 470000, ""Movie Ticket"": 470000, ""Gaming"": 470000}",2023-08-31
PLAN_a750059b,USER_02811,1298643,"{""Food Delivery"": 1080000, ""Coffee Shop"": 360000, ""Movie Ticket"": 360000, ""Gaming"": 360000}",2023-08-31
PLAN_a0ba6eeb,USER_02102,806867,"{""Food Delivery"": 1020000, ""Coffee Shop"": 340000, ""Movie Ticket"": 340000, ""Gaming"": 340000}",2023-08-31
PLAN_7b6e6e45,USER_09149,2081814,"{""Food Delivery"": 1650000, ""Coffee Shop"": 550000, ""Movie Ticket"": 550000, ""Gaming"": 550000}",2023-08-31
PLAN_b1ae3077,USER_02898,1354621,"{""Food Delivery"": 1320000, ""Coffee Shop"": 440000, ""Movie Ticket"": 440000, ""Gaming"": 440000}",2023-08-31
PLAN_8f961066,USER_03240,2042407,"{""Food Delivery"": 1695000, ""Coffee Shop"": 565000, ""Movie Ticket"": 565000, ""Gaming"": 565000}",2023-08-31
PLAN_0c0a6ff8,USER_02003,2218426,"{""Food Delivery"": 1755000, ""Coffee Shop"": 585000, ""Movie Ticket"": 585000, ""Gaming"": 585000}",2023-08-31
PLAN_4218fd90,USER_00265,1884744,"{""Food Delivery"": 2145000, ""Coffee Shop"": 715000, ""Movie Ticket"": 715000, ""Gaming"": 715000}",2023-08-31
PLAN_6d2644b1,USER_02119,1276559,"{""Food Delivery"": 1725000, ""Coffee Shop"": 575000, ""Movie Ticket"": 575000, ""Gaming"": 575000}",2023-08-31
PLAN_296b3e34,USER_09176,1498080,"{""Food Delivery"": 1830000, ""Coffee Shop"": 610000, ""Movie Ticket"": 610000, ""Gaming"": 610000}",2023-08-31
PLAN_e78127bc,USER_01496,1641173,"{""Food Delivery"": 1725000, ""Coffee Shop"": 575000, ""Movie Ticket"": 575000, ""Gaming"": 575000}",2023-08-31
PLAN_b21d4425,USER_05834,1327150,"{""Food Delivery"": 1095000, ""Coffee Shop"": 365000, ""Movie Ticket"": 365000, ""Gaming"": 365000}",2023-08-31
PLAN_db593156,USER_00028,707077,"{""Food Delivery"": 570000, ""Coffee Shop"": 190000, ""Movie Ticket"": 190000, ""Gaming"": 190000}",2023-08-31
PLAN_757897cb,USER_05235,664588,"{""Food Delivery"": 990000, ""Coffee Shop"": 330000, ""Movie Ticket"": 330000, ""Gaming"": 330000}",2023-08-31
PLAN_739f9b0d,USER_01438,1556069,"{""Food Delivery"": 1545000, ""Coffee Shop"": 515000, ""Movie Ticket"": 515000, ""Gaming"": 515000}",2023-08-31
PLAN_da5c5e00,USER_00531,921317,"{""Food Delivery"": 975000, ""Coffee Shop"": 325000, ""Movie Ticket"": 325000, ""Gaming"": 325000}",2023-08-31
PLAN_518f8b52,USER_02780,1588740,"{""Food Delivery"": 1950000, ""Coffee Shop"": 650000, ""Movie Ticket"": 650000, ""Gaming"": 650000}",2023-08-31
PLAN_c4c5d97a,USER_09440,1355037,"{""Food Delivery"": 1815000, ""Coffee Shop"": 605000, ""Movie Ticket"": 605000, ""Gaming"": 605000}",2023-08-31
PLAN_8342a0cd,USER_01017,762440,"{""Food Delivery"": 855000, ""Coffee Shop"": 285000, ""Movie Ticket"": 285000, ""Gaming"": 285000}",2023-08-31
PLAN_19b8b6c3,USER_00037,1379465,"{""Food Delivery"": 1065000, ""Coffee Shop"": 355000, ""Movie Ticket"": 355000, ""Gaming"": 355000}",2023-08-31
PLAN_c0d78d55,USER_07960,952706,"{""Food Delivery"": 1080000, ""Coffee Shop"": 360000, ""Movie Ticket"": 360000, ""Gaming"": 360000}",2023-08-31
PLAN_1305283d,USER_03376,1731421,"{""Food Delivery"": 1710000, ""Coffee Shop"": 570000, ""Movie Ticket"": 570000, ""Gaming"": 570000}",2023-08-31
PLAN_b9f8ab0e,USER_05098,1992532,"{""Food Delivery"": 1755000, ""Coffee Shop"": 585000, ""Movie Ticket"": 585000, ""Gaming"": 585000}",2023-08-31
PLAN_cc94e9e6,USER_05169,968177,"{""Food Delivery"": 1065000, ""Coffee Shop"": 355000, ""Movie Ticket"": 355000, ""Gaming"": 355000}",2023-08-31
PLAN_6bb41941,USER_09907,2622470,"{""Food Delivery"": 1995000, ""Coffee Shop"": 665000, ""Movie Ticket"": 665000, ""Gaming"": 665000}",2023-08-31
PLAN_3d8fcb36,USER_00371,1864324,"{""Food Delivery"": 1425000, ""Coffee Shop"": 475000, ""Movie Ticket"": 475000, ""Gaming"": 475000}",2023-08-31
PLAN_e2d9668f,USER_04371,1051497,"{""Food Delivery"": 1260000, ""Coffee Shop"": 420000, ""Movie Ticket"": 420000, ""Gaming"": 420000}",2023-08-31
PLAN_0d7ae559,USER_02079,1512220,"{""Food Delivery"": 1515000, ""Coffee Shop"": 505000, ""Movie Ticket"": 505000, ""Gaming"": 505000}",2023-08-31
PLAN_1c391b70,USER_06707,1001676,"{""Food Delivery"": 1155000, ""Coffee Shop"": 385000, ""Movie Ticket"": 385000, ""Gaming"": 385000}",2023-08-31
PLAN_bd7780bb,USER_09491,1541808,"{""Food Delivery"": 1800000, ""Coffee Shop"": 600000, ""Movie Ticket"": 600000, ""Gaming"": 600000}",2023-08-31
PLAN_0181a91a,USER_06445,528812,"{""Food Delivery"": 765000, ""Coffee Shop"": 255000, ""Movie Ticket"": 255000, ""Gaming"": 255000}",2023-08-31
PLAN_eaf8c430,USER_05897,2092433,"{""Food Delivery"": 1950000, ""Coffee Shop"": 650000, ""Movie Ticket"": 650000, ""Gaming"": 650000}",2023-08-31
PLAN_a1c6f666,USER_08042,841500,"{""Food Delivery"": 840000, ""Coffee Shop"": 280000, ""Movie Ticket"": 280000, ""Gaming"": 280000}",2023-08-31
PLAN_a024eb82,USER_09116,1577218,"{""Food Delivery"": 2250000, ""Coffee Shop"": 750000, ""Movie Ticket"": 750000, ""Gaming"": 750000}",2023-08-31
PLAN_d0aac0c6,USER_08946,1559948,"{""Food Delivery"": 1830000, ""Coffee Shop"": 610000, ""Movie Ticket"": 610000, ""Gaming"": 610000}",2023-08-31
PLAN_08d34ce7,USER_00408,1831935,"{""Food Delivery"": 1440000, ""Coffee Shop"": 480000, ""Movie Ticket"": 480000, ""Gaming"": 480000}",2023-08-31
PLAN_8959d3da,USER_04676,1698199,"{""Food Delivery"": 2055000, ""Coffee Shop"": 685000, ""Movie Ticket"": 685000, ""Gaming"": 685000}",2023-08-31
PLAN_42af7833,USER_09923,480855,"{""Food Delivery"": 630000, ""Coffee Shop"": 210000, ""Movie Ticket"": 210000, ""Gaming"": 210000}",2023-08-31
PLAN_e989ce1e,USER_01043,1102195,"{""Food Delivery"": 1110000, ""Coffee Shop"": 370000, ""Movie Ticket"": 370000, ""Gaming"": 370000}",2023-08-31
PLAN_a4a2a395,USER_06172,774403,"{""Food Delivery"": 585000, ""Coffee Shop"": 195000, ""Movie Ticket"": 195000, ""Gaming"": 195000}",2023-08-31
PLAN_12282035,USER_01705,1602251,"{""Food Delivery"": 1935000, ""Coffee Shop"": 645000, ""Movie Ticket"": 645000, ""Gaming"": 645000}",2023-08-31
PLAN_5836f8ca,USER_05568,635411,"{""Food Delivery"": 570000, ""Coffee Shop"": 190000, ""Movie Ticket"": 190000, ""Gaming"": 190000}",2023-08-31
PLAN_3e111485,USER_00301,1462144,"{""Food Delivery"": 1245000, ""Coffee Shop"": 415000, ""Movie Ticket"": 415000, ""Gaming"": 415000}",2023-08-31
PLAN_55903b79,USER_06067,1844079,"{""Food Delivery"": 2235000, ""Coffee Shop"": 745000, ""Movie Ticket"": 745000, ""Gaming"": 745000}",2023-08-31
PLAN_18583270,USER_03315,2557760,"{""Food Delivery"": 2220000, ""Coffee Shop"": 740000, ""Movie Ticket"": 740000, ""Gaming"": 740000}",2023-08-31
PLAN_fcf4b0d4,USER_00414,765958,"{""Food Delivery"": 840000, ""Coffee Shop"": 280000, ""Movie Ticket"": 280000, ""Gaming"": 280000}",2023-08-31
PLAN_40fd16cd,USER_07678,1028352,"{""Food Delivery"": 945000, ""Coffee Shop"": 315000, ""Movie Ticket"": 315000, ""Gaming"": 315000}",2023-08-31
PLAN_a774f3e9,USER_02353,2352282,"{""Food Delivery"": 2160000, ""Coffee Shop"": 720000, ""Movie Ticket"": 720000, ""Gaming"": 720000}",2023-08-31
PLAN_83952e74,USER_05321,460732,"{""Food Delivery"": 450000, ""Coffee Shop"": 150000, ""Movie Ticket"": 150000, ""Gaming"": 150000}",2023-08-31
PLAN_1ee269ca,USER_08451,665076,"{""Food Delivery"": 915000, ""Coffee Shop"": 305000, ""Movie Ticket"": 305000, ""Gaming"": 305000}",2023-08-31
PLAN_d9dd2ab7,USER_02656,2165656,"{""Food Delivery"": 1770000, ""Coffee Shop"": 590000, ""Movie Ticket"": 590000, ""Gaming"": 590000}",2023-08-31
PLAN_8c06dce6,USER_08017,1611351,"{""Food Delivery"": 1830000, ""Coffee Shop"": 610000, ""Movie Ticket"": 610000, ""Gaming"": 610000}",2023-08-31
PLAN_0b97b1cc,USER_02075,1186518,"{""Food Delivery"": 1500000, ""Coffee Shop"": 500000, ""Movie Ticket"": 500000, ""Gaming"": 500000}",2023-08-31
PLAN_a0f1cc03,USER_08782,1477900,"{""Food Delivery"": 2130000, ""Coffee Shop"": 710000, ""Movie Ticket"": 710000, ""Gaming"": 710000}",2023-08-31
PLAN_dcc9dab9,USER_08433,1527257,"{""Food Delivery"": 1440000, ""Coffee Shop"": 480000, ""Movie Ticket"": 480000, ""Gaming"": 480000}",2023-08-31
PLAN_db676eae,USER_04308,1895647,"{""Food Delivery"": 1695000, ""Coffee Shop"": 565000, ""Movie Ticket"": 565000, ""Gaming"": 565000}",2023-08-31
PLAN_805cca77,USER_00698,498128,"{""Food Delivery"": 735000, ""Coffee Shop"": 245000, ""Movie Ticket"": 245000, ""Gaming"": 245000}",2023-08-31
PLAN_4e4902dd,USER_04926,2207655,"{""Food Delivery"": 2190000, ""Coffee Shop"": 730000, ""Movie Ticket"": 730000, ""Gaming"": 730000}",2023-08-31
PLAN_a567d559,USER_01698,1508589,"{""Food Delivery"": 1845000, ""Coffee Shop"": 615000, ""Movie Ticket"": 615000, ""Gaming"": 615000}",2023-08-31
PLAN_d7193d4a,USER_00532,1052910,"{""Food Delivery"": 960000, ""Coffee Shop"": 320000, ""Movie Ticket"": 320000, ""Gaming"": 320000}",2023-08-31
PLAN_e49eae91,USER_05398,1503189,"{""Food Delivery"": 1920000, ""Coffee Shop"": 640000, ""Movie Ticket"": 640000, ""Gaming"": 640000}",2023-08-31
PLAN_7a2e39b8,USER_02641,2401131,"{""Food Delivery"": 2130000, ""Coffee Shop"": 710000, ""Movie Ticket"": 710000, ""Gaming"": 710000}",2023-08-31
PLAN_abafb62a,USER_01608,1830490,"{""Food Delivery"": 1980000, ""Coffee Shop"": 660000, ""Movie Ticket"": 660000, ""Gaming"": 660000}",2023-08-31
PLAN_9a08cbe5,USER_03541,2324075,"{""Food Delivery"": 1800000, ""Coffee Shop"": 600000, ""Movie Ticket"": 600000, ""Gaming"": 600000}",2023-08-31
PLAN_7dd1e909,USER_05974,1353649,"{""Food Delivery"": 1785000, ""Coffee Shop"": 595000, ""Movie Ticket"": 595000, ""Gaming"": 595000}",2023-08-31
PLAN_eb377689,USER_09037,1434940,"{""Food Delivery"": 1605000, ""Coffee Shop"": 535000, ""Movie Ticket"": 535000, ""Gaming"": 535000}",2023-08-31
PLAN_a2663cf0,USER_05270,512197,"{""Food Delivery"": 690000, ""Coffee Shop"": 230000, ""Movie Ticket"": 230000, ""Gaming"": 230000}",2023-08-31
PLAN_88f2ed07,USER_01958,904606,"{""Food Delivery"": 705000, ""Coffee Shop"": 235000, ""Movie Ticket"": 235000, ""Gaming"": 235000}",2023-08-31
PLAN_aa414856,USER_00886,1389231,"{""Food Delivery"": 1110000, ""Coffee Shop"": 370000, ""Movie Ticket"": 370000, ""Gaming"": 370000}",2023-08-31
PLAN_8c0e548f,USER_00898,1824015,"{""Food Delivery"": 2175000, ""Coffee Shop"": 725000, ""Movie Ticket"": 725000, ""Gaming"": 725000}",2023-08-31
PLAN_b4ab8966,USER_08809,2025180,"{""Food Delivery"": 1830000, ""Coffee Shop"": 610000, ""Movie Ticket"": 610000, ""Gaming"": 610000}",2023-08-31
PLAN_43421912,USER_00654,2053461,"{""Food Delivery"": 1695000, ""Coffee Shop"": 565000, ""Movie Ticket"": 565000, ""Gaming"": 565000}",2023-08-31
PLAN_17e91377,USER_02819,1275264,"{""Food Delivery"": 1230000, ""Coffee Shop"": 410000, ""Movie Ticket"": 410000, ""Gaming"": 410000}",2023-08-31
PLAN_4fb662bc,USER_05547,1835580,"{""Food Delivery"": 1800000, ""Coffee Shop"": 600000, ""Movie Ticket"": 600000, ""Gaming"": 600000}",2023-08-31
PLAN_f5bf8f59,USER_05720,1378456,"{""Food Delivery"": 1665000, ""Coffee Shop"": 555000, ""Movie Ticket"": 555000, ""Gaming"": 555000}",2023-08-31
PLAN_42d729df,USER_04638,1060309,"{""Food Delivery"": 1455000, ""Coffee Shop"": 485000, ""Movie Ticket"": 485000, ""Gaming"": 485000}",2023-08-31
PLAN_61e82075,USER_08645,1783382,"{""Food Delivery"": 1410000, ""Coffee Shop"": 470000, ""Movie Ticket"": 470000, ""Gaming"": 470000}",2023-08-31
PLAN_f0c4830c,USER_08934,2717597,"{""Food Delivery"": 2145000, ""Coffee Shop"": 715000, ""Movie Ticket"": 715000, ""Gaming"": 715000}",2023-08-31
PLAN_22b762f0,USER_00514,489930,"{""Food Delivery"": 450000, ""Coffee Shop"": 150000, ""Movie Ticket"": 150000, ""Gaming"": 150000}",2023-08-31
PLAN_5aed4f37,USER_02294,1164955,"{""Food Delivery"": 1305000, ""Coffee Shop"": 435000, ""Movie Ticket"": 435000, ""Gaming"": 435000}",2023-08-31
PLAN_e27d01c9,USER_02074,742065,"{""Food Delivery"": 825000, ""Coffee Shop"": 275000, ""Movie Ticket"": 275000, ""Gaming"": 275000}",2023-08-31
PLAN_c2a1af13,USER_05613,2381818,"{""Food Delivery"": 2070000, ""Coffee Shop"": 690000, ""Movie Ticket"": 690000, ""Gaming"": 690000}",2023-08-31
PLAN_b0e7bcce,USER_01587,929584,"{""Food Delivery"": 735000, ""Coffee Shop"": 245000, ""Movie Ticket"": 245000, ""Gaming"": 245000}",2023-08-31
PLAN_bc6d0379,USER_06019,2736275,"{""Food Delivery"": 2175000, ""Coffee Shop"": 725000, ""Movie Ticket"": 725000, ""Gaming"": 725000}",2023-08-31
PLAN_00e811df,USER_01432,2064655,"{""Food Delivery"": 1740000, ""Coffee Shop"": 580000, ""Movie Ticket"": 580000, ""Gaming"": 580000}",2023-08-31
PLAN_1882ed92,USER_08132,640392,"{""Food Delivery"": 585000, ""Coffee Shop"": 195000, ""Movie Ticket"": 195000, ""Gaming"": 195000}",2023-08-31
PLAN_ba4297b5,USER_05470,954043,"{""Food Delivery"": 1320000, ""Coffee Shop"": 440000, ""Movie Ticket"": 440000, ""Gaming"": 440000}",2023-08-31
PLAN_7e734f4b,USER_05934,1208093,"{""Food Delivery"": 1560000, ""Coffee Shop"": 520000, ""Movie Ticket"": 520000, ""Gaming"": 520000}",2023-08-31
PLAN_d963d8e6,USER_03232,1328987,"{""Food Delivery"": 1050000, ""Coffee Shop"": 350000, ""Movie Ticket"": 350000, ""Gaming"": 350000}",2023-08-31
PLAN_21cf8e9e,USER_01357,2152614,"{""Food Delivery"": 2010000, ""Coffee Shop"": 670000, ""Movie Ticket"": 670000, ""Gaming"": 670000}",2023-08-31
PLAN_f8b42eee,USER_03739,343126,"{""Food Delivery"": 510000, ""Coffee Shop"": 170000, ""Movie Ticket"": 170000, ""Gaming"": 170000}",2023-08-31
PLAN_23b9ec76,USER_02393,1035383,"{""Food Delivery"": 1410000, ""Coffee Shop"": 470000, ""Movie Ticket"": 470000, ""Gaming"": 470000}",2023-08-31
PLAN_89dfd6f3,USER_09084,765210,"{""Food Delivery"": 690000, ""Coffee Shop"": 230000, ""Movie Ticket"": 230000, ""Gaming"": 230000}",2023-08-31
PLAN_c46dd290,USER_03612,512581,"{""Food Delivery"": 765000, ""Coffee Shop"": 255000, ""Movie Ticket"": 255000, ""Gaming"": 255000}",2023-08-31
PLAN_4ba39a83,USER_09761,1474226,"{""Food Delivery"": 1905000, ""Coffee Shop"": 635000, ""Movie Ticket"": 635000, ""Gaming"": 635000}",2023-08-31
PLAN_3160b168,USER_02259,2307613,"{""Food Delivery"": 2235000, ""Coffee Shop"": 745000, ""Movie Ticket"": 745000, ""Gaming"": 745000}",2023-08-31
PLAN_d85be423,USER_01625,2334815,"{""Food Delivery"": 2070000, ""Coffee Shop"": 690000, ""Movie Ticket"": 690000, ""Gaming"": 690000}",2023-08-31
PLAN_c349ecef,USER_07297,1156372,"{""Food Delivery"": 1050000, ""Coffee Shop"": 350000, ""Movie Ticket"": 350000, ""Gaming"": 350000}",2023-08-31
PLAN_cbee1102,USER_03619,1493608,"{""Food Delivery"": 1830000, ""Coffee Shop"": 610000, ""Movie Ticket"": 610000, ""Gaming"": 610000}",2023-08-31
PLAN_364b4063,USER_00638,1660813,"{""Food Delivery"": 1455000, ""Coffee Shop"": 485000, ""Movie Ticket"": 485000, ""Gaming"": 485000}",2023-08-31
PLAN_988b9c9a,USER_08615,1212504,"{""Food Delivery"": 1470000, ""Coffee Shop"": 490000, ""Movie Ticket"": 490000, ""Gaming"": 490000}",2023-08-31
PLAN_5244f98b,USER_02212,530159,"{""Food Delivery"": 600000, ""Coffee Shop"": 200000, ""Movie Ticket"": 200000, ""Gaming"": 200000}",2023-08-31
PLAN_ecea9b50,USER_03802,1484517,"{""Food Delivery"": 1275000, ""Coffee Shop"": 425000, ""Movie Ticket"": 425000, ""Gaming"": 425000}",2023-08-31
PLAN_30bbc020,USER_02110,1319706,"{""Food Delivery"": 1200000, ""Coffee Shop"": 400000, ""Movie Ticket"": 400000, ""Gaming"": 400000}",2023-08-31
PLAN_ff5e5f29,USER_08040,924611,"{""Food Delivery"": 750000, ""Coffee Shop"": 250000, ""Movie Ticket"": 250000, ""Gaming"": 250000}",2023-08-31
PLAN_21f1939d,USER_00129,2121744,"{""Food Delivery"": 1920000, ""Coffee Shop"": 640000, ""Movie Ticket"": 640000, ""Gaming"": 640000}",2023-08-31
PLAN_3ef90727,USER_03360,1646724,"{""Food Delivery"": 1575000, ""Coffee Shop"": 525000, ""Movie Ticket"": 525000, ""Gaming"": 525000}",2023-08-31
PLAN_c4b1cc96,USER_04883,601521,"{""Food Delivery"": 825000, ""Coffee Shop"": 275000, ""Movie Ticket"": 275000, ""Gaming"": 275000}",2023-08-31
PLAN_09f6836b,USER_01936,1969510,"{""Food Delivery"": 2160000, ""Coffee Shop"": 720000, ""Movie Ticket"": 720000, ""Gaming"": 720000}",2023-08-31
PLAN_e6beda99,USER_08983,607297,"{""Food Delivery"": 720000, ""Coffee Shop"": 240000, ""Movie Ticket"": 240000, ""Gaming"": 240000}",2023-08-31
PLAN_fe0a8bf6,USER_06197,1716705,"{""Food Delivery"": 2070000, ""Coffee Shop"": 690000, ""Movie Ticket"": 690000, ""Gaming"": 690000}",2023-08-31
PLAN_8e20e499,USER_02530,1755979,"{""Food Delivery"": 1335000, ""Coffee Shop"": 445000, ""Movie Ticket"": 445000, ""Gaming"": 445000}",2023-08-31
PLAN_1e407e0f,USER_07797,1393097,"{""Food Delivery"": 1500000, ""Coffee Shop"": 500000, ""Movie Ticket"": 500000, ""Gaming"": 500000}",2023-08-31
PLAN_c291d862,USER_03907,1437955,"{""Food Delivery"": 1140000, ""Coffee Shop"": 380000, ""Movie Ticket"": 380000, ""Gaming"": 380000}",2023-08-31
PLAN_8922d689,USER_01658,2414085,"{""Food Delivery"": 2220000, ""Coffee Shop"": 740000, ""Movie Ticket"": 740000, ""Gaming"": 740000}",2023-08-31
PLAN_ff402b90,USER_04724,1794811,"{""Food Delivery"": 1500000, ""Coffee Shop"": 500000, ""Movie Ticket"": 500000, ""Gaming"": 500000}",2023-08-31
PLAN_5f3268a8,USER_02766,826450,"{""Food Delivery"": 825000, ""Coffee Shop"": 275000, ""Movie Ticket"": 275000, ""Gaming"": 275000}",2023-08-31
PLAN_1bfd30fe,USER_03998,1088063,"{""Food Delivery"": 1035000, ""Coffee Shop"": 345000, ""Movie Ticket"": 345000, ""Gaming"": 345000}",2023-08-31
PLAN_f8f36644,USER_08369,507456,"{""Food Delivery"": 510000, ""Coffee Shop"": 170000, ""Movie Ticket"": 170000, ""Gaming"": 170000}",2023-08-31
PLAN_ff81de7b,USER_00056,597621,"{""Food Delivery"": 750000, ""Coffee Shop"": 250000, ""Movie Ticket"": 250000, ""Gaming"": 250000}",2023-08-31
PLAN_3c5d2183,USER_02349,1843023,"{""Food Delivery"": 1605000, ""Coffee Shop"": 535000, ""Movie Ticket"": 535000, ""Gaming"": 535000}",2023-08-31
PLAN_19dc8539,USER_00676,422654,"{""Food Delivery"": 495000, ""Coffee Shop"": 165000, ""Movie Ticket"": 165000, ""Gaming"": 165000}",2023-08-31
PLAN_26ace1f5,USER_02402,532644,"{""Food Delivery"": 780000, ""Coffee Shop"": 260000, ""Movie Ticket"": 260000, ""Gaming"": 260000}",2023-08-31
PLAN_6e23650c,USER_05241,2221387,"{""Food Delivery"": 2025000, ""Coffee Shop"": 675000, ""Movie Ticket"": 675000, ""Gaming"": 675000}",2023-08-31
PLAN_054cbfa3,USER_03498,1330135,"{""Food Delivery"": 1695000, ""Coffee Shop"": 565000, ""Movie Ticket"": 565000, ""Gaming"": 565000}",2023-08-31
PLAN_d2c71119,USER_03413,853801,"{""Food Delivery"": 660000, ""Coffee Shop"": 220000, ""Movie Ticket"": 220000, ""Gaming"": 220000}",2023-08-31
PLAN_80684979,USER_07915,2794117,"{""Food Delivery"": 2145000, ""Coffee Shop"": 715000, ""Movie Ticket"": 715000, ""Gaming"": 715000}",2023-08-31
PLAN_1e80bb0b,USER_08975,2776553,"{""Food Delivery"": 2175000, ""Coffee Shop"": 725000, ""Movie Ticket"": 725000, ""Gaming"": 725000}",2023-08-31
PLAN_442bd17e,USER_08792,1890819,"{""Food Delivery"": 2070000, ""Coffee Shop"": 690000, ""Movie Ticket"": 690000, ""Gaming"": 690000}",2023-08-31
PLAN_2bcddc9a,USER_09413,1238857,"{""Food Delivery"": 1830000, ""Coffee Shop"": 610000, ""Movie Ticket"": 610000, ""Gaming"": 610000}",2023-08-31
PLAN_45102797,USER_05151,713477,"{""Food Delivery"": 555000, ""Coffee Shop"": 185000, ""Movie Ticket"": 185000, ""Gaming"": 185000}",2023-08-31
PLAN_a37a68e1,USER_03461,999728,"{""Food Delivery"": 1050000, ""Coffee Shop"": 350000, ""Movie Ticket"": 350000, ""Gaming"": 350000}",2023-08-31
PLAN_48daaa9c,USER_09969,2772983,"{""Food Delivery"": 2115000, ""Coffee Shop"": 705000, ""Movie Ticket"": 705000, ""Gaming"": 705000}",2023-08-31
PLAN_6fbcc2fa,USER_02721,942537,"{""Food Delivery"": 720000, ""Coffee Shop"": 240000, ""Movie Ticket"": 240000, ""Gaming"": 240000}",2023-08-31
PLAN_e6025a18,USER_04273,2612743,"{""Food Delivery"": 2115000, ""Coffee Shop"": 705000, ""Movie Ticket"": 705000, ""Gaming"": 705000}",2023-08-31
PLAN_71746e3d,USER_08680,1708672,"{""Food Delivery"": 1980000, ""Coffee Shop"": 660000, ""Movie Ticket"": 660000, ""Gaming"": 660000}",2023-08-31
PLAN_af209293,USER_09953,1038823,"{""Food Delivery"": 1125000, ""Coffee Shop"": 375000, ""Movie Ticket"": 375000, ""Gaming"": 375000}",2023-08-31
PLAN_be1b07fc,USER_03062,1055147,"{""Food Delivery"": 855000, ""Coffee Shop"": 285000, ""Movie Ticket"": 285000, ""Gaming"": 285000}",2023-08-31
PLAN_93db7843,USER_06999,1830521,"{""Food Delivery"": 2085000, ""Coffee Shop"": 695000, ""Movie Ticket"": 695000, ""Gaming"": 695000}",2023-08-31
PLAN_3882e535,USER_06474,1754239,"{""Food Delivery"": 2250000, ""Coffee Shop"": 750000, ""Movie Ticket"": 750000, ""Gaming"": 750000}",2023-08-31
PLAN_a7cdfa6a,USER_03284,1868161,"{""Food Delivery"": 1800000, ""Coffee Shop"": 600000, ""Movie Ticket"": 600000, ""Gaming"": 600000}",2023-08-31
PLAN_baa01b70,USER_09008,1878070,"{""Food Delivery"": 1455000, ""Coffee Shop"": 485000, ""Movie Ticket"": 485000, ""Gaming"": 485000}",2023-08-31
PLAN_70adf40b,USER_09640,746253,"{""Food Delivery"": 660000, ""Coffee Shop"": 220000, ""Movie Ticket"": 220000, ""Gaming"": 220000}",2023-08-31
PLAN_93b2d9e6,USER_08561,2009678,"{""Food Delivery"": 1920000, ""Coffee Shop"": 640000, ""Movie Ticket"": 640000, ""Gaming"": 640000}",2023-08-31
PLAN_bb9644a4,USER_06026,724136,"{""Food Delivery"": 990000, ""Coffee Shop"": 330000, ""Movie Ticket"": 330000, ""Gaming"": 330000}",2023-08-31
PLAN_0677e0cc,USER_03949,484502,"{""Food Delivery"": 450000, ""Coffee Shop"": 150000, ""Movie Ticket"": 150000, ""Gaming"": 150000}",2023-08-31
PLAN_e730ddb5,USER_05154,1910451,"{""Food Delivery"": 1440000, ""Coffee Shop"": 480000, ""Movie Ticket"": 480000, ""Gaming"": 480000}",2023-08-31
PLAN_9fc062db,USER_08381,1596117,"{""Food Delivery"": 2100000, ""Coffee Shop"": 700000, ""Movie Ticket"": 700000, ""Gaming"": 700000}",2023-08-31
PLAN_e5d7ad21,USER_00400,804714,"{""Food Delivery"": 795000, ""Coffee Shop"": 265000, ""Movie Ticket"": 265000, ""Gaming"": 265000}",2023-08-31
PLAN_4e51c32f,USER_06847,1051328,"{""Food Delivery"": 840000, ""Coffee Shop"": 280000, ""Movie Ticket"": 280000, ""Gaming"": 280000}",2023-08-31
PLAN_bc014361,USER_08542,1201130,"{""Food Delivery"": 1035000, ""Coffee Shop"": 345000, ""Movie Ticket"": 345000, ""Gaming"": 345000}",2023-08-31
PLAN_1fe85777,USER_09488,1561254,"{""Food Delivery"": 1380000, ""Coffee Shop"": 460000, ""Movie Ticket"": 460000, ""Gaming"": 460000}",2023-08-31
PLAN_6a0913e5,USER_00922,1532235,"{""Food Delivery"": 1350000, ""Coffee Shop"": 450000, ""Movie Ticket"": 450000, ""Gaming"": 450000}",2023-08-31
PLAN_d990da6f,USER_04607,883669,"{""Food Delivery"": 975000, ""Coffee Shop"": 325000, ""Movie Ticket"": 325000, ""Gaming"": 325000}",2023-08-31
PLAN_b8a0cbd1,USER_01456,1642861,"{""Food Delivery"": 1905000, ""Coffee Shop"": 635000, ""Movie Ticket"": 635000, ""Gaming"": 635000}",2023-08-31
PLAN_047dc449,USER_05910,2207420,"{""Food Delivery"": 1830000, ""Coffee Shop"": 610000, ""Movie Ticket"": 610000, ""Gaming"": 610000}",2023-08-31
PLAN_407ec8b9,USER_00917,959360,"{""Food Delivery"": 795000, ""Coffee Shop"": 265000, ""Movie Ticket"": 265000, ""Gaming"": 265000}",2023-08-31
PLAN_a9d11e3a,USER_06600,989548,"{""Food Delivery"": 795000, ""Coffee Shop"": 265000, ""Movie Ticket"": 265000, ""Gaming"": 265000}",2023-08-31
PLAN_11a1586a,USER_05474,2582874,"{""Food Delivery"": 2025000, ""Coffee Shop"": 675000, ""Movie Ticket"": 675000, ""Gaming"": 675000}",2023-08-31
PLAN_66dbbe06,USER_02147,498742,"{""Food Delivery"": 495000, ""Coffee Shop"": 165000, ""Movie Ticket"": 165000, ""Gaming"": 165000}",2023-08-31
PLAN_362ff8b5,USER_07878,1441455,"{""Food Delivery"": 1440000, ""Coffee Shop"": 480000, ""Movie Ticket"": 480000, ""Gaming"": 480000}",2023-08-31
PLAN_62427f3c,USER_05315,1132925,"{""Food Delivery"": 945000, ""Coffee Shop"": 315000, ""Movie Ticket"": 315000, ""Gaming"": 315000}",2023-08-31
PLAN_0e24b982,USER_03179,1418968,"{""Food Delivery"": 1290000, ""Coffee Shop"": 430000, ""Movie Ticket"": 430000, ""Gaming"": 430000}",2023-08-31
PLAN_15c91f96,USER_06659,1327534,"{""Food Delivery"": 1170000, ""Coffee Shop"": 390000, ""Movie Ticket"": 390000, ""Gaming"": 390000}",2023-08-31
PLAN_2fa7e917,USER_08234,2083119,"{""Food Delivery"": 1740000, ""Coffee Shop"": 580000, ""Movie Ticket"": 580000, ""Gaming"": 580000}",2023-08-31
PLAN_7c56adb8,USER_04984,1549804,"{""Food Delivery"": 1230000, ""Coffee Shop"": 410000, ""Movie Ticket"": 410000, ""Gaming"": 410000}",2023-08-31
PLAN_ded75d82,USER_01854,1993612,"{""Food Delivery"": 2235000, ""Coffee Shop"": 745000, ""Movie Ticket"": 745000, ""Gaming"": 745000}",2023-08-31
PLAN_3127ad83,USER_09123,1994595,"{""Food Delivery"": 2175000, ""Coffee Shop"": 725000, ""Movie Ticket"": 725000, ""Gaming"": 725000}",2023-08-31
PLAN_72db91e2,USER_00747,568870,"{""Food Delivery"": 780000, ""Coffee Shop"": 260000, ""Movie Ticket"": 260000, ""Gaming"": 260000}",2023-08-31
PLAN_1011dfb9,USER_01784,2178026,"{""Food Delivery"": 2070000, ""Coffee Shop"": 690000, ""Movie Ticket"": 690000, ""Gaming"": 690000}",2023-08-31
PLAN_c81a7b89,USER_00108,1015223,"{""Food Delivery"": 1470000, ""Coffee Shop"": 490000, ""Movie Ticket"": 490000, ""Gaming"": 490000}",2023-08-31
PLAN_93ba94e0,USER_09183,1817341,"{""Food Delivery"": 1860000, ""Coffee Shop"": 620000, ""Movie Ticket"": 620000, ""Gaming"": 620000}",2023-08-31
PLAN_704af1fb,USER_04936,1264968,"{""Food Delivery"": 1230000, ""Coffee Shop"": 410000, ""Movie Ticket"": 410000, ""Gaming"": 410000}",2023-08-31
PLAN_d1e7673e,USER_07078,1170752,"{""Food Delivery"": 1365000, ""Coffee Shop"": 455000, ""Movie Ticket"": 455000, ""Gaming"": 455000}",2023-08-31
PLAN_7911e25b,USER_08919,1113583,"{""Food Delivery"": 1050000, ""Coffee Shop"": 350000, ""Movie Ticket"": 350000, ""Gaming"": 350000}",2023-08-31
PLAN_0fec14d4,USER_01306,886230,"{""Food Delivery"": 1290000, ""Coffee Shop"": 430000, ""Movie Ticket"": 430000, ""Gaming"": 430000}",2023-08-31
PLAN_d742a0b1,USER_09911,1556022,"{""Food Delivery"": 2250000, ""Coffee Shop"": 750000, ""Movie Ticket"": 750000, ""Gaming"": 750000}",2023-08-31
PLAN_399aae47,USER_04981,1622114,"{""Food Delivery"": 1335000, ""Coffee Shop"": 445000, ""Movie Ticket"": 445000, ""Gaming"": 445000}",2023-08-31
PLAN_386cb07c,USER_00778,1128958,"{""Food Delivery"": 1245000, ""Coffee Shop"": 415000, ""Movie Ticket"": 415000, ""Gaming"": 415000}",2023-08-31
PLAN_0e79771e,USER_09711,1115789,"{""Food Delivery"": 1485000, ""Coffee Shop"": 495000, ""Movie Ticket"": 495000, ""Gaming"": 495000}",2023-08-31
PLAN_db70fae5,USER_09742,1978916,"{""Food Delivery"": 1950000, ""Coffee Shop"": 650000, ""Movie Ticket"": 650000, ""Gaming"": 650000}",2023-08-31
PLAN_6164bd96,USER_02432,1522194,"{""Food Delivery"": 1290000, ""Coffee Shop"": 430000, ""Movie Ticket"": 430000, ""Gaming"": 430000}",2023-08-31
PLAN_8a34021c,USER_08199,474170,"{""Food Delivery"": 585000, ""Coffee Shop"": 195000, ""Movie Ticket"": 195000, ""Gaming"": 195000}",2023-08-31
PLAN_4f51d24d,USER_00242,1119794,"{""Food Delivery"": 1035000, ""Coffee Shop"": 345000, ""Movie Ticket"": 345000, ""Gaming"": 345000}",2023-08-31
PLAN_6151cc2b,USER_02621,390725,"{""Food Delivery"": 540000, ""Coffee Shop"": 180000, ""Movie Ticket"": 180000, ""Gaming"": 180000}",2023-08-31
PLAN_e60ad696,USER_08067,1388219,"{""Food Delivery"": 1980000, ""Coffee Shop"": 660000, ""Movie Ticket"": 660000, ""Gaming"": 660000}",2023-08-31
PLAN_d5e253d6,USER_09889,1026007,"{""Food Delivery"": 1005000, ""Coffee Shop"": 335000, ""Movie Ticket"": 335000, ""Gaming"": 335000}",2023-08-31
PLAN_bfa9a79f,USER_04443,1756324,"{""Food Delivery"": 1710000, ""Coffee Shop"": 570000, ""Movie Ticket"": 570000, ""Gaming"": 570000}",2023-08-31
PLAN_c2caa34d,USER_02737,1473686,"{""Food Delivery"": 1350000, ""Coffee Shop"": 450000, ""Movie Ticket"": 450000, ""Gaming"": 450000}",2023-08-31
PLAN_e03af918,USER_03856,1950483,"{""Food Delivery"": 1695000, ""Coffee Shop"": 565000, ""Movie Ticket"": 565000, ""Gaming"": 565000}",2023-08-31
PLAN_f75bbd99,USER_03347,632272,"{""Food Delivery"": 480000, ""Coffee Shop"": 160000, ""Movie Ticket"": 160000, ""Gaming"": 160000}",2023-08-31
PLAN_5afb272e,USER_06144,1213040,"{""Food Delivery"": 1200000, ""Coffee Shop"": 400000, ""Movie Ticket"": 400000, ""Gaming"": 400000}",2023-08-31
PLAN_8b1d2d8f,USER_06735,1521399,"{""Food Delivery"": 1725000, ""Coffee Shop"": 575000, ""Movie Ticket"": 575000, ""Gaming"": 575000}",2023-08-31
PLAN_4bf893ba,USER_07707,1364341,"{""Food Delivery"": 1140000, ""Coffee Shop"": 380000, ""Movie Ticket"": 380000, ""Gaming"": 380000}",2023-08-31
PLAN_a1b5ba06,USER_00644,1232707,"{""Food Delivery"": 1455000, ""Coffee Shop"": 485000, ""Movie Ticket"": 485000, ""Gaming"": 485000}",2023-08-31
PLAN_8b026033,USER_08775,1741155,"{""Food Delivery"": 1815000, ""Coffee Shop"": 605000, ""Movie Ticket"": 605000, ""Gaming"": 605000}",2023-08-31
PLAN_7a02640d,USER_02748,1132379,"{""Food Delivery"": 1575000, ""Coffee Shop"": 525000, ""Movie Ticket"": 525000, ""Gaming"": 525000}",2023-08-31
PLAN_9d88f8a8,USER_02713,686984,"{""Food Delivery"": 1005000, ""Coffee Shop"": 335000, ""Movie Ticket"": 335000, ""Gaming"": 335000}",2023-08-31
PLAN_0f499178,USER_05744,2826213,"{""Food Delivery"": 2160000, ""Coffee Shop"": 720000, ""Movie Ticket"": 720000, ""Gaming"": 720000}",2023-08-31
PLAN_5c8b5c86,USER_06734,1193387,"{""Food Delivery"": 975000, ""Coffee Shop"": 325000, ""Movie Ticket"": 325000, ""Gaming"": 325000}",2023-08-31
PLAN_42e63701,USER_08129,2374363,"{""Food Delivery"": 2100000, ""Coffee Shop"": 700000, ""Movie Ticket"": 700000, ""Gaming"": 700000}",2023-08-31
PLAN_fec18d91,USER_08898,986267,"{""Food Delivery"": 1050000, ""Coffee Shop"": 350000, ""Movie Ticket"": 350000, ""Gaming"": 350000}",2023-08-31
PLAN_1c50a69e,USER_07051,1149828,"{""Food Delivery"": 1470000, ""Coffee Shop"": 490000, ""Movie Ticket"": 490000, ""Gaming"": 490000}",2023-08-31
PLAN_089e2360,USER_08196,485703,"{""Food Delivery"": 630000, ""Coffee Shop"": 210000, ""Movie Ticket"": 210000, ""Gaming"": 210000}",2023-08-31
PLAN_c1b49052,USER_02163,1450281,"{""Food Delivery"": 1740000, ""Coffee Shop"": 580000, ""Movie Ticket"": 580000, ""Gaming"": 580000}",2023-08-31
PLAN_69ca5a25,USER_02417,1347827,"{""Food Delivery"": 1305000, ""Coffee Shop"": 435000, ""Movie Ticket"": 435000, ""Gaming"": 435000}",2023-08-31
PLAN_38c23069,USER_03666,1354530,"{""Food Delivery"": 1185000, ""Coffee Shop"": 395000, ""Movie Ticket"": 395000, ""Gaming"": 395000}",2023-08-31
PLAN_cb0afd58,USER_04488,979516,"{""Food Delivery"": 885000, ""Coffee Shop"": 295000, ""Movie Ticket"": 295000, ""Gaming"": 295000}",2023-08-31
PLAN_aee019c7,USER_08442,1164739,"{""Food Delivery"": 1365000, ""Coffee Shop"": 455000, ""Movie Ticket"": 455000, ""Gaming"": 455000}",2023-08-31
PLAN_7970a264,USER_05836,2541324,"{""Food Delivery"": 1950000, ""Coffee Shop"": 650000, ""Movie Ticket"": 650000, ""Gaming"": 650000}",2023-08-31
PLAN_4c5423cf,USER_02809,938464,"{""Food Delivery"": 810000, ""Coffee Shop"": 270000, ""Movie Ticket"": 270000, ""Gaming"": 270000}",2023-08-31
PLAN_a0770586,USER_08127,2191639,"{""Food Delivery"": 2115000, ""Coffee Shop"": 705000, ""Movie Ticket"": 705000, ""Gaming"": 705000}",2023-08-31
PLAN_b301ad69,USER_02847,902563,"{""Food Delivery"": 840000, ""Coffee Shop"": 280000, ""Movie Ticket"": 280000, ""Gaming"": 280000}",2023-08-31
PLAN_afbd5d6b,USER_01038,1135680,"{""Food Delivery"": 1200000, ""Coffee Shop"": 400000, ""Movie Ticket"": 400000, ""Gaming"": 400000}",2023-08-31
PLAN_cbd7d97a,USER_06610,1335072,"{""Food Delivery"": 1605000, ""Coffee Shop"": 535000, ""Movie Ticket"": 535000, ""Gaming"": 535000}",2023-08-31
PLAN_78909df6,USER_04050,1166136,"{""Food Delivery"": 1290000, ""Coffee Shop"": 430000, ""Movie Ticket"": 430000, ""Gaming"": 430000}",2023-08-31
PLAN_623b2fde,USER_00394,2478563,"{""Food Delivery"": 2115000, ""Coffee Shop"": 705000, ""Movie Ticket"": 705000, ""Gaming"": 705000}",2023-08-31
PLAN_e428e6c9,USER_08128,770939,"{""Food Delivery"": 1140000, ""Coffee Shop"": 380000, ""Movie Ticket"": 380000, ""Gaming"": 380000}",2023-08-31
PLAN_d16f3354,USER_08366,1640626,"{""Food Delivery"": 2205000, ""Coffee Shop"": 735000, ""Movie Ticket"": 735000, ""Gaming"": 735000}",2023-08-31
PLAN_a5e0e5eb,USER_07001,1349343,"{""Food Delivery"": 1935000, ""Coffee Shop"": 645000, ""Movie Ticket"": 645000, ""Gaming"": 645000}",2023-08-31
PLAN_3b245ed0,USER_00788,707695,"{""Food Delivery"": 1020000, ""Coffee Shop"": 340000, ""Movie Ticket"": 340000, ""Gaming"": 340000}",2023-08-31
PLAN_57bea53f,USER_00387,834957,"{""Food Delivery"": 675000, ""Coffee Shop"": 225000, ""Movie Ticket"": 225000, ""Gaming"": 225000}",2023-08-31
PLAN_aa0c8d26,USER_03053,2538450,"{""Food Delivery"": 2235000, ""Coffee Shop"": 745000, ""Movie Ticket"": 745000, ""Gaming"": 745000}",2023-08-31
PLAN_9d8e4d17,USER_06171,751828,"{""Food Delivery"": 765000, ""Coffee Shop"": 255000, ""Movie Ticket"": 255000, ""Gaming"": 255000}",2023-08-31
PLAN_d38f83a2,USER_04843,1251530,"{""Food Delivery"": 1710000, ""Coffee Shop"": 570000, ""Movie Ticket"": 570000, ""Gaming"": 570000}",2023-08-31
PLAN_4251b5bf,USER_06243,1238041,"{""Food Delivery"": 1245000, ""Coffee Shop"": 415000, ""Movie Ticket"": 415000, ""Gaming"": 415000}",2023-08-31
PLAN_8ed12848,USER_06832,736735,"{""Food Delivery"": 750000, ""Coffee Shop"": 250000, ""Movie Ticket"": 250000, ""Gaming"": 250000}",2023-08-31
PLAN_2e44b560,USER_06352,1184933,"{""Food Delivery"": 1515000, ""Coffee Shop"": 505000, ""Movie Ticket"": 505000, ""Gaming"": 505000}",2023-08-31
PLAN_4dce5ba8,USER_09538,2036069,"{""Food Delivery"": 2130000, ""Coffee Shop"": 710000, ""Movie Ticket"": 710000, ""Gaming"": 710000}",2023-08-31
PLAN_2fb7a8c0,USER_06453,629327,"{""Food Delivery"": 675000, ""Coffee Shop"": 225000, ""Movie Ticket"": 225000, ""Gaming"": 225000}",2023-08-31
PLAN_15beeed0,USER_00926,1421948,"{""Food Delivery"": 1320000, ""Coffee Shop"": 440000, ""Movie Ticket"": 440000, ""Gaming"": 440000}",2023-08-31
PLAN_161219a3,USER_07860,2419938,"{""Food Delivery"": 2220000, ""Coffee Shop"": 740000, ""Movie Ticket"": 740000, ""Gaming"": 740000}",2023-08-31
PLAN_1d57cc07,USER_00789,627182,"{""Food Delivery"": 900000, ""Coffee Shop"": 300000, ""Movie Ticket"": 300000, ""Gaming"": 300000}",2023-08-31
PLAN_80f93336,USER_05480,975974,"{""Food Delivery"": 1065000, ""Coffee Shop"": 355000, ""Movie Ticket"": 355000, ""Gaming"": 355000}",2023-08-31
PLAN_adb6f058,USER_02316,1674635,"{""Food Delivery"": 1545000, ""Coffee Shop"": 515000, ""Movie Ticket"": 515000, ""Gaming"": 515000}",2023-08-31
PLAN_906a6735,USER_09204,916913,"{""Food Delivery"": 915000, ""Coffee Shop"": 305000, ""Movie Ticket"": 305000, ""Gaming"": 305000}",2023-08-31
PLAN_a05c80ad,USER_05813,1633711,"{""Food Delivery"": 1320000, ""Coffee Shop"": 440000, ""Movie Ticket"": 440000, ""Gaming"": 440000}",2023-08-31
PLAN_b4fc7d6a,USER_03578,1044976,"{""Food Delivery"": 945000, ""Coffee Shop"": 315000, ""Movie Ticket"": 315000, ""Gaming"": 315000}",2023-08-31
PLAN_2bd70f4c,USER_03310,441915,"{""Food Delivery"": 570000, ""Coffee Shop"": 190000, ""Movie Ticket"": 190000, ""Gaming"": 190000}",2023-08-31
PLAN_6bcc73a4,USER_06891,1177625,"{""Food Delivery"": 1650000, ""Coffee Shop"": 550000, ""Movie Ticket"": 550000, ""Gaming"": 550000}",2023-08-31
PLAN_7a543b02,USER_07513,656967,"{""Food Delivery"": 600000, ""Coffee Shop"": 200000, ""Movie Ticket"": 200000, ""Gaming"": 200000}",2023-08-31
PLAN_8867371d,USER_04754,1283139,"{""Food Delivery"": 1875000, ""Coffee Shop"": 625000, ""Movie Ticket"": 625000, ""Gaming"": 625000}",2023-08-31
PLAN_91042e7a,USER_09794,618452,"{""Food Delivery"": 585000, ""Coffee Shop"": 195000, ""Movie Ticket"": 195000, ""Gaming"": 195000}",2023-08-31
PLAN_4b610a60,USER_06161,2231264,"{""Food Delivery"": 1725000, ""Coffee Shop"": 575000, ""Movie Ticket"": 575000, ""Gaming"": 575000}",2023-08-31
PLAN_9a40bdf9,USER_04601,2363211,"{""Food Delivery"": 2250000, ""Coffee Shop"": 750000, ""Movie Ticket"": 750000, ""Gaming"": 750000}",2023-08-31
PLAN_85e17c0c,USER_03936,638558,"{""Food Delivery"": 690000, ""Coffee Shop"": 230000, ""Movie Ticket"": 230000, ""Gaming"": 230000}",2023-08-31
PLAN_5f34562c,USER_06480,1593989,"{""Food Delivery"": 1455000, ""Coffee Shop"": 485000, ""Movie Ticket"": 485000, ""Gaming"": 485000}",2023-08-31
PLAN_348c35e2,USER_05351,1122854,"{""Food Delivery"": 1155000, ""Coffee Shop"": 385000, ""Movie Ticket"": 385000, ""Gaming"": 385000}",2023-08-31
PLAN_e6c4b8e1,USER_07068,1251949,"{""Food Delivery"": 1215000, ""Coffee Shop"": 405000, ""Movie Ticket"": 405000, ""Gaming"": 405000}",2023-08-31
PLAN_ff947dbe,USER_08989,2718050,"{""Food Delivery"": 2100000, ""Coffee Shop"": 700000, ""Movie Ticket"": 700000, ""Gaming"": 700000}",2023-08-31
PLAN_62b3978c,USER_09015,748495,"{""Food Delivery"": 810000, ""Coffee Shop"": 270000, ""Movie Ticket"": 270000, ""Gaming"": 270000}",2023-08-31
PLAN_21506ff1,USER_01749,980595,"{""Food Delivery"": 750000, ""Coffee Shop"": 250000, ""Movie Ticket"": 250000, ""Gaming"": 250000}",2023-08-31
PLAN_761de755,USER_01505,2476955,"{""Food Delivery"": 1950000, ""Coffee Shop"": 650000, ""Movie Ticket"": 650000, ""Gaming"": 650000}",2023-08-31
PLAN_0fa80cdb,USER_05752,1566486,"{""Food Delivery"": 1965000, ""Coffee Shop"": 655000, ""Movie Ticket"": 655000, ""Gaming"": 655000}",2023-08-31
PLAN_358491d0,USER_08811,1518493,"{""Food Delivery"": 2130000, ""Coffee Shop"": 710000, ""Movie Ticket"": 710000, ""Gaming"": 710000}",2023-08-31
PLAN_4783d112,USER_03874,1034731,"{""Food Delivery"": 1410000, ""Coffee Shop"": 470000, ""Movie Ticket"": 470000, ""Gaming"": 470000}",2023-08-31
PLAN_31a9fb21,USER_05381,936764,"{""Food Delivery"": 1380000, ""Coffee Shop"": 460000, ""Movie Ticket"": 460000, ""Gaming"": 460000}",2023-08-31
PLAN_ddcd0b10,USER_09135,1291442,"{""Food Delivery"": 1770000, ""Coffee Shop"": 590000, ""Movie Ticket"": 590000, ""Gaming"": 590000}",2023-08-31
PLAN_ec124d09,USER_01085,1346405,"{""Food Delivery"": 1200000, ""Coffee Shop"": 400000, ""Movie Ticket"": 400000, ""Gaming"": 400000}",2023-08-31
PLAN_1a99cf11,USER_03588,696272,"{""Food Delivery"": 975000, ""Coffee Shop"": 325000, ""Movie Ticket"": 325000, ""Gaming"": 325000}",2023-08-31
PLAN_fe5bb045,USER_05937,1450873,"{""Food Delivery"": 1650000, ""Coffee Shop"": 550000, ""Movie Ticket"": 550000, ""Gaming"": 550000}",2023-08-31
PLAN_b136e242,USER_01647,2472132,"{""Food Delivery"": 2010000, ""Coffee Shop"": 670000, ""Movie Ticket"": 670000, ""Gaming"": 670000}",2023-08-31
PLAN_78a0a000,USER_06024,1197228,"{""Food Delivery"": 1755000, ""Coffee Shop"": 585000, ""Movie Ticket"": 585000, ""Gaming"": 585000}",2023-08-31
PLAN_39daff90,USER_02879,1723745,"{""Food Delivery"": 1425000, ""Coffee Shop"": 475000, ""Movie Ticket"": 475000, ""Gaming"": 475000}",2023-08-31
PLAN_c22bf7de,USER_00246,1704866,"{""Food Delivery"": 1995000, ""Coffee Shop"": 665000, ""Movie Ticket"": 665000, ""Gaming"": 665000}",2023-08-31
PLAN_86a69731,USER_05144,491992,"{""Food Delivery"": 660000, ""Coffee Shop"": 220000, ""Movie Ticket"": 220000, ""Gaming"": 220000}",2023-08-31
PLAN_6cd633eb,USER_03888,2120921,"{""Food Delivery"": 1875000, ""Coffee Shop"": 625000, ""Movie Ticket"": 625000, ""Gaming"": 625000}",2023-08-31
PLAN_bc2567b4,USER_05088,1107681,"{""Food Delivery"": 1020000, ""Coffee Shop"": 340000, ""Movie Ticket"": 340000, ""Gaming"": 340000}",2023-08-31
PLAN_45ff5258,USER_08925,1858697,"{""Food Delivery"": 1485000, ""Coffee Shop"": 495000, ""Movie Ticket"": 495000, ""Gaming"": 495000}",2023-08-31
PLAN_2c64e129,USER_01238,520521,"{""Food Delivery"": 450000, ""Coffee Shop"": 150000, ""Movie Ticket"": 150000, ""Gaming"": 150000}",2023-08-31
PLAN_9eb84393,USER_06736,2524873,"{""Food Delivery"": 2100000, ""Coffee Shop"": 700000, ""Movie Ticket"": 700000, ""Gaming"": 700000}",2023-08-31
PLAN_bab12d67,USER_07178,666657,"{""Food Delivery"": 780000, ""Coffee Shop"": 260000, ""Movie Ticket"": 260000, ""Gaming"": 260000}",2023-08-31
PLAN_6b5b3cdb,USER_01078,800658,"{""Food Delivery"": 1020000, ""Coffee Shop"": 340000, ""Movie Ticket"": 340000, ""Gaming"": 340000}",2023-08-31
PLAN_a40ef9c5,USER_07140,1505528,"{""Food Delivery"": 1290000, ""Coffee Shop"": 430000, ""Movie Ticket"": 430000, ""Gaming"": 430000}",2023-08-31
PLAN_da5156ae,USER_06370,1987518,"{""Food Delivery"": 1650000, ""Coffee Shop"": 550000, ""Movie Ticket"": 550000, ""Gaming"": 550000}",2023-08-31
PLAN_e3448bec,USER_07049,1254018,"{""Food Delivery"": 945000, ""Coffee Shop"": 315000, ""Movie Ticket"": 315000, ""Gaming"": 315000}",2023-08-31
PLAN_05f73e14,USER_07233,988832,"{""Food Delivery"": 1050000, ""Coffee Shop"": 350000, ""Movie Ticket"": 350000, ""Gaming"": 350000}",2023-08-31
PLAN_2ff8a2ac,USER_00830,1673862,"{""Food Delivery"": 1830000, ""Coffee Shop"": 610000, ""Movie Ticket"": 610000, ""Gaming"": 610000}",2023-08-31
PLAN_3eb1e93e,USER_03942,1811941,"{""Food Delivery"": 1530000, ""Coffee Shop"": 510000, ""Movie Ticket"": 510000, ""Gaming"": 510000}",2023-08-31
PLAN_dca5349f,USER_00900,563137,"{""Food Delivery"": 630000, ""Coffee Shop"": 210000, ""Movie Ticket"": 210000, ""Gaming"": 210000}",2023-08-31
PLAN_d180a2fe,USER_08166,1911449,"{""Food Delivery"": 1485000, ""Coffee Shop"": 495000, ""Movie Ticket"": 495000, ""Gaming"": 495000}",2023-08-31
PLAN_213ffd44,USER_09525,650444,"{""Food Delivery"": 525000, ""Coffee Shop"": 175000, ""Movie Ticket"": 175000, ""Gaming"": 175000}",2023-08-31
PLAN_04611dde,USER_01245,1614763,"{""Food Delivery"": 1695000, ""Coffee Shop"": 565000, ""Movie Ticket"": 565000, ""Gaming"": 565000}",2023-08-31
PLAN_6a708216,USER_00026,1418205,"{""Food Delivery"": 1215000, ""Coffee Shop"": 405000, ""Movie Ticket"": 405000, ""Gaming"": 405000}",2023-08-31
PLAN_9f557594,USER_06511,2561632,"{""Food Delivery"": 2190000, ""Coffee Shop"": 730000, ""Movie Ticket"": 730000, ""Gaming"": 730000}",2023-08-31
PLAN_ddf49ea8,USER_04114,352999,"{""Food Delivery"": 480000, ""Coffee Shop"": 160000, ""Movie Ticket"": 160000, ""Gaming"": 160000}",2023-08-31
PLAN_2702f16a,USER_03761,2092808,"{""Food Delivery"": 1650000, ""Coffee Shop"": 550000, ""Movie Ticket"": 550000, ""Gaming"": 550000}",2023-08-31
PLAN_4ad1695a,USER_00838,1384832,"{""Food Delivery"": 1380000, ""Coffee Shop"": 460000, ""Movie Ticket"": 460000, ""Gaming"": 460000}",2023-08-31
PLAN_c52cfef5,USER_01638,1424636,"{""Food Delivery"": 1170000, ""Coffee Shop"": 390000, ""Movie Ticket"": 390000, ""Gaming"": 390000}",2023-08-31
PLAN_23bf82e3,USER_07926,1386052,"{""Food Delivery"": 1575000, ""Coffee Shop"": 525000, ""Movie Ticket"": 525000, ""Gaming"": 525000}",2023-08-31
PLAN_54b96e58,USER_03884,2672687,"{""Food Delivery"": 2115000, ""Coffee Shop"": 705000, ""Movie Ticket"": 705000, ""Gaming"": 705000}",2023-08-31
PLAN_11ba2896,USER_08676,1055793,"{""Food Delivery"": 1140000, ""Coffee Shop"": 380000, ""Movie Ticket"": 380000, ""Gaming"": 380000}",2023-08-31
PLAN_d9a48fa1,USER_04167,1394955,"{""Food Delivery"": 2070000, ""Coffee Shop"": 690000, ""Movie Ticket"": 690000, ""Gaming"": 690000}",2023-08-31
PLAN_890a21f2,USER_02305,1600520,"{""Food Delivery"": 1260000, ""Coffee Shop"": 420000, ""Movie Ticket"": 420000, ""Gaming"": 420000}",2023-08-31
PLAN_db52da65,USER_06800,1014896,"{""Food Delivery"": 1395000, ""Coffee Shop"": 465000, ""Movie Ticket"": 465000, ""Gaming"": 465000}",2023-08-31
PLAN_d4e74477,USER_07004,1240154,"{""Food Delivery"": 1410000, ""Coffee Shop"": 470000, ""Movie Ticket"": 470000, ""Gaming"": 470000}",2023-08-31
PLAN_9d309b9e,USER_01018,2145068,"{""Food Delivery"": 1650000, ""Coffee Shop"": 550000, ""Movie Ticket"": 550000, ""Gaming"": 550000}",2023-08-31
PLAN_21dda721,USER_03901,1872582,"{""Food Delivery"": 1440000, ""Coffee Shop"": 480000, ""Movie Ticket"": 480000, ""Gaming"": 480000}",2023-08-31
PLAN_22848f09,USER_01000,1872391,"{""Food Delivery"": 1785000, ""Coffee Shop"": 595000, ""Movie Ticket"": 595000, ""Gaming"": 595000}",2023-08-31
PLAN_06f0cd9d,USER_05089,718008,"{""Food Delivery"": 660000, ""Coffee Shop"": 220000, ""Movie Ticket"": 220000, ""Gaming"": 220000}",2023-08-31
PLAN_fc7279c7,USER_00680,1868494,"{""Food Delivery"": 1935000, ""Coffee Shop"": 645000, ""Movie Ticket"": 645000, ""Gaming"": 645000}",2023-08-31
PLAN_62825ca9,USER_00708,788858,"{""Food Delivery"": 915000, ""Coffee Shop"": 305000, ""Movie Ticket"": 305000, ""Gaming"": 305000}",2023-08-31
PLAN_e82eefb3,USER_05885,1660830,"{""Food Delivery"": 1875000, ""Coffee Shop"": 625000, ""Movie Ticket"": 625000, ""Gaming"": 625000}",2023-08-31
PLAN_b2bbb854,USER_04537,1622342,"{""Food Delivery"": 1455000, ""Coffee Shop"": 485000, ""Movie Ticket"": 485000, ""Gaming"": 485000}",2023-08-31
PLAN_dfd97eec,USER_05961,823616,"{""Food Delivery"": 705000, ""Coffee Shop"": 235000, ""Movie Ticket"": 235000, ""Gaming"": 235000}",2023-08-31
PLAN_81d6a524,USER_02040,2544042,"{""Food Delivery"": 2130000, ""Coffee Shop"": 710000, ""Movie Ticket"": 710000, ""Gaming"": 710000}",2023-08-31
PLAN_fd58d5c2,USER_06256,2004372,"{""Food Delivery"": 1680000, ""Coffee Shop"": 560000, ""Movie Ticket"": 560000, ""Gaming"": 560000}",2023-08-31
PLAN_2fcd95cf,USER_07387,785668,"{""Food Delivery"": 1080000, ""Coffee Shop"": 360000, ""Movie Ticket"": 360000, ""Gaming"": 360000}",2023-08-31
PLAN_e44f3750,USER_09515,2166909,"{""Food Delivery"": 2175000, ""Coffee Shop"": 725000, ""Movie Ticket"": 725000, ""Gaming"": 725000}",2023-08-31
PLAN_2f9ce528,USER_02374,676837,"{""Food Delivery"": 960000, ""Coffee Shop"": 320000, ""Movie Ticket"": 320000, ""Gaming"": 320000}",2023-08-31
PLAN_d3089a71,USER_02622,2060873,"{""Food Delivery"": 1995000, ""Coffee Shop"": 665000, ""Movie Ticket"": 665000, ""Gaming"": 665000}",2023-08-31
PLAN_73d9107e,USER_03044,1542437,"{""Food Delivery"": 1605000, ""Coffee Shop"": 535000, ""Movie Ticket"": 535000, ""Gaming"": 535000}",2023-08-31
PLAN_e2ccec12,USER_02817,1642302,"{""Food Delivery"": 1305000, ""Coffee Shop"": 435000, ""Movie Ticket"": 435000, ""Gaming"": 435000}",2023-08-31
PLAN_a6f70a8a,USER_02858,837567,"{""Food Delivery"": 930000, ""Coffee Shop"": 310000, ""Movie Ticket"": 310000, ""Gaming"": 310000}",2023-08-31
PLAN_3583f92c,USER_06992,480338,"{""Food Delivery"": 645000, ""Coffee Shop"": 215000, ""Movie Ticket"": 215000, ""Gaming"": 215000}",2023-08-31
PLAN_e7792c09,USER_00741,720084,"{""Food Delivery"": 945000, ""Coffee Shop"": 315000, ""Movie Ticket"": 315000, ""Gaming"": 315000}",2023-08-31
PLAN_eac13e6d,USER_09805,1585359,"{""Food Delivery"": 1350000, ""Coffee Shop"": 450000, ""Movie Ticket"": 450000, ""Gaming"": 450000}",2023-08-31
PLAN_1f12c555,USER_03571,2394962,"{""Food Delivery"": 2220000, ""Coffee Shop"": 740000, ""Movie Ticket"": 740000, ""Gaming"": 740000}",2023-08-31
PLAN_c3192512,USER_06834,363370,"{""Food Delivery"": 495000, ""Coffee Shop"": 165000, ""Movie Ticket"": 165000, ""Gaming"": 165000}",2023-08-31
PLAN_f70aa5ab,USER_04650,1268404,"{""Food Delivery"": 1755000, ""Coffee Shop"": 585000, ""Movie Ticket"": 585000, ""Gaming"": 585000}",2023-08-31
PLAN_6c3dc6dd,USER_00136,1496852,"{""Food Delivery"": 1320000, ""Coffee Shop"": 440000, ""Movie Ticket"": 440000, ""Gaming"": 440000}",2023-08-31
PLAN_14696948,USER_05174,622202,"{""Food Delivery"": 870000, ""Coffee Shop"": 290000, ""Movie Ticket"": 290000, ""Gaming"": 290000}",2023-08-31
PLAN_4ca637dc,USER_03191,2040483,"{""Food Delivery"": 1680000, ""Coffee Shop"": 560000, ""Movie Ticket"": 560000, ""Gaming"": 560000}",2023-08-31
PLAN_18aed4da,USER_05081,597184,"{""Food Delivery"": 525000, ""Coffee Shop"": 175000, ""Movie Ticket"": 175000, ""Gaming"": 175000}",2023-08-31
PLAN_df30aa6e,USER_01983,1622023,"{""Food Delivery"": 2250000, ""Coffee Shop"": 750000, ""Movie Ticket"": 750000, ""Gaming"": 750000}",2023-08-31
PLAN_d0c55998,USER_05960,1366895,"{""Food Delivery"": 1890000, ""Coffee Shop"": 630000, ""Movie Ticket"": 630000, ""Gaming"": 630000}",2023-08-31
PLAN_c853b226,USER_05578,1549578,"{""Food Delivery"": 1170000, ""Coffee Shop"": 390000, ""Movie Ticket"": 390000, ""Gaming"": 390000}",2023-08-31
PLAN_34a4bdb2,USER_07311,948246,"{""Food Delivery"": 1035000, ""Coffee Shop"": 345000, ""Movie Ticket"": 345000, ""Gaming"": 345000}",2023-08-31
PLAN_0d6b287b,USER_05432,1535119,"{""Food Delivery"": 1680000, ""Coffee Shop"": 560000, ""Movie Ticket"": 560000, ""Gaming"": 560000}",2023-08-31
PLAN_4ecd3a89,USER_01602,2646687,"{""Food Delivery"": 2190000, ""Coffee Shop"": 730000, ""Movie Ticket"": 730000, ""Gaming"": 730000}",2023-08-31
PLAN_16ac7d9d,USER_01654,1830413,"{""Food Delivery"": 1410000, ""Coffee Shop"": 470000, ""Movie Ticket"": 470000, ""Gaming"": 470000}",2023-08-31
PLAN_253076b3,USER_06750,1946281,"{""Food Delivery"": 1470000, ""Coffee Shop"": 490000, ""Movie Ticket"": 490000, ""Gaming"": 490000}",2023-08-31
PLAN_ab0c6ff0,USER_02682,981891,"{""Food Delivery"": 840000, ""Coffee Shop"": 280000, ""Movie Ticket"": 280000, ""Gaming"": 280000}",2023-08-31
PLAN_17d3e526,USER_03011,1500122,"{""Food Delivery"": 1635000, ""Coffee Shop"": 545000, ""Movie Ticket"": 545000, ""Gaming"": 545000}",2023-08-31
PLAN_c6f14cac,USER_01003,379225,"{""Food Delivery"": 525000, ""Coffee Shop"": 175000, ""Movie Ticket"": 175000, ""Gaming"": 175000}",2023-08-31
PLAN_d5e70a9d,USER_07047,2363605,"{""Food Delivery"": 1995000, ""Coffee Shop"": 665000, ""Movie Ticket"": 665000, ""Gaming"": 665000}",2023-08-31
PLAN_0ea1ff2e,USER_02090,654529,"{""Food Delivery"": 630000, ""Coffee Shop"": 210000, ""Movie Ticket"": 210000, ""Gaming"": 210000}",2023-08-31
PLAN_5d681218,USER_08908,2008153,"{""Food Delivery"": 2115000, ""Coffee Shop"": 705000, ""Movie Ticket"": 705000, ""Gaming"": 705000}",2023-08-31
PLAN_b327a5e2,USER_06046,1772909,"{""Food Delivery"": 1395000, ""Coffee Shop"": 465000, ""Movie Ticket"": 465000, ""Gaming"": 465000}",2023-08-31
PLAN_425cdea8,USER_05563,1011189,"{""Food Delivery"": 1365000, ""Coffee Shop"": 455000, ""Movie Ticket"": 455000, ""Gaming"": 455000}",2023-08-31
PLAN_e308620b,USER_02236,1910560,"{""Food Delivery"": 1920000, ""Coffee Shop"": 640000, ""Movie Ticket"": 640000, ""Gaming"": 640000}",2023-08-31
PLAN_61013309,USER_03027,485449,"{""Food Delivery"": 720000, ""Coffee Shop"": 240000, ""Movie Ticket"": 240000, ""Gaming"": 240000}",2023-08-31
PLAN_6376b439,USER_08716,1542093,"{""Food Delivery"": 1575000, ""Coffee Shop"": 525000, ""Movie Ticket"": 525000, ""Gaming"": 525000}",2023-08-31
PLAN_6d6acb18,USER_06178,1151370,"{""Food Delivery"": 1635000, ""Coffee Shop"": 545000, ""Movie Ticket"": 545000, ""Gaming"": 545000}",2023-08-31
PLAN_1efc02cf,USER_02924,805548,"{""Food Delivery"": 1080000, ""Coffee Shop"": 360000, ""Movie Ticket"": 360000, ""Gaming"": 360000}",2023-08-31
PLAN_dbcbdd57,USER_03506,1151052,"{""Food Delivery"": 1545000, ""Coffee Shop"": 515000, ""Movie Ticket"": 515000, ""Gaming"": 515000}",2023-08-31
PLAN_23e858fd,USER_01157,1946068,"{""Food Delivery"": 1770000, ""Coffee Shop"": 590000, ""Movie Ticket"": 590000, ""Gaming"": 590000}",2023-08-31
PLAN_635cfe43,USER_04429,855561,"{""Food Delivery"": 735000, ""Coffee Shop"": 245000, ""Movie Ticket"": 245000, ""Gaming"": 245000}",2023-08-31
PLAN_6b713489,USER_00530,1963377,"{""Food Delivery"": 1860000, ""Coffee Shop"": 620000, ""Movie Ticket"": 620000, ""Gaming"": 620000}",2023-08-31
PLAN_ac107942,USER_09722,1903307,"{""Food Delivery"": 1455000, ""Coffee Shop"": 485000, ""Movie Ticket"": 485000, ""Gaming"": 485000}",2023-08-31
PLAN_191dcb47,USER_04084,1003655,"{""Food Delivery"": 1095000, ""Coffee Shop"": 365000, ""Movie Ticket"": 365000, ""Gaming"": 365000}",2023-08-31
PLAN_6fd4ffd2,USER_08331,668570,"{""Food Delivery"": 780000, ""Coffee Shop"": 260000, ""Movie Ticket"": 260000, ""Gaming"": 260000}",2023-08-31
PLAN_333d2018,USER_09715,579265,"{""Food Delivery"": 465000, ""Coffee Shop"": 155000, ""Movie Ticket"": 155000, ""Gaming"": 155000}",2023-08-31
PLAN_77c73375,USER_07164,1823157,"{""Food Delivery"": 2235000, ""Coffee Shop"": 745000, ""Movie Ticket"": 745000, ""Gaming"": 745000}",2023-08-31
PLAN_a468c21c,USER_03954,1001243,"{""Food Delivery"": 765000, ""Coffee Shop"": 255000, ""Movie Ticket"": 255000, ""Gaming"": 255000}",2023-08-31
PLAN_52ab8716,USER_05052,1457502,"{""Food Delivery"": 2160000, ""Coffee Shop"": 720000, ""Movie Ticket"": 720000, ""Gaming"": 720000}",2023-08-31
PLAN_76fc8345,USER_00314,1694095,"{""Food Delivery"": 1290000, ""Coffee Shop"": 430000, ""Movie Ticket"": 430000, ""Gaming"": 430000}",2023-08-31
PLAN_4b7ea2e6,USER_01836,1356107,"{""Food Delivery"": 1950000, ""Coffee Shop"": 650000, ""Movie Ticket"": 650000, ""Gaming"": 650000}",2023-08-31
PLAN_f39656dd,USER_00541,1910054,"{""Food Delivery"": 1515000, ""Coffee Shop"": 505000, ""Movie Ticket"": 505000, ""Gaming"": 505000}",2023-08-31
PLAN_8f7d07bd,USER_08193,549972,"{""Food Delivery"": 540000, ""Coffee Shop"": 180000, ""Movie Ticket"": 180000, ""Gaming"": 180000}",2023-08-31
PLAN_a5c8543e,USER_09013,2132472,"{""Food Delivery"": 1605000, ""Coffee Shop"": 535000, ""Movie Ticket"": 535000, ""Gaming"": 535000}",2023-08-31
PLAN_77906f6c,USER_07235,912727,"{""Food Delivery"": 1275000, ""Coffee Shop"": 425000, ""Movie Ticket"": 425000, ""Gaming"": 425000}",2023-08-31
PLAN_5414f8d2,USER_09892,2299704,"{""Food Delivery"": 2220000, ""Coffee Shop"": 740000, ""Movie Ticket"": 740000, ""Gaming"": 740000}",2023-08-31
PLAN_4d992fb6,USER_02047,1890530,"{""Food Delivery"": 1440000, ""Coffee Shop"": 480000, ""Movie Ticket"": 480000, ""Gaming"": 480000}",2023-08-31
PLAN_1535b09d,USER_09821,2178029,"{""Food Delivery"": 2145000, ""Coffee Shop"": 715000, ""Movie Ticket"": 715000, ""Gaming"": 715000}",2023-08-31
PLAN_b3dcdcad,USER_09635,733229,"{""Food Delivery"": 675000, ""Coffee Shop"": 225000, ""Movie Ticket"": 225000, ""Gaming"": 225000}",2023-08-31
PLAN_5bc439e3,USER_04733,2509708,"{""Food Delivery"": 2220000, ""Coffee Shop"": 740000, ""Movie Ticket"": 740000, ""Gaming"": 740000}",2023-08-31
PLAN_302ac5b9,USER_01211,1629085,"{""Food Delivery"": 1680000, ""Coffee Shop"": 560000, ""Movie Ticket"": 560000, ""Gaming"": 560000}",2023-08-31
PLAN_4677de0b,USER_04882,1302046,"{""Food Delivery"": 1200000, ""Coffee Shop"": 400000, ""Movie Ticket"": 400000, ""Gaming"": 400000}",2023-08-31
PLAN_43272123,USER_03234,1758588,"{""Food Delivery"": 1665000, ""Coffee Shop"": 555000, ""Movie Ticket"": 555000, ""Gaming"": 555000}",2023-08-31
PLAN_fcef36cf,USER_01204,2756679,"{""Food Delivery"": 2175000, ""Coffee Shop"": 725000, ""Movie Ticket"": 725000, ""Gaming"": 725000}",2023-08-31
PLAN_6c952d9d,USER_01131,1139536,"{""Food Delivery"": 1635000, ""Coffee Shop"": 545000, ""Movie Ticket"": 545000, ""Gaming"": 545000}",2023-08-31
PLAN_25da830a,USER_02661,1293772,"{""Food Delivery"": 1515000, ""Coffee Shop"": 505000, ""Movie Ticket"": 505000, ""Gaming"": 505000}",2023-08-31
PLAN_9a6959fd,USER_09602,2457518,"{""Food Delivery"": 1890000, ""Coffee Shop"": 630000, ""Movie Ticket"": 630000, ""Gaming"": 630000}",2023-08-31
PLAN_ca179999,USER_07094,2684174,"{""Food Delivery"": 2130000, ""Coffee Shop"": 710000, ""Movie Ticket"": 710000, ""Gaming"": 710000}",2023-08-31
PLAN_bfeee4e7,USER_06660,596819,"{""Food Delivery"": 615000, ""Coffee Shop"": 205000, ""Movie Ticket"": 205000, ""Gaming"": 205000}",2023-08-31
PLAN_26277b78,USER_01903,1328508,"{""Food Delivery"": 1230000, ""Coffee Shop"": 410000, ""Movie Ticket"": 410000, ""Gaming"": 410000}",2023-08-31
PLAN_9daa4f61,USER_00238,1328476,"{""Food Delivery"": 1560000, ""Coffee Shop"": 520000, ""Movie Ticket"": 520000, ""Gaming"": 520000}",2023-08-31
PLAN_28e1c2a9,USER_05831,403961,"{""Food Delivery"": 510000, ""Coffee Shop"": 170000, ""Movie Ticket"": 170000, ""Gaming"": 170000}",2023-08-31
PLAN_7ee41a81,USER_04859,819671,"{""Food Delivery"": 840000, ""Coffee Shop"": 280000, ""Movie Ticket"": 280000, ""Gaming"": 280000}",2023-08-31
PLAN_b76bbe4d,USER_01689,554874,"{""Food Delivery"": 615000, ""Coffee Shop"": 205000, ""Movie Ticket"": 205000, ""Gaming"": 205000}",2023-08-31
PLAN_119cc6a5,USER_03649,728481,"{""Food Delivery"": 690000, ""Coffee Shop"": 230000, ""Movie Ticket"": 230000, ""Gaming"": 230000}",2023-08-31
PLAN_0070ef7b,USER_04935,377207,"{""Food Delivery"": 525000, ""Coffee Shop"": 175000, ""Movie Ticket"": 175000, ""Gaming"": 175000}",2023-08-31
PLAN_83f8fc22,USER_04355,2487737,"{""Food Delivery"": 1890000, ""Coffee Shop"": 630000, ""Movie Ticket"": 630000, ""Gaming"": 630000}",2023-08-31
PLAN_699bffa6,USER_09968,675311,"{""Food Delivery"": 510000, ""Coffee Shop"": 170000, ""Movie Ticket"": 170000, ""Gaming"": 170000}",2023-08-31
PLAN_4f6b2e69,USER_00885,1460419,"{""Food Delivery"": 1290000, ""Coffee Shop"": 430000, ""Movie Ticket"": 430000, ""Gaming"": 430000}",2023-08-31
PLAN_4c2ced27,USER_01721,875574,"{""Food Delivery"": 855000, ""Coffee Shop"": 285000, ""Movie Ticket"": 285000, ""Gaming"": 285000}",2023-08-31
PLAN_986e9c71,USER_06455,1401194,"{""Food Delivery"": 1605000, ""Coffee Shop"": 535000, ""Movie Ticket"": 535000, ""Gaming"": 535000}",2023-08-31
PLAN_46ad5991,USER_09663,1777519,"{""Food Delivery"": 1470000, ""Coffee Shop"": 490000, ""Movie Ticket"": 490000, ""Gaming"": 490000}",2023-08-31
PLAN_4f736d24,USER_05561,2476554,"{""Food Delivery"": 2205000, ""Coffee Shop"": 735000, ""Movie Ticket"": 735000, ""Gaming"": 735000}",2023-08-31
PLAN_a22e16f7,USER_00072,1732299,"{""Food Delivery"": 2235000, ""Coffee Shop"": 745000, ""Movie Ticket"": 745000, ""Gaming"": 745000}",2023-08-31
PLAN_61b6fd0c,USER_08788,1681615,"{""Food Delivery"": 1320000, ""Coffee Shop"": 440000, ""Movie Ticket"": 440000, ""Gaming"": 440000}",2023-08-31
PLAN_695cea54,USER_06906,1129973,"{""Food Delivery"": 930000, ""Coffee Shop"": 310000, ""Movie Ticket"": 310000, ""Gaming"": 310000}",2023-08-31
PLAN_eb3c9e65,USER_09564,1774317,"{""Food Delivery"": 1365000, ""Coffee Shop"": 455000, ""Movie Ticket"": 455000, ""Gaming"": 455000}",2023-08-31
PLAN_0b857a22,USER_03773,1363318,"{""Food Delivery"": 1185000, ""Coffee Shop"": 395000, ""Movie Ticket"": 395000, ""Gaming"": 395000}",2023-08-31
PLAN_9cdcf790,USER_05306,2274915,"{""Food Delivery"": 2115000, ""Coffee Shop"": 705000, ""Movie Ticket"": 705000, ""Gaming"": 705000}",2023-08-31
PLAN_56201a28,USER_09109,1900445,"{""Food Delivery"": 2010000, ""Coffee Shop"": 670000, ""Movie Ticket"": 670000, ""Gaming"": 670000}",2023-08-31
PLAN_c64af7f6,USER_00798,927709,"{""Food Delivery"": 720000, ""Coffee Shop"": 240000, ""Movie Ticket"": 240000, ""Gaming"": 240000}",2023-08-31
PLAN_8d16b0e8,USER_08527,2145973,"{""Food Delivery"": 1725000, ""Coffee Shop"": 575000, ""Movie Ticket"": 575000, ""Gaming"": 575000}",2023-08-31
PLAN_e887dfef,USER_09246,1024314,"{""Food Delivery"": 1470000, ""Coffee Shop"": 490000, ""Movie Ticket"": 490000, ""Gaming"": 490000}",2023-08-31
PLAN_f09e6ca8,USER_01221,975048,"{""Food Delivery"": 1425000, ""Coffee Shop"": 475000, ""Movie Ticket"": 475000, ""Gaming"": 475000}",2023-08-31
PLAN_f3bffc95,USER_05801,1693049,"{""Food Delivery"": 1845000, ""Coffee Shop"": 615000, ""Movie Ticket"": 615000, ""Gaming"": 615000}",2023-08-31
PLAN_6727f71e,USER_03491,1376020,"{""Food Delivery"": 1140000, ""Coffee Shop"": 380000, ""Movie Ticket"": 380000, ""Gaming"": 380000}",2023-08-31
PLAN_133a97ab,USER_03052,1351347,"{""Food Delivery"": 1020000, ""Coffee Shop"": 340000, ""Movie Ticket"": 340000, ""Gaming"": 340000}",2023-08-31
PLAN_ec8b970e,USER_08339,1115904,"{""Food Delivery"": 1455000, ""Coffee Shop"": 485000, ""Movie Ticket"": 485000, ""Gaming"": 485000}",2023-08-31
PLAN_82ce0606,USER_09224,988361,"{""Food Delivery"": 930000, ""Coffee Shop"": 310000, ""Movie Ticket"": 310000, ""Gaming"": 310000}",2023-08-31
PLAN_cd197aec,USER_04830,579974,"{""Food Delivery"": 630000, ""Coffee Shop"": 210000, ""Movie Ticket"": 210000, ""Gaming"": 210000}",2023-08-31
PLAN_9d072c18,USER_06813,2226003,"{""Food Delivery"": 1695000, ""Coffee Shop"": 565000, ""Movie Ticket"": 565000, ""Gaming"": 565000}",2023-08-31
PLAN_49359757,USER_05617,1528958,"{""Food Delivery"": 1245000, ""Coffee Shop"": 415000, ""Movie Ticket"": 415000, ""Gaming"": 415000}",2023-08-31
PLAN_50d853a1,USER_09942,661798,"{""Food Delivery"": 540000, ""Coffee Shop"": 180000, ""Movie Ticket"": 180000, ""Gaming"": 180000}",2023-08-31
PLAN_68b7f0f7,USER_00110,1586188,"{""Food Delivery"": 1620000, ""Coffee Shop"": 540000, ""Movie Ticket"": 540000, ""Gaming"": 540000}",2023-08-31
PLAN_e8f1523e,USER_00949,1641190,"{""Food Delivery"": 1740000, ""Coffee Shop"": 580000, ""Movie Ticket"": 580000, ""Gaming"": 580000}",2023-08-31
PLAN_e3744439,USER_04528,547565,"{""Food Delivery"": 645000, ""Coffee Shop"": 215000, ""Movie Ticket"": 215000, ""Gaming"": 215000}",2023-08-31
PLAN_efe90901,USER_09198,1225395,"{""Food Delivery"": 1740000, ""Coffee Shop"": 580000, ""Movie Ticket"": 580000, ""Gaming"": 580000}",2023-08-31
PLAN_65c9008d,USER_00186,895066,"{""Food Delivery"": 720000, ""Coffee Shop"": 240000, ""Movie Ticket"": 240000, ""Gaming"": 240000}",2023-08-31
PLAN_1eacbf35,USER_04075,1504707,"{""Food Delivery"": 1245000, ""Coffee Shop"": 415000, ""Movie Ticket"": 415000, ""Gaming"": 415000}",2023-08-31
PLAN_049befb4,USER_03981,2439655,"{""Food Delivery"": 1830000, ""Coffee Shop"": 610000, ""Movie Ticket"": 610000, ""Gaming"": 610000}",2023-08-31
PLAN_6229231b,USER_07609,2974988,"{""Food Delivery"": 2235000, ""Coffee Shop"": 745000, ""Movie Ticket"": 745000, ""Gaming"": 745000}",2023-08-31
PLAN_6b0161e9,USER_03786,762161,"{""Food Delivery"": 735000, ""Coffee Shop"": 245000, ""Movie Ticket"": 245000, ""Gaming"": 245000}",2023-08-31
PLAN_08337eed,USER_06408,1026012,"{""Food Delivery"": 870000, ""Coffee Shop"": 290000, ""Movie Ticket"": 290000, ""Gaming"": 290000}",2023-08-31
PLAN_0e12e309,USER_07228,1030725,"{""Food Delivery"": 795000, ""Coffee Shop"": 265000, ""Movie Ticket"": 265000, ""Gaming"": 265000}",2023-08-31
PLAN_10c826b9,USER_08379,2053108,"{""Food Delivery"": 1665000, ""Coffee Shop"": 555000, ""Movie Ticket"": 555000, ""Gaming"": 555000}",2023-08-31
PLAN_d2d8fe05,USER_09305,1147560,"{""Food Delivery"": 1380000, ""Coffee Shop"": 460000, ""Movie Ticket"": 460000, ""Gaming"": 460000}",2023-08-31
PLAN_2b4a20cf,USER_06122,1494060,"{""Food Delivery"": 1545000, ""Coffee Shop"": 515000, ""Movie Ticket"": 515000, ""Gaming"": 515000}",2023-08-31
PLAN_383c244f,USER_07799,1513073,"{""Food Delivery"": 2010000, ""Coffee Shop"": 670000, ""Movie Ticket"": 670000, ""Gaming"": 670000}",2023-08-31
PLAN_72a4f5fc,USER_08938,1680483,"{""Food Delivery"": 1290000, ""Coffee Shop"": 430000, ""Movie Ticket"": 430000, ""Gaming"": 430000}",2023-08-31
PLAN_ceaf2305,USER_05364,594284,"{""Food Delivery"": 555000, ""Coffee Shop"": 185000, ""Movie Ticket"": 185000, ""Gaming"": 185000}",2023-08-31
PLAN_c3cb6b64,USER_05442,1462084,"{""Food Delivery"": 1785000, ""Coffee Shop"": 595000, ""Movie Ticket"": 595000, ""Gaming"": 595000}",2023-08-31
PLAN_23c784fd,USER_03570,1521247,"{""Food Delivery"": 1365000, ""Coffee Shop"": 455000, ""Movie Ticket"": 455000, ""Gaming"": 455000}",2023-08-31
PLAN_dcc9fa8a,USER_09443,938514,"{""Food Delivery"": 870000, ""Coffee Shop"": 290000, ""Movie Ticket"": 290000, ""Gaming"": 290000}",2023-08-31
PLAN_85cb9d89,USER_02057,1398907,"{""Food Delivery"": 1545000, ""Coffee Shop"": 515000, ""Movie Ticket"": 515000, ""Gaming"": 515000}",2023-08-31
PLAN_a0f96879,USER_06549,512236,"{""Food Delivery"": 690000, ""Coffee Shop"": 230000, ""Movie Ticket"": 230000, ""Gaming"": 230000}",2023-08-31
PLAN_4e7bfbc9,USER_05295,1587994,"{""Food Delivery"": 1425000, ""Coffee Shop"": 475000, ""Movie Ticket"": 475000, ""Gaming"": 475000}",2023-08-31
PLAN_d3ab0a87,USER_08937,532107,"{""Food Delivery"": 525000, ""Coffee Shop"": 175000, ""Movie Ticket"": 175000, ""Gaming"": 175000}",2023-08-31
PLAN_be5417ba,USER_05388,1541917,"{""Food Delivery"": 1305000, ""Coffee Shop"": 435000, ""Movie Ticket"": 435000, ""Gaming"": 435000}",2023-08-31
PLAN_6e2134ad,USER_00559,1489760,"{""Food Delivery"": 1470000, ""Coffee Shop"": 490000, ""Movie Ticket"": 490000, ""Gaming"": 490000}",2023-08-31
PLAN_05a1b9f1,USER_02734,1055743,"{""Food Delivery"": 855000, ""Coffee Shop"": 285000, ""Movie Ticket"": 285000, ""Gaming"": 285000}",2023-08-31
PLAN_dda76cdb,USER_06487,1412235,"{""Food Delivery"": 1365000, ""Coffee Shop"": 455000, ""Movie Ticket"": 455000, ""Gaming"": 455000}",2023-08-31
PLAN_bc4b054b,USER_09056,1092656,"{""Food Delivery"": 1050000, ""Coffee Shop"": 350000, ""Movie Ticket"": 350000, ""Gaming"": 350000}",2023-08-31
PLAN_1779a103,USER_08844,1839120,"{""Food Delivery"": 1470000, ""Coffee Shop"": 490000, ""Movie Ticket"": 490000, ""Gaming"": 490000}",2023-08-31
PLAN_00794cde,USER_09229,1557865,"{""Food Delivery"": 1665000, ""Coffee Shop"": 555000, ""Movie Ticket"": 555000, ""Gaming"": 555000}",2023-08-31
PLAN_f9cfb241,USER_01822,1349478,"{""Food Delivery"": 1785000, ""Coffee Shop"": 595000, ""Movie Ticket"": 595000, ""Gaming"": 595000}",2023-08-31
PLAN_17420ce2,USER_00355,1162524,"{""Food Delivery"": 1695000, ""Coffee Shop"": 565000, ""Movie Ticket"": 565000, ""Gaming"": 565000}",2023-08-31
PLAN_af86b88b,USER_03561,1228596,"{""Food Delivery"": 1050000, ""Coffee Shop"": 350000, ""Movie Ticket"": 350000, ""Gaming"": 350000}",2023-08-31
PLAN_4a7b66aa,USER_09388,1263841,"{""Food Delivery"": 1170000, ""Coffee Shop"": 390000, ""Movie Ticket"": 390000, ""Gaming"": 390000}",2023-08-31
PLAN_f556ce73,USER_06977,2044895,"{""Food Delivery"": 1800000, ""Coffee Shop"": 600000, ""Movie Ticket"": 600000, ""Gaming"": 600000}",2023-08-31
PLAN_50f54d00,USER_00085,946112,"{""Food Delivery"": 1170000, ""Coffee Shop"": 390000, ""Movie Ticket"": 390000, ""Gaming"": 390000}",2023-08-31
PLAN_156ac91e,USER_00614,1193190,"{""Food Delivery"": 1575000, ""Coffee Shop"": 525000, ""Movie Ticket"": 525000, ""Gaming"": 525000}",2023-08-31
PLAN_3b814675,USER_05087,1014544,"{""Food Delivery"": 1500000, ""Coffee Shop"": 500000, ""Movie Ticket"": 500000, ""Gaming"": 500000}",2023-08-31
PLAN_79bed1ae,USER_07978,432188,"{""Food Delivery"": 480000, ""Coffee Shop"": 160000, ""Movie Ticket"": 160000, ""Gaming"": 160000}",2023-08-31
PLAN_6eff9f18,USER_08907,620067,"{""Food Delivery"": 585000, ""Coffee Shop"": 195000, ""Movie Ticket"": 195000, ""Gaming"": 195000}",2023-08-31
PLAN_08ea9bca,USER_04553,1768149,"{""Food Delivery"": 1905000, ""Coffee Shop"": 635000, ""Movie Ticket"": 635000, ""Gaming"": 635000}",2023-08-31
PLAN_cfdb3a4c,USER_04354,1696220,"{""Food Delivery"": 1770000, ""Coffee Shop"": 590000, ""Movie Ticket"": 590000, ""Gaming"": 590000}",2023-08-31
PLAN_4ec7d626,USER_01964,1218661,"{""Food Delivery"": 960000, ""Coffee Shop"": 320000, ""Movie Ticket"": 320000, ""Gaming"": 320000}",2023-08-31
PLAN_d9da4866,USER_05697,1469598,"{""Food Delivery"": 1635000, ""Coffee Shop"": 545000, ""Movie Ticket"": 545000, ""Gaming"": 545000}",2023-08-31
PLAN_573d835a,USER_04542,469336,"{""Food Delivery"": 465000, ""Coffee Shop"": 155000, ""Movie Ticket"": 155000, ""Gaming"": 155000}",2023-08-31
PLAN_4d05b648,USER_03630,945336,"{""Food Delivery"": 795000, ""Coffee Shop"": 265000, ""Movie Ticket"": 265000, ""Gaming"": 265000}",2023-08-31
PLAN_be2f8f91,USER_04095,1438439,"{""Food Delivery"": 1545000, ""Coffee Shop"": 515000, ""Movie Ticket"": 515000, ""Gaming"": 515000}",2023-08-31
PLAN_b8ab135c,USER_09053,1086798,"{""Food Delivery"": 1005000, ""Coffee Shop"": 335000, ""Movie Ticket"": 335000, ""Gaming"": 335000}",2023-08-31
PLAN_42f3fc8f,USER_08978,949805,"{""Food Delivery"": 765000, ""Coffee Shop"": 255000, ""Movie Ticket"": 255000, ""Gaming"": 255000}",2023-08-31
PLAN_d88e16e1,USER_03186,1072236,"{""Food Delivery"": 825000, ""Coffee Shop"": 275000, ""Movie Ticket"": 275000, ""Gaming"": 275000}",2023-08-31
PLAN_382c048c,USER_00032,825892,"{""Food Delivery"": 1080000, ""Coffee Shop"": 360000, ""Movie Ticket"": 360000, ""Gaming"": 360000}",2023-08-31
PLAN_c63a372e,USER_05444,1618333,"{""Food Delivery"": 1260000, ""Coffee Shop"": 420000, ""Movie Ticket"": 420000, ""Gaming"": 420000}",2023-08-31
PLAN_86f4241f,USER_04665,1014639,"{""Food Delivery"": 1020000, ""Coffee Shop"": 340000, ""Movie Ticket"": 340000, ""Gaming"": 340000}",2023-08-31
PLAN_a397a7a7,USER_09584,1509893,"{""Food Delivery"": 1800000, ""Coffee Shop"": 600000, ""Movie Ticket"": 600000, ""Gaming"": 600000}",2023-08-31
PLAN_221fe61f,USER_03090,846298,"{""Food Delivery"": 870000, ""Coffee Shop"": 290000, ""Movie Ticket"": 290000, ""Gaming"": 290000}",2023-08-31
PLAN_7c3a6d2a,USER_09914,2772045,"{""Food Delivery"": 2100000, ""Coffee Shop"": 700000, ""Movie Ticket"": 700000, ""Gaming"": 700000}",2023-08-31
PLAN_3deb2e5e,USER_09516,1955329,"{""Food Delivery"": 1965000, ""Coffee Shop"": 655000, ""Movie Ticket"": 655000, ""Gaming"": 655000}",2023-08-31
PLAN_5e486d49,USER_06590,651088,"{""Food Delivery"": 735000, ""Coffee Shop"": 245000, ""Movie Ticket"": 245000, ""Gaming"": 245000}",2023-08-31
PLAN_81bef936,USER_02378,1960081,"{""Food Delivery"": 1800000, ""Coffee Shop"": 600000, ""Movie Ticket"": 600000, ""Gaming"": 600000}",2023-08-31
PLAN_7a39dc95,USER_09328,868101,"{""Food Delivery"": 1050000, ""Coffee Shop"": 350000, ""Movie Ticket"": 350000, ""Gaming"": 350000}",2023-08-31
PLAN_81e01d78,USER_01882,892966,"{""Food Delivery"": 1245000, ""Coffee Shop"": 415000, ""Movie Ticket"": 415000, ""Gaming"": 415000}",2023-08-31
PLAN_aef24494,USER_07865,553151,"{""Food Delivery"": 735000, ""Coffee Shop"": 245000, ""Movie Ticket"": 245000, ""Gaming"": 245000}",2023-08-31
PLAN_1bd35239,USER_02635,1545422,"{""Food Delivery"": 2055000, ""Coffee Shop"": 685000, ""Movie Ticket"": 685000, ""Gaming"": 685000}",2023-08-31
PLAN_60255b75,USER_01410,552913,"{""Food Delivery"": 720000, ""Coffee Shop"": 240000, ""Movie Ticket"": 240000, ""Gaming"": 240000}",2023-08-31
PLAN_be8d459a,USER_04961,1286874,"{""Food Delivery"": 1695000, ""Coffee Shop"": 565000, ""Movie Ticket"": 565000, ""Gaming"": 565000}",2023-08-31
PLAN_9d1cdf08,USER_07635,2100319,"{""Food Delivery"": 1920000, ""Coffee Shop"": 640000, ""Movie Ticket"": 640000, ""Gaming"": 640000}",2023-08-31
PLAN_ed2d6fa1,USER_09265,1654632,"{""Food Delivery"": 2100000, ""Coffee Shop"": 700000, ""Movie Ticket"": 700000, ""Gaming"": 700000}",2023-08-31
PLAN_b5df273e,USER_01200,1278383,"{""Food Delivery"": 1425000, ""Coffee Shop"": 475000, ""Movie Ticket"": 475000, ""Gaming"": 475000}",2023-08-31
PLAN_a02c68f9,USER_02543,1119105,"{""Food Delivery"": 885000, ""Coffee Shop"": 295000, ""Movie Ticket"": 295000, ""Gaming"": 295000}",2023-08-31
PLAN_4da6fd6a,USER_09807,1208648,"{""Food Delivery"": 1230000, ""Coffee Shop"": 410000, ""Movie Ticket"": 410000, ""Gaming"": 410000}",2023-08-31
PLAN_5befd704,USER_09963,1050561,"{""Food Delivery"": 945000, ""Coffee Shop"": 315000, ""Movie Ticket"": 315000, ""Gaming"": 315000}",2023-08-31
PLAN_b7284848,USER_08753,597883,"{""Food Delivery"": 765000, ""Coffee Shop"": 255000, ""Movie Ticket"": 255000, ""Gaming"": 255000}",2023-08-31
PLAN_20675128,USER_04078,1144597,"{""Food Delivery"": 1440000, ""Coffee Shop"": 480000, ""Movie Ticket"": 480000, ""Gaming"": 480000}",2023-08-31
PLAN_b5aa035d,USER_02116,364304,"{""Food Delivery"": 525000, ""Coffee Shop"": 175000, ""Movie Ticket"": 175000, ""Gaming"": 175000}",2023-08-31
PLAN_75dcd2e2,USER_08547,1262449,"{""Food Delivery"": 1620000, ""Coffee Shop"": 540000, ""Movie Ticket"": 540000, ""Gaming"": 540000}",2023-08-31
PLAN_511bc9a5,USER_08832,716010,"{""Food Delivery"": 840000, ""Coffee Shop"": 280000, ""Movie Ticket"": 280000, ""Gaming"": 280000}",2023-08-31
PLAN_92f98ae3,USER_08059,459034,"{""Food Delivery"": 585000, ""Coffee Shop"": 195000, ""Movie Ticket"": 195000, ""Gaming"": 195000}",2023-08-31
PLAN_40d693e3,USER_04039,1110476,"{""Food Delivery"": 1530000, ""Coffee Shop"": 510000, ""Movie Ticket"": 510000, ""Gaming"": 510000}",2023-08-31
PLAN_13581c72,USER_09146,1412001,"{""Food Delivery"": 1890000, ""Coffee Shop"": 630000, ""Movie Ticket"": 630000, ""Gaming"": 630000}",2023-08-31
PLAN_a662a8c6,USER_07565,1825973,"{""Food Delivery"": 1875000, ""Coffee Shop"": 625000, ""Movie Ticket"": 625000, ""Gaming"": 625000}",2023-08-31
PLAN_2d8daa9d,USER_00334,928876,"{""Food Delivery"": 1155000, ""Coffee Shop"": 385000, ""Movie Ticket"": 385000, ""Gaming"": 385000}",2023-08-31
PLAN_98a1338d,USER_03270,1350627,"{""Food Delivery"": 1485000, ""Coffee Shop"": 495000, ""Movie Ticket"": 495000, ""Gaming"": 495000}",2023-08-31
PLAN_6eb541e7,USER_08351,2014579,"{""Food Delivery"": 2010000, ""Coffee Shop"": 670000, ""Movie Ticket"": 670000, ""Gaming"": 670000}",2023-08-31
PLAN_d521e1c5,USER_06642,1487547,"{""Food Delivery"": 1320000, ""Coffee Shop"": 440000, ""Movie Ticket"": 440000, ""Gaming"": 440000}",2023-08-31
PLAN_73ebfa3e,USER_04924,1340712,"{""Food Delivery"": 1935000, ""Coffee Shop"": 645000, ""Movie Ticket"": 645000, ""Gaming"": 645000}",2023-08-31
PLAN_2b490088,USER_03094,1583481,"{""Food Delivery"": 1320000, ""Coffee Shop"": 440000, ""Movie Ticket"": 440000, ""Gaming"": 440000}",2023-08-31
PLAN_30043379,USER_09869,504649,"{""Food Delivery"": 465000, ""Coffee Shop"": 155000, ""Movie Ticket"": 155000, ""Gaming"": 155000}",2023-08-31
PLAN_ca257a2c,USER_06346,627420,"{""Food Delivery"": 870000, ""Coffee Shop"": 290000, ""Movie Ticket"": 290000, ""Gaming"": 290000}",2023-08-31
PLAN_1580def5,USER_04567,1817371,"{""Food Delivery"": 1455000, ""Coffee Shop"": 485000, ""Movie Ticket"": 485000, ""Gaming"": 485000}",2023-08-31
PLAN_dd807426,USER_08830,1805620,"{""Food Delivery"": 1410000, ""Coffee Shop"": 470000, ""Movie Ticket"": 470000, ""Gaming"": 470000}",2023-08-31
PLAN_72d9788a,USER_04808,1188407,"{""Food Delivery"": 1680000, ""Coffee Shop"": 560000, ""Movie Ticket"": 560000, ""Gaming"": 560000}",2023-08-31
PLAN_5931cb2b,USER_01690,702282,"{""Food Delivery"": 825000, ""Coffee Shop"": 275000, ""Movie Ticket"": 275000, ""Gaming"": 275000}",2023-08-31
PLAN_208c3535,USER_03438,2131317,"{""Food Delivery"": 1770000, ""Coffee Shop"": 590000, ""Movie Ticket"": 590000, ""Gaming"": 590000}",2023-08-31
PLAN_6c0988ba,USER_07757,681821,"{""Food Delivery"": 585000, ""Coffee Shop"": 195000, ""Movie Ticket"": 195000, ""Gaming"": 195000}",2023-08-31
PLAN_edc577af,USER_01155,971307,"{""Food Delivery"": 1230000, ""Coffee Shop"": 410000, ""Movie Ticket"": 410000, ""Gaming"": 410000}",2023-08-31
PLAN_30480820,USER_09120,1306097,"{""Food Delivery"": 1620000, ""Coffee Shop"": 540000, ""Movie Ticket"": 540000, ""Gaming"": 540000}",2023-08-31
PLAN_d158148c,USER_08678,1206015,"{""Food Delivery"": 1320000, ""Coffee Shop"": 440000, ""Movie Ticket"": 440000, ""Gaming"": 440000}",2023-08-31
PLAN_01a7d876,USER_04563,757106,"{""Food Delivery"": 765000, ""Coffee Shop"": 255000, ""Movie Ticket"": 255000, ""Gaming"": 255000}",2023-08-31
PLAN_5aa69a99,USER_00527,1294603,"{""Food Delivery"": 1200000, ""Coffee Shop"": 400000, ""Movie Ticket"": 400000, ""Gaming"": 400000}",2023-08-31
PLAN_ec4a724d,USER_06339,1054063,"{""Food Delivery"": 1155000, ""Coffee Shop"": 385000, ""Movie Ticket"": 385000, ""Gaming"": 385000}",2023-08-31
PLAN_2c05b0ce,USER_01047,731267,"{""Food Delivery"": 750000, ""Coffee Shop"": 250000, ""Movie Ticket"": 250000, ""Gaming"": 250000}",2023-08-31
PLAN_df87f309,USER_03599,2603731,"{""Food Delivery"": 2235000, ""Coffee Shop"": 745000, ""Movie Ticket"": 745000, ""Gaming"": 745000}",2023-08-31
PLAN_f7403fef,USER_02504,528708,"{""Food Delivery"": 765000, ""Coffee Shop"": 255000, ""Movie Ticket"": 255000, ""Gaming"": 255000}",2023-08-31
PLAN_29bb67bc,USER_08274,1615643,"{""Food Delivery"": 1935000, ""Coffee Shop"": 645000, ""Movie Ticket"": 645000, ""Gaming"": 645000}",2023-08-31
PLAN_3009f3b0,USER_07550,2175953,"{""Food Delivery"": 1905000, ""Coffee Shop"": 635000, ""Movie Ticket"": 635000, ""Gaming"": 635000}",2023-08-31
PLAN_b3f032a3,USER_04465,1118172,"{""Food Delivery"": 885000, ""Coffee Shop"": 295000, ""Movie Ticket"": 295000, ""Gaming"": 295000}",2023-08-31
PLAN_dc98d39f,USER_00761,816305,"{""Food Delivery"": 810000, ""Coffee Shop"": 270000, ""Movie Ticket"": 270000, ""Gaming"": 270000}",2023-08-31
PLAN_79de90e6,USER_01360,2114316,"{""Food Delivery"": 2070000, ""Coffee Shop"": 690000, ""Movie Ticket"": 690000, ""Gaming"": 690000}",2023-08-31
PLAN_50149a5c,USER_00111,631088,"{""Food Delivery"": 855000, ""Coffee Shop"": 285000, ""Movie Ticket"": 285000, ""Gaming"": 285000}",2023-08-31
PLAN_25735169,USER_03594,1360567,"{""Food Delivery"": 1410000, ""Coffee Shop"": 470000, ""Movie Ticket"": 470000, ""Gaming"": 470000}",2023-08-31
PLAN_18e23d29,USER_05973,2176316,"{""Food Delivery"": 2130000, ""Coffee Shop"": 710000, ""Movie Ticket"": 710000, ""Gaming"": 710000}",2023-08-31
PLAN_d6a915c2,USER_00066,919428,"{""Food Delivery"": 1110000, ""Coffee Shop"": 370000, ""Movie Ticket"": 370000, ""Gaming"": 370000}",2023-08-31
PLAN_ba31e2d4,USER_09848,1231165,"{""Food Delivery"": 1455000, ""Coffee Shop"": 485000, ""Movie Ticket"": 485000, ""Gaming"": 485000}",2023-08-31
PLAN_666139e0,USER_08955,495822,"{""Food Delivery"": 540000, ""Coffee Shop"": 180000, ""Movie Ticket"": 180000, ""Gaming"": 180000}",2023-08-31
PLAN_4d4b224c,USER_00425,795655,"{""Food Delivery"": 1170000, ""Coffee Shop"": 390000, ""Movie Ticket"": 390000, ""Gaming"": 390000}",2023-08-31
PLAN_bfaca2fe,USER_01041,502390,"{""Food Delivery"": 570000, ""Coffee Shop"": 190000, ""Movie Ticket"": 190000, ""Gaming"": 190000}",2023-08-31
PLAN_80169c2b,USER_06498,787441,"{""Food Delivery"": 975000, ""Coffee Shop"": 325000, ""Movie Ticket"": 325000, ""Gaming"": 325000}",2023-08-31
PLAN_ca22382c,USER_09027,1486797,"{""Food Delivery"": 1680000, ""Coffee Shop"": 560000, ""Movie Ticket"": 560000, ""Gaming"": 560000}",2023-08-31
PLAN_bf1f4a22,USER_00287,335928,"{""Food Delivery"": 450000, ""Coffee Shop"": 150000, ""Movie Ticket"": 150000, ""Gaming"": 150000}",2023-08-31
PLAN_84d7b467,USER_00019,737305,"{""Food Delivery"": 585000, ""Coffee Shop"": 195000, ""Movie Ticket"": 195000, ""Gaming"": 195000}",2023-08-31
PLAN_dcfb6b94,USER_02238,1035835,"{""Food Delivery"": 975000, ""Coffee Shop"": 325000, ""Movie Ticket"": 325000, ""Gaming"": 325000}",2023-08-31
PLAN_b1d3e0aa,USER_00130,1712684,"{""Food Delivery"": 1530000, ""Coffee Shop"": 510000, ""Movie Ticket"": 510000, ""Gaming"": 510000}",2023-08-31
PLAN_5a808238,USER_06951,2469056,"{""Food Delivery"": 2070000, ""Coffee Shop"": 690000, ""Movie Ticket"": 690000, ""Gaming"": 690000}",2023-08-31
PLAN_e1b9f136,USER_07357,1123831,"{""Food Delivery"": 1125000, ""Coffee Shop"": 375000, ""Movie Ticket"": 375000, ""Gaming"": 375000}",2023-08-31
PLAN_ed35f4ca,USER_08424,1467342,"{""Food Delivery"": 2025000, ""Coffee Shop"": 675000, ""Movie Ticket"": 675000, ""Gaming"": 675000}",2023-08-31
PLAN_07eab747,USER_07410,937634,"{""Food Delivery"": 915000, ""Coffee Shop"": 305000, ""Movie Ticket"": 305000, ""Gaming"": 305000}",2023-08-31
PLAN_5f057578,USER_01058,967973,"{""Food Delivery"": 915000, ""Coffee Shop"": 305000, ""Movie Ticket"": 305000, ""Gaming"": 305000}",2023-08-31
PLAN_89fe430e,USER_05589,610903,"{""Food Delivery"": 525000, ""Coffee Shop"": 175000, ""Movie Ticket"": 175000, ""Gaming"": 175000}",2023-08-31
PLAN_5221162a,USER_01562,1102377,"{""Food Delivery"": 1155000, ""Coffee Shop"": 385000, ""Movie Ticket"": 385000, ""Gaming"": 385000}",2023-08-31
PLAN_1725d3a9,USER_04198,755478,"{""Food Delivery"": 1005000, ""Coffee Shop"": 335000, ""Movie Ticket"": 335000, ""Gaming"": 335000}",2023-08-31
PLAN_5acf749d,USER_06879,590536,"{""Food Delivery"": 690000, ""Coffee Shop"": 230000, ""Movie Ticket"": 230000, ""Gaming"": 230000}",2023-08-31
PLAN_dbb3d3b4,USER_02887,1403974,"{""Food Delivery"": 1545000, ""Coffee Shop"": 515000, ""Movie Ticket"": 515000, ""Gaming"": 515000}",2023-08-31
PLAN_55f71492,USER_09499,2353661,"{""Food Delivery"": 2145000, ""Coffee Shop"": 715000, ""Movie Ticket"": 715000, ""Gaming"": 715000}",2023-08-31
PLAN_23274242,USER_07676,879635,"{""Food Delivery"": 840000, ""Coffee Shop"": 280000, ""Movie Ticket"": 280000, ""Gaming"": 280000}",2023-08-31
PLAN_4787505c,USER_04798,1125560,"{""Food Delivery"": 1245000, ""Coffee Shop"": 415000, ""Movie Ticket"": 415000, ""Gaming"": 415000}",2023-08-31
PLAN_98910f3d,USER_06979,1569347,"{""Food Delivery"": 1185000, ""Coffee Shop"": 395000, ""Movie Ticket"": 395000, ""Gaming"": 395000}",2023-08-31
PLAN_1558a26a,USER_09298,1027695,"{""Food Delivery"": 960000, ""Coffee Shop"": 320000, ""Movie Ticket"": 320000, ""Gaming"": 320000}",2023-08-31
PLAN_b76d19bd,USER_08922,1793978,"{""Food Delivery"": 2175000, ""Coffee Shop"": 725000, ""Movie Ticket"": 725000, ""Gaming"": 725000}",2023-08-31
PLAN_529e4cba,USER_09339,1256032,"{""Food Delivery"": 1710000, ""Coffee Shop"": 570000, ""Movie Ticket"": 570000, ""Gaming"": 570000}",2023-08-31
PLAN_13ab465c,USER_02162,622543,"{""Food Delivery"": 810000, ""Coffee Shop"": 270000, ""Movie Ticket"": 270000, ""Gaming"": 270000}",2023-08-31
PLAN_9d6471cb,USER_03723,710195,"{""Food Delivery"": 855000, ""Coffee Shop"": 285000, ""Movie Ticket"": 285000, ""Gaming"": 285000}",2023-08-31
PLAN_ee5e042f,USER_08457,1624953,"{""Food Delivery"": 2100000, ""Coffee Shop"": 700000, ""Movie Ticket"": 700000, ""Gaming"": 700000}",2023-08-31
PLAN_b0541521,USER_09809,522089,"{""Food Delivery"": 660000, ""Coffee Shop"": 220000, ""Movie Ticket"": 220000, ""Gaming"": 220000}",2023-08-31
PLAN_14b5e27a,USER_01354,424081,"{""Food Delivery"": 495000, ""Coffee Shop"": 165000, ""Movie Ticket"": 165000, ""Gaming"": 165000}",2023-08-31
PLAN_5e74aeb6,USER_05020,1431515,"{""Food Delivery"": 1830000, ""Coffee Shop"": 610000, ""Movie Ticket"": 610000, ""Gaming"": 610000}",2023-08-31
PLAN_01988d05,USER_08113,1934700,"{""Food Delivery"": 1530000, ""Coffee Shop"": 510000, ""Movie Ticket"": 510000, ""Gaming"": 510000}",2023-08-31
PLAN_10faf39d,USER_03913,604930,"{""Food Delivery"": 840000, ""Coffee Shop"": 280000, ""Movie Ticket"": 280000, ""Gaming"": 280000}",2023-08-31
PLAN_b16f4fe3,USER_04046,838481,"{""Food Delivery"": 825000, ""Coffee Shop"": 275000, ""Movie Ticket"": 275000, ""Gaming"": 275000}",2023-08-31
PLAN_0a592821,USER_09666,676990,"{""Food Delivery"": 720000, ""Coffee Shop"": 240000, ""Movie Ticket"": 240000, ""Gaming"": 240000}",2023-08-31
PLAN_f1d93178,USER_04159,2953744,"{""Food Delivery"": 2235000, ""Coffee Shop"": 745000, ""Movie Ticket"": 745000, ""Gaming"": 745000}",2023-08-31
PLAN_de6925c0,USER_03960,1345567,"{""Food Delivery"": 1815000, ""Coffee Shop"": 605000, ""Movie Ticket"": 605000, ""Gaming"": 605000}",2023-08-31
PLAN_dcff84a6,USER_02733,643013,"{""Food Delivery"": 690000, ""Coffee Shop"": 230000, ""Movie Ticket"": 230000, ""Gaming"": 230000}",2023-08-31
PLAN_c71b6ee5,USER_07379,1418018,"{""Food Delivery"": 1080000, ""Coffee Shop"": 360000, ""Movie Ticket"": 360000, ""Gaming"": 360000}",2023-08-31
PLAN_d42cc38f,USER_08251,2798260,"{""Food Delivery"": 2250000, ""Coffee Shop"": 750000, ""Movie Ticket"": 750000, ""Gaming"": 750000}",2023-08-31
PLAN_8279886a,USER_02107,1271950,"{""Food Delivery"": 1050000, ""Coffee Shop"": 350000, ""Movie Ticket"": 350000, ""Gaming"": 350000}",2023-08-31
PLAN_930a696f,USER_04875,893111,"{""Food Delivery"": 1065000, ""Coffee Shop"": 355000, ""Movie Ticket"": 355000, ""Gaming"": 355000}",2023-08-31
PLAN_3bd23c27,USER_07385,925001,"{""Food Delivery"": 1185000, ""Coffee Shop"": 395000, ""Movie Ticket"": 395000, ""Gaming"": 395000}",2023-08-31
PLAN_f77321cc,USER_02280,1885566,"{""Food Delivery"": 1695000, ""Coffee Shop"": 565000, ""Movie Ticket"": 565000, ""Gaming"": 565000}",2023-08-31
PLAN_725def49,USER_03893,2662538,"{""Food Delivery"": 2070000, ""Coffee Shop"": 690000, ""Movie Ticket"": 690000, ""Gaming"": 690000}",2023-08-31
PLAN_b828b858,USER_01538,1074166,"{""Food Delivery"": 1035000, ""Coffee Shop"": 345000, ""Movie Ticket"": 345000, ""Gaming"": 345000}",2023-08-31
PLAN_8214b19c,USER_02795,1068696,"{""Food Delivery"": 1020000, ""Coffee Shop"": 340000, ""Movie Ticket"": 340000, ""Gaming"": 340000}",2023-08-31
PLAN_1311813b,USER_07372,1817570,"{""Food Delivery"": 2130000, ""Coffee Shop"": 710000, ""Movie Ticket"": 710000, ""Gaming"": 710000}",2023-08-31
PLAN_0b79e994,USER_07098,2583459,"{""Food Delivery"": 2190000, ""Coffee Shop"": 730000, ""Movie Ticket"": 730000, ""Gaming"": 730000}",2023-08-31
PLAN_4cd5cfd9,USER_08577,617262,"{""Food Delivery"": 780000, ""Coffee Shop"": 260000, ""Movie Ticket"": 260000, ""Gaming"": 260000}",2023-08-31
PLAN_b0dbcf68,USER_08054,1853150,"{""Food Delivery"": 2100000, ""Coffee Shop"": 700000, ""Movie Ticket"": 700000, ""Gaming"": 700000}",2023-08-31
PLAN_5cda5473,USER_07314,1781795,"{""Food Delivery"": 1875000, ""Coffee Shop"": 625000, ""Movie Ticket"": 625000, ""Gaming"": 625000}",2023-08-31
PLAN_62b44d5b,USER_03621,1221164,"{""Food Delivery"": 1215000, ""Coffee Shop"": 405000, ""Movie Ticket"": 405000, ""Gaming"": 405000}",2023-08-31
PLAN_6bdd7daa,USER_07132,944231,"{""Food Delivery"": 1140000, ""Coffee Shop"": 380000, ""Movie Ticket"": 380000, ""Gaming"": 380000}",2023-08-31
PLAN_9f69041e,USER_09609,1025649,"{""Food Delivery"": 1380000, ""Coffee Shop"": 460000, ""Movie Ticket"": 460000, ""Gaming"": 460000}",2023-08-31
PLAN_1bf92edb,USER_08910,2029381,"{""Food Delivery"": 1890000, ""Coffee Shop"": 630000, ""Movie Ticket"": 630000, ""Gaming"": 630000}",2023-08-31
PLAN_30bc8680,USER_02691,1932945,"{""Food Delivery"": 2250000, ""Coffee Shop"": 750000, ""Movie Ticket"": 750000, ""Gaming"": 750000}",2023-08-31
PLAN_0e26021b,USER_07035,2197921,"{""Food Delivery"": 2085000, ""Coffee Shop"": 695000, ""Movie Ticket"": 695000, ""Gaming"": 695000}",2023-08-31
PLAN_2d8f6934,USER_04303,1131275,"{""Food Delivery"": 1470000, ""Coffee Shop"": 490000, ""Movie Ticket"": 490000, ""Gaming"": 490000}",2023-08-31
PLAN_16c277fd,USER_07872,1066420,"{""Food Delivery"": 1080000, ""Coffee Shop"": 360000, ""Movie Ticket"": 360000, ""Gaming"": 360000}",2023-08-31
PLAN_0539add5,USER_07007,1180093,"{""Food Delivery"": 1155000, ""Coffee Shop"": 385000, ""Movie Ticket"": 385000, ""Gaming"": 385000}",2023-08-31
PLAN_32e572e8,USER_05021,662648,"{""Food Delivery"": 945000, ""Coffee Shop"": 315000, ""Movie Ticket"": 315000, ""Gaming"": 315000}",2023-08-31
PLAN_7be034ae,USER_01881,922256,"{""Food Delivery"": 1035000, ""Coffee Shop"": 345000, ""Movie Ticket"": 345000, ""Gaming"": 345000}",2023-08-31
PLAN_25f4d78c,USER_01379,1179791,"{""Food Delivery"": 1560000, ""Coffee Shop"": 520000, ""Movie Ticket"": 520000, ""Gaming"": 520000}",2023-08-31
PLAN_297fae74,USER_07280,957037,"{""Food Delivery"": 1350000, ""Coffee Shop"": 450000, ""Movie Ticket"": 450000, ""Gaming"": 450000}",2023-08-31
PLAN_a366075b,USER_00833,1572068,"{""Food Delivery"": 1185000, ""Coffee Shop"": 395000, ""Movie Ticket"": 395000, ""Gaming"": 395000}",2023-08-31
PLAN_38039c91,USER_07327,1269459,"{""Food Delivery"": 1440000, ""Coffee Shop"": 480000, ""Movie Ticket"": 480000, ""Gaming"": 480000}",2023-08-31
PLAN_58a9eb06,USER_04194,1646985,"{""Food Delivery"": 1365000, ""Coffee Shop"": 455000, ""Movie Ticket"": 455000, ""Gaming"": 455000}",2023-08-31
PLAN_efb8c5d9,USER_01288,1091537,"{""Food Delivery"": 1305000, ""Coffee Shop"": 435000, ""Movie Ticket"": 435000, ""Gaming"": 435000}",2023-08-31
PLAN_e00a5e4b,USER_07853,1042531,"{""Food Delivery"": 930000, ""Coffee Shop"": 310000, ""Movie Ticket"": 310000, ""Gaming"": 310000}",2023-08-31
PLAN_20915367,USER_01675,1830636,"{""Food Delivery"": 1560000, ""Coffee Shop"": 520000, ""Movie Ticket"": 520000, ""Gaming"": 520000}",2023-08-31
PLAN_7301ee33,USER_03418,718037,"{""Food Delivery"": 675000, ""Coffee Shop"": 225000, ""Movie Ticket"": 225000, ""Gaming"": 225000}",2023-08-31
PLAN_9be2f434,USER_05152,1633449,"{""Food Delivery"": 1665000, ""Coffee Shop"": 555000, ""Movie Ticket"": 555000, ""Gaming"": 555000}",2023-08-31
PLAN_b6b0b147,USER_06477,1736564,"{""Food Delivery"": 1845000, ""Coffee Shop"": 615000, ""Movie Ticket"": 615000, ""Gaming"": 615000}",2023-08-31
PLAN_41075bd4,USER_06057,1038628,"{""Food Delivery"": 1155000, ""Coffee Shop"": 385000, ""Movie Ticket"": 385000, ""Gaming"": 385000}",2023-08-31
PLAN_d5bd64ea,USER_03767,2855703,"{""Food Delivery"": 2220000, ""Coffee Shop"": 740000, ""Movie Ticket"": 740000, ""Gaming"": 740000}",2023-08-31
PLAN_8139685e,USER_00767,713941,"{""Food Delivery"": 585000, ""Coffee Shop"": 195000, ""Movie Ticket"": 195000, ""Gaming"": 195000}",2023-08-31
PLAN_f3da7bfc,USER_01934,2181179,"{""Food Delivery"": 1665000, ""Coffee Shop"": 555000, ""Movie Ticket"": 555000, ""Gaming"": 555000}",2023-08-31
PLAN_55274fda,USER_02969,753279,"{""Food Delivery"": 1005000, ""Coffee Shop"": 335000, ""Movie Ticket"": 335000, ""Gaming"": 335000}",2023-08-31
PLAN_3e7f82d7,USER_05455,830816,"{""Food Delivery"": 720000, ""Coffee Shop"": 240000, ""Movie Ticket"": 240000, ""Gaming"": 240000}",2023-08-31
PLAN_48d30d27,USER_02179,1259921,"{""Food Delivery"": 975000, ""Coffee Shop"": 325000, ""Movie Ticket"": 325000, ""Gaming"": 325000}",2023-08-31
PLAN_73a722c1,USER_02670,1039485,"{""Food Delivery"": 1320000, ""Coffee Shop"": 440000, ""Movie Ticket"": 440000, ""Gaming"": 440000}",2023-08-31
PLAN_24283c72,USER_06385,981176,"{""Food Delivery"": 1380000, ""Coffee Shop"": 460000, ""Movie Ticket"": 460000, ""Gaming"": 460000}",2023-08-31
PLAN_d17e28bf,USER_00421,1845587,"{""Food Delivery"": 1590000, ""Coffee Shop"": 530000, ""Movie Ticket"": 530000, ""Gaming"": 530000}",2023-08-31
PLAN_45830f1e,USER_01926,2345964,"{""Food Delivery"": 2235000, ""Coffee Shop"": 745000, ""Movie Ticket"": 745000, ""Gaming"": 745000}",2023-08-31
PLAN_5b0886b2,USER_08521,1381371,"{""Food Delivery"": 1125000, ""Coffee Shop"": 375000, ""Movie Ticket"": 375000, ""Gaming"": 375000}",2023-08-31
PLAN_20a3c5fe,USER_08114,364727,"{""Food Delivery"": 480000, ""Coffee Shop"": 160000, ""Movie Ticket"": 160000, ""Gaming"": 160000}",2023-08-31
PLAN_bc5af651,USER_04335,1849125,"{""Food Delivery"": 1545000, ""Coffee Shop"": 515000, ""Movie Ticket"": 515000, ""Gaming"": 515000}",2023-08-31
PLAN_e4e1bc71,USER_07270,1574131,"{""Food Delivery"": 1965000, ""Coffee Shop"": 655000, ""Movie Ticket"": 655000, ""Gaming"": 655000}",2023-08-31
PLAN_d5df77ee,USER_05496,1093836,"{""Food Delivery"": 1410000, ""Coffee Shop"": 470000, ""Movie Ticket"": 470000, ""Gaming"": 470000}",2023-08-31
PLAN_59a91521,USER_07538,1723113,"{""Food Delivery"": 2220000, ""Coffee Shop"": 740000, ""Movie Ticket"": 740000, ""Gaming"": 740000}",2023-08-31
PLAN_58096908,USER_04054,2703716,"{""Food Delivery"": 2235000, ""Coffee Shop"": 745000, ""Movie Ticket"": 745000, ""Gaming"": 745000}",2023-08-31
PLAN_7d8c9edf,USER_02340,1998236,"{""Food Delivery"": 1800000, ""Coffee Shop"": 600000, ""Movie Ticket"": 600000, ""Gaming"": 600000}",2023-08-31
PLAN_602f329c,USER_08503,2117060,"{""Food Delivery"": 2085000, ""Coffee Shop"": 695000, ""Movie Ticket"": 695000, ""Gaming"": 695000}",2023-08-31
PLAN_41e346d9,USER_05582,502767,"{""Food Delivery"": 555000, ""Coffee Shop"": 185000, ""Movie Ticket"": 185000, ""Gaming"": 185000}",2023-08-31
PLAN_31977edf,USER_00712,1501760,"{""Food Delivery"": 1200000, ""Coffee Shop"": 400000, ""Movie Ticket"": 400000, ""Gaming"": 400000}",2023-08-31
PLAN_cce362c7,USER_08144,1935498,"{""Food Delivery"": 2085000, ""Coffee Shop"": 695000, ""Movie Ticket"": 695000, ""Gaming"": 695000}",2023-08-31
PLAN_2815c514,USER_05610,2452409,"{""Food Delivery"": 2025000, ""Coffee Shop"": 675000, ""Movie Ticket"": 675000, ""Gaming"": 675000}",2023-08-31
PLAN_152ad748,USER_03946,1583048,"{""Food Delivery"": 1650000, ""Coffee Shop"": 550000, ""Movie Ticket"": 550000, ""Gaming"": 550000}",2023-08-31
PLAN_11e2d54f,USER_07616,1404483,"{""Food Delivery"": 1530000, ""Coffee Shop"": 510000, ""Movie Ticket"": 510000, ""Gaming"": 510000}",2023-08-31
PLAN_505b6b0b,USER_00589,511937,"{""Food Delivery"": 525000, ""Coffee Shop"": 175000, ""Movie Ticket"": 175000, ""Gaming"": 175000}",2023-08-31
PLAN_27aef9c4,USER_04452,1769873,"{""Food Delivery"": 2040000, ""Coffee Shop"": 680000, ""Movie Ticket"": 680000, ""Gaming"": 680000}",2023-08-31
PLAN_e51659f3,USER_05737,2062179,"{""Food Delivery"": 1770000, ""Coffee Shop"": 590000, ""Movie Ticket"": 590000, ""Gaming"": 590000}",2023-08-31
PLAN_5cf163b4,USER_03804,1021849,"{""Food Delivery"": 1020000, ""Coffee Shop"": 340000, ""Movie Ticket"": 340000, ""Gaming"": 340000}",2023-08-31
PLAN_66d2025f,USER_05782,1749742,"{""Food Delivery"": 2130000, ""Coffee Shop"": 710000, ""Movie Ticket"": 710000, ""Gaming"": 710000}",2023-08-31
PLAN_eb25a906,USER_07771,1690621,"{""Food Delivery"": 1335000, ""Coffee Shop"": 445000, ""Movie Ticket"": 445000, ""Gaming"": 445000}",2023-08-31
PLAN_4a7eb8e6,USER_00330,788817,"{""Food Delivery"": 855000, ""Coffee Shop"": 285000, ""Movie Ticket"": 285000, ""Gaming"": 285000}",2023-08-31
PLAN_5d6772ef,USER_00666,1944876,"{""Food Delivery"": 1890000, ""Coffee Shop"": 630000, ""Movie Ticket"": 630000, ""Gaming"": 630000}",2023-08-31
PLAN_c1fe0789,USER_03961,1582371,"{""Food Delivery"": 1245000, ""Coffee Shop"": 415000, ""Movie Ticket"": 415000, ""Gaming"": 415000}",2023-08-31
PLAN_ab8afd03,USER_09374,1071997,"{""Food Delivery"": 990000, ""Coffee Shop"": 330000, ""Movie Ticket"": 330000, ""Gaming"": 330000}",2023-08-31
PLAN_88f73d1b,USER_03521,424421,"{""Food Delivery"": 570000, ""Coffee Shop"": 190000, ""Movie Ticket"": 190000, ""Gaming"": 190000}",2023-08-31
PLAN_580d0c70,USER_07655,2153213,"{""Food Delivery"": 1665000, ""Coffee Shop"": 555000, ""Movie Ticket"": 555000, ""Gaming"": 555000}",2023-08-31
PLAN_6bf17faf,USER_05247,1383551,"{""Food Delivery"": 1275000, ""Coffee Shop"": 425000, ""Movie Ticket"": 425000, ""Gaming"": 425000}",2023-08-31
PLAN_04338aa9,USER_03478,1174716,"{""Food Delivery"": 1320000, ""Coffee Shop"": 440000, ""Movie Ticket"": 440000, ""Gaming"": 440000}",2023-08-31
PLAN_3a136cca,USER_05956,1298770,"{""Food Delivery"": 1710000, ""Coffee Shop"": 570000, ""Movie Ticket"": 570000, ""Gaming"": 570000}",2023-08-31
PLAN_10b47065,USER_00996,556147,"{""Food Delivery"": 465000, ""Coffee Shop"": 155000, ""Movie Ticket"": 155000, ""Gaming"": 155000}",2023-08-31
PLAN_360760de,USER_04316,1458065,"{""Food Delivery"": 1350000, ""Coffee Shop"": 450000, ""Movie Ticket"": 450000, ""Gaming"": 450000}",2023-08-31
PLAN_94eb2993,USER_09353,1334111,"{""Food Delivery"": 1305000, ""Coffee Shop"": 435000, ""Movie Ticket"": 435000, ""Gaming"": 435000}",2023-08-31
PLAN_48069697,USER_09352,2575693,"{""Food Delivery"": 2040000, ""Coffee Shop"": 680000, ""Movie Ticket"": 680000, ""Gaming"": 680000}",2023-08-31
PLAN_9da507b7,USER_07109,1591851,"{""Food Delivery"": 1335000, ""Coffee Shop"": 445000, ""Movie Ticket"": 445000, ""Gaming"": 445000}",2023-08-31
PLAN_ffbee3a4,USER_08584,1508694,"{""Food Delivery"": 1965000, ""Coffee Shop"": 655000, ""Movie Ticket"": 655000, ""Gaming"": 655000}",2023-08-31
PLAN_480d56f8,USER_06064,905088,"{""Food Delivery"": 1035000, ""Coffee Shop"": 345000, ""Movie Ticket"": 345000, ""Gaming"": 345000}",2023-08-31
PLAN_ef66bc71,USER_07003,811517,"{""Food Delivery"": 975000, ""Coffee Shop"": 325000, ""Movie Ticket"": 325000, ""Gaming"": 325000}",2023-08-31
PLAN_fb9c949f,USER_06661,2493843,"{""Food Delivery"": 2145000, ""Coffee Shop"": 715000, ""Movie Ticket"": 715000, ""Gaming"": 715000}",2023-08-31
PLAN_2ed9d237,USER_05431,1405604,"{""Food Delivery"": 2040000, ""Coffee Shop"": 680000, ""Movie Ticket"": 680000, ""Gaming"": 680000}",2023-08-31
PLAN_957b5080,USER_03671,1036127,"{""Food Delivery"": 990000, ""Coffee Shop"": 330000, ""Movie Ticket"": 330000, ""Gaming"": 330000}",2023-08-31
PLAN_939f5049,USER_02114,1903455,"{""Food Delivery"": 1620000, ""Coffee Shop"": 540000, ""Movie Ticket"": 540000, ""Gaming"": 540000}",2023-08-31
PLAN_e25e90e2,USER_02046,2270886,"{""Food Delivery"": 1815000, ""Coffee Shop"": 605000, ""Movie Ticket"": 605000, ""Gaming"": 605000}",2023-08-31
PLAN_3ba2281f,USER_08079,630778,"{""Food Delivery"": 705000, ""Coffee Shop"": 235000, ""Movie Ticket"": 235000, ""Gaming"": 235000}",2023-08-31
PLAN_bfb56803,USER_02433,2312996,"{""Food Delivery"": 1905000, ""Coffee Shop"": 635000, ""Movie Ticket"": 635000, ""Gaming"": 635000}",2023-08-31
PLAN_b0651a71,USER_09232,1021781,"{""Food Delivery"": 1380000, ""Coffee Shop"": 460000, ""Movie Ticket"": 460000, ""Gaming"": 460000}",2023-08-31
PLAN_24e893f1,USER_09051,941690,"{""Food Delivery"": 765000, ""Coffee Shop"": 255000, ""Movie Ticket"": 255000, ""Gaming"": 255000}",2023-08-31
PLAN_f392c49b,USER_03416,450995,"{""Food Delivery"": 600000, ""Coffee Shop"": 200000, ""Movie Ticket"": 200000, ""Gaming"": 200000}",2023-08-31
PLAN_8f7025e8,USER_09932,1215639,"{""Food Delivery"": 1305000, ""Coffee Shop"": 435000, ""Movie Ticket"": 435000, ""Gaming"": 435000}",2023-08-31
PLAN_d040cc0f,USER_09548,1545674,"{""Food Delivery"": 1290000, ""Coffee Shop"": 430000, ""Movie Ticket"": 430000, ""Gaming"": 430000}",2023-08-31
PLAN_53a4d7e8,USER_02483,1218912,"{""Food Delivery"": 1590000, ""Coffee Shop"": 530000, ""Movie Ticket"": 530000, ""Gaming"": 530000}",2023-08-31
PLAN_bb4332af,USER_07976,405652,"{""Food Delivery"": 495000, ""Coffee Shop"": 165000, ""Movie Ticket"": 165000, ""Gaming"": 165000}",2023-08-31
PLAN_fda5173c,USER_06668,1980590,"{""Food Delivery"": 1725000, ""Coffee Shop"": 575000, ""Movie Ticket"": 575000, ""Gaming"": 575000}",2023-08-31
PLAN_75e3bfe2,USER_05390,619213,"{""Food Delivery"": 540000, ""Coffee Shop"": 180000, ""Movie Ticket"": 180000, ""Gaming"": 180000}",2023-08-31
PLAN_da5a56ef,USER_07154,1477032,"{""Food Delivery"": 1350000, ""Coffee Shop"": 450000, ""Movie Ticket"": 450000, ""Gaming"": 450000}",2023-08-31
PLAN_45876f3d,USER_02263,2303769,"{""Food Delivery"": 2040000, ""Coffee Shop"": 680000, ""Movie Ticket"": 680000, ""Gaming"": 680000}",2023-08-31
PLAN_eb6f22e1,USER_00950,1280461,"{""Food Delivery"": 1245000, ""Coffee Shop"": 415000, ""Movie Ticket"": 415000, ""Gaming"": 415000}",2023-08-31
PLAN_f0f1aae7,USER_06604,1464604,"{""Food Delivery"": 1755000, ""Coffee Shop"": 585000, ""Movie Ticket"": 585000, ""Gaming"": 585000}",2023-08-31
PLAN_a6cc133e,USER_03656,1305325,"{""Food Delivery"": 1455000, ""Coffee Shop"": 485000, ""Movie Ticket"": 485000, ""Gaming"": 485000}",2023-08-31
PLAN_2db1a9b9,USER_06648,1429733,"{""Food Delivery"": 1815000, ""Coffee Shop"": 605000, ""Movie Ticket"": 605000, ""Gaming"": 605000}",2023-08-31
PLAN_0c3fbb0b,USER_08707,2061126,"{""Food Delivery"": 1620000, ""Coffee Shop"": 540000, ""Movie Ticket"": 540000, ""Gaming"": 540000}",2023-08-31
PLAN_b25701e4,USER_09071,475017,"{""Food Delivery"": 450000, ""Coffee Shop"": 150000, ""Movie Ticket"": 150000, ""Gaming"": 150000}",2023-08-31
PLAN_544fe40a,USER_06654,1176715,"{""Food Delivery"": 1260000, ""Coffee Shop"": 420000, ""Movie Ticket"": 420000, ""Gaming"": 420000}",2023-08-31
PLAN_6d2b7739,USER_07308,467841,"{""Food Delivery"": 480000, ""Coffee Shop"": 160000, ""Movie Ticket"": 160000, ""Gaming"": 160000}",2023-08-31
PLAN_ab40380c,USER_08633,2083593,"{""Food Delivery"": 1605000, ""Coffee Shop"": 535000, ""Movie Ticket"": 535000, ""Gaming"": 535000}",2023-08-31
PLAN_ce38e4f5,USER_03743,772745,"{""Food Delivery"": 1005000, ""Coffee Shop"": 335000, ""Movie Ticket"": 335000, ""Gaming"": 335000}",2023-08-31
PLAN_4b6a5efe,USER_03166,2268308,"{""Food Delivery"": 2145000, ""Coffee Shop"": 715000, ""Movie Ticket"": 715000, ""Gaming"": 715000}",2023-08-31
PLAN_fb10e038,USER_06835,2258833,"{""Food Delivery"": 2250000, ""Coffee Shop"": 750000, ""Movie Ticket"": 750000, ""Gaming"": 750000}",2023-08-31
PLAN_fb0741d7,USER_00621,483436,"{""Food Delivery"": 450000, ""Coffee Shop"": 150000, ""Movie Ticket"": 150000, ""Gaming"": 150000}",2023-08-31
PLAN_536584ae,USER_03169,1333724,"{""Food Delivery"": 1965000, ""Coffee Shop"": 655000, ""Movie Ticket"": 655000, ""Gaming"": 655000}",2023-08-31
PLAN_fde81cac,USER_00863,1254323,"{""Food Delivery"": 1005000, ""Coffee Shop"": 335000, ""Movie Ticket"": 335000, ""Gaming"": 335000}",2023-08-31
PLAN_9fb028b7,USER_07417,2202614,"{""Food Delivery"": 1710000, ""Coffee Shop"": 570000, ""Movie Ticket"": 570000, ""Gaming"": 570000}",2023-08-31
PLAN_a724b214,USER_05657,2206837,"{""Food Delivery"": 2115000, ""Coffee Shop"": 705000, ""Movie Ticket"": 705000, ""Gaming"": 705000}",2023-08-31
PLAN_2ac4fa05,USER_04173,984057,"{""Food Delivery"": 870000, ""Coffee Shop"": 290000, ""Movie Ticket"": 290000, ""Gaming"": 290000}",2023-08-31
PLAN_dfc289ce,USER_01209,653649,"{""Food Delivery"": 510000, ""Coffee Shop"": 170000, ""Movie Ticket"": 170000, ""Gaming"": 170000}",2023-08-31
PLAN_644f84a1,USER_09496,2424278,"{""Food Delivery"": 2130000, ""Coffee Shop"": 710000, ""Movie Ticket"": 710000, ""Gaming"": 710000}",2023-08-31
PLAN_0e8f8474,USER_07014,1187115,"{""Food Delivery"": 1545000, ""Coffee Shop"": 515000, ""Movie Ticket"": 515000, ""Gaming"": 515000}",2023-08-31
PLAN_6fcb2153,USER_01694,1907308,"{""Food Delivery"": 1815000, ""Coffee Shop"": 605000, ""Movie Ticket"": 605000, ""Gaming"": 605000}",2023-08-31
PLAN_93984679,USER_00499,803357,"{""Food Delivery"": 750000, ""Coffee Shop"": 250000, ""Movie Ticket"": 250000, ""Gaming"": 250000}",2023-08-31
PLAN_f06615e6,USER_07585,2036506,"{""Food Delivery"": 2145000, ""Coffee Shop"": 715000, ""Movie Ticket"": 715000, ""Gaming"": 715000}",2023-08-31
PLAN_ca94c1ea,USER_01639,1736444,"{""Food Delivery"": 1500000, ""Coffee Shop"": 500000, ""Movie Ticket"": 500000, ""Gaming"": 500000}",2023-08-31
PLAN_1c6c33d4,USER_04863,1856992,"{""Food Delivery"": 1440000, ""Coffee Shop"": 480000, ""Movie Ticket"": 480000, ""Gaming"": 480000}",2023-08-31
PLAN_f8cfb307,USER_01947,2657284,"{""Food Delivery"": 2070000, ""Coffee Shop"": 690000, ""Movie Ticket"": 690000, ""Gaming"": 690000}",2023-08-31
PLAN_47193646,USER_02447,1102637,"{""Food Delivery"": 1140000, ""Coffee Shop"": 380000, ""Movie Ticket"": 380000, ""Gaming"": 380000}",2023-08-31
PLAN_c682100e,USER_03396,1257958,"{""Food Delivery"": 1695000, ""Coffee Shop"": 565000, ""Movie Ticket"": 565000, ""Gaming"": 565000}",2023-08-31
PLAN_741d2ac0,USER_06625,2223022,"{""Food Delivery"": 1680000, ""Coffee Shop"": 560000, ""Movie Ticket"": 560000, ""Gaming"": 560000}",2023-08-31
PLAN_fac7b7fb,USER_06819,1176894,"{""Food Delivery"": 960000, ""Coffee Shop"": 320000, ""Movie Ticket"": 320000, ""Gaming"": 320000}",2023-08-31
PLAN_897d8e50,USER_01163,1090922,"{""Food Delivery"": 1455000, ""Coffee Shop"": 485000, ""Movie Ticket"": 485000, ""Gaming"": 485000}",2023-08-31
PLAN_abf225f0,USER_01152,1882425,"{""Food Delivery"": 1470000, ""Coffee Shop"": 490000, ""Movie Ticket"": 490000, ""Gaming"": 490000}",2023-08-31
PLAN_0c13da66,USER_02546,560968,"{""Food Delivery"": 450000, ""Coffee Shop"": 150000, ""Movie Ticket"": 150000, ""Gaming"": 150000}",2023-08-31
PLAN_7c40de48,USER_06406,1473272,"{""Food Delivery"": 1455000, ""Coffee Shop"": 485000, ""Movie Ticket"": 485000, ""Gaming"": 485000}",2023-08-31
PLAN_8503eb4f,USER_00173,652422,"{""Food Delivery"": 615000, ""Coffee Shop"": 205000, ""Movie Ticket"": 205000, ""Gaming"": 205000}",2023-08-31
PLAN_d6ba9c3c,USER_04805,1245112,"{""Food Delivery"": 1335000, ""Coffee Shop"": 445000, ""Movie Ticket"": 445000, ""Gaming"": 445000}",2023-08-31
PLAN_e8214bee,USER_09926,590666,"{""Food Delivery"": 840000, ""Coffee Shop"": 280000, ""Movie Ticket"": 280000, ""Gaming"": 280000}",2023-08-31
PLAN_4d750dc2,USER_05840,1134917,"{""Food Delivery"": 1275000, ""Coffee Shop"": 425000, ""Movie Ticket"": 425000, ""Gaming"": 425000}",2023-08-31
PLAN_20b38106,USER_07929,2433852,"{""Food Delivery"": 2025000, ""Coffee Shop"": 675000, ""Movie Ticket"": 675000, ""Gaming"": 675000}",2023-08-31
PLAN_808390f4,USER_02186,522408,"{""Food Delivery"": 780000, ""Coffee Shop"": 260000, ""Movie Ticket"": 260000, ""Gaming"": 260000}",2023-08-31
PLAN_579d9933,USER_00639,720089,"{""Food Delivery"": 810000, ""Coffee Shop"": 270000, ""Movie Ticket"": 270000, ""Gaming"": 270000}",2023-08-31
PLAN_c61bfd51,USER_00380,699084,"{""Food Delivery"": 750000, ""Coffee Shop"": 250000, ""Movie Ticket"": 250000, ""Gaming"": 250000}",2023-08-31
PLAN_b2171b9c,USER_08837,1383656,"{""Food Delivery"": 1350000, ""Coffee Shop"": 450000, ""Movie Ticket"": 450000, ""Gaming"": 450000}",2023-08-31
PLAN_9d4f8bf6,USER_02168,1766267,"{""Food Delivery"": 1380000, ""Coffee Shop"": 460000, ""Movie Ticket"": 460000, ""Gaming"": 460000}",2023-08-31
PLAN_c91f34d4,USER_06418,1090540,"{""Food Delivery"": 1215000, ""Coffee Shop"": 405000, ""Movie Ticket"": 405000, ""Gaming"": 405000}",2023-08-31
PLAN_eb93628c,USER_01738,1575935,"{""Food Delivery"": 1755000, ""Coffee Shop"": 585000, ""Movie Ticket"": 585000, ""Gaming"": 585000}",2023-08-31
PLAN_d8d1e956,USER_09884,938250,"{""Food Delivery"": 810000, ""Coffee Shop"": 270000, ""Movie Ticket"": 270000, ""Gaming"": 270000}",2023-08-31
PLAN_c4e6b90f,USER_05250,2004060,"{""Food Delivery"": 2070000, ""Coffee Shop"": 690000, ""Movie Ticket"": 690000, ""Gaming"": 690000}",2023-08-31
PLAN_56175e4e,USER_08456,1028668,"{""Food Delivery"": 1260000, ""Coffee Shop"": 420000, ""Movie Ticket"": 420000, ""Gaming"": 420000}",2023-08-31
PLAN_33f59e20,USER_06678,1089329,"{""Food Delivery"": 1125000, ""Coffee Shop"": 375000, ""Movie Ticket"": 375000, ""Gaming"": 375000}",2023-08-31
PLAN_831455fd,USER_07437,695922,"{""Food Delivery"": 915000, ""Coffee Shop"": 305000, ""Movie Ticket"": 305000, ""Gaming"": 305000}",2023-08-31
PLAN_964a77d1,USER_00591,988165,"{""Food Delivery"": 1260000, ""Coffee Shop"": 420000, ""Movie Ticket"": 420000, ""Gaming"": 420000}",2023-08-31
PLAN_606a4118,USER_06714,1872959,"{""Food Delivery"": 1875000, ""Coffee Shop"": 625000, ""Movie Ticket"": 625000, ""Gaming"": 625000}",2023-08-31
PLAN_b35e17b8,USER_08886,482434,"{""Food Delivery"": 510000, ""Coffee Shop"": 170000, ""Movie Ticket"": 170000, ""Gaming"": 170000}",2023-08-31
PLAN_b6d72cc6,USER_08328,1244649,"{""Food Delivery"": 975000, ""Coffee Shop"": 325000, ""Movie Ticket"": 325000, ""Gaming"": 325000}",2023-08-31
PLAN_a5916d17,USER_03082,1893727,"{""Food Delivery"": 2085000, ""Coffee Shop"": 695000, ""Movie Ticket"": 695000, ""Gaming"": 695000}",2023-08-31
PLAN_da879a7a,USER_05915,2133794,"{""Food Delivery"": 2025000, ""Coffee Shop"": 675000, ""Movie Ticket"": 675000, ""Gaming"": 675000}",2023-08-31
PLAN_28ffbd38,USER_05104,1273166,"{""Food Delivery"": 1170000, ""Coffee Shop"": 390000, ""Movie Ticket"": 390000, ""Gaming"": 390000}",2023-08-31
PLAN_67842283,USER_06842,1367677,"{""Food Delivery"": 2025000, ""Coffee Shop"": 675000, ""Movie Ticket"": 675000, ""Gaming"": 675000}",2023-08-31
PLAN_d388c540,USER_01524,1447277,"{""Food Delivery"": 1305000, ""Coffee Shop"": 435000, ""Movie Ticket"": 435000, ""Gaming"": 435000}",2023-08-31
PLAN_ab8595b3,USER_03272,801064,"{""Food Delivery"": 1020000, ""Coffee Shop"": 340000, ""Movie Ticket"": 340000, ""Gaming"": 340000}",2023-08-31
PLAN_9dbbad1b,USER_05899,2137566,"{""Food Delivery"": 1635000, ""Coffee Shop"": 545000, ""Movie Ticket"": 545000, ""Gaming"": 545000}",2023-08-31
PLAN_1c49894e,USER_02954,1447315,"{""Food Delivery"": 1890000, ""Coffee Shop"": 630000, ""Movie Ticket"": 630000, ""Gaming"": 630000}",2023-08-31
PLAN_64e43d97,USER_07260,2008766,"{""Food Delivery"": 2130000, ""Coffee Shop"": 710000, ""Movie Ticket"": 710000, ""Gaming"": 710000}",2023-08-31
PLAN_e78296b1,USER_08047,1237298,"{""Food Delivery"": 1710000, ""Coffee Shop"": 570000, ""Movie Ticket"": 570000, ""Gaming"": 570000}",2023-08-31
PLAN_0215b031,USER_04550,1797186,"{""Food Delivery"": 1350000, ""Coffee Shop"": 450000, ""Movie Ticket"": 450000, ""Gaming"": 450000}",2023-08-31
PLAN_1675aad6,USER_09813,570834,"{""Food Delivery"": 570000, ""Coffee Shop"": 190000, ""Movie Ticket"": 190000, ""Gaming"": 190000}",2023-08-31
PLAN_5b5ad45b,USER_00847,558384,"{""Food Delivery"": 525000, ""Coffee Shop"": 175000, ""Movie Ticket"": 175000, ""Gaming"": 175000}",2023-08-31
PLAN_e5e6f81f,USER_01124,1536590,"{""Food Delivery"": 2160000, ""Coffee Shop"": 720000, ""Movie Ticket"": 720000, ""Gaming"": 720000}",2023-08-31
PLAN_1edcf8ab,USER_01188,2414945,"{""Food Delivery"": 2070000, ""Coffee Shop"": 690000, ""Movie Ticket"": 690000, ""Gaming"": 690000}",2023-08-31
PLAN_f791794c,USER_07088,774339,"{""Food Delivery"": 960000, ""Coffee Shop"": 320000, ""Movie Ticket"": 320000, ""Gaming"": 320000}",2023-08-31
PLAN_d5550f9f,USER_00976,1290676,"{""Food Delivery"": 1020000, ""Coffee Shop"": 340000, ""Movie Ticket"": 340000, ""Gaming"": 340000}",2023-08-31
PLAN_67394142,USER_06616,614621,"{""Food Delivery"": 765000, ""Coffee Shop"": 255000, ""Movie Ticket"": 255000, ""Gaming"": 255000}",2023-08-31
PLAN_881bfb47,USER_00910,833481,"{""Food Delivery"": 1050000, ""Coffee Shop"": 350000, ""Movie Ticket"": 350000, ""Gaming"": 350000}",2023-08-31
PLAN_10aa9454,USER_10000,1523728,"{""Food Delivery"": 2205000, ""Coffee Shop"": 735000, ""Movie Ticket"": 735000, ""Gaming"": 735000}",2023-08-31
PLAN_4ed57db1,USER_02920,500502,"{""Food Delivery"": 510000, ""Coffee Shop"": 170000, ""Movie Ticket"": 170000, ""Gaming"": 170000}",2023-08-31
PLAN_8203fe7a,USER_01358,1111037,"{""Food Delivery"": 1065000, ""Coffee Shop"": 355000, ""Movie Ticket"": 355000, ""Gaming"": 355000}",2023-08-31
PLAN_29763ec1,USER_05761,1236222,"{""Food Delivery"": 1740000, ""Coffee Shop"": 580000, ""Movie Ticket"": 580000, ""Gaming"": 580000}",2023-08-31
PLAN_455244c7,USER_09824,1953080,"{""Food Delivery"": 1650000, ""Coffee Shop"": 550000, ""Movie Ticket"": 550000, ""Gaming"": 550000}",2023-08-31
PLAN_139eca93,USER_08900,1525953,"{""Food Delivery"": 1575000, ""Coffee Shop"": 525000, ""Movie Ticket"": 525000, ""Gaming"": 525000}",2023-08-31
PLAN_d6912a36,USER_00948,1768292,"{""Food Delivery"": 1740000, ""Coffee Shop"": 580000, ""Movie Ticket"": 580000, ""Gaming"": 580000}",2023-08-31
PLAN_cd7565b2,USER_06627,1570431,"{""Food Delivery"": 1635000, ""Coffee Shop"": 545000, ""Movie Ticket"": 545000, ""Gaming"": 545000}",2023-08-31
PLAN_a6f6346f,USER_03616,1344732,"{""Food Delivery"": 1440000, ""Coffee Shop"": 480000, ""Movie Ticket"": 480000, ""Gaming"": 480000}",2023-08-31
PLAN_b3eca51b,USER_04427,920187,"{""Food Delivery"": 885000, ""Coffee Shop"": 295000, ""Movie Ticket"": 295000, ""Gaming"": 295000}",2023-08-31
PLAN_432507ad,USER_02952,993506,"{""Food Delivery"": 1290000, ""Coffee Shop"": 430000, ""Movie Ticket"": 430000, ""Gaming"": 430000}",2023-08-31
PLAN_4cec397d,USER_09344,1359217,"{""Food Delivery"": 1725000, ""Coffee Shop"": 575000, ""Movie Ticket"": 575000, ""Gaming"": 575000}",2023-08-31
PLAN_1ab312ac,USER_01750,1899021,"{""Food Delivery"": 1530000, ""Coffee Shop"": 510000, ""Movie Ticket"": 510000, ""Gaming"": 510000}",2023-08-31
PLAN_fb4507b5,USER_03846,1128746,"{""Food Delivery"": 870000, ""Coffee Shop"": 290000, ""Movie Ticket"": 290000, ""Gaming"": 290000}",2023-08-31
PLAN_06b611d9,USER_06382,1922633,"{""Food Delivery"": 2100000, ""Coffee Shop"": 700000, ""Movie Ticket"": 700000, ""Gaming"": 700000}",2023-08-31
PLAN_a7fa2429,USER_09685,838691,"{""Food Delivery"": 990000, ""Coffee Shop"": 330000, ""Movie Ticket"": 330000, ""Gaming"": 330000}",2023-08-31
PLAN_7f21dbd3,USER_09185,1907039,"{""Food Delivery"": 1740000, ""Coffee Shop"": 580000, ""Movie Ticket"": 580000, ""Gaming"": 580000}",2023-08-31
PLAN_42181552,USER_04769,591668,"{""Food Delivery"": 630000, ""Coffee Shop"": 210000, ""Movie Ticket"": 210000, ""Gaming"": 210000}",2023-08-31
PLAN_5f352e14,USER_03371,625485,"{""Food Delivery"": 915000, ""Coffee Shop"": 305000, ""Movie Ticket"": 305000, ""Gaming"": 305000}",2023-08-31
PLAN_8a2ea23d,USER_00496,867114,"{""Food Delivery"": 1125000, ""Coffee Shop"": 375000, ""Movie Ticket"": 375000, ""Gaming"": 375000}",2023-08-31
PLAN_10a1aa6f,USER_06035,2488159,"{""Food Delivery"": 2175000, ""Coffee Shop"": 725000, ""Movie Ticket"": 725000, ""Gaming"": 725000}",2023-08-31
PLAN_030d992f,USER_03614,2322493,"{""Food Delivery"": 2100000, ""Coffee Shop"": 700000, ""Movie Ticket"": 700000, ""Gaming"": 700000}",2023-08-31
PLAN_1608c0cc,USER_05886,1448205,"{""Food Delivery"": 2115000, ""Coffee Shop"": 705000, ""Movie Ticket"": 705000, ""Gaming"": 705000}",2023-08-31
PLAN_7f1a5123,USER_04327,635425,"{""Food Delivery"": 780000, ""Coffee Shop"": 260000, ""Movie Ticket"": 260000, ""Gaming"": 260000}",2023-08-31
PLAN_073aa3a0,USER_05400,910995,"{""Food Delivery"": 1110000, ""Coffee Shop"": 370000, ""Movie Ticket"": 370000, ""Gaming"": 370000}",2023-08-31
PLAN_6d797799,USER_06717,769070,"{""Food Delivery"": 690000, ""Coffee Shop"": 230000, ""Movie Ticket"": 230000, ""Gaming"": 230000}",2023-08-31
PLAN_92c18587,USER_03265,1509171,"{""Food Delivery"": 2220000, ""Coffee Shop"": 740000, ""Movie Ticket"": 740000, ""Gaming"": 740000}",2023-08-31
PLAN_73fe8dca,USER_05296,1468464,"{""Food Delivery"": 1995000, ""Coffee Shop"": 665000, ""Movie Ticket"": 665000, ""Gaming"": 665000}",2023-08-31
PLAN_2b26989d,USER_08568,2051904,"{""Food Delivery"": 1710000, ""Coffee Shop"": 570000, ""Movie Ticket"": 570000, ""Gaming"": 570000}",2023-08-31
PLAN_a117c278,USER_03757,1119617,"{""Food Delivery"": 1425000, ""Coffee Shop"": 475000, ""Movie Ticket"": 475000, ""Gaming"": 475000}",2023-08-31
PLAN_218f176a,USER_08543,2148569,"{""Food Delivery"": 1950000, ""Coffee Shop"": 650000, ""Movie Ticket"": 650000, ""Gaming"": 650000}",2023-08-31
PLAN_2ff010b3,USER_04654,433363,"{""Food Delivery"": 525000, ""Coffee Shop"": 175000, ""Movie Ticket"": 175000, ""Gaming"": 175000}",2023-08-31
PLAN_dde9ae77,USER_04319,1506234,"{""Food Delivery"": 2055000, ""Coffee Shop"": 685000, ""Movie Ticket"": 685000, ""Gaming"": 685000}",2023-08-31
PLAN_ecfb04a6,USER_03532,584290,"{""Food Delivery"": 705000, ""Coffee Shop"": 235000, ""Movie Ticket"": 235000, ""Gaming"": 235000}",2023-08-31
PLAN_cad340f8,USER_07189,2118388,"{""Food Delivery"": 1845000, ""Coffee Shop"": 615000, ""Movie Ticket"": 615000, ""Gaming"": 615000}",2023-08-31
PLAN_b0f7d045,USER_07671,946405,"{""Food Delivery"": 765000, ""Coffee Shop"": 255000, ""Movie Ticket"": 255000, ""Gaming"": 255000}",2023-08-31
PLAN_de56a2ae,USER_04988,2690423,"{""Food Delivery"": 2205000, ""Coffee Shop"": 735000, ""Movie Ticket"": 735000, ""Gaming"": 735000}",2023-08-31
PLAN_e377f486,USER_09410,866253,"{""Food Delivery"": 930000, ""Coffee Shop"": 310000, ""Movie Ticket"": 310000, ""Gaming"": 310000}",2023-08-31
PLAN_60e94580,USER_08601,984170,"{""Food Delivery"": 885000, ""Coffee Shop"": 295000, ""Movie Ticket"": 295000, ""Gaming"": 295000}",2023-08-31
PLAN_b40a328d,USER_05038,1325482,"{""Food Delivery"": 1650000, ""Coffee Shop"": 550000, ""Movie Ticket"": 550000, ""Gaming"": 550000}",2023-08-31
PLAN_7e4cdd62,USER_08674,1758680,"{""Food Delivery"": 2040000, ""Coffee Shop"": 680000, ""Movie Ticket"": 680000, ""Gaming"": 680000}",2023-08-31
PLAN_25170c2b,USER_09327,1156764,"{""Food Delivery"": 915000, ""Coffee Shop"": 305000, ""Movie Ticket"": 305000, ""Gaming"": 305000}",2023-08-31
PLAN_cd9e8efe,USER_03990,719231,"{""Food Delivery"": 1065000, ""Coffee Shop"": 355000, ""Movie Ticket"": 355000, ""Gaming"": 355000}",2023-08-31
PLAN_94a69ff5,USER_00113,1563132,"{""Food Delivery"": 2160000, ""Coffee Shop"": 720000, ""Movie Ticket"": 720000, ""Gaming"": 720000}",2023-08-31
PLAN_95ce0282,USER_04837,1292438,"{""Food Delivery"": 1605000, ""Coffee Shop"": 535000, ""Movie Ticket"": 535000, ""Gaming"": 535000}",2023-08-31
PLAN_64f7fecf,USER_01243,400347,"{""Food Delivery"": 585000, ""Coffee Shop"": 195000, ""Movie Ticket"": 195000, ""Gaming"": 195000}",2023-08-31
PLAN_39c95d8e,USER_03673,1654009,"{""Food Delivery"": 2100000, ""Coffee Shop"": 700000, ""Movie Ticket"": 700000, ""Gaming"": 700000}",2023-08-31
PLAN_957ca2c7,USER_06941,2279579,"{""Food Delivery"": 2160000, ""Coffee Shop"": 720000, ""Movie Ticket"": 720000, ""Gaming"": 720000}",2023-08-31
PLAN_a570387e,USER_08586,923925,"{""Food Delivery"": 975000, ""Coffee Shop"": 325000, ""Movie Ticket"": 325000, ""Gaming"": 325000}",2023-08-31
PLAN_9f5ba7b9,USER_03806,1192383,"{""Food Delivery"": 945000, ""Coffee Shop"": 315000, ""Movie Ticket"": 315000, ""Gaming"": 315000}",2023-08-31
PLAN_a7f9e745,USER_00207,1853792,"{""Food Delivery"": 1530000, ""Coffee Shop"": 510000, ""Movie Ticket"": 510000, ""Gaming"": 510000}",2023-08-31
PLAN_65a397c9,USER_05621,1811453,"{""Food Delivery"": 2025000, ""Coffee Shop"": 675000, ""Movie Ticket"": 675000, ""Gaming"": 675000}",2023-08-31
PLAN_2bd0f6ef,USER_02803,717871,"{""Food Delivery"": 855000, ""Coffee Shop"": 285000, ""Movie Ticket"": 285000, ""Gaming"": 285000}",2023-08-31
PLAN_0214e357,USER_01825,551876,"{""Food Delivery"": 600000, ""Coffee Shop"": 200000, ""Movie Ticket"": 200000, ""Gaming"": 200000}",2023-08-31
PLAN_7a8e9f41,USER_05998,1701615,"{""Food Delivery"": 1605000, ""Coffee Shop"": 535000, ""Movie Ticket"": 535000, ""Gaming"": 535000}",2023-08-31
PLAN_4d332ede,USER_01551,862283,"{""Food Delivery"": 1020000, ""Coffee Shop"": 340000, ""Movie Ticket"": 340000, ""Gaming"": 340000}",2023-08-31
PLAN_bded85f0,USER_09175,2403740,"{""Food Delivery"": 2220000, ""Coffee Shop"": 740000, ""Movie Ticket"": 740000, ""Gaming"": 740000}",2023-08-31
PLAN_071b7448,USER_01523,1071152,"{""Food Delivery"": 1140000, ""Coffee Shop"": 380000, ""Movie Ticket"": 380000, ""Gaming"": 380000}",2023-08-31
PLAN_491082b6,USER_02034,2281509,"{""Food Delivery"": 2205000, ""Coffee Shop"": 735000, ""Movie Ticket"": 735000, ""Gaming"": 735000}",2023-08-31
PLAN_0d3607cf,USER_03248,689340,"{""Food Delivery"": 720000, ""Coffee Shop"": 240000, ""Movie Ticket"": 240000, ""Gaming"": 240000}",2023-08-31
PLAN_cd47da3b,USER_00376,1902864,"{""Food Delivery"": 2205000, ""Coffee Shop"": 735000, ""Movie Ticket"": 735000, ""Gaming"": 735000}",2023-08-31
PLAN_33336eed,USER_05651,857319,"{""Food Delivery"": 660000, ""Coffee Shop"": 220000, ""Movie Ticket"": 220000, ""Gaming"": 220000}",2023-08-31
PLAN_fe2b0e00,USER_01145,1005255,"{""Food Delivery"": 855000, ""Coffee Shop"": 285000, ""Movie Ticket"": 285000, ""Gaming"": 285000}",2023-08-31
PLAN_0fc963e4,USER_08001,604259,"{""Food Delivery"": 795000, ""Coffee Shop"": 265000, ""Movie Ticket"": 265000, ""Gaming"": 265000}",2023-08-31
PLAN_427addf5,USER_04090,1887152,"{""Food Delivery"": 1515000, ""Coffee Shop"": 505000, ""Movie Ticket"": 505000, ""Gaming"": 505000}",2023-08-31
PLAN_31784e75,USER_07373,2022906,"{""Food Delivery"": 2040000, ""Coffee Shop"": 680000, ""Movie Ticket"": 680000, ""Gaming"": 680000}",2023-08-31
PLAN_5336f586,USER_03592,719929,"{""Food Delivery"": 570000, ""Coffee Shop"": 190000, ""Movie Ticket"": 190000, ""Gaming"": 190000}",2023-08-31
PLAN_0ccfc00c,USER_00002,1367889,"{""Food Delivery"": 1140000, ""Coffee Shop"": 380000, ""Movie Ticket"": 380000, ""Gaming"": 380000}",2023-08-31
PLAN_943ce6ae,USER_01371,883632,"{""Food Delivery"": 930000, ""Coffee Shop"": 310000, ""Movie Ticket"": 310000, ""Gaming"": 310000}",2023-08-31
PLAN_40660b13,USER_07170,930447,"{""Food Delivery"": 1365000, ""Coffee Shop"": 455000, ""Movie Ticket"": 455000, ""Gaming"": 455000}",2023-08-31
PLAN_14691122,USER_02556,1598533,"{""Food Delivery"": 1890000, ""Coffee Shop"": 630000, ""Movie Ticket"": 630000, ""Gaming"": 630000}",2023-08-31
PLAN_31025d78,USER_08655,739984,"{""Food Delivery"": 720000, ""Coffee Shop"": 240000, ""Movie Ticket"": 240000, ""Gaming"": 240000}",2023-08-31
PLAN_3d351653,USER_01630,1568139,"{""Food Delivery"": 1440000, ""Coffee Shop"": 480000, ""Movie Ticket"": 480000, ""Gaming"": 480000}",2023-08-31
PLAN_d93b26c9,USER_01527,1295624,"{""Food Delivery"": 1545000, ""Coffee Shop"": 515000, ""Movie Ticket"": 515000, ""Gaming"": 515000}",2023-08-31
PLAN_ff5faedd,USER_07143,786155,"{""Food Delivery"": 1035000, ""Coffee Shop"": 345000, ""Movie Ticket"": 345000, ""Gaming"": 345000}",2023-08-31
PLAN_3fbc93fa,USER_06099,1394546,"{""Food Delivery"": 1140000, ""Coffee Shop"": 380000, ""Movie Ticket"": 380000, ""Gaming"": 380000}",2023-08-31
PLAN_fb4a4c28,USER_09910,2678942,"{""Food Delivery"": 2025000, ""Coffee Shop"": 675000, ""Movie Ticket"": 675000, ""Gaming"": 675000}",2023-08-31
PLAN_d23902ff,USER_07833,1434148,"{""Food Delivery"": 1410000, ""Coffee Shop"": 470000, ""Movie Ticket"": 470000, ""Gaming"": 470000}",2023-08-31
PLAN_64666d53,USER_06296,679573,"{""Food Delivery"": 870000, ""Coffee Shop"": 290000, ""Movie Ticket"": 290000, ""Gaming"": 290000}",2023-08-31
PLAN_6d3c5c36,USER_01872,1005122,"{""Food Delivery"": 1185000, ""Coffee Shop"": 395000, ""Movie Ticket"": 395000, ""Gaming"": 395000}",2023-08-31
PLAN_accc82b0,USER_03458,1293356,"{""Food Delivery"": 1905000, ""Coffee Shop"": 635000, ""Movie Ticket"": 635000, ""Gaming"": 635000}",2023-08-31
PLAN_c27a9341,USER_05231,2756590,"{""Food Delivery"": 2160000, ""Coffee Shop"": 720000, ""Movie Ticket"": 720000, ""Gaming"": 720000}",2023-08-31
PLAN_68518da4,USER_06258,469455,"{""Food Delivery"": 630000, ""Coffee Shop"": 210000, ""Movie Ticket"": 210000, ""Gaming"": 210000}",2023-08-31
PLAN_f896be9b,USER_07625,2317479,"{""Food Delivery"": 2205000, ""Coffee Shop"": 735000, ""Movie Ticket"": 735000, ""Gaming"": 735000}",2023-08-31
PLAN_47919004,USER_08458,382216,"{""Food Delivery"": 450000, ""Coffee Shop"": 150000, ""Movie Ticket"": 150000, ""Gaming"": 150000}",2023-08-31
PLAN_6f630d87,USER_08076,979132,"{""Food Delivery"": 945000, ""Coffee Shop"": 315000, ""Movie Ticket"": 315000, ""Gaming"": 315000}",2023-08-31
PLAN_5f33cf38,USER_04634,2014732,"{""Food Delivery"": 1830000, ""Coffee Shop"": 610000, ""Movie Ticket"": 610000, ""Gaming"": 610000}",2023-08-31
PLAN_f2be91b4,USER_02262,1408901,"{""Food Delivery"": 1155000, ""Coffee Shop"": 385000, ""Movie Ticket"": 385000, ""Gaming"": 385000}",2023-08-31
PLAN_65554235,USER_00133,1688989,"{""Food Delivery"": 2100000, ""Coffee Shop"": 700000, ""Movie Ticket"": 700000, ""Gaming"": 700000}",2023-08-31
PLAN_63beb4d1,USER_06768,1071655,"{""Food Delivery"": 1590000, ""Coffee Shop"": 530000, ""Movie Ticket"": 530000, ""Gaming"": 530000}",2023-08-31
PLAN_e2c28ec1,USER_01422,875401,"{""Food Delivery"": 1155000, ""Coffee Shop"": 385000, ""Movie Ticket"": 385000, ""Gaming"": 385000}",2023-08-31
PLAN_3248e046,USER_01535,1482014,"{""Food Delivery"": 1170000, ""Coffee Shop"": 390000, ""Movie Ticket"": 390000, ""Gaming"": 390000}",2023-08-31
PLAN_05d4f1b4,USER_09401,2735879,"{""Food Delivery"": 2190000, ""Coffee Shop"": 730000, ""Movie Ticket"": 730000, ""Gaming"": 730000}",2023-08-31
PLAN_e92606d6,USER_05012,1485594,"{""Food Delivery"": 1395000, ""Coffee Shop"": 465000, ""Movie Ticket"": 465000, ""Gaming"": 465000}",2023-08-31
PLAN_3fda7b3d,USER_03764,1440465,"{""Food Delivery"": 1350000, ""Coffee Shop"": 450000, ""Movie Ticket"": 450000, ""Gaming"": 450000}",2023-08-31
PLAN_5a3e50f6,USER_07082,965721,"{""Food Delivery"": 870000, ""Coffee Shop"": 290000, ""Movie Ticket"": 290000, ""Gaming"": 290000}",2023-08-31
PLAN_cb262321,USER_01219,799252,"{""Food Delivery"": 1020000, ""Coffee Shop"": 340000, ""Movie Ticket"": 340000, ""Gaming"": 340000}",2023-08-31
PLAN_26697b57,USER_07895,2239861,"{""Food Delivery"": 1755000, ""Coffee Shop"": 585000, ""Movie Ticket"": 585000, ""Gaming"": 585000}",2023-08-31
PLAN_ba3b0452,USER_06358,780323,"{""Food Delivery"": 825000, ""Coffee Shop"": 275000, ""Movie Ticket"": 275000, ""Gaming"": 275000}",2023-08-31
PLAN_76c77a4d,USER_01151,636243,"{""Food Delivery"": 690000, ""Coffee Shop"": 230000, ""Movie Ticket"": 230000, ""Gaming"": 230000}",2023-08-31
PLAN_e1922ac2,USER_02419,1518917,"{""Food Delivery"": 1500000, ""Coffee Shop"": 500000, ""Movie Ticket"": 500000, ""Gaming"": 500000}",2023-08-31
PLAN_4c098263,USER_00813,439725,"{""Food Delivery"": 630000, ""Coffee Shop"": 210000, ""Movie Ticket"": 210000, ""Gaming"": 210000}",2023-08-31
PLAN_be972523,USER_06095,1142957,"{""Food Delivery"": 1470000, ""Coffee Shop"": 490000, ""Movie Ticket"": 490000, ""Gaming"": 490000}",2023-08-31
PLAN_33e48d69,USER_01230,955918,"{""Food Delivery"": 825000, ""Coffee Shop"": 275000, ""Movie Ticket"": 275000, ""Gaming"": 275000}",2023-08-31
PLAN_dc6d108a,USER_09231,844582,"{""Food Delivery"": 1170000, ""Coffee Shop"": 390000, ""Movie Ticket"": 390000, ""Gaming"": 390000}",2023-08-31
PLAN_8caff101,USER_00685,1539026,"{""Food Delivery"": 1440000, ""Coffee Shop"": 480000, ""Movie Ticket"": 480000, ""Gaming"": 480000}",2023-08-31
PLAN_50a4ee67,USER_04404,448325,"{""Food Delivery"": 540000, ""Coffee Shop"": 180000, ""Movie Ticket"": 180000, ""Gaming"": 180000}",2023-08-31
PLAN_73cfa342,USER_06098,1208687,"{""Food Delivery"": 1305000, ""Coffee Shop"": 435000, ""Movie Ticket"": 435000, ""Gaming"": 435000}",2023-08-31
PLAN_1282aac8,USER_03546,1005181,"{""Food Delivery"": 1170000, ""Coffee Shop"": 390000, ""Movie Ticket"": 390000, ""Gaming"": 390000}",2023-08-31
PLAN_3adcf136,USER_00354,1789487,"{""Food Delivery"": 1980000, ""Coffee Shop"": 660000, ""Movie Ticket"": 660000, ""Gaming"": 660000}",2023-08-31
PLAN_5d212501,USER_06624,1409617,"{""Food Delivery"": 1230000, ""Coffee Shop"": 410000, ""Movie Ticket"": 410000, ""Gaming"": 410000}",2023-08-31
PLAN_67e08a99,USER_08126,1219294,"{""Food Delivery"": 1410000, ""Coffee Shop"": 470000, ""Movie Ticket"": 470000, ""Gaming"": 470000}",2023-08-31
PLAN_db7de145,USER_08074,2224294,"{""Food Delivery"": 2130000, ""Coffee Shop"": 710000, ""Movie Ticket"": 710000, ""Gaming"": 710000}",2023-08-31
PLAN_6725f82d,USER_03437,1343205,"{""Food Delivery"": 1365000, ""Coffee Shop"": 455000, ""Movie Ticket"": 455000, ""Gaming"": 455000}",2023-08-31
PLAN_e412b5dc,USER_08533,765288,"{""Food Delivery"": 690000, ""Coffee Shop"": 230000, ""Movie Ticket"": 230000, ""Gaming"": 230000}",2023-08-31
PLAN_372959ae,USER_03206,1394517,"{""Food Delivery"": 1080000, ""Coffee Shop"": 360000, ""Movie Ticket"": 360000, ""Gaming"": 360000}",2023-08-31
PLAN_96f8d3fb,USER_09679,935588,"{""Food Delivery"": 810000, ""Coffee Shop"": 270000, ""Movie Ticket"": 270000, ""Gaming"": 270000}",2023-08-31
PLAN_019974b9,USER_01377,388780,"{""Food Delivery"": 480000, ""Coffee Shop"": 160000, ""Movie Ticket"": 160000, ""Gaming"": 160000}",2023-08-31
PLAN_76d609d1,USER_05032,1113677,"{""Food Delivery"": 1620000, ""Coffee Shop"": 540000, ""Movie Ticket"": 540000, ""Gaming"": 540000}",2023-08-31
PLAN_15dfba4e,USER_09384,732113,"{""Food Delivery"": 870000, ""Coffee Shop"": 290000, ""Movie Ticket"": 290000, ""Gaming"": 290000}",2023-08-31
PLAN_5dc64a04,USER_00132,2328813,"{""Food Delivery"": 2190000, ""Coffee Shop"": 730000, ""Movie Ticket"": 730000, ""Gaming"": 730000}",2023-08-31
PLAN_cd0921f8,USER_05500,1429939,"{""Food Delivery"": 2040000, ""Coffee Shop"": 680000, ""Movie Ticket"": 680000, ""Gaming"": 680000}",2023-08-31
PLAN_2d2bb2b6,USER_05176,912783,"{""Food Delivery"": 915000, ""Coffee Shop"": 305000, ""Movie Ticket"": 305000, ""Gaming"": 305000}",2023-08-31
PLAN_fcf2d757,USER_00340,878263,"{""Food Delivery"": 825000, ""Coffee Shop"": 275000, ""Movie Ticket"": 275000, ""Gaming"": 275000}",2023-08-31
PLAN_9eacd74c,USER_02257,600409,"{""Food Delivery"": 675000, ""Coffee Shop"": 225000, ""Movie Ticket"": 225000, ""Gaming"": 225000}",2023-08-31
PLAN_f4032d1c,USER_00738,956292,"{""Food Delivery"": 810000, ""Coffee Shop"": 270000, ""Movie Ticket"": 270000, ""Gaming"": 270000}",2023-08-31
PLAN_577b2258,USER_03572,918476,"{""Food Delivery"": 1245000, ""Coffee Shop"": 415000, ""Movie Ticket"": 415000, ""Gaming"": 415000}",2023-08-31
PLAN_9f076596,USER_08728,612828,"{""Food Delivery"": 855000, ""Coffee Shop"": 285000, ""Movie Ticket"": 285000, ""Gaming"": 285000}",2023-08-31
PLAN_45920dcd,USER_03569,1762752,"{""Food Delivery"": 1530000, ""Coffee Shop"": 510000, ""Movie Ticket"": 510000, ""Gaming"": 510000}",2023-08-31
PLAN_2677d68a,USER_09721,2228282,"{""Food Delivery"": 2235000, ""Coffee Shop"": 745000, ""Movie Ticket"": 745000, ""Gaming"": 745000}",2023-08-31
PLAN_586d8b44,USER_00245,1435142,"{""Food Delivery"": 1275000, ""Coffee Shop"": 425000, ""Movie Ticket"": 425000, ""Gaming"": 425000}",2023-08-31
PLAN_27ec4303,USER_09230,1348737,"{""Food Delivery"": 1410000, ""Coffee Shop"": 470000, ""Movie Ticket"": 470000, ""Gaming"": 470000}",2023-08-31
PLAN_60d7c7f0,USER_08183,1520610,"{""Food Delivery"": 1830000, ""Coffee Shop"": 610000, ""Movie Ticket"": 610000, ""Gaming"": 610000}",2023-08-31
PLAN_320871a4,USER_05148,2728653,"{""Food Delivery"": 2250000, ""Coffee Shop"": 750000, ""Movie Ticket"": 750000, ""Gaming"": 750000}",2023-08-31
PLAN_a549a300,USER_07477,2069328,"{""Food Delivery"": 1725000, ""Coffee Shop"": 575000, ""Movie Ticket"": 575000, ""Gaming"": 575000}",2023-08-31
PLAN_10099c66,USER_01382,1847219,"{""Food Delivery"": 1635000, ""Coffee Shop"": 545000, ""Movie Ticket"": 545000, ""Gaming"": 545000}",2023-08-31
PLAN_27198e5f,USER_09293,890501,"{""Food Delivery"": 1050000, ""Coffee Shop"": 350000, ""Movie Ticket"": 350000, ""Gaming"": 350000}",2023-08-31
PLAN_dcb3fe11,USER_03373,2289932,"{""Food Delivery"": 2160000, ""Coffee Shop"": 720000, ""Movie Ticket"": 720000, ""Gaming"": 720000}",2023-08-31
PLAN_037163c0,USER_05724,1864534,"{""Food Delivery"": 2055000, ""Coffee Shop"": 685000, ""Movie Ticket"": 685000, ""Gaming"": 685000}",2023-08-31
PLAN_bc7a418c,USER_05430,873265,"{""Food Delivery"": 1200000, ""Coffee Shop"": 400000, ""Movie Ticket"": 400000, ""Gaming"": 400000}",2023-08-31
PLAN_ae5046e8,USER_01736,2818450,"{""Food Delivery"": 2205000, ""Coffee Shop"": 735000, ""Movie Ticket"": 735000, ""Gaming"": 735000}",2023-08-31
PLAN_7bb2d2b4,USER_02633,1523336,"{""Food Delivery"": 2010000, ""Coffee Shop"": 670000, ""Movie Ticket"": 670000, ""Gaming"": 670000}",2023-08-31
PLAN_59f4fe71,USER_00945,1950237,"{""Food Delivery"": 1500000, ""Coffee Shop"": 500000, ""Movie Ticket"": 500000, ""Gaming"": 500000}",2023-08-31
PLAN_4405ed9d,USER_08259,1547226,"{""Food Delivery"": 1605000, ""Coffee Shop"": 535000, ""Movie Ticket"": 535000, ""Gaming"": 535000}",2023-08-31
PLAN_e6db0d73,USER_03216,687377,"{""Food Delivery"": 870000, ""Coffee Shop"": 290000, ""Movie Ticket"": 290000, ""Gaming"": 290000}",2023-08-31
PLAN_3318e56e,USER_03750,1726929,"{""Food Delivery"": 1680000, ""Coffee Shop"": 560000, ""Movie Ticket"": 560000, ""Gaming"": 560000}",2023-08-31
PLAN_4f652075,USER_00185,899014,"{""Food Delivery"": 720000, ""Coffee Shop"": 240000, ""Movie Ticket"": 240000, ""Gaming"": 240000}",2023-08-31
PLAN_d0fc942a,USER_07019,1645613,"{""Food Delivery"": 1425000, ""Coffee Shop"": 475000, ""Movie Ticket"": 475000, ""Gaming"": 475000}",2023-08-31
PLAN_c29d90d4,USER_04412,1264592,"{""Food Delivery"": 1050000, ""Coffee Shop"": 350000, ""Movie Ticket"": 350000, ""Gaming"": 350000}",2023-08-31
PLAN_fca99017,USER_04871,1227499,"{""Food Delivery"": 1110000, ""Coffee Shop"": 370000, ""Movie Ticket"": 370000, ""Gaming"": 370000}",2023-08-31
PLAN_8afb4c6e,USER_09954,744601,"{""Food Delivery"": 660000, ""Coffee Shop"": 220000, ""Movie Ticket"": 220000, ""Gaming"": 220000}",2023-08-31
PLAN_8690f79a,USER_03327,591742,"{""Food Delivery"": 480000, ""Coffee Shop"": 160000, ""Movie Ticket"": 160000, ""Gaming"": 160000}",2023-08-31
PLAN_a4916825,USER_02557,499867,"{""Food Delivery"": 600000, ""Coffee Shop"": 200000, ""Movie Ticket"": 200000, ""Gaming"": 200000}",2023-08-31
PLAN_085c4691,USER_06156,1221328,"{""Food Delivery"": 1230000, ""Coffee Shop"": 410000, ""Movie Ticket"": 410000, ""Gaming"": 410000}",2023-08-31
PLAN_c8a230e0,USER_00277,915907,"{""Food Delivery"": 1125000, ""Coffee Shop"": 375000, ""Movie Ticket"": 375000, ""Gaming"": 375000}",2023-08-31
PLAN_e87464a2,USER_08509,1172724,"{""Food Delivery"": 885000, ""Coffee Shop"": 295000, ""Movie Ticket"": 295000, ""Gaming"": 295000}",2023-08-31
PLAN_3d0f31bf,USER_05583,1671891,"{""Food Delivery"": 1290000, ""Coffee Shop"": 430000, ""Movie Ticket"": 430000, ""Gaming"": 430000}",2023-08-31
PLAN_49188156,USER_00098,1382437,"{""Food Delivery"": 1995000, ""Coffee Shop"": 665000, ""Movie Ticket"": 665000, ""Gaming"": 665000}",2023-08-31
PLAN_a278b2c1,USER_09527,801620,"{""Food Delivery"": 705000, ""Coffee Shop"": 235000, ""Movie Ticket"": 235000, ""Gaming"": 235000}",2023-08-31
PLAN_405454c1,USER_00882,1540198,"{""Food Delivery"": 1200000, ""Coffee Shop"": 400000, ""Movie Ticket"": 400000, ""Gaming"": 400000}",2023-08-31
PLAN_2e730563,USER_08690,909043,"{""Food Delivery"": 1155000, ""Coffee Shop"": 385000, ""Movie Ticket"": 385000, ""Gaming"": 385000}",2023-08-31
PLAN_faef6426,USER_08957,1489547,"{""Food Delivery"": 1425000, ""Coffee Shop"": 475000, ""Movie Ticket"": 475000, ""Gaming"": 475000}",2023-08-31
PLAN_aacd85b7,USER_07718,2394360,"{""Food Delivery"": 1875000, ""Coffee Shop"": 625000, ""Movie Ticket"": 625000, ""Gaming"": 625000}",2023-08-31
PLAN_c949e6a9,USER_00520,382560,"{""Food Delivery"": 555000, ""Coffee Shop"": 185000, ""Movie Ticket"": 185000, ""Gaming"": 185000}",2023-08-31
PLAN_24c01b90,USER_03042,865684,"{""Food Delivery"": 765000, ""Coffee Shop"": 255000, ""Movie Ticket"": 255000, ""Gaming"": 255000}",2023-08-31
PLAN_2b254cde,USER_05171,454072,"{""Food Delivery"": 525000, ""Coffee Shop"": 175000, ""Movie Ticket"": 175000, ""Gaming"": 175000}",2023-08-31
PLAN_99bddb9d,USER_06255,2020616,"{""Food Delivery"": 1575000, ""Coffee Shop"": 525000, ""Movie Ticket"": 525000, ""Gaming"": 525000}",2023-08-31
PLAN_e1153517,USER_03256,2759481,"{""Food Delivery"": 2100000, ""Coffee Shop"": 700000, ""Movie Ticket"": 700000, ""Gaming"": 700000}",2023-08-31
PLAN_304eb926,USER_06974,1672069,"{""Food Delivery"": 1290000, ""Coffee Shop"": 430000, ""Movie Ticket"": 430000, ""Gaming"": 430000}",2023-08-31
PLAN_55059773,USER_08465,1960704,"{""Food Delivery"": 1995000, ""Coffee Shop"": 665000, ""Movie Ticket"": 665000, ""Gaming"": 665000}",2023-08-31
PLAN_50311068,USER_06777,1210327,"{""Food Delivery"": 975000, ""Coffee Shop"": 325000, ""Movie Ticket"": 325000, ""Gaming"": 325000}",2023-08-31
PLAN_c32f1ee0,USER_01301,1992113,"{""Food Delivery"": 1620000, ""Coffee Shop"": 540000, ""Movie Ticket"": 540000, ""Gaming"": 540000}",2023-08-31
PLAN_8fce9467,USER_07953,1596111,"{""Food Delivery"": 1815000, ""Coffee Shop"": 605000, ""Movie Ticket"": 605000, ""Gaming"": 605000}",2023-08-31
PLAN_d03947a3,USER_07547,2651927,"{""Food Delivery"": 2175000, ""Coffee Shop"": 725000, ""Movie Ticket"": 725000, ""Gaming"": 725000}",2023-08-31
PLAN_cd7f1863,USER_08956,891826,"{""Food Delivery"": 1290000, ""Coffee Shop"": 430000, ""Movie Ticket"": 430000, ""Gaming"": 430000}",2023-08-31
PLAN_b0029054,USER_07650,1245090,"{""Food Delivery"": 1170000, ""Coffee Shop"": 390000, ""Movie Ticket"": 390000, ""Gaming"": 390000}",2023-08-31
PLAN_09107abc,USER_09542,910206,"{""Food Delivery"": 1110000, ""Coffee Shop"": 370000, ""Movie Ticket"": 370000, ""Gaming"": 370000}",2023-08-31
PLAN_7a7366b8,USER_08124,1243829,"{""Food Delivery"": 1665000, ""Coffee Shop"": 555000, ""Movie Ticket"": 555000, ""Gaming"": 555000}",2023-08-31
PLAN_b2632735,USER_08175,1023105,"{""Food Delivery"": 1425000, ""Coffee Shop"": 475000, ""Movie Ticket"": 475000, ""Gaming"": 475000}",2023-08-31
PLAN_cca80a40,USER_00069,1798066,"{""Food Delivery"": 1590000, ""Coffee Shop"": 530000, ""Movie Ticket"": 530000, ""Gaming"": 530000}",2023-08-31
PLAN_cc8678e7,USER_02373,991507,"{""Food Delivery"": 1110000, ""Coffee Shop"": 370000, ""Movie Ticket"": 370000, ""Gaming"": 370000}",2023-08-31
PLAN_1b4ec0b5,USER_01603,2535407,"{""Food Delivery"": 2205000, ""Coffee Shop"": 735000, ""Movie Ticket"": 735000, ""Gaming"": 735000}",2023-08-31
PLAN_3bd966e9,USER_07932,1150584,"{""Food Delivery"": 1620000, ""Coffee Shop"": 540000, ""Movie Ticket"": 540000, ""Gaming"": 540000}",2023-08-31
PLAN_7b0391fc,USER_07414,644492,"{""Food Delivery"": 735000, ""Coffee Shop"": 245000, ""Movie Ticket"": 245000, ""Gaming"": 245000}",2023-08-31
PLAN_9fda4d50,USER_07460,1431726,"{""Food Delivery"": 1395000, ""Coffee Shop"": 465000, ""Movie Ticket"": 465000, ""Gaming"": 465000}",2023-08-31
PLAN_beb66479,USER_06416,2184682,"{""Food Delivery"": 1830000, ""Coffee Shop"": 610000, ""Movie Ticket"": 610000, ""Gaming"": 610000}",2023-08-31
PLAN_cab17d05,USER_01970,1780315,"{""Food Delivery"": 2025000, ""Coffee Shop"": 675000, ""Movie Ticket"": 675000, ""Gaming"": 675000}",2023-08-31
PLAN_41c8c2db,USER_01813,1983587,"{""Food Delivery"": 1830000, ""Coffee Shop"": 610000, ""Movie Ticket"": 610000, ""Gaming"": 610000}",2023-08-31
PLAN_fdc8d6c4,USER_02297,1810538,"{""Food Delivery"": 1440000, ""Coffee Shop"": 480000, ""Movie Ticket"": 480000, ""Gaming"": 480000}",2023-08-31
PLAN_6505450c,USER_05178,1809766,"{""Food Delivery"": 1680000, ""Coffee Shop"": 560000, ""Movie Ticket"": 560000, ""Gaming"": 560000}",2023-08-31
PLAN_077c5d1d,USER_04753,394547,"{""Food Delivery"": 480000, ""Coffee Shop"": 160000, ""Movie Ticket"": 160000, ""Gaming"": 160000}",2023-08-31
PLAN_965500cc,USER_04662,850252,"{""Food Delivery"": 1245000, ""Coffee Shop"": 415000, ""Movie Ticket"": 415000, ""Gaming"": 415000}",2023-08-31
PLAN_644ee152,USER_08608,2001005,"{""Food Delivery"": 1605000, ""Coffee Shop"": 535000, ""Movie Ticket"": 535000, ""Gaming"": 535000}",2023-08-31
PLAN_3de920e3,USER_05271,949780,"{""Food Delivery"": 1395000, ""Coffee Shop"": 465000, ""Movie Ticket"": 465000, ""Gaming"": 465000}",2023-08-31
PLAN_6010ea34,USER_08010,1293544,"{""Food Delivery"": 1035000, ""Coffee Shop"": 345000, ""Movie Ticket"": 345000, ""Gaming"": 345000}",2023-08-31
PLAN_89914065,USER_04736,1345464,"{""Food Delivery"": 1320000, ""Coffee Shop"": 440000, ""Movie Ticket"": 440000, ""Gaming"": 440000}",2023-08-31
PLAN_967c9a5d,USER_01837,1628816,"{""Food Delivery"": 1260000, ""Coffee Shop"": 420000, ""Movie Ticket"": 420000, ""Gaming"": 420000}",2023-08-31
PLAN_e99dc18b,USER_08965,1636892,"{""Food Delivery"": 1365000, ""Coffee Shop"": 455000, ""Movie Ticket"": 455000, ""Gaming"": 455000}",2023-08-31
PLAN_f558bb03,USER_00480,659318,"{""Food Delivery"": 495000, ""Coffee Shop"": 165000, ""Movie Ticket"": 165000, ""Gaming"": 165000}",2023-08-31
PLAN_6d6c5783,USER_06286,1202133,"{""Food Delivery"": 1335000, ""Coffee Shop"": 445000, ""Movie Ticket"": 445000, ""Gaming"": 445000}",2023-08-31
PLAN_c72d9113,USER_05777,2562423,"{""Food Delivery"": 2175000, ""Coffee Shop"": 725000, ""Movie Ticket"": 725000, ""Gaming"": 725000}",2023-08-31
PLAN_82e047fb,USER_08306,1458008,"{""Food Delivery"": 1560000, ""Coffee Shop"": 520000, ""Movie Ticket"": 520000, ""Gaming"": 520000}",2023-08-31
PLAN_7117ec33,USER_06896,1835045,"{""Food Delivery"": 1860000, ""Coffee Shop"": 620000, ""Movie Ticket"": 620000, ""Gaming"": 620000}",2023-08-31
PLAN_ca9fc063,USER_00593,2213407,"{""Food Delivery"": 2040000, ""Coffee Shop"": 680000, ""Movie Ticket"": 680000, ""Gaming"": 680000}",2023-08-31
PLAN_4cbea3cb,USER_07995,2342096,"{""Food Delivery"": 1875000, ""Coffee Shop"": 625000, ""Movie Ticket"": 625000, ""Gaming"": 625000}",2023-08-31
PLAN_9d76c69a,USER_05208,2380900,"{""Food Delivery"": 1800000, ""Coffee Shop"": 600000, ""Movie Ticket"": 600000, ""Gaming"": 600000}",2023-08-31
PLAN_aefbbf74,USER_08019,1043281,"{""Food Delivery"": 885000, ""Coffee Shop"": 295000, ""Movie Ticket"": 295000, ""Gaming"": 295000}",2023-08-31
PLAN_15446eed,USER_05933,1928162,"{""Food Delivery"": 2040000, ""Coffee Shop"": 680000, ""Movie Ticket"": 680000, ""Gaming"": 680000}",2023-08-31
PLAN_7febf689,USER_08643,440620,"{""Food Delivery"": 465000, ""Coffee Shop"": 155000, ""Movie Ticket"": 155000, ""Gaming"": 155000}",2023-08-31
PLAN_dcd7b64f,USER_06608,1581199,"{""Food Delivery"": 1365000, ""Coffee Shop"": 455000, ""Movie Ticket"": 455000, ""Gaming"": 455000}",2023-08-31
PLAN_80857a41,USER_05812,966246,"{""Food Delivery"": 1170000, ""Coffee Shop"": 390000, ""Movie Ticket"": 390000, ""Gaming"": 390000}",2023-08-31
PLAN_e654f158,USER_05168,421980,"{""Food Delivery"": 570000, ""Coffee Shop"": 190000, ""Movie Ticket"": 190000, ""Gaming"": 190000}",2023-08-31
PLAN_eb610c01,USER_00702,1639092,"{""Food Delivery"": 1815000, ""Coffee Shop"": 605000, ""Movie Ticket"": 605000, ""Gaming"": 605000}",2023-08-31
PLAN_ceb4dc08,USER_08585,772343,"{""Food Delivery"": 900000, ""Coffee Shop"": 300000, ""Movie Ticket"": 300000, ""Gaming"": 300000}",2023-08-31
PLAN_026bc751,USER_08173,1646311,"{""Food Delivery"": 1905000, ""Coffee Shop"": 635000, ""Movie Ticket"": 635000, ""Gaming"": 635000}",2023-08-31
PLAN_27767445,USER_01121,1110246,"{""Food Delivery"": 1350000, ""Coffee Shop"": 450000, ""Movie Ticket"": 450000, ""Gaming"": 450000}",2023-08-31
PLAN_d610fb82,USER_07783,1552718,"{""Food Delivery"": 2235000, ""Coffee Shop"": 745000, ""Movie Ticket"": 745000, ""Gaming"": 745000}",2023-08-31
PLAN_08e8a0dc,USER_04759,1099303,"{""Food Delivery"": 1620000, ""Coffee Shop"": 540000, ""Movie Ticket"": 540000, ""Gaming"": 540000}",2023-08-31
PLAN_68fd75b1,USER_06693,1530546,"{""Food Delivery"": 1155000, ""Coffee Shop"": 385000, ""Movie Ticket"": 385000, ""Gaming"": 385000}",2023-08-31
PLAN_888d31c1,USER_05102,770997,"{""Food Delivery"": 810000, ""Coffee Shop"": 270000, ""Movie Ticket"": 270000, ""Gaming"": 270000}",2023-08-31
PLAN_e871949c,USER_06028,899812,"{""Food Delivery"": 975000, ""Coffee Shop"": 325000, ""Movie Ticket"": 325000, ""Gaming"": 325000}",2023-08-31
PLAN_3bd4e8ae,USER_03440,621469,"{""Food Delivery"": 555000, ""Coffee Shop"": 185000, ""Movie Ticket"": 185000, ""Gaming"": 185000}",2023-08-31
PLAN_c6427935,USER_07750,1242618,"{""Food Delivery"": 1530000, ""Coffee Shop"": 510000, ""Movie Ticket"": 510000, ""Gaming"": 510000}",2023-08-31
PLAN_95f48859,USER_08698,1696466,"{""Food Delivery"": 1305000, ""Coffee Shop"": 435000, ""Movie Ticket"": 435000, ""Gaming"": 435000}",2023-08-31
PLAN_322d504e,USER_03724,2322248,"{""Food Delivery"": 1950000, ""Coffee Shop"": 650000, ""Movie Ticket"": 650000, ""Gaming"": 650000}",2023-08-31
PLAN_f9cf676c,USER_00623,1536069,"{""Food Delivery"": 2115000, ""Coffee Shop"": 705000, ""Movie Ticket"": 705000, ""Gaming"": 705000}",2023-08-31
PLAN_b91fe8c5,USER_02481,1049009,"{""Food Delivery"": 1110000, ""Coffee Shop"": 370000, ""Movie Ticket"": 370000, ""Gaming"": 370000}",2023-08-31
PLAN_bc5d9f58,USER_02135,1709997,"{""Food Delivery"": 1365000, ""Coffee Shop"": 455000, ""Movie Ticket"": 455000, ""Gaming"": 455000}",2023-08-31
PLAN_26bf8c29,USER_08397,1322417,"{""Food Delivery"": 1020000, ""Coffee Shop"": 340000, ""Movie Ticket"": 340000, ""Gaming"": 340000}",2023-08-31
PLAN_b77458eb,USER_09755,1834251,"{""Food Delivery"": 1875000, ""Coffee Shop"": 625000, ""Movie Ticket"": 625000, ""Gaming"": 625000}",2023-08-31
PLAN_63901a58,USER_07631,1403667,"{""Food Delivery"": 1305000, ""Coffee Shop"": 435000, ""Movie Ticket"": 435000, ""Gaming"": 435000}",2023-08-31
PLAN_9eb0fc4c,USER_08850,1692199,"{""Food Delivery"": 2175000, ""Coffee Shop"": 725000, ""Movie Ticket"": 725000, ""Gaming"": 725000}",2023-08-31
PLAN_bc43b276,USER_06218,2190285,"{""Food Delivery"": 1650000, ""Coffee Shop"": 550000, ""Movie Ticket"": 550000, ""Gaming"": 550000}",2023-08-31
PLAN_96433433,USER_03311,1576539,"{""Food Delivery"": 1920000, ""Coffee Shop"": 640000, ""Movie Ticket"": 640000, ""Gaming"": 640000}",2023-08-31
PLAN_ad3a85df,USER_01195,2525551,"{""Food Delivery"": 1950000, ""Coffee Shop"": 650000, ""Movie Ticket"": 650000, ""Gaming"": 650000}",2023-08-31
PLAN_f0704f58,USER_03755,1847604,"{""Food Delivery"": 1680000, ""Coffee Shop"": 560000, ""Movie Ticket"": 560000, ""Gaming"": 560000}",2023-08-31
PLAN_8f02e5b7,USER_02926,1495195,"{""Food Delivery"": 1395000, ""Coffee Shop"": 465000, ""Movie Ticket"": 465000, ""Gaming"": 465000}",2023-08-31
PLAN_230ddd1b,USER_00978,1104262,"{""Food Delivery"": 1095000, ""Coffee Shop"": 365000, ""Movie Ticket"": 365000, ""Gaming"": 365000}",2023-08-31
PLAN_603f768b,USER_01567,713788,"{""Food Delivery"": 870000, ""Coffee Shop"": 290000, ""Movie Ticket"": 290000, ""Gaming"": 290000}",2023-08-31
PLAN_cab9c173,USER_08081,1035344,"{""Food Delivery"": 1320000, ""Coffee Shop"": 440000, ""Movie Ticket"": 440000, ""Gaming"": 440000}",2023-08-31
PLAN_112d3d19,USER_06372,1220486,"{""Food Delivery"": 1500000, ""Coffee Shop"": 500000, ""Movie Ticket"": 500000, ""Gaming"": 500000}",2023-08-31
PLAN_f5e73345,USER_00587,1435590,"{""Food Delivery"": 1815000, ""Coffee Shop"": 605000, ""Movie Ticket"": 605000, ""Gaming"": 605000}",2023-08-31
PLAN_ac31818a,USER_06640,676242,"{""Food Delivery"": 570000, ""Coffee Shop"": 190000, ""Movie Ticket"": 190000, ""Gaming"": 190000}",2023-08-31
PLAN_7714db16,USER_09964,1633651,"{""Food Delivery"": 1815000, ""Coffee Shop"": 605000, ""Movie Ticket"": 605000, ""Gaming"": 605000}",2023-08-31
PLAN_963cdc22,USER_02272,370244,"{""Food Delivery"": 525000, ""Coffee Shop"": 175000, ""Movie Ticket"": 175000, ""Gaming"": 175000}",2023-08-31
PLAN_4b15d486,USER_02967,1142079,"{""Food Delivery"": 870000, ""Coffee Shop"": 290000, ""Movie Ticket"": 290000, ""Gaming"": 290000}",2023-08-31
PLAN_45247afd,USER_00399,1638893,"{""Food Delivery"": 1305000, ""Coffee Shop"": 435000, ""Movie Ticket"": 435000, ""Gaming"": 435000}",2023-08-31
PLAN_3b584a2d,USER_01039,886766,"{""Food Delivery"": 690000, ""Coffee Shop"": 230000, ""Movie Ticket"": 230000, ""Gaming"": 230000}",2023-08-31
PLAN_2e184702,USER_00540,897708,"{""Food Delivery"": 675000, ""Coffee Shop"": 225000, ""Movie Ticket"": 225000, ""Gaming"": 225000}",2023-08-31
PLAN_e3c53126,USER_09283,1361718,"{""Food Delivery"": 1740000, ""Coffee Shop"": 580000, ""Movie Ticket"": 580000, ""Gaming"": 580000}",2023-08-31
PLAN_d5fa1fca,USER_09168,1731340,"{""Food Delivery"": 1860000, ""Coffee Shop"": 620000, ""Movie Ticket"": 620000, ""Gaming"": 620000}",2023-08-31
PLAN_0496d44a,USER_02274,562636,"{""Food Delivery"": 480000, ""Coffee Shop"": 160000, ""Movie Ticket"": 160000, ""Gaming"": 160000}",2023-08-31
PLAN_6185ed08,USER_03801,848010,"{""Food Delivery"": 750000, ""Coffee Shop"": 250000, ""Movie Ticket"": 250000, ""Gaming"": 250000}",2023-08-31
PLAN_a13a3967,USER_02960,1073123,"{""Food Delivery"": 1395000, ""Coffee Shop"": 465000, ""Movie Ticket"": 465000, ""Gaming"": 465000}",2023-08-31
PLAN_36befce4,USER_07891,2160841,"{""Food Delivery"": 1785000, ""Coffee Shop"": 595000, ""Movie Ticket"": 595000, ""Gaming"": 595000}",2023-08-31
PLAN_4f67ab67,USER_01943,795886,"{""Food Delivery"": 975000, ""Coffee Shop"": 325000, ""Movie Ticket"": 325000, ""Gaming"": 325000}",2023-08-31
PLAN_fb10135a,USER_02423,1652153,"{""Food Delivery"": 2025000, ""Coffee Shop"": 675000, ""Movie Ticket"": 675000, ""Gaming"": 675000}",2023-08-31
PLAN_9dd162a1,USER_09035,1998066,"{""Food Delivery"": 1950000, ""Coffee Shop"": 650000, ""Movie Ticket"": 650000, ""Gaming"": 650000}",2023-08-31
PLAN_a374ee88,USER_07661,2325692,"{""Food Delivery"": 2190000, ""Coffee Shop"": 730000, ""Movie Ticket"": 730000, ""Gaming"": 730000}",2023-08-31
PLAN_82b496ed,USER_09990,1817099,"{""Food Delivery"": 1725000, ""Coffee Shop"": 575000, ""Movie Ticket"": 575000, ""Gaming"": 575000}",2023-08-31
PLAN_b28096a1,USER_01097,993253,"{""Food Delivery"": 1365000, ""Coffee Shop"": 455000, ""Movie Ticket"": 455000, ""Gaming"": 455000}",2023-08-31
PLAN_c8a12b75,USER_07388,1332997,"{""Food Delivery"": 1065000, ""Coffee Shop"": 355000, ""Movie Ticket"": 355000, ""Gaming"": 355000}",2023-08-31
PLAN_fe0ed541,USER_05538,1328880,"{""Food Delivery"": 1575000, ""Coffee Shop"": 525000, ""Movie Ticket"": 525000, ""Gaming"": 525000}",2023-08-31
PLAN_2c38c995,USER_06169,801955,"{""Food Delivery"": 1065000, ""Coffee Shop"": 355000, ""Movie Ticket"": 355000, ""Gaming"": 355000}",2023-08-31
PLAN_54663812,USER_07839,1699873,"{""Food Delivery"": 1350000, ""Coffee Shop"": 450000, ""Movie Ticket"": 450000, ""Gaming"": 450000}",2023-08-31
PLAN_d10efff3,USER_08182,821373,"{""Food Delivery"": 630000, ""Coffee Shop"": 210000, ""Movie Ticket"": 210000, ""Gaming"": 210000}",2023-08-31
PLAN_95ca6a2b,USER_08093,744851,"{""Food Delivery"": 600000, ""Coffee Shop"": 200000, ""Movie Ticket"": 200000, ""Gaming"": 200000}",2023-08-31
PLAN_e486b2ee,USER_07875,1501898,"{""Food Delivery"": 1245000, ""Coffee Shop"": 415000, ""Movie Ticket"": 415000, ""Gaming"": 415000}",2023-08-31
PLAN_e21f556e,USER_04222,744858,"{""Food Delivery"": 675000, ""Coffee Shop"": 225000, ""Movie Ticket"": 225000, ""Gaming"": 225000}",2023-08-31
PLAN_01ab040e,USER_03725,573817,"{""Food Delivery"": 555000, ""Coffee Shop"": 185000, ""Movie Ticket"": 185000, ""Gaming"": 185000}",2023-08-31
PLAN_fd6d54fb,USER_00435,1445692,"{""Food Delivery"": 1995000, ""Coffee Shop"": 665000, ""Movie Ticket"": 665000, ""Gaming"": 665000}",2023-08-31
PLAN_6caab35c,USER_07874,1239438,"{""Food Delivery"": 1320000, ""Coffee Shop"": 440000, ""Movie Ticket"": 440000, ""Gaming"": 440000}",2023-08-31
PLAN_8c1a4a2b,USER_06653,1180512,"{""Food Delivery"": 1290000, ""Coffee Shop"": 430000, ""Movie Ticket"": 430000, ""Gaming"": 430000}",2023-08-31
PLAN_8d3b3220,USER_04824,869230,"{""Food Delivery"": 1035000, ""Coffee Shop"": 345000, ""Movie Ticket"": 345000, ""Gaming"": 345000}",2023-08-31
PLAN_8290c644,USER_09707,2378319,"{""Food Delivery"": 2070000, ""Coffee Shop"": 690000, ""Movie Ticket"": 690000, ""Gaming"": 690000}",2023-08-31
PLAN_a8d2fb62,USER_01426,1316370,"{""Food Delivery"": 1320000, ""Coffee Shop"": 440000, ""Movie Ticket"": 440000, ""Gaming"": 440000}",2023-08-31
PLAN_271912a1,USER_04993,335124,"{""Food Delivery"": 465000, ""Coffee Shop"": 155000, ""Movie Ticket"": 155000, ""Gaming"": 155000}",2023-08-31
PLAN_e4b6fc51,USER_00141,1500825,"{""Food Delivery"": 1845000, ""Coffee Shop"": 615000, ""Movie Ticket"": 615000, ""Gaming"": 615000}",2023-08-31
PLAN_5abff8af,USER_01930,2070408,"{""Food Delivery"": 1845000, ""Coffee Shop"": 615000, ""Movie Ticket"": 615000, ""Gaming"": 615000}",2023-08-31
PLAN_da0701e2,USER_03377,1129937,"{""Food Delivery"": 1575000, ""Coffee Shop"": 525000, ""Movie Ticket"": 525000, ""Gaming"": 525000}",2023-08-31
PLAN_96344c1d,USER_04554,721970,"{""Food Delivery"": 585000, ""Coffee Shop"": 195000, ""Movie Ticket"": 195000, ""Gaming"": 195000}",2023-08-31
PLAN_6eac3bd9,USER_02113,1091456,"{""Food Delivery"": 1095000, ""Coffee Shop"": 365000, ""Movie Ticket"": 365000, ""Gaming"": 365000}",2023-08-31
PLAN_ec0ab3a9,USER_04276,592234,"{""Food Delivery"": 600000, ""Coffee Shop"": 200000, ""Movie Ticket"": 200000, ""Gaming"": 200000}",2023-08-31
PLAN_2bdcb62a,USER_02217,1719800,"{""Food Delivery"": 1620000, ""Coffee Shop"": 540000, ""Movie Ticket"": 540000, ""Gaming"": 540000}",2023-08-31
PLAN_ec1e7e31,USER_05717,1988902,"{""Food Delivery"": 1635000, ""Coffee Shop"": 545000, ""Movie Ticket"": 545000, ""Gaming"": 545000}",2023-08-31
PLAN_3a11db39,USER_09454,1482590,"{""Food Delivery"": 1650000, ""Coffee Shop"": 550000, ""Movie Ticket"": 550000, ""Gaming"": 550000}",2023-08-31
PLAN_2a6f75d8,USER_02499,1996839,"{""Food Delivery"": 1785000, ""Coffee Shop"": 595000, ""Movie Ticket"": 595000, ""Gaming"": 595000}",2023-08-31
PLAN_d20d8888,USER_03467,485376,"{""Food Delivery"": 465000, ""Coffee Shop"": 155000, ""Movie Ticket"": 155000, ""Gaming"": 155000}",2023-08-31
PLAN_bac9f0b6,USER_09060,1000952,"{""Food Delivery"": 1185000, ""Coffee Shop"": 395000, ""Movie Ticket"": 395000, ""Gaming"": 395000}",2023-08-31
PLAN_223282be,USER_07348,770238,"{""Food Delivery"": 615000, ""Coffee Shop"": 205000, ""Movie Ticket"": 205000, ""Gaming"": 205000}",2023-08-31
PLAN_7c5753fc,USER_00131,2588293,"{""Food Delivery"": 2160000, ""Coffee Shop"": 720000, ""Movie Ticket"": 720000, ""Gaming"": 720000}",2023-08-31
PLAN_f903a418,USER_04879,1973557,"{""Food Delivery"": 1785000, ""Coffee Shop"": 595000, ""Movie Ticket"": 595000, ""Gaming"": 595000}",2023-08-31
PLAN_b6f8078d,USER_03598,962302,"{""Food Delivery"": 780000, ""Coffee Shop"": 260000, ""Movie Ticket"": 260000, ""Gaming"": 260000}",2023-08-31
PLAN_b15cb6d4,USER_09908,877628,"{""Food Delivery"": 705000, ""Coffee Shop"": 235000, ""Movie Ticket"": 235000, ""Gaming"": 235000}",2023-08-31
PLAN_ce197af1,USER_05435,1554610,"{""Food Delivery"": 1365000, ""Coffee Shop"": 455000, ""Movie Ticket"": 455000, ""Gaming"": 455000}",2023-08-31
PLAN_1fabba08,USER_04866,2296266,"{""Food Delivery"": 1875000, ""Coffee Shop"": 625000, ""Movie Ticket"": 625000, ""Gaming"": 625000}",2023-08-31
PLAN_e71fa7cd,USER_02330,2410409,"{""Food Delivery"": 2130000, ""Coffee Shop"": 710000, ""Movie Ticket"": 710000, ""Gaming"": 710000}",2023-08-31
PLAN_6872196d,USER_05065,1528928,"{""Food Delivery"": 1365000, ""Coffee Shop"": 455000, ""Movie Ticket"": 455000, ""Gaming"": 455000}",2023-08-31
PLAN_db0a1d81,USER_09946,1084469,"{""Food Delivery"": 1005000, ""Coffee Shop"": 335000, ""Movie Ticket"": 335000, ""Gaming"": 335000}",2023-08-31
PLAN_95bd8e0a,USER_09857,2629074,"{""Food Delivery"": 2250000, ""Coffee Shop"": 750000, ""Movie Ticket"": 750000, ""Gaming"": 750000}",2023-08-31
PLAN_4706ba4c,USER_05900,1622047,"{""Food Delivery"": 2100000, ""Coffee Shop"": 700000, ""Movie Ticket"": 700000, ""Gaming"": 700000}",2023-08-31
PLAN_6fe33b2a,USER_08612,1805635,"{""Food Delivery"": 1440000, ""Coffee Shop"": 480000, ""Movie Ticket"": 480000, ""Gaming"": 480000}",2023-08-31
PLAN_6b70cefb,USER_06223,1254135,"{""Food Delivery"": 1005000, ""Coffee Shop"": 335000, ""Movie Ticket"": 335000, ""Gaming"": 335000}",2023-08-31
PLAN_772b3d87,USER_08604,988077,"{""Food Delivery"": 1440000, ""Coffee Shop"": 480000, ""Movie Ticket"": 480000, ""Gaming"": 480000}",2023-08-31
PLAN_270c8acd,USER_09196,2245754,"{""Food Delivery"": 1845000, ""Coffee Shop"": 615000, ""Movie Ticket"": 615000, ""Gaming"": 615000}",2023-08-31
PLAN_1a029791,USER_05685,1015982,"{""Food Delivery"": 1350000, ""Coffee Shop"": 450000, ""Movie Ticket"": 450000, ""Gaming"": 450000}",2023-08-31
PLAN_e6b4ca46,USER_00325,400535,"{""Food Delivery"": 450000, ""Coffee Shop"": 150000, ""Movie Ticket"": 150000, ""Gaming"": 150000}",2023-08-31
PLAN_de649fa7,USER_01236,2144515,"{""Food Delivery"": 1845000, ""Coffee Shop"": 615000, ""Movie Ticket"": 615000, ""Gaming"": 615000}",2023-08-31
PLAN_98a0f85b,USER_04338,858962,"{""Food Delivery"": 1110000, ""Coffee Shop"": 370000, ""Movie Ticket"": 370000, ""Gaming"": 370000}",2023-08-31
PLAN_b418b94f,USER_02370,2272458,"{""Food Delivery"": 1875000, ""Coffee Shop"": 625000, ""Movie Ticket"": 625000, ""Gaming"": 625000}",2023-08-31
PLAN_8a01865d,USER_02440,1044316,"{""Food Delivery"": 855000, ""Coffee Shop"": 285000, ""Movie Ticket"": 285000, ""Gaming"": 285000}",2023-08-31
PLAN_e4ccc46a,USER_09601,753733,"{""Food Delivery"": 750000, ""Coffee Shop"": 250000, ""Movie Ticket"": 250000, ""Gaming"": 250000}",2023-08-31
PLAN_6809bfd0,USER_08829,1398876,"{""Food Delivery"": 2085000, ""Coffee Shop"": 695000, ""Movie Ticket"": 695000, ""Gaming"": 695000}",2023-08-31
PLAN_deec50e0,USER_05653,540556,"{""Food Delivery"": 630000, ""Coffee Shop"": 210000, ""Movie Ticket"": 210000, ""Gaming"": 210000}",2023-08-31
PLAN_3453b073,USER_01327,905479,"{""Food Delivery"": 840000, ""Coffee Shop"": 280000, ""Movie Ticket"": 280000, ""Gaming"": 280000}",2023-08-31
PLAN_6778b49e,USER_05673,2555730,"{""Food Delivery"": 1935000, ""Coffee Shop"": 645000, ""Movie Ticket"": 645000, ""Gaming"": 645000}",2023-08-31
PLAN_618d8427,USER_00811,587452,"{""Food Delivery"": 540000, ""Coffee Shop"": 180000, ""Movie Ticket"": 180000, ""Gaming"": 180000}",2023-08-31
PLAN_3fa2a5b0,USER_06437,642499,"{""Food Delivery"": 765000, ""Coffee Shop"": 255000, ""Movie Ticket"": 255000, ""Gaming"": 255000}",2023-08-31
PLAN_45e0f053,USER_06279,1683025,"{""Food Delivery"": 1545000, ""Coffee Shop"": 515000, ""Movie Ticket"": 515000, ""Gaming"": 515000}",2023-08-31
PLAN_fac97336,USER_00286,2032780,"{""Food Delivery"": 1980000, ""Coffee Shop"": 660000, ""Movie Ticket"": 660000, ""Gaming"": 660000}",2023-08-31
PLAN_31ce3ca9,USER_07074,1459473,"{""Food Delivery"": 1230000, ""Coffee Shop"": 410000, ""Movie Ticket"": 410000, ""Gaming"": 410000}",2023-08-31
PLAN_d9dc8183,USER_04298,1195539,"{""Food Delivery"": 1620000, ""Coffee Shop"": 540000, ""Movie Ticket"": 540000, ""Gaming"": 540000}",2023-08-31
PLAN_cfdc7d7e,USER_01239,1901910,"{""Food Delivery"": 1620000, ""Coffee Shop"": 540000, ""Movie Ticket"": 540000, ""Gaming"": 540000}",2023-08-31
PLAN_2fc469fb,USER_08178,508617,"{""Food Delivery"": 495000, ""Coffee Shop"": 165000, ""Movie Ticket"": 165000, ""Gaming"": 165000}",2023-08-31
PLAN_9bc32d08,USER_04761,2453740,"{""Food Delivery"": 1875000, ""Coffee Shop"": 625000, ""Movie Ticket"": 625000, ""Gaming"": 625000}",2023-08-31
PLAN_feca1da6,USER_02706,697773,"{""Food Delivery"": 780000, ""Coffee Shop"": 260000, ""Movie Ticket"": 260000, ""Gaming"": 260000}",2023-08-31
PLAN_4e1948d2,USER_08220,2416280,"{""Food Delivery"": 2220000, ""Coffee Shop"": 740000, ""Movie Ticket"": 740000, ""Gaming"": 740000}",2023-08-31
PLAN_48bdb256,USER_02615,1912707,"{""Food Delivery"": 1485000, ""Coffee Shop"": 495000, ""Movie Ticket"": 495000, ""Gaming"": 495000}",2023-08-31
PLAN_ffdd6092,USER_01693,1289936,"{""Food Delivery"": 1755000, ""Coffee Shop"": 585000, ""Movie Ticket"": 585000, ""Gaming"": 585000}",2023-08-31
PLAN_c6e3ad98,USER_07972,2189068,"{""Food Delivery"": 1695000, ""Coffee Shop"": 565000, ""Movie Ticket"": 565000, ""Gaming"": 565000}",2023-08-31
PLAN_dc6555d8,USER_08307,2194251,"{""Food Delivery"": 1950000, ""Coffee Shop"": 650000, ""Movie Ticket"": 650000, ""Gaming"": 650000}",2023-08-31
PLAN_b1c27b52,USER_02978,1206655,"{""Food Delivery"": 1695000, ""Coffee Shop"": 565000, ""Movie Ticket"": 565000, ""Gaming"": 565000}",2023-08-31
PLAN_e02a156e,USER_00554,1366011,"{""Food Delivery"": 1575000, ""Coffee Shop"": 525000, ""Movie Ticket"": 525000, ""Gaming"": 525000}",2023-08-31
PLAN_47f0c2e4,USER_08463,1059066,"{""Food Delivery"": 930000, ""Coffee Shop"": 310000, ""Movie Ticket"": 310000, ""Gaming"": 310000}",2023-08-31
PLAN_23055de6,USER_04324,608389,"{""Food Delivery"": 855000, ""Coffee Shop"": 285000, ""Movie Ticket"": 285000, ""Gaming"": 285000}",2023-08-31
PLAN_ac4c7b7d,USER_04911,585403,"{""Food Delivery"": 555000, ""Coffee Shop"": 185000, ""Movie Ticket"": 185000, ""Gaming"": 185000}",2023-08-31
PLAN_97313f57,USER_00233,403764,"{""Food Delivery"": 450000, ""Coffee Shop"": 150000, ""Movie Ticket"": 150000, ""Gaming"": 150000}",2023-08-31
PLAN_04ad56b9,USER_05352,1069804,"{""Food Delivery"": 990000, ""Coffee Shop"": 330000, ""Movie Ticket"": 330000, ""Gaming"": 330000}",2023-08-31
PLAN_d3e86831,USER_05519,962082,"{""Food Delivery"": 1380000, ""Coffee Shop"": 460000, ""Movie Ticket"": 460000, ""Gaming"": 460000}",2023-08-31
PLAN_c75e723e,USER_06583,954483,"{""Food Delivery"": 765000, ""Coffee Shop"": 255000, ""Movie Ticket"": 255000, ""Gaming"": 255000}",2023-08-31
PLAN_75f5f511,USER_00646,1953754,"{""Food Delivery"": 1485000, ""Coffee Shop"": 495000, ""Movie Ticket"": 495000, ""Gaming"": 495000}",2023-08-31
PLAN_af1462fb,USER_07217,984438,"{""Food Delivery"": 750000, ""Coffee Shop"": 250000, ""Movie Ticket"": 250000, ""Gaming"": 250000}",2023-08-31
PLAN_7c52cb57,USER_08999,2187064,"{""Food Delivery"": 1875000, ""Coffee Shop"": 625000, ""Movie Ticket"": 625000, ""Gaming"": 625000}",2023-08-31
PLAN_2c004f7b,USER_01777,723255,"{""Food Delivery"": 960000, ""Coffee Shop"": 320000, ""Movie Ticket"": 320000, ""Gaming"": 320000}",2023-08-31
PLAN_ab8e8b42,USER_03140,1898924,"{""Food Delivery"": 1620000, ""Coffee Shop"": 540000, ""Movie Ticket"": 540000, ""Gaming"": 540000}",2023-08-31
PLAN_60ff1e49,USER_01359,348359,"{""Food Delivery"": 510000, ""Coffee Shop"": 170000, ""Movie Ticket"": 170000, ""Gaming"": 170000}",2023-08-31
PLAN_40c55b5b,USER_08860,909689,"{""Food Delivery"": 1335000, ""Coffee Shop"": 445000, ""Movie Ticket"": 445000, ""Gaming"": 445000}",2023-08-31
PLAN_e8c8ca1e,USER_02416,1972179,"{""Food Delivery"": 2235000, ""Coffee Shop"": 745000, ""Movie Ticket"": 745000, ""Gaming"": 745000}",2023-08-31
PLAN_8ea830c3,USER_09199,1116482,"{""Food Delivery"": 1125000, ""Coffee Shop"": 375000, ""Movie Ticket"": 375000, ""Gaming"": 375000}",2023-08-31
PLAN_b22a882d,USER_03013,1398621,"{""Food Delivery"": 1185000, ""Coffee Shop"": 395000, ""Movie Ticket"": 395000, ""Gaming"": 395000}",2023-08-31
PLAN_df6f7055,USER_07055,1296137,"{""Food Delivery"": 1155000, ""Coffee Shop"": 385000, ""Movie Ticket"": 385000, ""Gaming"": 385000}",2023-08-31
PLAN_7bd8aa21,USER_08548,506065,"{""Food Delivery"": 525000, ""Coffee Shop"": 175000, ""Movie Ticket"": 175000, ""Gaming"": 175000}",2023-08-31
PLAN_0a35fd80,USER_07272,1502879,"{""Food Delivery"": 1770000, ""Coffee Shop"": 590000, ""Movie Ticket"": 590000, ""Gaming"": 590000}",2023-08-31
PLAN_0d2471d1,USER_01177,1697555,"{""Food Delivery"": 1275000, ""Coffee Shop"": 425000, ""Movie Ticket"": 425000, ""Gaming"": 425000}",2023-08-31
PLAN_92713852,USER_05167,1982392,"{""Food Delivery"": 2085000, ""Coffee Shop"": 695000, ""Movie Ticket"": 695000, ""Gaming"": 695000}",2023-08-31
PLAN_a8760a1d,USER_09006,1277220,"{""Food Delivery"": 1320000, ""Coffee Shop"": 440000, ""Movie Ticket"": 440000, ""Gaming"": 440000}",2023-08-31
PLAN_937ecf73,USER_04358,1733799,"{""Food Delivery"": 2235000, ""Coffee Shop"": 745000, ""Movie Ticket"": 745000, ""Gaming"": 745000}",2023-08-31
PLAN_0bc5fb8d,USER_06931,2387096,"{""Food Delivery"": 1995000, ""Coffee Shop"": 665000, ""Movie Ticket"": 665000, ""Gaming"": 665000}",2023-08-31
PLAN_0acd7152,USER_00893,982335,"{""Food Delivery"": 870000, ""Coffee Shop"": 290000, ""Movie Ticket"": 290000, ""Gaming"": 290000}",2023-08-31
PLAN_17d353d1,USER_06486,1220769,"{""Food Delivery"": 1500000, ""Coffee Shop"": 500000, ""Movie Ticket"": 500000, ""Gaming"": 500000}",2023-08-31
PLAN_928e95c9,USER_07680,1439566,"{""Food Delivery"": 1995000, ""Coffee Shop"": 665000, ""Movie Ticket"": 665000, ""Gaming"": 665000}",2023-08-31
PLAN_f1fc2daa,USER_06962,1781329,"{""Food Delivery"": 1590000, ""Coffee Shop"": 530000, ""Movie Ticket"": 530000, ""Gaming"": 530000}",2023-08-31
PLAN_1977d525,USER_08599,2167409,"{""Food Delivery"": 1965000, ""Coffee Shop"": 655000, ""Movie Ticket"": 655000, ""Gaming"": 655000}",2023-08-31
PLAN_0ca2822a,USER_07102,598431,"{""Food Delivery"": 705000, ""Coffee Shop"": 235000, ""Movie Ticket"": 235000, ""Gaming"": 235000}",2023-08-31
PLAN_a54e6371,USER_00103,604767,"{""Food Delivery"": 465000, ""Coffee Shop"": 155000, ""Movie Ticket"": 155000, ""Gaming"": 155000}",2023-08-31
PLAN_c821f4c1,USER_01020,425891,"{""Food Delivery"": 555000, ""Coffee Shop"": 185000, ""Movie Ticket"": 185000, ""Gaming"": 185000}",2023-08-31
PLAN_f9a4c108,USER_08838,1489628,"{""Food Delivery"": 1560000, ""Coffee Shop"": 520000, ""Movie Ticket"": 520000, ""Gaming"": 520000}",2023-08-31
PLAN_53ee190d,USER_03193,2448956,"{""Food Delivery"": 1890000, ""Coffee Shop"": 630000, ""Movie Ticket"": 630000, ""Gaming"": 630000}",2023-08-31
PLAN_d65cdd02,USER_02895,1178373,"{""Food Delivery"": 1245000, ""Coffee Shop"": 415000, ""Movie Ticket"": 415000, ""Gaming"": 415000}",2023-08-31
PLAN_49c69fc2,USER_08407,1097812,"{""Food Delivery"": 1005000, ""Coffee Shop"": 335000, ""Movie Ticket"": 335000, ""Gaming"": 335000}",2023-08-31
PLAN_7fbe7886,USER_05770,1076147,"{""Food Delivery"": 1155000, ""Coffee Shop"": 385000, ""Movie Ticket"": 385000, ""Gaming"": 385000}",2023-08-31
PLAN_08b4d943,USER_07684,713560,"{""Food Delivery"": 840000, ""Coffee Shop"": 280000, ""Movie Ticket"": 280000, ""Gaming"": 280000}",2023-08-31
PLAN_88825d9c,USER_03722,972149,"{""Food Delivery"": 735000, ""Coffee Shop"": 245000, ""Movie Ticket"": 245000, ""Gaming"": 245000}",2023-08-31
PLAN_855bd505,USER_03246,577826,"{""Food Delivery"": 615000, ""Coffee Shop"": 205000, ""Movie Ticket"": 205000, ""Gaming"": 205000}",2023-08-31
PLAN_58d6d607,USER_09191,1363751,"{""Food Delivery"": 1080000, ""Coffee Shop"": 360000, ""Movie Ticket"": 360000, ""Gaming"": 360000}",2023-08-31
PLAN_3cf5981e,USER_04127,1106959,"{""Food Delivery"": 1350000, ""Coffee Shop"": 450000, ""Movie Ticket"": 450000, ""Gaming"": 450000}",2023-08-31
PLAN_c1d7b759,USER_02775,727862,"{""Food Delivery"": 900000, ""Coffee Shop"": 300000, ""Movie Ticket"": 300000, ""Gaming"": 300000}",2023-08-31
PLAN_90c625a6,USER_08840,1237360,"{""Food Delivery"": 1800000, ""Coffee Shop"": 600000, ""Movie Ticket"": 600000, ""Gaming"": 600000}",2023-08-31
PLAN_44162ab1,USER_08663,2064583,"{""Food Delivery"": 1875000, ""Coffee Shop"": 625000, ""Movie Ticket"": 625000, ""Gaming"": 625000}",2023-08-31
PLAN_17e77c76,USER_00878,1231673,"{""Food Delivery"": 1350000, ""Coffee Shop"": 450000, ""Movie Ticket"": 450000, ""Gaming"": 450000}",2023-08-31
PLAN_0ee41c48,USER_07630,1920288,"{""Food Delivery"": 1545000, ""Coffee Shop"": 515000, ""Movie Ticket"": 515000, ""Gaming"": 515000}",2023-08-31
PLAN_2a4e2005,USER_01628,1414281,"{""Food Delivery"": 1440000, ""Coffee Shop"": 480000, ""Movie Ticket"": 480000, ""Gaming"": 480000}",2023-08-31
PLAN_b9ab3a1f,USER_04781,2716106,"{""Food Delivery"": 2070000, ""Coffee Shop"": 690000, ""Movie Ticket"": 690000, ""Gaming"": 690000}",2023-08-31
PLAN_2e0043fe,USER_02507,1422630,"{""Food Delivery"": 1800000, ""Coffee Shop"": 600000, ""Movie Ticket"": 600000, ""Gaming"": 600000}",2023-08-31
PLAN_d2a09bb3,USER_04767,1195918,"{""Food Delivery"": 960000, ""Coffee Shop"": 320000, ""Movie Ticket"": 320000, ""Gaming"": 320000}",2023-08-31
PLAN_221da0da,USER_06108,2202980,"{""Food Delivery"": 1860000, ""Coffee Shop"": 620000, ""Movie Ticket"": 620000, ""Gaming"": 620000}",2023-08-31
PLAN_94d56f59,USER_08139,779205,"{""Food Delivery"": 660000, ""Coffee Shop"": 220000, ""Movie Ticket"": 220000, ""Gaming"": 220000}",2023-08-31
PLAN_5b0d64bf,USER_02608,830152,"{""Food Delivery"": 675000, ""Coffee Shop"": 225000, ""Movie Ticket"": 225000, ""Gaming"": 225000}",2023-08-31
PLAN_ce8736b6,USER_01311,739630,"{""Food Delivery"": 630000, ""Coffee Shop"": 210000, ""Movie Ticket"": 210000, ""Gaming"": 210000}",2023-08-31
PLAN_155f0c3c,USER_00615,2309232,"{""Food Delivery"": 2130000, ""Coffee Shop"": 710000, ""Movie Ticket"": 710000, ""Gaming"": 710000}",2023-08-31
PLAN_61c19cc2,USER_02375,723996,"{""Food Delivery"": 960000, ""Coffee Shop"": 320000, ""Movie Ticket"": 320000, ""Gaming"": 320000}",2023-08-31
PLAN_c972d1e3,USER_03550,1497162,"{""Food Delivery"": 2175000, ""Coffee Shop"": 725000, ""Movie Ticket"": 725000, ""Gaming"": 725000}",2023-08-31
PLAN_709f5549,USER_09110,1997681,"{""Food Delivery"": 1560000, ""Coffee Shop"": 520000, ""Movie Ticket"": 520000, ""Gaming"": 520000}",2023-08-31
PLAN_dda7f3f0,USER_09604,1422652,"{""Food Delivery"": 1320000, ""Coffee Shop"": 440000, ""Movie Ticket"": 440000, ""Gaming"": 440000}",2023-08-31
PLAN_5324f824,USER_07281,898268,"{""Food Delivery"": 750000, ""Coffee Shop"": 250000, ""Movie Ticket"": 250000, ""Gaming"": 250000}",2023-08-31
PLAN_df237956,USER_04764,2133392,"{""Food Delivery"": 2160000, ""Coffee Shop"": 720000, ""Movie Ticket"": 720000, ""Gaming"": 720000}",2023-08-31
PLAN_d510e1f4,USER_00491,927365,"{""Food Delivery"": 1245000, ""Coffee Shop"": 415000, ""Movie Ticket"": 415000, ""Gaming"": 415000}",2023-08-31
PLAN_ae62c891,USER_00808,1170193,"{""Food Delivery"": 1560000, ""Coffee Shop"": 520000, ""Movie Ticket"": 520000, ""Gaming"": 520000}",2023-08-31
PLAN_1939ca3b,USER_03709,994483,"{""Food Delivery"": 885000, ""Coffee Shop"": 295000, ""Movie Ticket"": 295000, ""Gaming"": 295000}",2023-08-31
PLAN_94b7ba96,USER_03237,1101335,"{""Food Delivery"": 1155000, ""Coffee Shop"": 385000, ""Movie Ticket"": 385000, ""Gaming"": 385000}",2023-08-31
PLAN_35aabf3a,USER_05433,1752766,"{""Food Delivery"": 2190000, ""Coffee Shop"": 730000, ""Movie Ticket"": 730000, ""Gaming"": 730000}",2023-08-31
PLAN_96ed5ffe,USER_03818,954620,"{""Food Delivery"": 960000, ""Coffee Shop"": 320000, ""Movie Ticket"": 320000, ""Gaming"": 320000}",2023-08-31
PLAN_c650200b,USER_09372,1223840,"{""Food Delivery"": 1725000, ""Coffee Shop"": 575000, ""Movie Ticket"": 575000, ""Gaming"": 575000}",2023-08-31
PLAN_50e35067,USER_02054,1059920,"{""Food Delivery"": 1005000, ""Coffee Shop"": 335000, ""Movie Ticket"": 335000, ""Gaming"": 335000}",2023-08-31
PLAN_b36d7e66,USER_09263,761396,"{""Food Delivery"": 900000, ""Coffee Shop"": 300000, ""Movie Ticket"": 300000, ""Gaming"": 300000}",2023-08-31
PLAN_40ab8b64,USER_08692,1923388,"{""Food Delivery"": 1605000, ""Coffee Shop"": 535000, ""Movie Ticket"": 535000, ""Gaming"": 535000}",2023-08-31
PLAN_ad2e0268,USER_01455,694491,"{""Food Delivery"": 795000, ""Coffee Shop"": 265000, ""Movie Ticket"": 265000, ""Gaming"": 265000}",2023-08-31
PLAN_5c1c2305,USER_08288,2080964,"{""Food Delivery"": 2145000, ""Coffee Shop"": 715000, ""Movie Ticket"": 715000, ""Gaming"": 715000}",2023-08-31
PLAN_7fe25f6a,USER_01223,789064,"{""Food Delivery"": 1170000, ""Coffee Shop"": 390000, ""Movie Ticket"": 390000, ""Gaming"": 390000}",2023-08-31
PLAN_4b301318,USER_04626,1340558,"{""Food Delivery"": 1875000, ""Coffee Shop"": 625000, ""Movie Ticket"": 625000, ""Gaming"": 625000}",2023-08-31
PLAN_bd595493,USER_08110,1796316,"{""Food Delivery"": 1935000, ""Coffee Shop"": 645000, ""Movie Ticket"": 645000, ""Gaming"": 645000}",2023-08-31
PLAN_4840ea34,USER_06213,902762,"{""Food Delivery"": 915000, ""Coffee Shop"": 305000, ""Movie Ticket"": 305000, ""Gaming"": 305000}",2023-08-31
PLAN_1c98489f,USER_08551,1344017,"{""Food Delivery"": 1260000, ""Coffee Shop"": 420000, ""Movie Ticket"": 420000, ""Gaming"": 420000}",2023-08-31
PLAN_36a8e104,USER_05986,1394995,"{""Food Delivery"": 1620000, ""Coffee Shop"": 540000, ""Movie Ticket"": 540000, ""Gaming"": 540000}",2023-08-31
PLAN_ecdd0b95,USER_00138,2305175,"{""Food Delivery"": 2040000, ""Coffee Shop"": 680000, ""Movie Ticket"": 680000, ""Gaming"": 680000}",2023-08-31
PLAN_25398f7a,USER_01467,1618306,"{""Food Delivery"": 1305000, ""Coffee Shop"": 435000, ""Movie Ticket"": 435000, ""Gaming"": 435000}",2023-08-31
PLAN_2743a399,USER_04701,2278209,"{""Food Delivery"": 1920000, ""Coffee Shop"": 640000, ""Movie Ticket"": 640000, ""Gaming"": 640000}",2023-08-31
PLAN_a82fc5e8,USER_03332,332678,"{""Food Delivery"": 480000, ""Coffee Shop"": 160000, ""Movie Ticket"": 160000, ""Gaming"": 160000}",2023-08-31
PLAN_ba36ca82,USER_03365,1613752,"{""Food Delivery"": 1635000, ""Coffee Shop"": 545000, ""Movie Ticket"": 545000, ""Gaming"": 545000}",2023-08-31
PLAN_72c75c21,USER_05025,1082831,"{""Food Delivery"": 1470000, ""Coffee Shop"": 490000, ""Movie Ticket"": 490000, ""Gaming"": 490000}",2023-08-31
PLAN_e3262f16,USER_09054,1415931,"{""Food Delivery"": 1710000, ""Coffee Shop"": 570000, ""Movie Ticket"": 570000, ""Gaming"": 570000}",2023-08-31
PLAN_7d879902,USER_01503,774798,"{""Food Delivery"": 585000, ""Coffee Shop"": 195000, ""Movie Ticket"": 195000, ""Gaming"": 195000}",2023-08-31
PLAN_b1d7474c,USER_08591,1279595,"{""Food Delivery"": 1680000, ""Coffee Shop"": 560000, ""Movie Ticket"": 560000, ""Gaming"": 560000}",2023-08-31
PLAN_bc2d1239,USER_00793,809399,"{""Food Delivery"": 810000, ""Coffee Shop"": 270000, ""Movie Ticket"": 270000, ""Gaming"": 270000}",2023-08-31
PLAN_036b37c0,USER_08735,1569611,"{""Food Delivery"": 1455000, ""Coffee Shop"": 485000, ""Movie Ticket"": 485000, ""Gaming"": 485000}",2023-08-31
PLAN_243e758c,USER_09983,1532218,"{""Food Delivery"": 1350000, ""Coffee Shop"": 450000, ""Movie Ticket"": 450000, ""Gaming"": 450000}",2023-08-31
PLAN_b03239de,USER_00332,904596,"{""Food Delivery"": 870000, ""Coffee Shop"": 290000, ""Movie Ticket"": 290000, ""Gaming"": 290000}",2023-08-31
PLAN_41b65bfa,USER_09078,484690,"{""Food Delivery"": 720000, ""Coffee Shop"": 240000, ""Movie Ticket"": 240000, ""Gaming"": 240000}",2023-08-31
PLAN_8e88122d,USER_00446,955052,"{""Food Delivery"": 1080000, ""Coffee Shop"": 360000, ""Movie Ticket"": 360000, ""Gaming"": 360000}",2023-08-31
PLAN_075d16ed,USER_06307,1441826,"{""Food Delivery"": 1425000, ""Coffee Shop"": 475000, ""Movie Ticket"": 475000, ""Gaming"": 475000}",2023-08-31
PLAN_191d0ece,USER_06037,1120502,"{""Food Delivery"": 1545000, ""Coffee Shop"": 515000, ""Movie Ticket"": 515000, ""Gaming"": 515000}",2023-08-31
PLAN_31bc7e38,USER_06702,1215564,"{""Food Delivery"": 1350000, ""Coffee Shop"": 450000, ""Movie Ticket"": 450000, ""Gaming"": 450000}",2023-08-31
PLAN_9cd082f3,USER_06684,743906,"{""Food Delivery"": 1080000, ""Coffee Shop"": 360000, ""Movie Ticket"": 360000, ""Gaming"": 360000}",2023-08-31
PLAN_1e3d3b2c,USER_03626,582432,"{""Food Delivery"": 810000, ""Coffee Shop"": 270000, ""Movie Ticket"": 270000, ""Gaming"": 270000}",2023-08-31
PLAN_f81f1fcf,USER_03067,684492,"{""Food Delivery"": 735000, ""Coffee Shop"": 245000, ""Movie Ticket"": 245000, ""Gaming"": 245000}",2023-08-31
PLAN_2935b507,USER_08109,872191,"{""Food Delivery"": 1155000, ""Coffee Shop"": 385000, ""Movie Ticket"": 385000, ""Gaming"": 385000}",2023-08-31
PLAN_1b11347d,USER_01980,1755645,"{""Food Delivery"": 1680000, ""Coffee Shop"": 560000, ""Movie Ticket"": 560000, ""Gaming"": 560000}",2023-08-31
PLAN_469669c5,USER_07148,1959779,"{""Food Delivery"": 1740000, ""Coffee Shop"": 580000, ""Movie Ticket"": 580000, ""Gaming"": 580000}",2023-08-31
PLAN_00817678,USER_03984,954310,"{""Food Delivery"": 795000, ""Coffee Shop"": 265000, ""Movie Ticket"": 265000, ""Gaming"": 265000}",2023-08-31
PLAN_02aa9f3a,USER_03817,480060,"{""Food Delivery"": 600000, ""Coffee Shop"": 200000, ""Movie Ticket"": 200000, ""Gaming"": 200000}",2023-08-31
PLAN_a40105de,USER_07741,1622800,"{""Food Delivery"": 2085000, ""Coffee Shop"": 695000, ""Movie Ticket"": 695000, ""Gaming"": 695000}",2023-08-31
PLAN_b1ce977e,USER_05874,1402801,"{""Food Delivery"": 1905000, ""Coffee Shop"": 635000, ""Movie Ticket"": 635000, ""Gaming"": 635000}",2023-08-31
PLAN_5ad387c3,USER_06838,1374601,"{""Food Delivery"": 1260000, ""Coffee Shop"": 420000, ""Movie Ticket"": 420000, ""Gaming"": 420000}",2023-08-31
PLAN_81c0f2c2,USER_08354,972691,"{""Food Delivery"": 855000, ""Coffee Shop"": 285000, ""Movie Ticket"": 285000, ""Gaming"": 285000}",2023-08-31
PLAN_7cd17b68,USER_04421,1010954,"{""Food Delivery"": 1470000, ""Coffee Shop"": 490000, ""Movie Ticket"": 490000, ""Gaming"": 490000}",2023-08-31
PLAN_6a5cae75,USER_02563,1781315,"{""Food Delivery"": 1380000, ""Coffee Shop"": 460000, ""Movie Ticket"": 460000, ""Gaming"": 460000}",2023-08-31
PLAN_578f07cb,USER_09727,925734,"{""Food Delivery"": 1320000, ""Coffee Shop"": 440000, ""Movie Ticket"": 440000, ""Gaming"": 440000}",2023-08-31
PLAN_9544cd5e,USER_07020,524040,"{""Food Delivery"": 510000, ""Coffee Shop"": 170000, ""Movie Ticket"": 170000, ""Gaming"": 170000}",2023-08-31
PLAN_0fbc255a,USER_05784,1367248,"{""Food Delivery"": 1200000, ""Coffee Shop"": 400000, ""Movie Ticket"": 400000, ""Gaming"": 400000}",2023-08-31
PLAN_23b55c01,USER_00595,935484,"{""Food Delivery"": 750000, ""Coffee Shop"": 250000, ""Movie Ticket"": 250000, ""Gaming"": 250000}",2023-08-31
PLAN_f35a029f,USER_03292,702775,"{""Food Delivery"": 615000, ""Coffee Shop"": 205000, ""Movie Ticket"": 205000, ""Gaming"": 205000}",2023-08-31
PLAN_1f19cbd9,USER_08276,1423365,"{""Food Delivery"": 1185000, ""Coffee Shop"": 395000, ""Movie Ticket"": 395000, ""Gaming"": 395000}",2023-08-31
PLAN_d3b24ad1,USER_04074,442018,"{""Food Delivery"": 495000, ""Coffee Shop"": 165000, ""Movie Ticket"": 165000, ""Gaming"": 165000}",2023-08-31
PLAN_2cf14cb7,USER_04562,2667792,"{""Food Delivery"": 2205000, ""Coffee Shop"": 735000, ""Movie Ticket"": 735000, ""Gaming"": 735000}",2023-08-31
PLAN_bc91d319,USER_01469,1533763,"{""Food Delivery"": 2130000, ""Coffee Shop"": 710000, ""Movie Ticket"": 710000, ""Gaming"": 710000}",2023-08-31
PLAN_6cd10a83,USER_09874,1345319,"{""Food Delivery"": 1065000, ""Coffee Shop"": 355000, ""Movie Ticket"": 355000, ""Gaming"": 355000}",2023-08-31
PLAN_cd76892d,USER_03135,1748779,"{""Food Delivery"": 1695000, ""Coffee Shop"": 565000, ""Movie Ticket"": 565000, ""Gaming"": 565000}",2023-08-31
PLAN_abe2508b,USER_02180,1217589,"{""Food Delivery"": 1005000, ""Coffee Shop"": 335000, ""Movie Ticket"": 335000, ""Gaming"": 335000}",2023-08-31
PLAN_782d0e9f,USER_01540,784251,"{""Food Delivery"": 810000, ""Coffee Shop"": 270000, ""Movie Ticket"": 270000, ""Gaming"": 270000}",2023-08-31
PLAN_57742f7c,USER_04070,706738,"{""Food Delivery"": 645000, ""Coffee Shop"": 215000, ""Movie Ticket"": 215000, ""Gaming"": 215000}",2023-08-31
PLAN_b1746d58,USER_05797,1587458,"{""Food Delivery"": 1560000, ""Coffee Shop"": 520000, ""Movie Ticket"": 520000, ""Gaming"": 520000}",2023-08-31
PLAN_685737fc,USER_05702,1056269,"{""Food Delivery"": 915000, ""Coffee Shop"": 305000, ""Movie Ticket"": 305000, ""Gaming"": 305000}",2023-08-31
PLAN_300387a0,USER_05000,432651,"{""Food Delivery"": 600000, ""Coffee Shop"": 200000, ""Movie Ticket"": 200000, ""Gaming"": 200000}",2023-08-31
PLAN_6ec9743b,USER_00020,954316,"{""Food Delivery"": 1350000, ""Coffee Shop"": 450000, ""Movie Ticket"": 450000, ""Gaming"": 450000}",2023-08-31
PLAN_148715c4,USER_06234,586138,"{""Food Delivery"": 705000, ""Coffee Shop"": 235000, ""Movie Ticket"": 235000, ""Gaming"": 235000}",2023-08-31
PLAN_66335131,USER_00468,649345,"{""Food Delivery"": 840000, ""Coffee Shop"": 280000, ""Movie Ticket"": 280000, ""Gaming"": 280000}",2023-08-31
PLAN_e7048050,USER_06101,1572298,"{""Food Delivery"": 1260000, ""Coffee Shop"": 420000, ""Movie Ticket"": 420000, ""Gaming"": 420000}",2023-08-31
PLAN_3dfb9685,USER_06078,1011947,"{""Food Delivery"": 1245000, ""Coffee Shop"": 415000, ""Movie Ticket"": 415000, ""Gaming"": 415000}",2023-08-31
PLAN_ef1d7d29,USER_00701,2193210,"{""Food Delivery"": 1665000, ""Coffee Shop"": 555000, ""Movie Ticket"": 555000, ""Gaming"": 555000}",2023-08-31
PLAN_02040712,USER_00957,1991974,"{""Food Delivery"": 2235000, ""Coffee Shop"": 745000, ""Movie Ticket"": 745000, ""Gaming"": 745000}",2023-08-31
PLAN_b16e2d09,USER_08269,1371256,"{""Food Delivery"": 1740000, ""Coffee Shop"": 580000, ""Movie Ticket"": 580000, ""Gaming"": 580000}",2023-08-31
PLAN_81fc6524,USER_05567,1861286,"{""Food Delivery"": 1560000, ""Coffee Shop"": 520000, ""Movie Ticket"": 520000, ""Gaming"": 520000}",2023-08-31
PLAN_c841ced7,USER_04125,829353,"{""Food Delivery"": 750000, ""Coffee Shop"": 250000, ""Movie Ticket"": 250000, ""Gaming"": 250000}",2023-08-31
PLAN_f4c8bf1b,USER_09484,1093682,"{""Food Delivery"": 1095000, ""Coffee Shop"": 365000, ""Movie Ticket"": 365000, ""Gaming"": 365000}",2023-08-31
PLAN_40194174,USER_04343,528823,"{""Food Delivery"": 510000, ""Coffee Shop"": 170000, ""Movie Ticket"": 170000, ""Gaming"": 170000}",2023-08-31
PLAN_ead5dfba,USER_04744,1994274,"{""Food Delivery"": 1740000, ""Coffee Shop"": 580000, ""Movie Ticket"": 580000, ""Gaming"": 580000}",2023-08-31
PLAN_a89a7f1c,USER_04865,859918,"{""Food Delivery"": 1050000, ""Coffee Shop"": 350000, ""Movie Ticket"": 350000, ""Gaming"": 350000}",2023-08-31
PLAN_3ed008c1,USER_03697,1756773,"{""Food Delivery"": 1320000, ""Coffee Shop"": 440000, ""Movie Ticket"": 440000, ""Gaming"": 440000}",2023-08-31
PLAN_54147379,USER_01032,2330255,"{""Food Delivery"": 1770000, ""Coffee Shop"": 590000, ""Movie Ticket"": 590000, ""Gaming"": 590000}",2023-08-31
PLAN_3a257db5,USER_07642,2211436,"{""Food Delivery"": 2010000, ""Coffee Shop"": 670000, ""Movie Ticket"": 670000, ""Gaming"": 670000}",2023-08-31
PLAN_4e5e8f7a,USER_00107,995620,"{""Food Delivery"": 1245000, ""Coffee Shop"": 415000, ""Movie Ticket"": 415000, ""Gaming"": 415000}",2023-08-31
PLAN_90b4d7bf,USER_09851,1730635,"{""Food Delivery"": 1545000, ""Coffee Shop"": 515000, ""Movie Ticket"": 515000, ""Gaming"": 515000}",2023-08-31
PLAN_5ae483af,USER_09894,546821,"{""Food Delivery"": 765000, ""Coffee Shop"": 255000, ""Movie Ticket"": 255000, ""Gaming"": 255000}",2023-08-31
PLAN_19e29d2f,USER_04546,1154330,"{""Food Delivery"": 1680000, ""Coffee Shop"": 560000, ""Movie Ticket"": 560000, ""Gaming"": 560000}",2023-08-31
PLAN_a637c335,USER_00124,1182221,"{""Food Delivery"": 1410000, ""Coffee Shop"": 470000, ""Movie Ticket"": 470000, ""Gaming"": 470000}",2023-08-31
PLAN_0f320f50,USER_04592,1360239,"{""Food Delivery"": 1395000, ""Coffee Shop"": 465000, ""Movie Ticket"": 465000, ""Gaming"": 465000}",2023-08-31
PLAN_07c54beb,USER_02247,1868272,"{""Food Delivery"": 1500000, ""Coffee Shop"": 500000, ""Movie Ticket"": 500000, ""Gaming"": 500000}",2023-08-31
PLAN_85dc2388,USER_09080,569965,"{""Food Delivery"": 495000, ""Coffee Shop"": 165000, ""Movie Ticket"": 165000, ""Gaming"": 165000}",2023-08-31
PLAN_48690f7c,USER_05419,1638144,"{""Food Delivery"": 1410000, ""Coffee Shop"": 470000, ""Movie Ticket"": 470000, ""Gaming"": 470000}",2023-08-31
PLAN_fe7da8d4,USER_01549,627217,"{""Food Delivery"": 660000, ""Coffee Shop"": 220000, ""Movie Ticket"": 220000, ""Gaming"": 220000}",2023-08-31
PLAN_950162a3,USER_04569,1790093,"{""Food Delivery"": 1995000, ""Coffee Shop"": 665000, ""Movie Ticket"": 665000, ""Gaming"": 665000}",2023-08-31
PLAN_956c0d97,USER_01008,1439590,"{""Food Delivery"": 1575000, ""Coffee Shop"": 525000, ""Movie Ticket"": 525000, ""Gaming"": 525000}",2023-08-31
PLAN_11d877bd,USER_01170,1013701,"{""Food Delivery"": 765000, ""Coffee Shop"": 255000, ""Movie Ticket"": 255000, ""Gaming"": 255000}",2023-08-31
PLAN_8a65ea67,USER_07593,1196125,"{""Food Delivery"": 1725000, ""Coffee Shop"": 575000, ""Movie Ticket"": 575000, ""Gaming"": 575000}",2023-08-31
PLAN_8e836912,USER_05157,2669855,"{""Food Delivery"": 2145000, ""Coffee Shop"": 715000, ""Movie Ticket"": 715000, ""Gaming"": 715000}",2023-08-31
PLAN_35d2aad0,USER_00560,1199793,"{""Food Delivery"": 1140000, ""Coffee Shop"": 380000, ""Movie Ticket"": 380000, ""Gaming"": 380000}",2023-08-31
PLAN_c864e518,USER_08827,1582476,"{""Food Delivery"": 1650000, ""Coffee Shop"": 550000, ""Movie Ticket"": 550000, ""Gaming"": 550000}",2023-08-31
PLAN_17225b15,USER_02940,2104814,"{""Food Delivery"": 1830000, ""Coffee Shop"": 610000, ""Movie Ticket"": 610000, ""Gaming"": 610000}",2023-08-31
PLAN_2bd5c027,USER_05194,1115001,"{""Food Delivery"": 1125000, ""Coffee Shop"": 375000, ""Movie Ticket"": 375000, ""Gaming"": 375000}",2023-08-31
PLAN_d34c2dd3,USER_01818,805571,"{""Food Delivery"": 645000, ""Coffee Shop"": 215000, ""Movie Ticket"": 215000, ""Gaming"": 215000}",2023-08-31
PLAN_e3e38a33,USER_09450,1501554,"{""Food Delivery"": 1185000, ""Coffee Shop"": 395000, ""Movie Ticket"": 395000, ""Gaming"": 395000}",2023-08-31
PLAN_98775074,USER_02989,696643,"{""Food Delivery"": 735000, ""Coffee Shop"": 245000, ""Movie Ticket"": 245000, ""Gaming"": 245000}",2023-08-31
PLAN_4f519f95,USER_03970,1008693,"{""Food Delivery"": 1185000, ""Coffee Shop"": 395000, ""Movie Ticket"": 395000, ""Gaming"": 395000}",2023-08-31
PLAN_e95a164b,USER_02123,2245213,"{""Food Delivery"": 2115000, ""Coffee Shop"": 705000, ""Movie Ticket"": 705000, ""Gaming"": 705000}",2023-08-31
PLAN_066efcf5,USER_05991,1185665,"{""Food Delivery"": 930000, ""Coffee Shop"": 310000, ""Movie Ticket"": 310000, ""Gaming"": 310000}",2023-08-31
PLAN_d62cb4a7,USER_05588,1791780,"{""Food Delivery"": 2220000, ""Coffee Shop"": 740000, ""Movie Ticket"": 740000, ""Gaming"": 740000}",2023-08-31
PLAN_87d8e0c7,USER_08308,1428210,"{""Food Delivery"": 1320000, ""Coffee Shop"": 440000, ""Movie Ticket"": 440000, ""Gaming"": 440000}",2023-08-31
PLAN_ecdfc8f7,USER_04357,1174723,"{""Food Delivery"": 1080000, ""Coffee Shop"": 360000, ""Movie Ticket"": 360000, ""Gaming"": 360000}",2023-08-31
PLAN_c446e8f9,USER_07202,1871762,"{""Food Delivery"": 1620000, ""Coffee Shop"": 540000, ""Movie Ticket"": 540000, ""Gaming"": 540000}",2023-08-31
PLAN_b59b4cd2,USER_06898,463942,"{""Food Delivery"": 615000, ""Coffee Shop"": 205000, ""Movie Ticket"": 205000, ""Gaming"": 205000}",2023-08-31
PLAN_4e68b834,USER_02453,1183919,"{""Food Delivery"": 1035000, ""Coffee Shop"": 345000, ""Movie Ticket"": 345000, ""Gaming"": 345000}",2023-08-31
PLAN_91f08e12,USER_05927,2806277,"{""Food Delivery"": 2205000, ""Coffee Shop"": 735000, ""Movie Ticket"": 735000, ""Gaming"": 735000}",2023-08-31
PLAN_47b2d70b,USER_02424,578044,"{""Food Delivery"": 735000, ""Coffee Shop"": 245000, ""Movie Ticket"": 245000, ""Gaming"": 245000}",2023-08-31
PLAN_40c29478,USER_03686,1522178,"{""Food Delivery"": 1845000, ""Coffee Shop"": 615000, ""Movie Ticket"": 615000, ""Gaming"": 615000}",2023-08-31
PLAN_5b453bea,USER_00179,1320834,"{""Food Delivery"": 1005000, ""Coffee Shop"": 335000, ""Movie Ticket"": 335000, ""Gaming"": 335000}",2023-08-31
PLAN_049fa295,USER_06366,377912,"{""Food Delivery"": 480000, ""Coffee Shop"": 160000, ""Movie Ticket"": 160000, ""Gaming"": 160000}",2023-08-31
PLAN_4c16bff2,USER_05601,1056999,"{""Food Delivery"": 855000, ""Coffee Shop"": 285000, ""Movie Ticket"": 285000, ""Gaming"": 285000}",2023-08-31
PLAN_9514df28,USER_03847,1268436,"{""Food Delivery"": 1275000, ""Coffee Shop"": 425000, ""Movie Ticket"": 425000, ""Gaming"": 425000}",2023-08-31
PLAN_3300689e,USER_01232,1484204,"{""Food Delivery"": 1785000, ""Coffee Shop"": 595000, ""Movie Ticket"": 595000, ""Gaming"": 595000}",2023-08-31
PLAN_a6d94d0b,USER_02561,2301022,"{""Food Delivery"": 1845000, ""Coffee Shop"": 615000, ""Movie Ticket"": 615000, ""Gaming"": 615000}",2023-08-31
PLAN_f2b1433c,USER_03492,607028,"{""Food Delivery"": 630000, ""Coffee Shop"": 210000, ""Movie Ticket"": 210000, ""Gaming"": 210000}",2023-08-31
PLAN_81981425,USER_05132,1605706,"{""Food Delivery"": 1590000, ""Coffee Shop"": 530000, ""Movie Ticket"": 530000, ""Gaming"": 530000}",2023-08-31
PLAN_1bef2942,USER_07569,1291271,"{""Food Delivery"": 1425000, ""Coffee Shop"": 475000, ""Movie Ticket"": 475000, ""Gaming"": 475000}",2023-08-31
PLAN_6cd833e7,USER_02422,1051347,"{""Food Delivery"": 990000, ""Coffee Shop"": 330000, ""Movie Ticket"": 330000, ""Gaming"": 330000}",2023-08-31
PLAN_682fe2d5,USER_09746,907548,"{""Food Delivery"": 1170000, ""Coffee Shop"": 390000, ""Movie Ticket"": 390000, ""Gaming"": 390000}",2023-08-31
PLAN_3fa08e7b,USER_05322,1822316,"{""Food Delivery"": 1965000, ""Coffee Shop"": 655000, ""Movie Ticket"": 655000, ""Gaming"": 655000}",2023-08-31
PLAN_4e50d620,USER_07770,1870941,"{""Food Delivery"": 1425000, ""Coffee Shop"": 475000, ""Movie Ticket"": 475000, ""Gaming"": 475000}",2023-08-31
PLAN_10848396,USER_06748,817786,"{""Food Delivery"": 975000, ""Coffee Shop"": 325000, ""Movie Ticket"": 325000, ""Gaming"": 325000}",2023-08-31
PLAN_4c7ca38e,USER_03897,1375091,"{""Food Delivery"": 1245000, ""Coffee Shop"": 415000, ""Movie Ticket"": 415000, ""Gaming"": 415000}",2023-08-31
PLAN_df236550,USER_03244,728854,"{""Food Delivery"": 825000, ""Coffee Shop"": 275000, ""Movie Ticket"": 275000, ""Gaming"": 275000}",2023-08-31
PLAN_e8820e7d,USER_09693,1844412,"{""Food Delivery"": 1560000, ""Coffee Shop"": 520000, ""Movie Ticket"": 520000, ""Gaming"": 520000}",2023-08-31
PLAN_243a5f1c,USER_01919,1142182,"{""Food Delivery"": 1515000, ""Coffee Shop"": 505000, ""Movie Ticket"": 505000, ""Gaming"": 505000}",2023-08-31
PLAN_f1bd450c,USER_02566,2698654,"{""Food Delivery"": 2055000, ""Coffee Shop"": 685000, ""Movie Ticket"": 685000, ""Gaming"": 685000}",2023-08-31
PLAN_abf43c5a,USER_02087,1003114,"{""Food Delivery"": 1035000, ""Coffee Shop"": 345000, ""Movie Ticket"": 345000, ""Gaming"": 345000}",2023-08-31
PLAN_ac6e7729,USER_02456,889956,"{""Food Delivery"": 1080000, ""Coffee Shop"": 360000, ""Movie Ticket"": 360000, ""Gaming"": 360000}",2023-08-31
PLAN_0fb41d1a,USER_09369,547483,"{""Food Delivery"": 765000, ""Coffee Shop"": 255000, ""Movie Ticket"": 255000, ""Gaming"": 255000}",2023-08-31
PLAN_d518fd79,USER_08244,573181,"{""Food Delivery"": 735000, ""Coffee Shop"": 245000, ""Movie Ticket"": 245000, ""Gaming"": 245000}",2023-08-31
PLAN_3ce1cd39,USER_05131,562316,"{""Food Delivery"": 555000, ""Coffee Shop"": 185000, ""Movie Ticket"": 185000, ""Gaming"": 185000}",2023-08-31
PLAN_62971ce1,USER_09068,775461,"{""Food Delivery"": 870000, ""Coffee Shop"": 290000, ""Movie Ticket"": 290000, ""Gaming"": 290000}",2023-08-31
PLAN_94981d65,USER_08071,1261929,"{""Food Delivery"": 1035000, ""Coffee Shop"": 345000, ""Movie Ticket"": 345000, ""Gaming"": 345000}",2023-08-31
PLAN_3b7ce7a1,USER_06060,1702756,"{""Food Delivery"": 1785000, ""Coffee Shop"": 595000, ""Movie Ticket"": 595000, ""Gaming"": 595000}",2023-08-31
PLAN_dd075dc0,USER_03039,736741,"{""Food Delivery"": 885000, ""Coffee Shop"": 295000, ""Movie Ticket"": 295000, ""Gaming"": 295000}",2023-08-31
PLAN_50f9aff2,USER_06675,1778859,"{""Food Delivery"": 1650000, ""Coffee Shop"": 550000, ""Movie Ticket"": 550000, ""Gaming"": 550000}",2023-08-31
PLAN_a24a297b,USER_08316,1928658,"{""Food Delivery"": 1695000, ""Coffee Shop"": 565000, ""Movie Ticket"": 565000, ""Gaming"": 565000}",2023-08-31
PLAN_fc1fb0c3,USER_08247,1692210,"{""Food Delivery"": 2175000, ""Coffee Shop"": 725000, ""Movie Ticket"": 725000, ""Gaming"": 725000}",2023-08-31
PLAN_4324b274,USER_03883,980800,"{""Food Delivery"": 1260000, ""Coffee Shop"": 420000, ""Movie Ticket"": 420000, ""Gaming"": 420000}",2023-08-31
PLAN_329aecc8,USER_06729,466502,"{""Food Delivery"": 675000, ""Coffee Shop"": 225000, ""Movie Ticket"": 225000, ""Gaming"": 225000}",2023-08-31
PLAN_2a9ab61b,USER_06069,1302301,"{""Food Delivery"": 1125000, ""Coffee Shop"": 375000, ""Movie Ticket"": 375000, ""Gaming"": 375000}",2023-08-31
PLAN_e9858440,USER_09989,1514062,"{""Food Delivery"": 1365000, ""Coffee Shop"": 455000, ""Movie Ticket"": 455000, ""Gaming"": 455000}",2023-08-31
PLAN_fb03b5b3,USER_06988,2005497,"{""Food Delivery"": 2040000, ""Coffee Shop"": 680000, ""Movie Ticket"": 680000, ""Gaming"": 680000}",2023-08-31
PLAN_8fcc44bf,USER_00787,663901,"{""Food Delivery"": 540000, ""Coffee Shop"": 180000, ""Movie Ticket"": 180000, ""Gaming"": 180000}",2023-08-31
PLAN_58a2ba23,USER_05004,1968180,"{""Food Delivery"": 1635000, ""Coffee Shop"": 545000, ""Movie Ticket"": 545000, ""Gaming"": 545000}",2023-08-31
PLAN_b87784af,USER_04365,1173162,"{""Food Delivery"": 1110000, ""Coffee Shop"": 370000, ""Movie Ticket"": 370000, ""Gaming"": 370000}",2023-08-31
PLAN_0a2b031f,USER_02676,1644078,"{""Food Delivery"": 1320000, ""Coffee Shop"": 440000, ""Movie Ticket"": 440000, ""Gaming"": 440000}",2023-08-31
PLAN_ca9b74c5,USER_08510,1688177,"{""Food Delivery"": 2100000, ""Coffee Shop"": 700000, ""Movie Ticket"": 700000, ""Gaming"": 700000}",2023-08-31
PLAN_78eb0618,USER_05827,945131,"{""Food Delivery"": 1275000, ""Coffee Shop"": 425000, ""Movie Ticket"": 425000, ""Gaming"": 425000}",2023-08-31
PLAN_5c77c50c,USER_01226,977707,"{""Food Delivery"": 1155000, ""Coffee Shop"": 385000, ""Movie Ticket"": 385000, ""Gaming"": 385000}",2023-08-31
PLAN_16239021,USER_08968,591968,"{""Food Delivery"": 840000, ""Coffee Shop"": 280000, ""Movie Ticket"": 280000, ""Gaming"": 280000}",2023-08-31
PLAN_212c7921,USER_08748,1255559,"{""Food Delivery"": 1230000, ""Coffee Shop"": 410000, ""Movie Ticket"": 410000, ""Gaming"": 410000}",2023-08-31
PLAN_65cf840c,USER_01355,2246462,"{""Food Delivery"": 1740000, ""Coffee Shop"": 580000, ""Movie Ticket"": 580000, ""Gaming"": 580000}",2023-08-31
PLAN_6fd2a42c,USER_00357,1216031,"{""Food Delivery"": 1755000, ""Coffee Shop"": 585000, ""Movie Ticket"": 585000, ""Gaming"": 585000}",2023-08-31
PLAN_b547a6ec,USER_06195,1144552,"{""Food Delivery"": 1530000, ""Coffee Shop"": 510000, ""Movie Ticket"": 510000, ""Gaming"": 510000}",2023-08-31
PLAN_1ad01467,USER_08202,929407,"{""Food Delivery"": 960000, ""Coffee Shop"": 320000, ""Movie Ticket"": 320000, ""Gaming"": 320000}",2023-08-31
PLAN_f14bc0a4,USER_02213,1547100,"{""Food Delivery"": 1200000, ""Coffee Shop"": 400000, ""Movie Ticket"": 400000, ""Gaming"": 400000}",2023-08-31
PLAN_71a8108b,USER_09145,1487256,"{""Food Delivery"": 1695000, ""Coffee Shop"": 565000, ""Movie Ticket"": 565000, ""Gaming"": 565000}",2023-08-31
PLAN_12aebfcf,USER_07514,994774,"{""Food Delivery"": 990000, ""Coffee Shop"": 330000, ""Movie Ticket"": 330000, ""Gaming"": 330000}",2023-08-31
PLAN_8623ab92,USER_00611,1406123,"{""Food Delivery"": 2025000, ""Coffee Shop"": 675000, ""Movie Ticket"": 675000, ""Gaming"": 675000}",2023-08-31
PLAN_de1d91bb,USER_05064,1263177,"{""Food Delivery"": 1650000, ""Coffee Shop"": 550000, ""Movie Ticket"": 550000, ""Gaming"": 550000}",2023-08-31
PLAN_3ec036c0,USER_00687,2781282,"{""Food Delivery"": 2100000, ""Coffee Shop"": 700000, ""Movie Ticket"": 700000, ""Gaming"": 700000}",2023-08-31
PLAN_78f33cbe,USER_07736,2436747,"{""Food Delivery"": 1860000, ""Coffee Shop"": 620000, ""Movie Ticket"": 620000, ""Gaming"": 620000}",2023-08-31
PLAN_5321d136,USER_04032,1487311,"{""Food Delivery"": 2220000, ""Coffee Shop"": 740000, ""Movie Ticket"": 740000, ""Gaming"": 740000}",2023-08-31
PLAN_9fa42a64,USER_08855,1678558,"{""Food Delivery"": 1290000, ""Coffee Shop"": 430000, ""Movie Ticket"": 430000, ""Gaming"": 430000}",2023-08-31
PLAN_19811020,USER_00440,606474,"{""Food Delivery"": 555000, ""Coffee Shop"": 185000, ""Movie Ticket"": 185000, ""Gaming"": 185000}",2023-08-31
PLAN_7e25d393,USER_09896,2017351,"{""Food Delivery"": 1620000, ""Coffee Shop"": 540000, ""Movie Ticket"": 540000, ""Gaming"": 540000}",2023-08-31
PLAN_c26e0cfd,USER_00426,1803877,"{""Food Delivery"": 1860000, ""Coffee Shop"": 620000, ""Movie Ticket"": 620000, ""Gaming"": 620000}",2023-08-31
PLAN_91957159,USER_07168,2212770,"{""Food Delivery"": 2190000, ""Coffee Shop"": 730000, ""Movie Ticket"": 730000, ""Gaming"": 730000}",2023-08-31
PLAN_25d02fe4,USER_08798,1831281,"{""Food Delivery"": 1845000, ""Coffee Shop"": 615000, ""Movie Ticket"": 615000, ""Gaming"": 615000}",2023-08-31
PLAN_4df8e29b,USER_09381,2316941,"{""Food Delivery"": 2085000, ""Coffee Shop"": 695000, ""Movie Ticket"": 695000, ""Gaming"": 695000}",2023-08-31
PLAN_99216f1d,USER_09103,558429,"{""Food Delivery"": 735000, ""Coffee Shop"": 245000, ""Movie Ticket"": 245000, ""Gaming"": 245000}",2023-08-31
PLAN_b93e73a8,USER_01376,1359565,"{""Food Delivery"": 1980000, ""Coffee Shop"": 660000, ""Movie Ticket"": 660000, ""Gaming"": 660000}",2023-08-31
PLAN_54cf0087,USER_04320,1072502,"{""Food Delivery"": 1230000, ""Coffee Shop"": 410000, ""Movie Ticket"": 410000, ""Gaming"": 410000}",2023-08-31
PLAN_0c1ddcbd,USER_04446,2522927,"{""Food Delivery"": 2220000, ""Coffee Shop"": 740000, ""Movie Ticket"": 740000, ""Gaming"": 740000}",2023-08-31
PLAN_4918ccfb,USER_04232,492759,"{""Food Delivery"": 615000, ""Coffee Shop"": 205000, ""Movie Ticket"": 205000, ""Gaming"": 205000}",2023-08-31
PLAN_15da32b7,USER_00391,1305277,"{""Food Delivery"": 1170000, ""Coffee Shop"": 390000, ""Movie Ticket"": 390000, ""Gaming"": 390000}",2023-08-31
PLAN_1434317e,USER_00061,906159,"{""Food Delivery"": 690000, ""Coffee Shop"": 230000, ""Movie Ticket"": 230000, ""Gaming"": 230000}",2023-08-31
PLAN_c7af0508,USER_07873,1017327,"{""Food Delivery"": 1395000, ""Coffee Shop"": 465000, ""Movie Ticket"": 465000, ""Gaming"": 465000}",2023-08-31
PLAN_51dfa542,USER_09606,1187547,"{""Food Delivery"": 1065000, ""Coffee Shop"": 355000, ""Movie Ticket"": 355000, ""Gaming"": 355000}",2023-08-31
PLAN_a904f9fe,USER_03486,1775812,"{""Food Delivery"": 1845000, ""Coffee Shop"": 615000, ""Movie Ticket"": 615000, ""Gaming"": 615000}",2023-08-31
PLAN_3839d879,USER_09391,1083522,"{""Food Delivery"": 870000, ""Coffee Shop"": 290000, ""Movie Ticket"": 290000, ""Gaming"": 290000}",2023-08-31
PLAN_e7c69b98,USER_07076,565031,"{""Food Delivery"": 720000, ""Coffee Shop"": 240000, ""Movie Ticket"": 240000, ""Gaming"": 240000}",2023-08-31
PLAN_e3668fe4,USER_09141,2352750,"{""Food Delivery"": 2085000, ""Coffee Shop"": 695000, ""Movie Ticket"": 695000, ""Gaming"": 695000}",2023-08-31
PLAN_64d75711,USER_02873,735246,"{""Food Delivery"": 600000, ""Coffee Shop"": 200000, ""Movie Ticket"": 200000, ""Gaming"": 200000}",2023-08-31
PLAN_5a3cf9e2,USER_07787,2469660,"{""Food Delivery"": 1905000, ""Coffee Shop"": 635000, ""Movie Ticket"": 635000, ""Gaming"": 635000}",2023-08-31
PLAN_4b567d9c,USER_04839,1329765,"{""Food Delivery"": 1185000, ""Coffee Shop"": 395000, ""Movie Ticket"": 395000, ""Gaming"": 395000}",2023-08-31
PLAN_859e4152,USER_02145,1497174,"{""Food Delivery"": 1500000, ""Coffee Shop"": 500000, ""Movie Ticket"": 500000, ""Gaming"": 500000}",2023-08-31
PLAN_51350b97,USER_08432,2216450,"{""Food Delivery"": 2055000, ""Coffee Shop"": 685000, ""Movie Ticket"": 685000, ""Gaming"": 685000}",2023-08-31
PLAN_3dc0643a,USER_02173,1625947,"{""Food Delivery"": 1305000, ""Coffee Shop"": 435000, ""Movie Ticket"": 435000, ""Gaming"": 435000}",2023-08-31
PLAN_7c35b1d5,USER_02484,989484,"{""Food Delivery"": 945000, ""Coffee Shop"": 315000, ""Movie Ticket"": 315000, ""Gaming"": 315000}",2023-08-31
PLAN_b096f896,USER_00382,504889,"{""Food Delivery"": 735000, ""Coffee Shop"": 245000, ""Movie Ticket"": 245000, ""Gaming"": 245000}",2023-08-31
PLAN_e04acfcf,USER_09044,1525449,"{""Food Delivery"": 1185000, ""Coffee Shop"": 395000, ""Movie Ticket"": 395000, ""Gaming"": 395000}",2023-08-31
PLAN_349dfb8a,USER_02355,2213280,"{""Food Delivery"": 1965000, ""Coffee Shop"": 655000, ""Movie Ticket"": 655000, ""Gaming"": 655000}",2023-08-31
PLAN_248afcca,USER_06568,1961520,"{""Food Delivery"": 1755000, ""Coffee Shop"": 585000, ""Movie Ticket"": 585000, ""Gaming"": 585000}",2023-08-31
PLAN_37602181,USER_07608,474113,"{""Food Delivery"": 585000, ""Coffee Shop"": 195000, ""Movie Ticket"": 195000, ""Gaming"": 195000}",2023-08-31
PLAN_fa3a2968,USER_06066,1011920,"{""Food Delivery"": 915000, ""Coffee Shop"": 305000, ""Movie Ticket"": 305000, ""Gaming"": 305000}",2023-08-31
PLAN_7222b407,USER_01579,1129030,"{""Food Delivery"": 1215000, ""Coffee Shop"": 405000, ""Movie Ticket"": 405000, ""Gaming"": 405000}",2023-08-31
PLAN_ce65636c,USER_05485,726542,"{""Food Delivery"": 660000, ""Coffee Shop"": 220000, ""Movie Ticket"": 220000, ""Gaming"": 220000}",2023-08-31
PLAN_abecd640,USER_02835,1438570,"{""Food Delivery"": 1950000, ""Coffee Shop"": 650000, ""Movie Ticket"": 650000, ""Gaming"": 650000}",2023-08-31
PLAN_496d02ed,USER_00099,1873365,"{""Food Delivery"": 1695000, ""Coffee Shop"": 565000, ""Movie Ticket"": 565000, ""Gaming"": 565000}",2023-08-31
PLAN_31adac0d,USER_05669,639812,"{""Food Delivery"": 480000, ""Coffee Shop"": 160000, ""Movie Ticket"": 160000, ""Gaming"": 160000}",2023-08-31
PLAN_e10b5b84,USER_01021,691819,"{""Food Delivery"": 990000, ""Coffee Shop"": 330000, ""Movie Ticket"": 330000, ""Gaming"": 330000}",2023-08-31
PLAN_8cd54c77,USER_06757,2965761,"{""Food Delivery"": 2250000, ""Coffee Shop"": 750000, ""Movie Ticket"": 750000, ""Gaming"": 750000}",2023-08-31
PLAN_764256c6,USER_05853,970766,"{""Food Delivery"": 1035000, ""Coffee Shop"": 345000, ""Movie Ticket"": 345000, ""Gaming"": 345000}",2023-08-31
PLAN_d92da77a,USER_08117,1889460,"{""Food Delivery"": 1515000, ""Coffee Shop"": 505000, ""Movie Ticket"": 505000, ""Gaming"": 505000}",2023-08-31
PLAN_2d4f02cd,USER_04873,1229845,"{""Food Delivery"": 1035000, ""Coffee Shop"": 345000, ""Movie Ticket"": 345000, ""Gaming"": 345000}",2023-08-31
PLAN_cf378b3a,USER_02032,2146812,"{""Food Delivery"": 2055000, ""Coffee Shop"": 685000, ""Movie Ticket"": 685000, ""Gaming"": 685000}",2023-08-31
PLAN_4c07925a,USER_09217,1477681,"{""Food Delivery"": 1275000, ""Coffee Shop"": 425000, ""Movie Ticket"": 425000, ""Gaming"": 425000}",2023-08-31
PLAN_71a4d209,USER_03115,976828,"{""Food Delivery"": 780000, ""Coffee Shop"": 260000, ""Movie Ticket"": 260000, ""Gaming"": 260000}",2023-08-31
PLAN_cb8d08fe,USER_04527,1867506,"{""Food Delivery"": 1995000, ""Coffee Shop"": 665000, ""Movie Ticket"": 665000, ""Gaming"": 665000}",2023-08-31
PLAN_e04893ae,USER_00590,530813,"{""Food Delivery"": 600000, ""Coffee Shop"": 200000, ""Movie Ticket"": 200000, ""Gaming"": 200000}",2023-08-31
PLAN_d99bb25f,USER_05141,2317954,"{""Food Delivery"": 2085000, ""Coffee Shop"": 695000, ""Movie Ticket"": 695000, ""Gaming"": 695000}",2023-08-31
PLAN_40e5c33a,USER_09482,1681296,"{""Food Delivery"": 1395000, ""Coffee Shop"": 465000, ""Movie Ticket"": 465000, ""Gaming"": 465000}",2023-08-31
PLAN_418f1d18,USER_05939,652045,"{""Food Delivery"": 555000, ""Coffee Shop"": 185000, ""Movie Ticket"": 185000, ""Gaming"": 185000}",2023-08-31
PLAN_85b76e31,USER_00196,2193332,"{""Food Delivery"": 1830000, ""Coffee Shop"": 610000, ""Movie Ticket"": 610000, ""Gaming"": 610000}",2023-08-31
PLAN_6ab6cb89,USER_06751,1765767,"{""Food Delivery"": 1845000, ""Coffee Shop"": 615000, ""Movie Ticket"": 615000, ""Gaming"": 615000}",2023-08-31
PLAN_1f70cdd0,USER_05162,1545159,"{""Food Delivery"": 1275000, ""Coffee Shop"": 425000, ""Movie Ticket"": 425000, ""Gaming"": 425000}",2023-08-31
PLAN_7a1e9912,USER_09782,996986,"{""Food Delivery"": 1335000, ""Coffee Shop"": 445000, ""Movie Ticket"": 445000, ""Gaming"": 445000}",2023-08-31
PLAN_6b52e5b9,USER_06650,602350,"{""Food Delivery"": 585000, ""Coffee Shop"": 195000, ""Movie Ticket"": 195000, ""Gaming"": 195000}",2023-08-31
PLAN_85735d63,USER_06591,683915,"{""Food Delivery"": 1020000, ""Coffee Shop"": 340000, ""Movie Ticket"": 340000, ""Gaming"": 340000}",2023-08-31
PLAN_2650f9b9,USER_07729,755013,"{""Food Delivery"": 855000, ""Coffee Shop"": 285000, ""Movie Ticket"": 285000, ""Gaming"": 285000}",2023-08-31
PLAN_445c81da,USER_02756,1065839,"{""Food Delivery"": 1170000, ""Coffee Shop"": 390000, ""Movie Ticket"": 390000, ""Gaming"": 390000}",2023-08-31
PLAN_8bdb7476,USER_04787,907512,"{""Food Delivery"": 975000, ""Coffee Shop"": 325000, ""Movie Ticket"": 325000, ""Gaming"": 325000}",2023-08-31
PLAN_4eca3a94,USER_01682,712096,"{""Food Delivery"": 630000, ""Coffee Shop"": 210000, ""Movie Ticket"": 210000, ""Gaming"": 210000}",2023-08-31
PLAN_05db211c,USER_01480,1735697,"{""Food Delivery"": 1875000, ""Coffee Shop"": 625000, ""Movie Ticket"": 625000, ""Gaming"": 625000}",2023-08-31
PLAN_e92d5a4e,USER_06211,941650,"{""Food Delivery"": 975000, ""Coffee Shop"": 325000, ""Movie Ticket"": 325000, ""Gaming"": 325000}",2023-08-31
PLAN_c94da6ff,USER_06277,1608807,"{""Food Delivery"": 1950000, ""Coffee Shop"": 650000, ""Movie Ticket"": 650000, ""Gaming"": 650000}",2023-08-31
PLAN_c5248fa1,USER_01307,755288,"{""Food Delivery"": 825000, ""Coffee Shop"": 275000, ""Movie Ticket"": 275000, ""Gaming"": 275000}",2023-08-31
PLAN_cb5e09e8,USER_01666,1411360,"{""Food Delivery"": 1725000, ""Coffee Shop"": 575000, ""Movie Ticket"": 575000, ""Gaming"": 575000}",2023-08-31
PLAN_3cbb4d9b,USER_09597,354154,"{""Food Delivery"": 495000, ""Coffee Shop"": 165000, ""Movie Ticket"": 165000, ""Gaming"": 165000}",2023-08-31
PLAN_b9499558,USER_07807,1988276,"{""Food Delivery"": 1860000, ""Coffee Shop"": 620000, ""Movie Ticket"": 620000, ""Gaming"": 620000}",2023-08-31
PLAN_8c2a3a5f,USER_08897,1851716,"{""Food Delivery"": 1665000, ""Coffee Shop"": 555000, ""Movie Ticket"": 555000, ""Gaming"": 555000}",2023-08-31
PLAN_aba3086a,USER_00295,1506126,"{""Food Delivery"": 1395000, ""Coffee Shop"": 465000, ""Movie Ticket"": 465000, ""Gaming"": 465000}",2023-08-31
PLAN_f6e45995,USER_03290,980541,"{""Food Delivery"": 1005000, ""Coffee Shop"": 335000, ""Movie Ticket"": 335000, ""Gaming"": 335000}",2023-08-31
PLAN_11804878,USER_00420,1614349,"{""Food Delivery"": 1755000, ""Coffee Shop"": 585000, ""Movie Ticket"": 585000, ""Gaming"": 585000}",2023-08-31
PLAN_47032baf,USER_03188,2776367,"{""Food Delivery"": 2235000, ""Coffee Shop"": 745000, ""Movie Ticket"": 745000, ""Gaming"": 745000}",2023-08-31
PLAN_1ee326d1,USER_02726,1762134,"{""Food Delivery"": 1740000, ""Coffee Shop"": 580000, ""Movie Ticket"": 580000, ""Gaming"": 580000}",2023-08-31
PLAN_b2555251,USER_01991,754382,"{""Food Delivery"": 765000, ""Coffee Shop"": 255000, ""Movie Ticket"": 255000, ""Gaming"": 255000}",2023-08-31
PLAN_75c04d49,USER_04791,317949,"{""Food Delivery"": 465000, ""Coffee Shop"": 155000, ""Movie Ticket"": 155000, ""Gaming"": 155000}",2023-08-31
PLAN_853a1e3a,USER_08104,804748,"{""Food Delivery"": 900000, ""Coffee Shop"": 300000, ""Movie Ticket"": 300000, ""Gaming"": 300000}",2023-08-31
PLAN_83c0d840,USER_04779,2042689,"{""Food Delivery"": 2220000, ""Coffee Shop"": 740000, ""Movie Ticket"": 740000, ""Gaming"": 740000}",2023-08-31
PLAN_3da6e797,USER_06204,559529,"{""Food Delivery"": 600000, ""Coffee Shop"": 200000, ""Movie Ticket"": 200000, ""Gaming"": 200000}",2023-08-31
PLAN_a32b56b6,USER_06284,1912008,"{""Food Delivery"": 1815000, ""Coffee Shop"": 605000, ""Movie Ticket"": 605000, ""Gaming"": 605000}",2023-08-31
PLAN_759955b2,USER_07644,1150201,"{""Food Delivery"": 1125000, ""Coffee Shop"": 375000, ""Movie Ticket"": 375000, ""Gaming"": 375000}",2023-08-31
PLAN_51461ccf,USER_00931,2009881,"{""Food Delivery"": 1875000, ""Coffee Shop"": 625000, ""Movie Ticket"": 625000, ""Gaming"": 625000}",2023-08-31
PLAN_b2c1d0a7,USER_09875,1606043,"{""Food Delivery"": 1365000, ""Coffee Shop"": 455000, ""Movie Ticket"": 455000, ""Gaming"": 455000}",2023-08-31
PLAN_7f07c473,USER_09630,1776726,"{""Food Delivery"": 1470000, ""Coffee Shop"": 490000, ""Movie Ticket"": 490000, ""Gaming"": 490000}",2023-08-31
PLAN_a5188e20,USER_08035,1597854,"{""Food Delivery"": 1395000, ""Coffee Shop"": 465000, ""Movie Ticket"": 465000, ""Gaming"": 465000}",2023-08-31
PLAN_eec56b5d,USER_05962,2561736,"{""Food Delivery"": 1965000, ""Coffee Shop"": 655000, ""Movie Ticket"": 655000, ""Gaming"": 655000}",2023-08-31
PLAN_5d45ecfb,USER_05448,397110,"{""Food Delivery"": 585000, ""Coffee Shop"": 195000, ""Movie Ticket"": 195000, ""Gaming"": 195000}",2023-08-31
PLAN_ffed9f36,USER_09753,825086,"{""Food Delivery"": 1035000, ""Coffee Shop"": 345000, ""Movie Ticket"": 345000, ""Gaming"": 345000}",2023-08-31
PLAN_e3778abe,USER_05838,1400512,"{""Food Delivery"": 2085000, ""Coffee Shop"": 695000, ""Movie Ticket"": 695000, ""Gaming"": 695000}",2023-08-31
PLAN_c2671f02,USER_06808,873161,"{""Food Delivery"": 795000, ""Coffee Shop"": 265000, ""Movie Ticket"": 265000, ""Gaming"": 265000}",2023-08-31
PLAN_973e1319,USER_01878,2429479,"{""Food Delivery"": 1920000, ""Coffee Shop"": 640000, ""Movie Ticket"": 640000, ""Gaming"": 640000}",2023-08-31
PLAN_74dcf755,USER_04495,907742,"{""Food Delivery"": 1095000, ""Coffee Shop"": 365000, ""Movie Ticket"": 365000, ""Gaming"": 365000}",2023-08-31
PLAN_b71cd7bb,USER_05357,2717118,"{""Food Delivery"": 2115000, ""Coffee Shop"": 705000, ""Movie Ticket"": 705000, ""Gaming"": 705000}",2023-08-31
PLAN_3b89c6b5,USER_01879,943637,"{""Food Delivery"": 1335000, ""Coffee Shop"": 445000, ""Movie Ticket"": 445000, ""Gaming"": 445000}",2023-08-31
PLAN_0f09ee86,USER_06350,1760336,"{""Food Delivery"": 1365000, ""Coffee Shop"": 455000, ""Movie Ticket"": 455000, ""Gaming"": 455000}",2023-08-31
PLAN_5245593d,USER_09852,1567882,"{""Food Delivery"": 1740000, ""Coffee Shop"": 580000, ""Movie Ticket"": 580000, ""Gaming"": 580000}",2023-08-31
PLAN_307ca6c9,USER_09870,506653,"{""Food Delivery"": 690000, ""Coffee Shop"": 230000, ""Movie Ticket"": 230000, ""Gaming"": 230000}",2023-08-31
PLAN_9be3e8e4,USER_08656,1396719,"{""Food Delivery"": 1410000, ""Coffee Shop"": 470000, ""Movie Ticket"": 470000, ""Gaming"": 470000}",2023-08-31
PLAN_3b92d9de,USER_08754,1860029,"{""Food Delivery"": 2220000, ""Coffee Shop"": 740000, ""Movie Ticket"": 740000, ""Gaming"": 740000}",2023-08-31
PLAN_26da8ffc,USER_01893,1593242,"{""Food Delivery"": 1860000, ""Coffee Shop"": 620000, ""Movie Ticket"": 620000, ""Gaming"": 620000}",2023-08-31
PLAN_6992d88b,USER_00848,1621039,"{""Food Delivery"": 1860000, ""Coffee Shop"": 620000, ""Movie Ticket"": 620000, ""Gaming"": 620000}",2023-08-31
PLAN_465eac70,USER_04905,2434084,"{""Food Delivery"": 2025000, ""Coffee Shop"": 675000, ""Movie Ticket"": 675000, ""Gaming"": 675000}",2023-08-31
PLAN_c31a1523,USER_04636,1323678,"{""Food Delivery"": 1290000, ""Coffee Shop"": 430000, ""Movie Ticket"": 430000, ""Gaming"": 430000}",2023-08-31
PLAN_89347477,USER_05401,1101498,"{""Food Delivery"": 1260000, ""Coffee Shop"": 420000, ""Movie Ticket"": 420000, ""Gaming"": 420000}",2023-08-31
PLAN_bb142770,USER_02273,2173950,"{""Food Delivery"": 2025000, ""Coffee Shop"": 675000, ""Movie Ticket"": 675000, ""Gaming"": 675000}",2023-08-31
PLAN_1f404bef,USER_06602,1407243,"{""Food Delivery"": 1230000, ""Coffee Shop"": 410000, ""Movie Ticket"": 410000, ""Gaming"": 410000}",2023-08-31
PLAN_69c0bdc3,USER_05339,1081730,"{""Food Delivery"": 1275000, ""Coffee Shop"": 425000, ""Movie Ticket"": 425000, ""Gaming"": 425000}",2023-08-31
PLAN_1060e3a5,USER_04907,1795207,"{""Food Delivery"": 1905000, ""Coffee Shop"": 635000, ""Movie Ticket"": 635000, ""Gaming"": 635000}",2023-08-31
PLAN_7554da92,USER_06006,426316,"{""Food Delivery"": 570000, ""Coffee Shop"": 190000, ""Movie Ticket"": 190000, ""Gaming"": 190000}",2023-08-31
PLAN_573e7e1a,USER_06670,602386,"{""Food Delivery"": 765000, ""Coffee Shop"": 255000, ""Movie Ticket"": 255000, ""Gaming"": 255000}",2023-08-31
PLAN_c4434247,USER_05862,706069,"{""Food Delivery"": 630000, ""Coffee Shop"": 210000, ""Movie Ticket"": 210000, ""Gaming"": 210000}",2023-08-31
PLAN_8ac04e3a,USER_03944,1394097,"{""Food Delivery"": 1770000, ""Coffee Shop"": 590000, ""Movie Ticket"": 590000, ""Gaming"": 590000}",2023-08-31
PLAN_9d9402af,USER_01953,1174375,"{""Food Delivery"": 1155000, ""Coffee Shop"": 385000, ""Movie Ticket"": 385000, ""Gaming"": 385000}",2023-08-31
PLAN_744702e3,USER_05359,803251,"{""Food Delivery"": 705000, ""Coffee Shop"": 235000, ""Movie Ticket"": 235000, ""Gaming"": 235000}",2023-08-31
PLAN_c32cadf0,USER_01092,1593902,"{""Food Delivery"": 2160000, ""Coffee Shop"": 720000, ""Movie Ticket"": 720000, ""Gaming"": 720000}",2023-08-31
PLAN_bbcd2b64,USER_05729,1645677,"{""Food Delivery"": 1575000, ""Coffee Shop"": 525000, ""Movie Ticket"": 525000, ""Gaming"": 525000}",2023-08-31
PLAN_fd760d6d,USER_02807,867028,"{""Food Delivery"": 1035000, ""Coffee Shop"": 345000, ""Movie Ticket"": 345000, ""Gaming"": 345000}",2023-08-31
PLAN_4c577506,USER_04334,902946,"{""Food Delivery"": 690000, ""Coffee Shop"": 230000, ""Movie Ticket"": 230000, ""Gaming"": 230000}",2023-08-31
PLAN_e8e582dd,USER_04747,652760,"{""Food Delivery"": 660000, ""Coffee Shop"": 220000, ""Movie Ticket"": 220000, ""Gaming"": 220000}",2023-08-31
PLAN_58f69df8,USER_05649,2438089,"{""Food Delivery"": 2025000, ""Coffee Shop"": 675000, ""Movie Ticket"": 675000, ""Gaming"": 675000}",2023-08-31
PLAN_e77de406,USER_00633,682099,"{""Food Delivery"": 660000, ""Coffee Shop"": 220000, ""Movie Ticket"": 220000, ""Gaming"": 220000}",2023-08-31
PLAN_78654b74,USER_02122,1126885,"{""Food Delivery"": 1620000, ""Coffee Shop"": 540000, ""Movie Ticket"": 540000, ""Gaming"": 540000}",2023-08-31
PLAN_96cf3dc1,USER_04912,1502499,"{""Food Delivery"": 1380000, ""Coffee Shop"": 460000, ""Movie Ticket"": 460000, ""Gaming"": 460000}",2023-08-31
PLAN_6c9cb614,USER_00416,2888076,"{""Food Delivery"": 2220000, ""Coffee Shop"": 740000, ""Movie Ticket"": 740000, ""Gaming"": 740000}",2023-08-31
PLAN_74f04cf5,USER_03261,1089096,"{""Food Delivery"": 1020000, ""Coffee Shop"": 340000, ""Movie Ticket"": 340000, ""Gaming"": 340000}",2023-08-31
PLAN_d46776c5,USER_01316,764059,"{""Food Delivery"": 630000, ""Coffee Shop"": 210000, ""Movie Ticket"": 210000, ""Gaming"": 210000}",2023-08-31
PLAN_47158381,USER_09466,2072627,"{""Food Delivery"": 1650000, ""Coffee Shop"": 550000, ""Movie Ticket"": 550000, ""Gaming"": 550000}",2023-08-31
PLAN_681bc833,USER_07122,749128,"{""Food Delivery"": 915000, ""Coffee Shop"": 305000, ""Movie Ticket"": 305000, ""Gaming"": 305000}",2023-08-31
PLAN_425d0928,USER_03719,460577,"{""Food Delivery"": 570000, ""Coffee Shop"": 190000, ""Movie Ticket"": 190000, ""Gaming"": 190000}",2023-08-31
PLAN_5e1e9a53,USER_01308,1111576,"{""Food Delivery"": 1035000, ""Coffee Shop"": 345000, ""Movie Ticket"": 345000, ""Gaming"": 345000}",2023-08-31
PLAN_90f285ec,USER_00512,691403,"{""Food Delivery"": 735000, ""Coffee Shop"": 245000, ""Movie Ticket"": 245000, ""Gaming"": 245000}",2023-08-31
PLAN_89ed3e6c,USER_08295,2189434,"{""Food Delivery"": 1785000, ""Coffee Shop"": 595000, ""Movie Ticket"": 595000, ""Gaming"": 595000}",2023-08-31
PLAN_d247d96e,USER_06062,2280027,"{""Food Delivery"": 1800000, ""Coffee Shop"": 600000, ""Movie Ticket"": 600000, ""Gaming"": 600000}",2023-08-31
PLAN_b7514410,USER_02420,1542900,"{""Food Delivery"": 1710000, ""Coffee Shop"": 570000, ""Movie Ticket"": 570000, ""Gaming"": 570000}",2023-08-31
PLAN_396d784b,USER_01460,1372926,"{""Food Delivery"": 1665000, ""Coffee Shop"": 555000, ""Movie Ticket"": 555000, ""Gaming"": 555000}",2023-08-31
PLAN_8d71b3d9,USER_07096,1887357,"{""Food Delivery"": 1590000, ""Coffee Shop"": 530000, ""Movie Ticket"": 530000, ""Gaming"": 530000}",2023-08-31
PLAN_78218b48,USER_07598,1389538,"{""Food Delivery"": 1635000, ""Coffee Shop"": 545000, ""Movie Ticket"": 545000, ""Gaming"": 545000}",2023-08-31
PLAN_8f3467e7,USER_02033,1859066,"{""Food Delivery"": 1530000, ""Coffee Shop"": 510000, ""Movie Ticket"": 510000, ""Gaming"": 510000}",2023-08-31
PLAN_6d0c9c12,USER_06412,1309839,"{""Food Delivery"": 1380000, ""Coffee Shop"": 460000, ""Movie Ticket"": 460000, ""Gaming"": 460000}",2023-08-31
PLAN_e2481d9d,USER_05749,1750927,"{""Food Delivery"": 1575000, ""Coffee Shop"": 525000, ""Movie Ticket"": 525000, ""Gaming"": 525000}",2023-08-31
PLAN_c75ec517,USER_08405,799740,"{""Food Delivery"": 1095000, ""Coffee Shop"": 365000, ""Movie Ticket"": 365000, ""Gaming"": 365000}",2023-08-31
PLAN_8b73fec2,USER_06031,1087985,"{""Food Delivery"": 1005000, ""Coffee Shop"": 335000, ""Movie Ticket"": 335000, ""Gaming"": 335000}",2023-08-31
PLAN_ec4b4657,USER_04383,1625979,"{""Food Delivery"": 1680000, ""Coffee Shop"": 560000, ""Movie Ticket"": 560000, ""Gaming"": 560000}",2023-08-31
PLAN_6313065e,USER_04155,1412081,"{""Food Delivery"": 1335000, ""Coffee Shop"": 445000, ""Movie Ticket"": 445000, ""Gaming"": 445000}",2023-08-31
PLAN_a83d3e43,USER_07320,1168014,"{""Food Delivery"": 1500000, ""Coffee Shop"": 500000, ""Movie Ticket"": 500000, ""Gaming"": 500000}",2023-08-31
PLAN_0a5465f3,USER_00149,2605310,"{""Food Delivery"": 2250000, ""Coffee Shop"": 750000, ""Movie Ticket"": 750000, ""Gaming"": 750000}",2023-08-31
PLAN_45c23e48,USER_07966,2384380,"{""Food Delivery"": 1920000, ""Coffee Shop"": 640000, ""Movie Ticket"": 640000, ""Gaming"": 640000}",2023-08-31
PLAN_28cb810b,USER_06840,936889,"{""Food Delivery"": 1155000, ""Coffee Shop"": 385000, ""Movie Ticket"": 385000, ""Gaming"": 385000}",2023-08-31
PLAN_68b76509,USER_06413,514985,"{""Food Delivery"": 705000, ""Coffee Shop"": 235000, ""Movie Ticket"": 235000, ""Gaming"": 235000}",2023-08-31
PLAN_bfea7d67,USER_05858,460637,"{""Food Delivery"": 675000, ""Coffee Shop"": 225000, ""Movie Ticket"": 225000, ""Gaming"": 225000}",2023-08-31
PLAN_ed8ba63a,USER_05137,1379256,"{""Food Delivery"": 1260000, ""Coffee Shop"": 420000, ""Movie Ticket"": 420000, ""Gaming"": 420000}",2023-08-31
PLAN_8bf94607,USER_00795,1092823,"{""Food Delivery"": 1020000, ""Coffee Shop"": 340000, ""Movie Ticket"": 340000, ""Gaming"": 340000}",2023-08-31
PLAN_aeefaca4,USER_04702,1500296,"{""Food Delivery"": 1455000, ""Coffee Shop"": 485000, ""Movie Ticket"": 485000, ""Gaming"": 485000}",2023-08-31
PLAN_98b68787,USER_07618,1084113,"{""Food Delivery"": 1320000, ""Coffee Shop"": 440000, ""Movie Ticket"": 440000, ""Gaming"": 440000}",2023-08-31
PLAN_19bfc099,USER_04130,1641269,"{""Food Delivery"": 1770000, ""Coffee Shop"": 590000, ""Movie Ticket"": 590000, ""Gaming"": 590000}",2023-08-31
PLAN_83e062ee,USER_07721,1993095,"{""Food Delivery"": 1875000, ""Coffee Shop"": 625000, ""Movie Ticket"": 625000, ""Gaming"": 625000}",2023-08-31
PLAN_1d62e971,USER_01477,1362057,"{""Food Delivery"": 1365000, ""Coffee Shop"": 455000, ""Movie Ticket"": 455000, ""Gaming"": 455000}",2023-08-31
PLAN_06f8d2f2,USER_00361,2643754,"{""Food Delivery"": 1995000, ""Coffee Shop"": 665000, ""Movie Ticket"": 665000, ""Gaming"": 665000}",2023-08-31
PLAN_039deabe,USER_04954,477304,"{""Food Delivery"": 630000, ""Coffee Shop"": 210000, ""Movie Ticket"": 210000, ""Gaming"": 210000}",2023-08-31
PLAN_5c16b304,USER_03124,2339299,"{""Food Delivery"": 2070000, ""Coffee Shop"": 690000, ""Movie Ticket"": 690000, ""Gaming"": 690000}",2023-08-31
PLAN_b83cd4f5,USER_00192,1544750,"{""Food Delivery"": 1650000, ""Coffee Shop"": 550000, ""Movie Ticket"": 550000, ""Gaming"": 550000}",2023-08-31
PLAN_0beae57c,USER_06899,2028043,"{""Food Delivery"": 2130000, ""Coffee Shop"": 710000, ""Movie Ticket"": 710000, ""Gaming"": 710000}",2023-08-31
PLAN_1583160f,USER_06669,2232877,"{""Food Delivery"": 1950000, ""Coffee Shop"": 650000, ""Movie Ticket"": 650000, ""Gaming"": 650000}",2023-08-31
PLAN_86499775,USER_05429,592352,"{""Food Delivery"": 525000, ""Coffee Shop"": 175000, ""Movie Ticket"": 175000, ""Gaming"": 175000}",2023-08-31
PLAN_44907fd2,USER_00282,2230206,"{""Food Delivery"": 1680000, ""Coffee Shop"": 560000, ""Movie Ticket"": 560000, ""Gaming"": 560000}",2023-08-31
PLAN_64605baa,USER_08290,1196097,"{""Food Delivery"": 1590000, ""Coffee Shop"": 530000, ""Movie Ticket"": 530000, ""Gaming"": 530000}",2023-08-31
PLAN_c3ecdaca,USER_07127,1656164,"{""Food Delivery"": 2250000, ""Coffee Shop"": 750000, ""Movie Ticket"": 750000, ""Gaming"": 750000}",2023-08-31
PLAN_c4271d76,USER_02139,1534661,"{""Food Delivery"": 1335000, ""Coffee Shop"": 445000, ""Movie Ticket"": 445000, ""Gaming"": 445000}",2023-08-31
PLAN_0c76bee3,USER_07067,1878280,"{""Food Delivery"": 1785000, ""Coffee Shop"": 595000, ""Movie Ticket"": 595000, ""Gaming"": 595000}",2023-08-31
PLAN_cf4ed10d,USER_07253,547889,"{""Food Delivery"": 645000, ""Coffee Shop"": 215000, ""Movie Ticket"": 215000, ""Gaming"": 215000}",2023-08-31
PLAN_e09c883a,USER_01855,1338480,"{""Food Delivery"": 1860000, ""Coffee Shop"": 620000, ""Movie Ticket"": 620000, ""Gaming"": 620000}",2023-08-31
PLAN_8bc2bcb4,USER_08634,901096,"{""Food Delivery"": 1245000, ""Coffee Shop"": 415000, ""Movie Ticket"": 415000, ""Gaming"": 415000}",2023-08-31
PLAN_9efedc56,USER_08888,625082,"{""Food Delivery"": 495000, ""Coffee Shop"": 165000, ""Movie Ticket"": 165000, ""Gaming"": 165000}",2023-08-31
PLAN_b40c8e43,USER_03873,810469,"{""Food Delivery"": 1020000, ""Coffee Shop"": 340000, ""Movie Ticket"": 340000, ""Gaming"": 340000}",2023-08-31
PLAN_5a438cf8,USER_06085,1336605,"{""Food Delivery"": 1515000, ""Coffee Shop"": 505000, ""Movie Ticket"": 505000, ""Gaming"": 505000}",2023-08-31
PLAN_939f4eed,USER_07198,662394,"{""Food Delivery"": 810000, ""Coffee Shop"": 270000, ""Movie Ticket"": 270000, ""Gaming"": 270000}",2023-08-31
PLAN_538e71b2,USER_00855,1436296,"{""Food Delivery"": 1590000, ""Coffee Shop"": 530000, ""Movie Ticket"": 530000, ""Gaming"": 530000}",2023-08-31
PLAN_911cce89,USER_05925,652348,"{""Food Delivery"": 915000, ""Coffee Shop"": 305000, ""Movie Ticket"": 305000, ""Gaming"": 305000}",2023-08-31
PLAN_0aa1ecf9,USER_07087,1336772,"{""Food Delivery"": 1320000, ""Coffee Shop"": 440000, ""Movie Ticket"": 440000, ""Gaming"": 440000}",2023-08-31
PLAN_a0c64557,USER_01988,1398572,"{""Food Delivery"": 1965000, ""Coffee Shop"": 655000, ""Movie Ticket"": 655000, ""Gaming"": 655000}",2023-08-31
PLAN_af7df450,USER_01286,1656327,"{""Food Delivery"": 1380000, ""Coffee Shop"": 460000, ""Movie Ticket"": 460000, ""Gaming"": 460000}",2023-08-31
PLAN_091ee7a7,USER_00117,826587,"{""Food Delivery"": 1005000, ""Coffee Shop"": 335000, ""Movie Ticket"": 335000, ""Gaming"": 335000}",2023-08-31
PLAN_8fc9e57d,USER_05850,2294617,"{""Food Delivery"": 2235000, ""Coffee Shop"": 745000, ""Movie Ticket"": 745000, ""Gaming"": 745000}",2023-08-31
PLAN_d847258b,USER_01907,2274895,"{""Food Delivery"": 1815000, ""Coffee Shop"": 605000, ""Movie Ticket"": 605000, ""Gaming"": 605000}",2023-08-31
PLAN_e217eacc,USER_03782,1353719,"{""Food Delivery"": 1230000, ""Coffee Shop"": 410000, ""Movie Ticket"": 410000, ""Gaming"": 410000}",2023-08-31
PLAN_496d7a9d,USER_05028,1885538,"{""Food Delivery"": 1845000, ""Coffee Shop"": 615000, ""Movie Ticket"": 615000, ""Gaming"": 615000}",2023-08-31
PLAN_ea69cc6d,USER_00570,1271360,"{""Food Delivery"": 1440000, ""Coffee Shop"": 480000, ""Movie Ticket"": 480000, ""Gaming"": 480000}",2023-08-31
PLAN_e911fd35,USER_06304,759811,"{""Food Delivery"": 855000, ""Coffee Shop"": 285000, ""Movie Ticket"": 285000, ""Gaming"": 285000}",2023-08-31
PLAN_ed41605d,USER_00143,534235,"{""Food Delivery"": 480000, ""Coffee Shop"": 160000, ""Movie Ticket"": 160000, ""Gaming"": 160000}",2023-08-31
PLAN_946d0e18,USER_03601,2751912,"{""Food Delivery"": 2070000, ""Coffee Shop"": 690000, ""Movie Ticket"": 690000, ""Gaming"": 690000}",2023-08-31
PLAN_d02eadee,USER_05031,2442903,"{""Food Delivery"": 2205000, ""Coffee Shop"": 735000, ""Movie Ticket"": 735000, ""Gaming"": 735000}",2023-08-31
PLAN_ff5b7070,USER_08998,1978384,"{""Food Delivery"": 1905000, ""Coffee Shop"": 635000, ""Movie Ticket"": 635000, ""Gaming"": 635000}",2023-08-31
PLAN_f4db8cc0,USER_09485,1886409,"{""Food Delivery"": 1635000, ""Coffee Shop"": 545000, ""Movie Ticket"": 545000, ""Gaming"": 545000}",2023-08-31
PLAN_0f2f8358,USER_02965,747254,"{""Food Delivery"": 765000, ""Coffee Shop"": 255000, ""Movie Ticket"": 255000, ""Gaming"": 255000}",2023-08-31
PLAN_ad107638,USER_02459,1325177,"{""Food Delivery"": 1875000, ""Coffee Shop"": 625000, ""Movie Ticket"": 625000, ""Gaming"": 625000}",2023-08-31
PLAN_bb9085aa,USER_06559,1046738,"{""Food Delivery"": 1005000, ""Coffee Shop"": 335000, ""Movie Ticket"": 335000, ""Gaming"": 335000}",2023-08-31
PLAN_375d87e6,USER_05835,1977201,"{""Food Delivery"": 1515000, ""Coffee Shop"": 505000, ""Movie Ticket"": 505000, ""Gaming"": 505000}",2023-08-31
PLAN_607b9dcf,USER_09978,1739448,"{""Food Delivery"": 2220000, ""Coffee Shop"": 740000, ""Movie Ticket"": 740000, ""Gaming"": 740000}",2023-08-31
PLAN_4783a408,USER_04783,1706904,"{""Food Delivery"": 1515000, ""Coffee Shop"": 505000, ""Movie Ticket"": 505000, ""Gaming"": 505000}",2023-08-31
PLAN_70a1989b,USER_02026,1092849,"{""Food Delivery"": 1365000, ""Coffee Shop"": 455000, ""Movie Ticket"": 455000, ""Gaming"": 455000}",2023-08-31
PLAN_a3069cb9,USER_00600,1320811,"{""Food Delivery"": 1290000, ""Coffee Shop"": 430000, ""Movie Ticket"": 430000, ""Gaming"": 430000}",2023-08-31
PLAN_c37b8cda,USER_05694,383836,"{""Food Delivery"": 525000, ""Coffee Shop"": 175000, ""Movie Ticket"": 175000, ""Gaming"": 175000}",2023-08-31
PLAN_c8adbf31,USER_01911,1551896,"{""Food Delivery"": 1605000, ""Coffee Shop"": 535000, ""Movie Ticket"": 535000, ""Gaming"": 535000}",2023-08-31
PLAN_0d98ef7e,USER_03501,1071259,"{""Food Delivery"": 915000, ""Coffee Shop"": 305000, ""Movie Ticket"": 305000, ""Gaming"": 305000}",2023-08-31
PLAN_dd700218,USER_05353,1724891,"{""Food Delivery"": 1920000, ""Coffee Shop"": 640000, ""Movie Ticket"": 640000, ""Gaming"": 640000}",2023-08-31
PLAN_99cbe99e,USER_00800,649315,"{""Food Delivery"": 585000, ""Coffee Shop"": 195000, ""Movie Ticket"": 195000, ""Gaming"": 195000}",2023-08-31
PLAN_08f7679f,USER_07018,574543,"{""Food Delivery"": 480000, ""Coffee Shop"": 160000, ""Movie Ticket"": 160000, ""Gaming"": 160000}",2023-08-31
PLAN_01ee505c,USER_08537,1695916,"{""Food Delivery"": 1320000, ""Coffee Shop"": 440000, ""Movie Ticket"": 440000, ""Gaming"": 440000}",2023-08-31
PLAN_6839cf3c,USER_08804,1296374,"{""Food Delivery"": 1575000, ""Coffee Shop"": 525000, ""Movie Ticket"": 525000, ""Gaming"": 525000}",2023-08-31
PLAN_4492cbb3,USER_06752,1091466,"{""Food Delivery"": 1170000, ""Coffee Shop"": 390000, ""Movie Ticket"": 390000, ""Gaming"": 390000}",2023-08-31
PLAN_cb431b4b,USER_08406,1014126,"{""Food Delivery"": 1320000, ""Coffee Shop"": 440000, ""Movie Ticket"": 440000, ""Gaming"": 440000}",2023-08-31
PLAN_3a1c4d19,USER_09473,1195490,"{""Food Delivery"": 900000, ""Coffee Shop"": 300000, ""Movie Ticket"": 300000, ""Gaming"": 300000}",2023-08-31
PLAN_d51dcd38,USER_05263,2350941,"{""Food Delivery"": 1830000, ""Coffee Shop"": 610000, ""Movie Ticket"": 610000, ""Gaming"": 610000}",2023-08-31
PLAN_d122f1a0,USER_03537,1509157,"{""Food Delivery"": 1470000, ""Coffee Shop"": 490000, ""Movie Ticket"": 490000, ""Gaming"": 490000}",2023-08-31
PLAN_02d3f4dd,USER_08302,1676250,"{""Food Delivery"": 1365000, ""Coffee Shop"": 455000, ""Movie Ticket"": 455000, ""Gaming"": 455000}",2023-08-31
PLAN_2ac5794f,USER_07549,1231975,"{""Food Delivery"": 1215000, ""Coffee Shop"": 405000, ""Movie Ticket"": 405000, ""Gaming"": 405000}",2023-08-31
PLAN_c98f6830,USER_09695,1915831,"{""Food Delivery"": 1770000, ""Coffee Shop"": 590000, ""Movie Ticket"": 590000, ""Gaming"": 590000}",2023-08-31
PLAN_e388219d,USER_02911,762387,"{""Food Delivery"": 1050000, ""Coffee Shop"": 350000, ""Movie Ticket"": 350000, ""Gaming"": 350000}",2023-08-31
PLAN_4064820f,USER_06334,1053162,"{""Food Delivery"": 900000, ""Coffee Shop"": 300000, ""Movie Ticket"": 300000, ""Gaming"": 300000}",2023-08-31
PLAN_177e061d,USER_02782,1285593,"{""Food Delivery"": 1710000, ""Coffee Shop"": 570000, ""Movie Ticket"": 570000, ""Gaming"": 570000}",2023-08-31
PLAN_e8baba92,USER_07751,2063456,"{""Food Delivery"": 1695000, ""Coffee Shop"": 565000, ""Movie Ticket"": 565000, ""Gaming"": 565000}",2023-08-31
PLAN_f09aabf0,USER_08710,2352277,"{""Food Delivery"": 1980000, ""Coffee Shop"": 660000, ""Movie Ticket"": 660000, ""Gaming"": 660000}",2023-08-31
PLAN_c71ee9b2,USER_03934,871459,"{""Food Delivery"": 765000, ""Coffee Shop"": 255000, ""Movie Ticket"": 255000, ""Gaming"": 255000}",2023-08-31
PLAN_180d8431,USER_00568,341932,"{""Food Delivery"": 495000, ""Coffee Shop"": 165000, ""Movie Ticket"": 165000, ""Gaming"": 165000}",2023-08-31
PLAN_7f603d73,USER_02449,547313,"{""Food Delivery"": 630000, ""Coffee Shop"": 210000, ""Movie Ticket"": 210000, ""Gaming"": 210000}",2023-08-31
PLAN_a1ca3311,USER_08814,934703,"{""Food Delivery"": 1110000, ""Coffee Shop"": 370000, ""Movie Ticket"": 370000, ""Gaming"": 370000}",2023-08-31
PLAN_69e49db3,USER_09935,965696,"{""Food Delivery"": 1065000, ""Coffee Shop"": 355000, ""Movie Ticket"": 355000, ""Gaming"": 355000}",2023-08-31
PLAN_ebcbcaac,USER_02601,1555329,"{""Food Delivery"": 2145000, ""Coffee Shop"": 715000, ""Movie Ticket"": 715000, ""Gaming"": 715000}",2023-08-31
PLAN_5f3223a6,USER_03557,1510827,"{""Food Delivery"": 1170000, ""Coffee Shop"": 390000, ""Movie Ticket"": 390000, ""Gaming"": 390000}",2023-08-31
PLAN_a3469462,USER_05738,761363,"{""Food Delivery"": 735000, ""Coffee Shop"": 245000, ""Movie Ticket"": 245000, ""Gaming"": 245000}",2023-08-31
PLAN_b76c545e,USER_06185,1893010,"{""Food Delivery"": 2175000, ""Coffee Shop"": 725000, ""Movie Ticket"": 725000, ""Gaming"": 725000}",2023-08-31
PLAN_0cd5c1d2,USER_03904,1480800,"{""Food Delivery"": 1590000, ""Coffee Shop"": 530000, ""Movie Ticket"": 530000, ""Gaming"": 530000}",2023-08-31
PLAN_832cd2af,USER_00308,1591922,"{""Food Delivery"": 1650000, ""Coffee Shop"": 550000, ""Movie Ticket"": 550000, ""Gaming"": 550000}",2023-08-31
PLAN_cb534769,USER_04270,1328493,"{""Food Delivery"": 1245000, ""Coffee Shop"": 415000, ""Movie Ticket"": 415000, ""Gaming"": 415000}",2023-08-31
PLAN_2f54cc15,USER_00088,985191,"{""Food Delivery"": 975000, ""Coffee Shop"": 325000, ""Movie Ticket"": 325000, ""Gaming"": 325000}",2023-08-31
PLAN_8cf10964,USER_01055,2418433,"{""Food Delivery"": 1890000, ""Coffee Shop"": 630000, ""Movie Ticket"": 630000, ""Gaming"": 630000}",2023-08-31
PLAN_09d9d8e0,USER_05692,449089,"{""Food Delivery"": 450000, ""Coffee Shop"": 150000, ""Movie Ticket"": 150000, ""Gaming"": 150000}",2023-08-31
PLAN_a5781bb1,USER_08589,876549,"{""Food Delivery"": 660000, ""Coffee Shop"": 220000, ""Movie Ticket"": 220000, ""Gaming"": 220000}",2023-08-31
PLAN_ad46ada0,USER_00553,1962510,"{""Food Delivery"": 1590000, ""Coffee Shop"": 530000, ""Movie Ticket"": 530000, ""Gaming"": 530000}",2023-08-31
PLAN_ff2b945a,USER_06054,555914,"{""Food Delivery"": 690000, ""Coffee Shop"": 230000, ""Movie Ticket"": 230000, ""Gaming"": 230000}",2023-08-31
PLAN_cd4f400f,USER_03357,1023215,"{""Food Delivery"": 795000, ""Coffee Shop"": 265000, ""Movie Ticket"": 265000, ""Gaming"": 265000}",2023-08-31
PLAN_eab93382,USER_02348,971238,"{""Food Delivery"": 1305000, ""Coffee Shop"": 435000, ""Movie Ticket"": 435000, ""Gaming"": 435000}",2023-08-31
PLAN_3f61fb11,USER_01968,1835624,"{""Food Delivery"": 1515000, ""Coffee Shop"": 505000, ""Movie Ticket"": 505000, ""Gaming"": 505000}",2023-08-31
PLAN_81dc7eac,USER_06795,1974291,"{""Food Delivery"": 2145000, ""Coffee Shop"": 715000, ""Movie Ticket"": 715000, ""Gaming"": 715000}",2023-08-31
PLAN_da327ef6,USER_01782,2253569,"{""Food Delivery"": 1800000, ""Coffee Shop"": 600000, ""Movie Ticket"": 600000, ""Gaming"": 600000}",2023-08-31
PLAN_dddaa36f,USER_08437,2577918,"{""Food Delivery"": 2070000, ""Coffee Shop"": 690000, ""Movie Ticket"": 690000, ""Gaming"": 690000}",2023-08-31
PLAN_8d9fc42f,USER_04482,939081,"{""Food Delivery"": 780000, ""Coffee Shop"": 260000, ""Movie Ticket"": 260000, ""Gaming"": 260000}",2023-08-31
PLAN_65161307,USER_03401,1342522,"{""Food Delivery"": 1125000, ""Coffee Shop"": 375000, ""Movie Ticket"": 375000, ""Gaming"": 375000}",2023-08-31
PLAN_f23f596e,USER_03450,1317725,"{""Food Delivery"": 1515000, ""Coffee Shop"": 505000, ""Movie Ticket"": 505000, ""Gaming"": 505000}",2023-08-31
PLAN_ebc8c170,USER_07167,399940,"{""Food Delivery"": 555000, ""Coffee Shop"": 185000, ""Movie Ticket"": 185000, ""Gaming"": 185000}",2023-08-31
PLAN_b4d37fd6,USER_07590,1234622,"{""Food Delivery"": 1320000, ""Coffee Shop"": 440000, ""Movie Ticket"": 440000, ""Gaming"": 440000}",2023-08-31
PLAN_64159e0a,USER_09040,1396494,"{""Food Delivery"": 1785000, ""Coffee Shop"": 595000, ""Movie Ticket"": 595000, ""Gaming"": 595000}",2023-08-31
PLAN_80d692cd,USER_00240,2372931,"{""Food Delivery"": 2100000, ""Coffee Shop"": 700000, ""Movie Ticket"": 700000, ""Gaming"": 700000}",2023-08-31
PLAN_9faeacb6,USER_09373,1184567,"{""Food Delivery"": 1320000, ""Coffee Shop"": 440000, ""Movie Ticket"": 440000, ""Gaming"": 440000}",2023-08-31
PLAN_f105c1ed,USER_03382,829756,"{""Food Delivery"": 630000, ""Coffee Shop"": 210000, ""Movie Ticket"": 210000, ""Gaming"": 210000}",2023-08-31
PLAN_a9ed43fc,USER_04367,1115861,"{""Food Delivery"": 1020000, ""Coffee Shop"": 340000, ""Movie Ticket"": 340000, ""Gaming"": 340000}",2023-08-31
PLAN_36a7e206,USER_08163,2369224,"{""Food Delivery"": 1950000, ""Coffee Shop"": 650000, ""Movie Ticket"": 650000, ""Gaming"": 650000}",2023-08-31
PLAN_3f7b33a4,USER_02738,1608185,"{""Food Delivery"": 2130000, ""Coffee Shop"": 710000, ""Movie Ticket"": 710000, ""Gaming"": 710000}",2023-08-31
PLAN_b274a36d,USER_03035,1061348,"{""Food Delivery"": 855000, ""Coffee Shop"": 285000, ""Movie Ticket"": 285000, ""Gaming"": 285000}",2023-08-31
PLAN_9269e28f,USER_00932,2268853,"{""Food Delivery"": 1770000, ""Coffee Shop"": 590000, ""Movie Ticket"": 590000, ""Gaming"": 590000}",2023-08-31
PLAN_c6366a1a,USER_03128,1338355,"{""Food Delivery"": 1350000, ""Coffee Shop"": 450000, ""Movie Ticket"": 450000, ""Gaming"": 450000}",2023-08-31
PLAN_3b3a223e,USER_05436,722813,"{""Food Delivery"": 675000, ""Coffee Shop"": 225000, ""Movie Ticket"": 225000, ""Gaming"": 225000}",2023-08-31
PLAN_f06bbea5,USER_06872,2611918,"{""Food Delivery"": 2220000, ""Coffee Shop"": 740000, ""Movie Ticket"": 740000, ""Gaming"": 740000}",2023-08-31
PLAN_e7b9b353,USER_03326,364199,"{""Food Delivery"": 465000, ""Coffee Shop"": 155000, ""Movie Ticket"": 155000, ""Gaming"": 155000}",2023-08-31
PLAN_2ce79a80,USER_09029,2208772,"{""Food Delivery"": 2205000, ""Coffee Shop"": 735000, ""Movie Ticket"": 735000, ""Gaming"": 735000}",2023-08-31
PLAN_d24946b0,USER_09624,1552515,"{""Food Delivery"": 1665000, ""Coffee Shop"": 555000, ""Movie Ticket"": 555000, ""Gaming"": 555000}",2023-08-31
PLAN_a2957f32,USER_07350,527332,"{""Food Delivery"": 690000, ""Coffee Shop"": 230000, ""Movie Ticket"": 230000, ""Gaming"": 230000}",2023-08-31
PLAN_b2f45b16,USER_06544,806845,"{""Food Delivery"": 885000, ""Coffee Shop"": 295000, ""Movie Ticket"": 295000, ""Gaming"": 295000}",2023-08-31
PLAN_62c03aac,USER_05711,1409987,"{""Food Delivery"": 1980000, ""Coffee Shop"": 660000, ""Movie Ticket"": 660000, ""Gaming"": 660000}",2023-08-31
PLAN_eafbc093,USER_09951,430841,"{""Food Delivery"": 630000, ""Coffee Shop"": 210000, ""Movie Ticket"": 210000, ""Gaming"": 210000}",2023-08-31
PLAN_31373c5d,USER_09492,1418957,"{""Food Delivery"": 1875000, ""Coffee Shop"": 625000, ""Movie Ticket"": 625000, ""Gaming"": 625000}",2023-08-31
PLAN_b3098ac5,USER_01990,2807254,"{""Food Delivery"": 2145000, ""Coffee Shop"": 715000, ""Movie Ticket"": 715000, ""Gaming"": 715000}",2023-08-31
PLAN_4622416d,USER_05847,1890426,"{""Food Delivery"": 1830000, ""Coffee Shop"": 610000, ""Movie Ticket"": 610000, ""Gaming"": 610000}",2023-08-31
PLAN_5830a170,USER_06210,2732492,"{""Food Delivery"": 2085000, ""Coffee Shop"": 695000, ""Movie Ticket"": 695000, ""Gaming"": 695000}",2023-08-31
PLAN_dc3b1306,USER_00052,1761972,"{""Food Delivery"": 1845000, ""Coffee Shop"": 615000, ""Movie Ticket"": 615000, ""Gaming"": 615000}",2023-08-31
PLAN_1473ad12,USER_01249,1456115,"{""Food Delivery"": 1665000, ""Coffee Shop"": 555000, ""Movie Ticket"": 555000, ""Gaming"": 555000}",2023-08-31
PLAN_7e09da11,USER_02929,632579,"{""Food Delivery"": 630000, ""Coffee Shop"": 210000, ""Movie Ticket"": 210000, ""Gaming"": 210000}",2023-08-31
PLAN_4077b7cd,USER_02471,1036448,"{""Food Delivery"": 1080000, ""Coffee Shop"": 360000, ""Movie Ticket"": 360000, ""Gaming"": 360000}",2023-08-31
PLAN_48893e9f,USER_01534,1260457,"{""Food Delivery"": 1710000, ""Coffee Shop"": 570000, ""Movie Ticket"": 570000, ""Gaming"": 570000}",2023-08-31
PLAN_fb91a861,USER_07927,2018216,"{""Food Delivery"": 1845000, ""Coffee Shop"": 615000, ""Movie Ticket"": 615000, ""Gaming"": 615000}",2023-08-31
PLAN_8b1175cb,USER_03515,608019,"{""Food Delivery"": 750000, ""Coffee Shop"": 250000, ""Movie Ticket"": 250000, ""Gaming"": 250000}",2023-08-31
PLAN_be4ad372,USER_09997,2283619,"{""Food Delivery"": 2115000, ""Coffee Shop"": 705000, ""Movie Ticket"": 705000, ""Gaming"": 705000}",2023-08-31
PLAN_1856adcf,USER_01655,1386168,"{""Food Delivery"": 1260000, ""Coffee Shop"": 420000, ""Movie Ticket"": 420000, ""Gaming"": 420000}",2023-08-31
PLAN_47cbe0e6,USER_05996,1267227,"{""Food Delivery"": 1650000, ""Coffee Shop"": 550000, ""Movie Ticket"": 550000, ""Gaming"": 550000}",2023-08-31
PLAN_fc3d9b6b,USER_09019,732331,"{""Food Delivery"": 1035000, ""Coffee Shop"": 345000, ""Movie Ticket"": 345000, ""Gaming"": 345000}",2023-08-31
PLAN_e8c2c97d,USER_05626,1994452,"{""Food Delivery"": 1680000, ""Coffee Shop"": 560000, ""Movie Ticket"": 560000, ""Gaming"": 560000}",2023-08-31
PLAN_055908ea,USER_06711,2116710,"{""Food Delivery"": 2175000, ""Coffee Shop"": 725000, ""Movie Ticket"": 725000, ""Gaming"": 725000}",2023-08-31
PLAN_b1ed7329,USER_04625,465592,"{""Food Delivery"": 660000, ""Coffee Shop"": 220000, ""Movie Ticket"": 220000, ""Gaming"": 220000}",2023-08-31
PLAN_a7494707,USER_08773,2034763,"{""Food Delivery"": 1530000, ""Coffee Shop"": 510000, ""Movie Ticket"": 510000, ""Gaming"": 510000}",2023-08-31
PLAN_f99091d6,USER_09765,856802,"{""Food Delivery"": 1215000, ""Coffee Shop"": 405000, ""Movie Ticket"": 405000, ""Gaming"": 405000}",2023-08-31
PLAN_e01f3c00,USER_05618,1745886,"{""Food Delivery"": 1545000, ""Coffee Shop"": 515000, ""Movie Ticket"": 515000, ""Gaming"": 515000}",2023-08-31
PLAN_6b3ad113,USER_05608,2717640,"{""Food Delivery"": 2055000, ""Coffee Shop"": 685000, ""Movie Ticket"": 685000, ""Gaming"": 685000}",2023-08-31
PLAN_f07635f4,USER_04723,1536583,"{""Food Delivery"": 1860000, ""Coffee Shop"": 620000, ""Movie Ticket"": 620000, ""Gaming"": 620000}",2023-08-31
PLAN_45d4f440,USER_00239,936644,"{""Food Delivery"": 1230000, ""Coffee Shop"": 410000, ""Movie Ticket"": 410000, ""Gaming"": 410000}",2023-08-31
PLAN_07539c66,USER_01710,1300806,"{""Food Delivery"": 1740000, ""Coffee Shop"": 580000, ""Movie Ticket"": 580000, ""Gaming"": 580000}",2023-08-31
PLAN_fd1f60a4,USER_05010,1055652,"{""Food Delivery"": 1215000, ""Coffee Shop"": 405000, ""Movie Ticket"": 405000, ""Gaming"": 405000}",2023-08-31
PLAN_7430f686,USER_04948,649617,"{""Food Delivery"": 885000, ""Coffee Shop"": 295000, ""Movie Ticket"": 295000, ""Gaming"": 295000}",2023-08-31
PLAN_056a1052,USER_02256,1049140,"{""Food Delivery"": 930000, ""Coffee Shop"": 310000, ""Movie Ticket"": 310000, ""Gaming"": 310000}",2023-08-31
PLAN_51567c90,USER_06193,913570,"{""Food Delivery"": 1290000, ""Coffee Shop"": 430000, ""Movie Ticket"": 430000, ""Gaming"": 430000}",2023-08-31
PLAN_9c68c15e,USER_02151,1222631,"{""Food Delivery"": 1215000, ""Coffee Shop"": 405000, ""Movie Ticket"": 405000, ""Gaming"": 405000}",2023-08-31
PLAN_09dac7cf,USER_04967,758744,"{""Food Delivery"": 570000, ""Coffee Shop"": 190000, ""Movie Ticket"": 190000, ""Gaming"": 190000}",2023-08-31
PLAN_3fc0249d,USER_08434,1505595,"{""Food Delivery"": 1245000, ""Coffee Shop"": 415000, ""Movie Ticket"": 415000, ""Gaming"": 415000}",2023-08-31
PLAN_a1d0fe9a,USER_01866,2261307,"{""Food Delivery"": 2100000, ""Coffee Shop"": 700000, ""Movie Ticket"": 700000, ""Gaming"": 700000}",2023-08-31
PLAN_6d4e84bd,USER_01070,391876,"{""Food Delivery"": 450000, ""Coffee Shop"": 150000, ""Movie Ticket"": 150000, ""Gaming"": 150000}",2023-08-31
PLAN_d09240bc,USER_05413,1185443,"{""Food Delivery"": 1095000, ""Coffee Shop"": 365000, ""Movie Ticket"": 365000, ""Gaming"": 365000}",2023-08-31
PLAN_b0417a57,USER_06594,1954613,"{""Food Delivery"": 1920000, ""Coffee Shop"": 640000, ""Movie Ticket"": 640000, ""Gaming"": 640000}",2023-08-31
PLAN_cce2a86f,USER_03816,1483126,"{""Food Delivery"": 1560000, ""Coffee Shop"": 520000, ""Movie Ticket"": 520000, ""Gaming"": 520000}",2023-08-31
PLAN_076f7a3e,USER_04517,1436002,"{""Food Delivery"": 1905000, ""Coffee Shop"": 635000, ""Movie Ticket"": 635000, ""Gaming"": 635000}",2023-08-31
PLAN_3abe7c78,USER_07947,2056398,"{""Food Delivery"": 1635000, ""Coffee Shop"": 545000, ""Movie Ticket"": 545000, ""Gaming"": 545000}",2023-08-31
PLAN_91d718e0,USER_00883,550918,"{""Food Delivery"": 570000, ""Coffee Shop"": 190000, ""Movie Ticket"": 190000, ""Gaming"": 190000}",2023-08-31
PLAN_8a89b131,USER_02254,728719,"{""Food Delivery"": 915000, ""Coffee Shop"": 305000, ""Movie Ticket"": 305000, ""Gaming"": 305000}",2023-08-31
PLAN_77f03a7c,USER_06672,601814,"{""Food Delivery"": 660000, ""Coffee Shop"": 220000, ""Movie Ticket"": 220000, ""Gaming"": 220000}",2023-08-31
PLAN_6135e742,USER_03985,579793,"{""Food Delivery"": 615000, ""Coffee Shop"": 205000, ""Movie Ticket"": 205000, ""Gaming"": 205000}",2023-08-31
PLAN_cf8e83d6,USER_00892,2302697,"{""Food Delivery"": 1890000, ""Coffee Shop"": 630000, ""Movie Ticket"": 630000, ""Gaming"": 630000}",2023-08-31
PLAN_9bbb394f,USER_09847,2392387,"{""Food Delivery"": 2070000, ""Coffee Shop"": 690000, ""Movie Ticket"": 690000, ""Gaming"": 690000}",2023-08-31
PLAN_54ae4517,USER_07734,1893156,"{""Food Delivery"": 1605000, ""Coffee Shop"": 535000, ""Movie Ticket"": 535000, ""Gaming"": 535000}",2023-08-31
PLAN_ad14eea4,USER_07980,1516546,"{""Food Delivery"": 2250000, ""Coffee Shop"": 750000, ""Movie Ticket"": 750000, ""Gaming"": 750000}",2023-08-31
PLAN_bc2e1962,USER_08103,1217892,"{""Food Delivery"": 1290000, ""Coffee Shop"": 430000, ""Movie Ticket"": 430000, ""Gaming"": 430000}",2023-08-31
PLAN_aaf60900,USER_02307,548097,"{""Food Delivery"": 555000, ""Coffee Shop"": 185000, ""Movie Ticket"": 185000, ""Gaming"": 185000}",2023-08-31
PLAN_55f792bd,USER_01366,1029384,"{""Food Delivery"": 1515000, ""Coffee Shop"": 505000, ""Movie Ticket"": 505000, ""Gaming"": 505000}",2023-08-31
PLAN_6189ee43,USER_07922,705495,"{""Food Delivery"": 840000, ""Coffee Shop"": 280000, ""Movie Ticket"": 280000, ""Gaming"": 280000}",2023-08-31
PLAN_218312cf,USER_00225,1601863,"{""Food Delivery"": 1365000, ""Coffee Shop"": 455000, ""Movie Ticket"": 455000, ""Gaming"": 455000}",2023-08-31
PLAN_be3248af,USER_02396,466214,"{""Food Delivery"": 615000, ""Coffee Shop"": 205000, ""Movie Ticket"": 205000, ""Gaming"": 205000}",2023-08-31
PLAN_a1640349,USER_07472,1443191,"{""Food Delivery"": 1410000, ""Coffee Shop"": 470000, ""Movie Ticket"": 470000, ""Gaming"": 470000}",2023-08-31
PLAN_aa752fcf,USER_04591,1652674,"{""Food Delivery"": 2040000, ""Coffee Shop"": 680000, ""Movie Ticket"": 680000, ""Gaming"": 680000}",2023-08-31
PLAN_d2a1a1cc,USER_04549,1346120,"{""Food Delivery"": 1995000, ""Coffee Shop"": 665000, ""Movie Ticket"": 665000, ""Gaming"": 665000}",2023-08-31
PLAN_c876a29a,USER_08412,881253,"{""Food Delivery"": 1065000, ""Coffee Shop"": 355000, ""Movie Ticket"": 355000, ""Gaming"": 355000}",2023-08-31
PLAN_1fab4720,USER_09467,1798045,"{""Food Delivery"": 1365000, ""Coffee Shop"": 455000, ""Movie Ticket"": 455000, ""Gaming"": 455000}",2023-08-31
PLAN_5f040739,USER_03959,2594213,"{""Food Delivery"": 2160000, ""Coffee Shop"": 720000, ""Movie Ticket"": 720000, ""Gaming"": 720000}",2023-08-31
PLAN_d68e05cb,USER_04326,783830,"{""Food Delivery"": 600000, ""Coffee Shop"": 200000, ""Movie Ticket"": 200000, ""Gaming"": 200000}",2023-08-31
PLAN_659f66e7,USER_07491,1963967,"{""Food Delivery"": 1980000, ""Coffee Shop"": 660000, ""Movie Ticket"": 660000, ""Gaming"": 660000}",2023-08-31
PLAN_a4354325,USER_00562,799010,"{""Food Delivery"": 1080000, ""Coffee Shop"": 360000, ""Movie Ticket"": 360000, ""Gaming"": 360000}",2023-08-31
PLAN_3cbfbe02,USER_06424,1919469,"{""Food Delivery"": 1860000, ""Coffee Shop"": 620000, ""Movie Ticket"": 620000, ""Gaming"": 620000}",2023-08-31
PLAN_d6bf81a5,USER_08595,669013,"{""Food Delivery"": 690000, ""Coffee Shop"": 230000, ""Movie Ticket"": 230000, ""Gaming"": 230000}",2023-08-31
PLAN_85655275,USER_00688,2323889,"{""Food Delivery"": 1890000, ""Coffee Shop"": 630000, ""Movie Ticket"": 630000, ""Gaming"": 630000}",2023-08-31
PLAN_f4f039fb,USER_03224,669830,"{""Food Delivery"": 915000, ""Coffee Shop"": 305000, ""Movie Ticket"": 305000, ""Gaming"": 305000}",2023-08-31
PLAN_8f3a5304,USER_01533,1815654,"{""Food Delivery"": 1830000, ""Coffee Shop"": 610000, ""Movie Ticket"": 610000, ""Gaming"": 610000}",2023-08-31
PLAN_8633f675,USER_04065,1311055,"{""Food Delivery"": 1710000, ""Coffee Shop"": 570000, ""Movie Ticket"": 570000, ""Gaming"": 570000}",2023-08-31
PLAN_c44142e6,USER_07835,1510130,"{""Food Delivery"": 1710000, ""Coffee Shop"": 570000, ""Movie Ticket"": 570000, ""Gaming"": 570000}",2023-08-31
PLAN_670a8ea7,USER_03175,1198776,"{""Food Delivery"": 1035000, ""Coffee Shop"": 345000, ""Movie Ticket"": 345000, ""Gaming"": 345000}",2023-08-31
PLAN_b5e1996f,USER_08749,767529,"{""Food Delivery"": 780000, ""Coffee Shop"": 260000, ""Movie Ticket"": 260000, ""Gaming"": 260000}",2023-08-31
PLAN_c61cc708,USER_09309,1169505,"{""Food Delivery"": 1275000, ""Coffee Shop"": 425000, ""Movie Ticket"": 425000, ""Gaming"": 425000}",2023-08-31
PLAN_218d5c34,USER_00119,488066,"{""Food Delivery"": 525000, ""Coffee Shop"": 175000, ""Movie Ticket"": 175000, ""Gaming"": 175000}",2023-08-31
PLAN_c1ff088c,USER_07430,1678363,"{""Food Delivery"": 1725000, ""Coffee Shop"": 575000, ""Movie Ticket"": 575000, ""Gaming"": 575000}",2023-08-31
PLAN_6e7645cf,USER_00810,1410163,"{""Food Delivery"": 1185000, ""Coffee Shop"": 395000, ""Movie Ticket"": 395000, ""Gaming"": 395000}",2023-08-31
PLAN_c35b9d56,USER_03603,2478630,"{""Food Delivery"": 1965000, ""Coffee Shop"": 655000, ""Movie Ticket"": 655000, ""Gaming"": 655000}",2023-08-31
PLAN_b45550ac,USER_01005,1290520,"{""Food Delivery"": 990000, ""Coffee Shop"": 330000, ""Movie Ticket"": 330000, ""Gaming"": 330000}",2023-08-31
PLAN_0fb729ac,USER_05420,2465926,"{""Food Delivery"": 2070000, ""Coffee Shop"": 690000, ""Movie Ticket"": 690000, ""Gaming"": 690000}",2023-08-31
PLAN_e1d7470e,USER_04028,1223328,"{""Food Delivery"": 1395000, ""Coffee Shop"": 465000, ""Movie Ticket"": 465000, ""Gaming"": 465000}",2023-08-31
PLAN_90a3e617,USER_00202,2430913,"{""Food Delivery"": 2160000, ""Coffee Shop"": 720000, ""Movie Ticket"": 720000, ""Gaming"": 720000}",2023-08-31
PLAN_6c57d647,USER_08402,1193210,"{""Food Delivery"": 1245000, ""Coffee Shop"": 415000, ""Movie Ticket"": 415000, ""Gaming"": 415000}",2023-08-31
PLAN_3124ef51,USER_07085,1267217,"{""Food Delivery"": 1515000, ""Coffee Shop"": 505000, ""Movie Ticket"": 505000, ""Gaming"": 505000}",2023-08-31
PLAN_30a7e11e,USER_08536,2466767,"{""Food Delivery"": 2010000, ""Coffee Shop"": 670000, ""Movie Ticket"": 670000, ""Gaming"": 670000}",2023-08-31
PLAN_bc15d5a4,USER_00419,809972,"{""Food Delivery"": 1170000, ""Coffee Shop"": 390000, ""Movie Ticket"": 390000, ""Gaming"": 390000}",2023-08-31
PLAN_e4464e51,USER_05319,2434255,"{""Food Delivery"": 1920000, ""Coffee Shop"": 640000, ""Movie Ticket"": 640000, ""Gaming"": 640000}",2023-08-31
PLAN_caa36e30,USER_00733,2104527,"{""Food Delivery"": 2160000, ""Coffee Shop"": 720000, ""Movie Ticket"": 720000, ""Gaming"": 720000}",2023-08-31
PLAN_ccdac1a4,USER_08184,654880,"{""Food Delivery"": 600000, ""Coffee Shop"": 200000, ""Movie Ticket"": 200000, ""Gaming"": 200000}",2023-08-31
PLAN_ced0b1d9,USER_09266,1941444,"{""Food Delivery"": 1755000, ""Coffee Shop"": 585000, ""Movie Ticket"": 585000, ""Gaming"": 585000}",2023-08-31
PLAN_43cf2e30,USER_06537,1478191,"{""Food Delivery"": 1170000, ""Coffee Shop"": 390000, ""Movie Ticket"": 390000, ""Gaming"": 390000}",2023-08-31
PLAN_aa8091aa,USER_00914,818334,"{""Food Delivery"": 750000, ""Coffee Shop"": 250000, ""Movie Ticket"": 250000, ""Gaming"": 250000}",2023-08-31
PLAN_6a5b0549,USER_01235,2324064,"{""Food Delivery"": 2160000, ""Coffee Shop"": 720000, ""Movie Ticket"": 720000, ""Gaming"": 720000}",2023-08-31
PLAN_a05cb4d8,USER_05848,1013319,"{""Food Delivery"": 1425000, ""Coffee Shop"": 475000, ""Movie Ticket"": 475000, ""Gaming"": 475000}",2023-08-31
PLAN_439de963,USER_06449,1396935,"{""Food Delivery"": 1380000, ""Coffee Shop"": 460000, ""Movie Ticket"": 460000, ""Gaming"": 460000}",2023-08-31
PLAN_0cac6926,USER_04280,1529724,"{""Food Delivery"": 1995000, ""Coffee Shop"": 665000, ""Movie Ticket"": 665000, ""Gaming"": 665000}",2023-08-31
PLAN_e089daaa,USER_09024,1945925,"{""Food Delivery"": 1680000, ""Coffee Shop"": 560000, ""Movie Ticket"": 560000, ""Gaming"": 560000}",2023-08-31
PLAN_ea5da3bf,USER_03369,1996132,"{""Food Delivery"": 1980000, ""Coffee Shop"": 660000, ""Movie Ticket"": 660000, ""Gaming"": 660000}",2023-08-31
PLAN_fe17ae18,USER_00293,957729,"{""Food Delivery"": 855000, ""Coffee Shop"": 285000, ""Movie Ticket"": 285000, ""Gaming"": 285000}",2023-08-31
PLAN_d24d87de,USER_02325,479169,"{""Food Delivery"": 690000, ""Coffee Shop"": 230000, ""Movie Ticket"": 230000, ""Gaming"": 230000}",2023-08-31
PLAN_6c665c05,USER_02041,379677,"{""Food Delivery"": 525000, ""Coffee Shop"": 175000, ""Movie Ticket"": 175000, ""Gaming"": 175000}",2023-08-31
PLAN_f80d8096,USER_08918,823835,"{""Food Delivery"": 720000, ""Coffee Shop"": 240000, ""Movie Ticket"": 240000, ""Gaming"": 240000}",2023-08-31
PLAN_040b0b74,USER_05439,911271,"{""Food Delivery"": 1275000, ""Coffee Shop"": 425000, ""Movie Ticket"": 425000, ""Gaming"": 425000}",2023-08-31
PLAN_bd071eff,USER_02893,1403346,"{""Food Delivery"": 1965000, ""Coffee Shop"": 655000, ""Movie Ticket"": 655000, ""Gaming"": 655000}",2023-08-31
PLAN_2fd54d47,USER_01848,576901,"{""Food Delivery"": 855000, ""Coffee Shop"": 285000, ""Movie Ticket"": 285000, ""Gaming"": 285000}",2023-08-31
PLAN_a6367b48,USER_02772,1858676,"{""Food Delivery"": 1425000, ""Coffee Shop"": 475000, ""Movie Ticket"": 475000, ""Gaming"": 475000}",2023-08-31
PLAN_f4de28b4,USER_01224,1164130,"{""Food Delivery"": 1005000, ""Coffee Shop"": 335000, ""Movie Ticket"": 335000, ""Gaming"": 335000}",2023-08-31
PLAN_11691ef3,USER_06106,2002812,"{""Food Delivery"": 2220000, ""Coffee Shop"": 740000, ""Movie Ticket"": 740000, ""Gaming"": 740000}",2023-08-31
PLAN_90274c0c,USER_04531,855713,"{""Food Delivery"": 990000, ""Coffee Shop"": 330000, ""Movie Ticket"": 330000, ""Gaming"": 330000}",2023-08-31
PLAN_1ea28507,USER_05123,1943572,"{""Food Delivery"": 2160000, ""Coffee Shop"": 720000, ""Movie Ticket"": 720000, ""Gaming"": 720000}",2023-08-31
PLAN_92e79d9a,USER_06799,2573247,"{""Food Delivery"": 2175000, ""Coffee Shop"": 725000, ""Movie Ticket"": 725000, ""Gaming"": 725000}",2023-08-31
PLAN_873ef970,USER_01544,1611529,"{""Food Delivery"": 1455000, ""Coffee Shop"": 485000, ""Movie Ticket"": 485000, ""Gaming"": 485000}",2023-08-31
PLAN_f170024e,USER_07116,1362974,"{""Food Delivery"": 1725000, ""Coffee Shop"": 575000, ""Movie Ticket"": 575000, ""Gaming"": 575000}",2023-08-31
PLAN_d1edb7b0,USER_02252,1397190,"{""Food Delivery"": 1785000, ""Coffee Shop"": 595000, ""Movie Ticket"": 595000, ""Gaming"": 595000}",2023-08-31
PLAN_b79c03af,USER_02624,856748,"{""Food Delivery"": 1170000, ""Coffee Shop"": 390000, ""Movie Ticket"": 390000, ""Gaming"": 390000}",2023-08-31
PLAN_cbe2ce42,USER_07826,1195417,"{""Food Delivery"": 1080000, ""Coffee Shop"": 360000, ""Movie Ticket"": 360000, ""Gaming"": 360000}",2023-08-31
PLAN_d3b60938,USER_04359,1146842,"{""Food Delivery"": 975000, ""Coffee Shop"": 325000, ""Movie Ticket"": 325000, ""Gaming"": 325000}",2023-08-31
PLAN_8d98e58f,USER_07073,1100590,"{""Food Delivery"": 1305000, ""Coffee Shop"": 435000, ""Movie Ticket"": 435000, ""Gaming"": 435000}",2023-08-31
PLAN_cb2d361d,USER_04136,428796,"{""Food Delivery"": 630000, ""Coffee Shop"": 210000, ""Movie Ticket"": 210000, ""Gaming"": 210000}",2023-08-31
PLAN_96e482e7,USER_01978,876559,"{""Food Delivery"": 1215000, ""Coffee Shop"": 405000, ""Movie Ticket"": 405000, ""Gaming"": 405000}",2023-08-31
PLAN_d1ca21a4,USER_02050,1712038,"{""Food Delivery"": 1305000, ""Coffee Shop"": 435000, ""Movie Ticket"": 435000, ""Gaming"": 435000}",2023-08-31
PLAN_1c65e66f,USER_01896,790221,"{""Food Delivery"": 915000, ""Coffee Shop"": 305000, ""Movie Ticket"": 305000, ""Gaming"": 305000}",2023-08-31
PLAN_60646118,USER_09612,1946145,"{""Food Delivery"": 1650000, ""Coffee Shop"": 550000, ""Movie Ticket"": 550000, ""Gaming"": 550000}",2023-08-31
PLAN_1f524493,USER_07700,2177049,"{""Food Delivery"": 2010000, ""Coffee Shop"": 670000, ""Movie Ticket"": 670000, ""Gaming"": 670000}",2023-08-31
PLAN_0d772097,USER_07986,1782702,"{""Food Delivery"": 1935000, ""Coffee Shop"": 645000, ""Movie Ticket"": 645000, ""Gaming"": 645000}",2023-08-31
PLAN_d464515d,USER_06497,1784417,"{""Food Delivery"": 2220000, ""Coffee Shop"": 740000, ""Movie Ticket"": 740000, ""Gaming"": 740000}",2023-08-31
PLAN_10bfb8b8,USER_05869,998033,"{""Food Delivery"": 1335000, ""Coffee Shop"": 445000, ""Movie Ticket"": 445000, ""Gaming"": 445000}",2023-08-31
PLAN_bbd24181,USER_01433,2244868,"{""Food Delivery"": 2085000, ""Coffee Shop"": 695000, ""Movie Ticket"": 695000, ""Gaming"": 695000}",2023-08-31
PLAN_d417f1cc,USER_05957,1987589,"{""Food Delivery"": 1680000, ""Coffee Shop"": 560000, ""Movie Ticket"": 560000, ""Gaming"": 560000}",2023-08-31
PLAN_adf8b834,USER_03199,1430196,"{""Food Delivery"": 1305000, ""Coffee Shop"": 435000, ""Movie Ticket"": 435000, ""Gaming"": 435000}",2023-08-31
PLAN_14ce92c7,USER_05050,1958786,"{""Food Delivery"": 1920000, ""Coffee Shop"": 640000, ""Movie Ticket"": 640000, ""Gaming"": 640000}",2023-08-31
PLAN_ec53e80a,USER_05240,1448312,"{""Food Delivery"": 2085000, ""Coffee Shop"": 695000, ""Movie Ticket"": 695000, ""Gaming"": 695000}",2023-08-31
PLAN_0d2cbfb5,USER_04711,2618090,"{""Food Delivery"": 1995000, ""Coffee Shop"": 665000, ""Movie Ticket"": 665000, ""Gaming"": 665000}",2023-08-31
PLAN_17b204f8,USER_02166,1528907,"{""Food Delivery"": 1275000, ""Coffee Shop"": 425000, ""Movie Ticket"": 425000, ""Gaming"": 425000}",2023-08-31
PLAN_7e8da382,USER_07257,736908,"{""Food Delivery"": 855000, ""Coffee Shop"": 285000, ""Movie Ticket"": 285000, ""Gaming"": 285000}",2023-08-31
PLAN_c674f0db,USER_05727,593991,"{""Food Delivery"": 450000, ""Coffee Shop"": 150000, ""Movie Ticket"": 150000, ""Gaming"": 150000}",2023-08-31
PLAN_6f39caa5,USER_03016,1137335,"{""Food Delivery"": 1065000, ""Coffee Shop"": 355000, ""Movie Ticket"": 355000, ""Gaming"": 355000}",2023-08-31
PLAN_c9c7a9df,USER_06701,1756489,"{""Food Delivery"": 1665000, ""Coffee Shop"": 555000, ""Movie Ticket"": 555000, ""Gaming"": 555000}",2023-08-31
PLAN_768564bf,USER_05603,1346016,"{""Food Delivery"": 1155000, ""Coffee Shop"": 385000, ""Movie Ticket"": 385000, ""Gaming"": 385000}",2023-08-31
PLAN_45b0c54b,USER_04683,1250121,"{""Food Delivery"": 1035000, ""Coffee Shop"": 345000, ""Movie Ticket"": 345000, ""Gaming"": 345000}",2023-08-31
PLAN_6f8b9772,USER_06865,2087163,"{""Food Delivery"": 1890000, ""Coffee Shop"": 630000, ""Movie Ticket"": 630000, ""Gaming"": 630000}",2023-08-31
PLAN_edf318bd,USER_07037,1037848,"{""Food Delivery"": 1380000, ""Coffee Shop"": 460000, ""Movie Ticket"": 460000, ""Gaming"": 460000}",2023-08-31
PLAN_d32709e5,USER_00123,1405180,"{""Food Delivery"": 1575000, ""Coffee Shop"": 525000, ""Movie Ticket"": 525000, ""Gaming"": 525000}",2023-08-31
PLAN_57a5d77b,USER_09913,1947364,"{""Food Delivery"": 1515000, ""Coffee Shop"": 505000, ""Movie Ticket"": 505000, ""Gaming"": 505000}",2023-08-31
PLAN_eae66d2e,USER_07831,1432800,"{""Food Delivery"": 1755000, ""Coffee Shop"": 585000, ""Movie Ticket"": 585000, ""Gaming"": 585000}",2023-08-31
PLAN_013b0b19,USER_05820,1495662,"{""Food Delivery"": 1635000, ""Coffee Shop"": 545000, ""Movie Ticket"": 545000, ""Gaming"": 545000}",2023-08-31
PLAN_5c8cd123,USER_04807,2047869,"{""Food Delivery"": 2145000, ""Coffee Shop"": 715000, ""Movie Ticket"": 715000, ""Gaming"": 715000}",2023-08-31
PLAN_beeed2fe,USER_09050,475003,"{""Food Delivery"": 495000, ""Coffee Shop"": 165000, ""Movie Ticket"": 165000, ""Gaming"": 165000}",2023-08-31
PLAN_80e2ee34,USER_08681,1080669,"{""Food Delivery"": 1005000, ""Coffee Shop"": 335000, ""Movie Ticket"": 335000, ""Gaming"": 335000}",2023-08-31
PLAN_1387f148,USER_09433,2662013,"{""Food Delivery"": 2055000, ""Coffee Shop"": 685000, ""Movie Ticket"": 685000, ""Gaming"": 685000}",2023-08-31
PLAN_04701f9f,USER_00522,694787,"{""Food Delivery"": 840000, ""Coffee Shop"": 280000, ""Movie Ticket"": 280000, ""Gaming"": 280000}",2023-08-31
PLAN_b5ad45f7,USER_05989,426170,"{""Food Delivery"": 570000, ""Coffee Shop"": 190000, ""Movie Ticket"": 190000, ""Gaming"": 190000}",2023-08-31
PLAN_f2d0305d,USER_05377,1676458,"{""Food Delivery"": 2100000, ""Coffee Shop"": 700000, ""Movie Ticket"": 700000, ""Gaming"": 700000}",2023-08-31
PLAN_100439ef,USER_05238,849116,"{""Food Delivery"": 675000, ""Coffee Shop"": 225000, ""Movie Ticket"": 225000, ""Gaming"": 225000}",2023-08-31
PLAN_97314fbe,USER_00973,1398939,"{""Food Delivery"": 1275000, ""Coffee Shop"": 425000, ""Movie Ticket"": 425000, ""Gaming"": 425000}",2023-08-31
PLAN_717ec270,USER_09820,1350202,"{""Food Delivery"": 1575000, ""Coffee Shop"": 525000, ""Movie Ticket"": 525000, ""Gaming"": 525000}",2023-08-31
PLAN_7319b4fc,USER_05766,1089568,"{""Food Delivery"": 900000, ""Coffee Shop"": 300000, ""Movie Ticket"": 300000, ""Gaming"": 300000}",2023-08-31
PLAN_ea57a94b,USER_03177,2177802,"{""Food Delivery"": 1755000, ""Coffee Shop"": 585000, ""Movie Ticket"": 585000, ""Gaming"": 585000}",2023-08-31
PLAN_b12a79ca,USER_07910,2732841,"{""Food Delivery"": 2220000, ""Coffee Shop"": 740000, ""Movie Ticket"": 740000, ""Gaming"": 740000}",2023-08-31
PLAN_0ea49aac,USER_04945,825138,"{""Food Delivery"": 645000, ""Coffee Shop"": 215000, ""Movie Ticket"": 215000, ""Gaming"": 215000}",2023-08-31
PLAN_b6e3b85e,USER_07711,1728092,"{""Food Delivery"": 2070000, ""Coffee Shop"": 690000, ""Movie Ticket"": 690000, ""Gaming"": 690000}",2023-08-31
PLAN_57e229a5,USER_09632,947722,"{""Food Delivery"": 810000, ""Coffee Shop"": 270000, ""Movie Ticket"": 270000, ""Gaming"": 270000}",2023-08-31
PLAN_9fab927d,USER_06655,920139,"{""Food Delivery"": 945000, ""Coffee Shop"": 315000, ""Movie Ticket"": 315000, ""Gaming"": 315000}",2023-08-31
PLAN_5cd64c61,USER_08099,1768318,"{""Food Delivery"": 1440000, ""Coffee Shop"": 480000, ""Movie Ticket"": 480000, ""Gaming"": 480000}",2023-08-31
PLAN_a7b1453b,USER_06787,916100,"{""Food Delivery"": 795000, ""Coffee Shop"": 265000, ""Movie Ticket"": 265000, ""Gaming"": 265000}",2023-08-31
PLAN_4f922510,USER_07008,2611377,"{""Food Delivery"": 2205000, ""Coffee Shop"": 735000, ""Movie Ticket"": 735000, ""Gaming"": 735000}",2023-08-31
PLAN_852c0a6e,USER_02392,2235818,"{""Food Delivery"": 2025000, ""Coffee Shop"": 675000, ""Movie Ticket"": 675000, ""Gaming"": 675000}",2023-08-31
PLAN_d7954158,USER_08862,1200977,"{""Food Delivery"": 1530000, ""Coffee Shop"": 510000, ""Movie Ticket"": 510000, ""Gaming"": 510000}",2023-08-31
PLAN_736dffe0,USER_06063,849764,"{""Food Delivery"": 825000, ""Coffee Shop"": 275000, ""Movie Ticket"": 275000, ""Gaming"": 275000}",2023-08-31
PLAN_6c97f778,USER_09449,972488,"{""Food Delivery"": 735000, ""Coffee Shop"": 245000, ""Movie Ticket"": 245000, ""Gaming"": 245000}",2023-08-31
PLAN_fa87c451,USER_00474,1801770,"{""Food Delivery"": 1395000, ""Coffee Shop"": 465000, ""Movie Ticket"": 465000, ""Gaming"": 465000}",2023-08-31
PLAN_606c6e6c,USER_09594,1387421,"{""Food Delivery"": 1995000, ""Coffee Shop"": 665000, ""Movie Ticket"": 665000, ""Gaming"": 665000}",2023-08-31
PLAN_53347314,USER_02190,454277,"{""Food Delivery"": 585000, ""Coffee Shop"": 195000, ""Movie Ticket"": 195000, ""Gaming"": 195000}",2023-08-31
PLAN_ae869c86,USER_08155,1267536,"{""Food Delivery"": 1680000, ""Coffee Shop"": 560000, ""Movie Ticket"": 560000, ""Gaming"": 560000}",2023-08-31
PLAN_1f17c033,USER_07146,1656940,"{""Food Delivery"": 1440000, ""Coffee Shop"": 480000, ""Movie Ticket"": 480000, ""Gaming"": 480000}",2023-08-31
PLAN_1eb329ed,USER_06884,963426,"{""Food Delivery"": 795000, ""Coffee Shop"": 265000, ""Movie Ticket"": 265000, ""Gaming"": 265000}",2023-08-31
PLAN_b29c19de,USER_08150,412593,"{""Food Delivery"": 510000, ""Coffee Shop"": 170000, ""Movie Ticket"": 170000, ""Gaming"": 170000}",2023-08-31
PLAN_5083d5b6,USER_07901,1445618,"{""Food Delivery"": 1440000, ""Coffee Shop"": 480000, ""Movie Ticket"": 480000, ""Gaming"": 480000}",2023-08-31
PLAN_2ca6659b,USER_00865,1601411,"{""Food Delivery"": 1305000, ""Coffee Shop"": 435000, ""Movie Ticket"": 435000, ""Gaming"": 435000}",2023-08-31
PLAN_f10f5ce5,USER_06090,970368,"{""Food Delivery"": 840000, ""Coffee Shop"": 280000, ""Movie Ticket"": 280000, ""Gaming"": 280000}",2023-08-31
PLAN_82c05402,USER_01986,1681038,"{""Food Delivery"": 1635000, ""Coffee Shop"": 545000, ""Movie Ticket"": 545000, ""Gaming"": 545000}",2023-08-31
PLAN_31335417,USER_01420,2258293,"{""Food Delivery"": 2130000, ""Coffee Shop"": 710000, ""Movie Ticket"": 710000, ""Gaming"": 710000}",2023-08-31
PLAN_08cf9557,USER_01786,663678,"{""Food Delivery"": 660000, ""Coffee Shop"": 220000, ""Movie Ticket"": 220000, ""Gaming"": 220000}",2023-08-31
PLAN_5828affe,USER_02522,830431,"{""Food Delivery"": 960000, ""Coffee Shop"": 320000, ""Movie Ticket"": 320000, ""Gaming"": 320000}",2023-08-31
PLAN_33938f18,USER_06953,1643273,"{""Food Delivery"": 1575000, ""Coffee Shop"": 525000, ""Movie Ticket"": 525000, ""Gaming"": 525000}",2023-08-31
PLAN_a3157642,USER_04518,2263106,"{""Food Delivery"": 2010000, ""Coffee Shop"": 670000, ""Movie Ticket"": 670000, ""Gaming"": 670000}",2023-08-31
PLAN_91fa4b9d,USER_08974,1536124,"{""Food Delivery"": 1230000, ""Coffee Shop"": 410000, ""Movie Ticket"": 410000, ""Gaming"": 410000}",2023-08-31
PLAN_8ae2f854,USER_00818,1194492,"{""Food Delivery"": 1095000, ""Coffee Shop"": 365000, ""Movie Ticket"": 365000, ""Gaming"": 365000}",2023-08-31
PLAN_b1f7f223,USER_09459,968616,"{""Food Delivery"": 825000, ""Coffee Shop"": 275000, ""Movie Ticket"": 275000, ""Gaming"": 275000}",2023-08-31
PLAN_99f99d14,USER_08801,881654,"{""Food Delivery"": 1140000, ""Coffee Shop"": 380000, ""Movie Ticket"": 380000, ""Gaming"": 380000}",2023-08-31
PLAN_f3a38c5a,USER_06771,920781,"{""Food Delivery"": 945000, ""Coffee Shop"": 315000, ""Movie Ticket"": 315000, ""Gaming"": 315000}",2023-08-31
PLAN_4282fb6a,USER_09445,1170824,"{""Food Delivery"": 1740000, ""Coffee Shop"": 580000, ""Movie Ticket"": 580000, ""Gaming"": 580000}",2023-08-31
PLAN_9565c136,USER_07393,1545881,"{""Food Delivery"": 1860000, ""Coffee Shop"": 620000, ""Movie Ticket"": 620000, ""Gaming"": 620000}",2023-08-31
PLAN_ffdc0861,USER_07191,1363904,"{""Food Delivery"": 1185000, ""Coffee Shop"": 395000, ""Movie Ticket"": 395000, ""Gaming"": 395000}",2023-08-31
PLAN_faca1f2b,USER_06145,2250745,"{""Food Delivery"": 1695000, ""Coffee Shop"": 565000, ""Movie Ticket"": 565000, ""Gaming"": 565000}",2023-08-31
PLAN_294f6250,USER_05769,450663,"{""Food Delivery"": 615000, ""Coffee Shop"": 205000, ""Movie Ticket"": 205000, ""Gaming"": 205000}",2023-08-31
PLAN_3ba10ed4,USER_00449,1625733,"{""Food Delivery"": 1740000, ""Coffee Shop"": 580000, ""Movie Ticket"": 580000, ""Gaming"": 580000}",2023-08-31
PLAN_89958504,USER_09350,594023,"{""Food Delivery"": 495000, ""Coffee Shop"": 165000, ""Movie Ticket"": 165000, ""Gaming"": 165000}",2023-08-31
PLAN_cd614f18,USER_08023,1396681,"{""Food Delivery"": 1740000, ""Coffee Shop"": 580000, ""Movie Ticket"": 580000, ""Gaming"": 580000}",2023-08-31
PLAN_61378013,USER_01659,1197415,"{""Food Delivery"": 1155000, ""Coffee Shop"": 385000, ""Movie Ticket"": 385000, ""Gaming"": 385000}",2023-08-31
PLAN_daff9da6,USER_02430,1455779,"{""Food Delivery"": 1260000, ""Coffee Shop"": 420000, ""Movie Ticket"": 420000, ""Gaming"": 420000}",2023-08-31
PLAN_fa51a741,USER_06226,2278539,"{""Food Delivery"": 2115000, ""Coffee Shop"": 705000, ""Movie Ticket"": 705000, ""Gaming"": 705000}",2023-08-31
PLAN_8eee3587,USER_03488,356407,"{""Food Delivery"": 450000, ""Coffee Shop"": 150000, ""Movie Ticket"": 150000, ""Gaming"": 150000}",2023-08-31
PLAN_bcdb04ec,USER_05949,1992415,"{""Food Delivery"": 2205000, ""Coffee Shop"": 735000, ""Movie Ticket"": 735000, ""Gaming"": 735000}",2023-08-31
PLAN_e64a3d14,USER_01056,2104874,"{""Food Delivery"": 1770000, ""Coffee Shop"": 590000, ""Movie Ticket"": 590000, ""Gaming"": 590000}",2023-08-31
PLAN_09d2b6bf,USER_07588,1476515,"{""Food Delivery"": 1425000, ""Coffee Shop"": 475000, ""Movie Ticket"": 475000, ""Gaming"": 475000}",2023-08-31
PLAN_ff3f2783,USER_02827,593085,"{""Food Delivery"": 885000, ""Coffee Shop"": 295000, ""Movie Ticket"": 295000, ""Gaming"": 295000}",2023-08-31
PLAN_4ff314e1,USER_01898,563517,"{""Food Delivery"": 480000, ""Coffee Shop"": 160000, ""Movie Ticket"": 160000, ""Gaming"": 160000}",2023-08-31
PLAN_6ccebef1,USER_02249,517655,"{""Food Delivery"": 750000, ""Coffee Shop"": 250000, ""Movie Ticket"": 250000, ""Gaming"": 250000}",2023-08-31
PLAN_305c5f47,USER_08940,2059965,"{""Food Delivery"": 1770000, ""Coffee Shop"": 590000, ""Movie Ticket"": 590000, ""Gaming"": 590000}",2023-08-31
PLAN_e2ad81b7,USER_01336,1358803,"{""Food Delivery"": 1695000, ""Coffee Shop"": 565000, ""Movie Ticket"": 565000, ""Gaming"": 565000}",2023-08-31
PLAN_dfe7a08a,USER_07147,1527297,"{""Food Delivery"": 1170000, ""Coffee Shop"": 390000, ""Movie Ticket"": 390000, ""Gaming"": 390000}",2023-08-31
PLAN_e4fab6b9,USER_05183,1983514,"{""Food Delivery"": 2175000, ""Coffee Shop"": 725000, ""Movie Ticket"": 725000, ""Gaming"": 725000}",2023-08-31
PLAN_d77036cf,USER_02306,1525971,"{""Food Delivery"": 1725000, ""Coffee Shop"": 575000, ""Movie Ticket"": 575000, ""Gaming"": 575000}",2023-08-31
PLAN_6e6f49d0,USER_01622,1309732,"{""Food Delivery"": 1710000, ""Coffee Shop"": 570000, ""Movie Ticket"": 570000, ""Gaming"": 570000}",2023-08-31
PLAN_c8a73d2d,USER_07703,1188099,"{""Food Delivery"": 1365000, ""Coffee Shop"": 455000, ""Movie Ticket"": 455000, ""Gaming"": 455000}",2023-08-31
PLAN_6269556f,USER_00050,2364579,"{""Food Delivery"": 1890000, ""Coffee Shop"": 630000, ""Movie Ticket"": 630000, ""Gaming"": 630000}",2023-08-31
PLAN_9e9960de,USER_08624,2894684,"{""Food Delivery"": 2175000, ""Coffee Shop"": 725000, ""Movie Ticket"": 725000, ""Gaming"": 725000}",2023-08-31
PLAN_876df5e0,USER_07882,916767,"{""Food Delivery"": 1005000, ""Coffee Shop"": 335000, ""Movie Ticket"": 335000, ""Gaming"": 335000}",2023-08-31
PLAN_c49d9802,USER_08161,637388,"{""Food Delivery"": 660000, ""Coffee Shop"": 220000, ""Movie Ticket"": 220000, ""Gaming"": 220000}",2023-08-31
PLAN_ada5863e,USER_04223,2393678,"{""Food Delivery"": 2085000, ""Coffee Shop"": 695000, ""Movie Ticket"": 695000, ""Gaming"": 695000}",2023-08-31
PLAN_7a9cac73,USER_00074,1527818,"{""Food Delivery"": 1215000, ""Coffee Shop"": 405000, ""Movie Ticket"": 405000, ""Gaming"": 405000}",2023-08-31
PLAN_01681b7e,USER_02883,1720487,"{""Food Delivery"": 1620000, ""Coffee Shop"": 540000, ""Movie Ticket"": 540000, ""Gaming"": 540000}",2023-08-31
PLAN_9cd1ea4d,USER_01747,1043644,"{""Food Delivery"": 1125000, ""Coffee Shop"": 375000, ""Movie Ticket"": 375000, ""Gaming"": 375000}",2023-08-31
PLAN_c60f444a,USER_03681,762815,"{""Food Delivery"": 810000, ""Coffee Shop"": 270000, ""Movie Ticket"": 270000, ""Gaming"": 270000}",2023-08-31
PLAN_e4309a50,USER_05180,847809,"{""Food Delivery"": 750000, ""Coffee Shop"": 250000, ""Movie Ticket"": 250000, ""Gaming"": 250000}",2023-08-31
PLAN_051c7abe,USER_08815,1173765,"{""Food Delivery"": 1755000, ""Coffee Shop"": 585000, ""Movie Ticket"": 585000, ""Gaming"": 585000}",2023-08-31
PLAN_3a2704c5,USER_07286,2429384,"{""Food Delivery"": 2250000, ""Coffee Shop"": 750000, ""Movie Ticket"": 750000, ""Gaming"": 750000}",2023-08-31
PLAN_73078bbd,USER_01040,460867,"{""Food Delivery"": 510000, ""Coffee Shop"": 170000, ""Movie Ticket"": 170000, ""Gaming"": 170000}",2023-08-31
PLAN_fb707564,USER_00750,1776255,"{""Food Delivery"": 1485000, ""Coffee Shop"": 495000, ""Movie Ticket"": 495000, ""Gaming"": 495000}",2023-08-31
PLAN_c719764a,USER_09710,1552046,"{""Food Delivery"": 2130000, ""Coffee Shop"": 710000, ""Movie Ticket"": 710000, ""Gaming"": 710000}",2023-08-31
PLAN_fbe8455d,USER_09523,2159955,"{""Food Delivery"": 2040000, ""Coffee Shop"": 680000, ""Movie Ticket"": 680000, ""Gaming"": 680000}",2023-08-31
PLAN_206f85c6,USER_02991,2088171,"{""Food Delivery"": 2115000, ""Coffee Shop"": 705000, ""Movie Ticket"": 705000, ""Gaming"": 705000}",2023-08-31
PLAN_c639e001,USER_01030,2249985,"{""Food Delivery"": 2055000, ""Coffee Shop"": 685000, ""Movie Ticket"": 685000, ""Gaming"": 685000}",2023-08-31
PLAN_05992ff2,USER_08626,809288,"{""Food Delivery"": 1140000, ""Coffee Shop"": 380000, ""Movie Ticket"": 380000, ""Gaming"": 380000}",2023-08-31
PLAN_312e40a7,USER_03868,1832781,"{""Food Delivery"": 1740000, ""Coffee Shop"": 580000, ""Movie Ticket"": 580000, ""Gaming"": 580000}",2023-08-31
PLAN_79b03e6a,USER_01487,1514640,"{""Food Delivery"": 1455000, ""Coffee Shop"": 485000, ""Movie Ticket"": 485000, ""Gaming"": 485000}",2023-08-31
PLAN_8c3777e4,USER_04672,1872792,"{""Food Delivery"": 1800000, ""Coffee Shop"": 600000, ""Movie Ticket"": 600000, ""Gaming"": 600000}",2023-08-31
PLAN_0bfd00e0,USER_07613,753639,"{""Food Delivery"": 705000, ""Coffee Shop"": 235000, ""Movie Ticket"": 235000, ""Gaming"": 235000}",2023-08-31
PLAN_547d2fab,USER_03430,838233,"{""Food Delivery"": 750000, ""Coffee Shop"": 250000, ""Movie Ticket"": 250000, ""Gaming"": 250000}",2023-08-31
PLAN_4cbe475a,USER_04630,2184036,"{""Food Delivery"": 1815000, ""Coffee Shop"": 605000, ""Movie Ticket"": 605000, ""Gaming"": 605000}",2023-08-31
PLAN_824353ca,USER_07622,1625370,"{""Food Delivery"": 1920000, ""Coffee Shop"": 640000, ""Movie Ticket"": 640000, ""Gaming"": 640000}",2023-08-31
PLAN_f7fa07f9,USER_08065,2098806,"{""Food Delivery"": 1725000, ""Coffee Shop"": 575000, ""Movie Ticket"": 575000, ""Gaming"": 575000}",2023-08-31
PLAN_37ddfe31,USER_09965,1992680,"{""Food Delivery"": 1995000, ""Coffee Shop"": 665000, ""Movie Ticket"": 665000, ""Gaming"": 665000}",2023-08-31
PLAN_3a7d4e88,USER_01623,560070,"{""Food Delivery"": 780000, ""Coffee Shop"": 260000, ""Movie Ticket"": 260000, ""Gaming"": 260000}",2023-08-31
PLAN_abc4b156,USER_04595,984452,"{""Food Delivery"": 1395000, ""Coffee Shop"": 465000, ""Movie Ticket"": 465000, ""Gaming"": 465000}",2023-08-31
PLAN_8a3bafdc,USER_04822,1280868,"{""Food Delivery"": 1440000, ""Coffee Shop"": 480000, ""Movie Ticket"": 480000, ""Gaming"": 480000}",2023-08-31
PLAN_a9c39be7,USER_03796,1231578,"{""Food Delivery"": 1035000, ""Coffee Shop"": 345000, ""Movie Ticket"": 345000, ""Gaming"": 345000}",2023-08-31
PLAN_abaf0117,USER_06387,2441983,"{""Food Delivery"": 2145000, ""Coffee Shop"": 715000, ""Movie Ticket"": 715000, ""Gaming"": 715000}",2023-08-31
PLAN_ed106afb,USER_04899,697559,"{""Food Delivery"": 585000, ""Coffee Shop"": 195000, ""Movie Ticket"": 195000, ""Gaming"": 195000}",2023-08-31
PLAN_cd1cd44a,USER_07089,1790377,"{""Food Delivery"": 1770000, ""Coffee Shop"": 590000, ""Movie Ticket"": 590000, ""Gaming"": 590000}",2023-08-31
PLAN_4a8b6e79,USER_06377,1166561,"{""Food Delivery"": 1215000, ""Coffee Shop"": 405000, ""Movie Ticket"": 405000, ""Gaming"": 405000}",2023-08-31
PLAN_70f1e9fb,USER_09362,1629382,"{""Food Delivery"": 2130000, ""Coffee Shop"": 710000, ""Movie Ticket"": 710000, ""Gaming"": 710000}",2023-08-31
PLAN_a7d5c3da,USER_02609,1341474,"{""Food Delivery"": 1515000, ""Coffee Shop"": 505000, ""Movie Ticket"": 505000, ""Gaming"": 505000}",2023-08-31
PLAN_ccfab709,USER_07021,2122348,"{""Food Delivery"": 2220000, ""Coffee Shop"": 740000, ""Movie Ticket"": 740000, ""Gaming"": 740000}",2023-08-31
PLAN_17bdc2d1,USER_02861,1132144,"{""Food Delivery"": 1560000, ""Coffee Shop"": 520000, ""Movie Ticket"": 520000, ""Gaming"": 520000}",2023-08-31
PLAN_6f8d7a0a,USER_04908,1098550,"{""Food Delivery"": 1350000, ""Coffee Shop"": 450000, ""Movie Ticket"": 450000, ""Gaming"": 450000}",2023-08-31
PLAN_ff4dd9d1,USER_02600,1486349,"{""Food Delivery"": 1395000, ""Coffee Shop"": 465000, ""Movie Ticket"": 465000, ""Gaming"": 465000}",2023-08-31
PLAN_2ef1538c,USER_02218,590125,"{""Food Delivery"": 510000, ""Coffee Shop"": 170000, ""Movie Ticket"": 170000, ""Gaming"": 170000}",2023-08-31
PLAN_ce0c61c6,USER_09763,2757719,"{""Food Delivery"": 2070000, ""Coffee Shop"": 690000, ""Movie Ticket"": 690000, ""Gaming"": 690000}",2023-08-31
PLAN_22deae51,USER_04261,1585152,"{""Food Delivery"": 1230000, ""Coffee Shop"": 410000, ""Movie Ticket"": 410000, ""Gaming"": 410000}",2023-08-31
PLAN_c570fd8b,USER_00160,1379754,"{""Food Delivery"": 1260000, ""Coffee Shop"": 420000, ""Movie Ticket"": 420000, ""Gaming"": 420000}",2023-08-31
PLAN_06678f23,USER_01987,938023,"{""Food Delivery"": 990000, ""Coffee Shop"": 330000, ""Movie Ticket"": 330000, ""Gaming"": 330000}",2023-08-31
PLAN_3f2ec7f6,USER_05273,1390750,"{""Food Delivery"": 1275000, ""Coffee Shop"": 425000, ""Movie Ticket"": 425000, ""Gaming"": 425000}",2023-08-31
PLAN_5b5f6bda,USER_06817,1571373,"{""Food Delivery"": 1320000, ""Coffee Shop"": 440000, ""Movie Ticket"": 440000, ""Gaming"": 440000}",2023-08-31
PLAN_d0899b37,USER_08757,1543303,"{""Food Delivery"": 2070000, ""Coffee Shop"": 690000, ""Movie Ticket"": 690000, ""Gaming"": 690000}",2023-08-31
PLAN_3299d5a8,USER_09749,1846975,"{""Food Delivery"": 1965000, ""Coffee Shop"": 655000, ""Movie Ticket"": 655000, ""Gaming"": 655000}",2023-08-31
PLAN_a9d0daa4,USER_08453,2244558,"{""Food Delivery"": 1830000, ""Coffee Shop"": 610000, ""Movie Ticket"": 610000, ""Gaming"": 610000}",2023-08-31
PLAN_0e6db27c,USER_01849,1356156,"{""Food Delivery"": 1470000, ""Coffee Shop"": 490000, ""Movie Ticket"": 490000, ""Gaming"": 490000}",2023-08-31
PLAN_7f205182,USER_06003,1603309,"{""Food Delivery"": 1530000, ""Coffee Shop"": 510000, ""Movie Ticket"": 510000, ""Gaming"": 510000}",2023-08-31
PLAN_2daaaea7,USER_09264,1397237,"{""Food Delivery"": 1320000, ""Coffee Shop"": 440000, ""Movie Ticket"": 440000, ""Gaming"": 440000}",2023-08-31
PLAN_36d84e7c,USER_07271,1670111,"{""Food Delivery"": 2115000, ""Coffee Shop"": 705000, ""Movie Ticket"": 705000, ""Gaming"": 705000}",2023-08-31
PLAN_90fd44dd,USER_09130,422292,"{""Food Delivery"": 465000, ""Coffee Shop"": 155000, ""Movie Ticket"": 155000, ""Gaming"": 155000}",2023-08-31
PLAN_e8bad28b,USER_00153,1254440,"{""Food Delivery"": 1410000, ""Coffee Shop"": 470000, ""Movie Ticket"": 470000, ""Gaming"": 470000}",2023-08-31
PLAN_807ff51d,USER_03239,1364841,"{""Food Delivery"": 1995000, ""Coffee Shop"": 665000, ""Movie Ticket"": 665000, ""Gaming"": 665000}",2023-08-31
PLAN_a2f18075,USER_06074,911530,"{""Food Delivery"": 1335000, ""Coffee Shop"": 445000, ""Movie Ticket"": 445000, ""Gaming"": 445000}",2023-08-31
PLAN_9e517ecc,USER_01692,1465357,"{""Food Delivery"": 1200000, ""Coffee Shop"": 400000, ""Movie Ticket"": 400000, ""Gaming"": 400000}",2023-08-31
PLAN_9ad7615c,USER_03138,751111,"{""Food Delivery"": 885000, ""Coffee Shop"": 295000, ""Movie Ticket"": 295000, ""Gaming"": 295000}",2023-08-31
PLAN_ae3a5cbc,USER_01546,607231,"{""Food Delivery"": 600000, ""Coffee Shop"": 200000, ""Movie Ticket"": 200000, ""Gaming"": 200000}",2023-08-31
PLAN_e20f4e19,USER_06000,1571457,"{""Food Delivery"": 1815000, ""Coffee Shop"": 605000, ""Movie Ticket"": 605000, ""Gaming"": 605000}",2023-08-31
PLAN_267f36c5,USER_08147,2658730,"{""Food Delivery"": 2055000, ""Coffee Shop"": 685000, ""Movie Ticket"": 685000, ""Gaming"": 685000}",2023-08-31
PLAN_c7a4ef6a,USER_04800,1322261,"{""Food Delivery"": 1575000, ""Coffee Shop"": 525000, ""Movie Ticket"": 525000, ""Gaming"": 525000}",2023-08-31
PLAN_4b5141df,USER_03145,972166,"{""Food Delivery"": 1020000, ""Coffee Shop"": 340000, ""Movie Ticket"": 340000, ""Gaming"": 340000}",2023-08-31
PLAN_2470a035,USER_00364,2228548,"{""Food Delivery"": 1785000, ""Coffee Shop"": 595000, ""Movie Ticket"": 595000, ""Gaming"": 595000}",2023-08-31
PLAN_5228c064,USER_02298,1952449,"{""Food Delivery"": 1590000, ""Coffee Shop"": 530000, ""Movie Ticket"": 530000, ""Gaming"": 530000}",2023-08-31
PLAN_f5426001,USER_04888,1197962,"{""Food Delivery"": 1515000, ""Coffee Shop"": 505000, ""Movie Ticket"": 505000, ""Gaming"": 505000}",2023-08-31
PLAN_b02ca15a,USER_00276,1658431,"{""Food Delivery"": 1380000, ""Coffee Shop"": 460000, ""Movie Ticket"": 460000, ""Gaming"": 460000}",2023-08-31
PLAN_4b6e96c7,USER_05185,1356113,"{""Food Delivery"": 1395000, ""Coffee Shop"": 465000, ""Movie Ticket"": 465000, ""Gaming"": 465000}",2023-08-31
PLAN_d8417055,USER_04437,1334671,"{""Food Delivery"": 1350000, ""Coffee Shop"": 450000, ""Movie Ticket"": 450000, ""Gaming"": 450000}",2023-08-31
PLAN_34ade2bd,USER_04695,940788,"{""Food Delivery"": 1245000, ""Coffee Shop"": 415000, ""Movie Ticket"": 415000, ""Gaming"": 415000}",2023-08-31
PLAN_e55d5f74,USER_04610,1307527,"{""Food Delivery"": 1815000, ""Coffee Shop"": 605000, ""Movie Ticket"": 605000, ""Gaming"": 605000}",2023-08-31
PLAN_0add9909,USER_04864,2125365,"{""Food Delivery"": 1845000, ""Coffee Shop"": 615000, ""Movie Ticket"": 615000, ""Gaming"": 615000}",2023-08-31
PLAN_b37966d3,USER_06201,1526390,"{""Food Delivery"": 1530000, ""Coffee Shop"": 510000, ""Movie Ticket"": 510000, ""Gaming"": 510000}",2023-08-31
PLAN_d1d9c324,USER_00309,1896642,"{""Food Delivery"": 1980000, ""Coffee Shop"": 660000, ""Movie Ticket"": 660000, ""Gaming"": 660000}",2023-08-31
PLAN_c169595d,USER_06271,2144590,"{""Food Delivery"": 1860000, ""Coffee Shop"": 620000, ""Movie Ticket"": 620000, ""Gaming"": 620000}",2023-08-31
PLAN_492fa25b,USER_06316,1535996,"{""Food Delivery"": 1305000, ""Coffee Shop"": 435000, ""Movie Ticket"": 435000, ""Gaming"": 435000}",2023-08-31
PLAN_138c8d27,USER_00995,1321155,"{""Food Delivery"": 1710000, ""Coffee Shop"": 570000, ""Movie Ticket"": 570000, ""Gaming"": 570000}",2023-08-31
PLAN_669ced44,USER_08240,1368691,"{""Food Delivery"": 1275000, ""Coffee Shop"": 425000, ""Movie Ticket"": 425000, ""Gaming"": 425000}",2023-08-31
PLAN_f49d4a86,USER_01541,1589495,"{""Food Delivery"": 2100000, ""Coffee Shop"": 700000, ""Movie Ticket"": 700000, ""Gaming"": 700000}",2023-08-31
PLAN_c998b9dd,USER_09248,1103366,"{""Food Delivery"": 945000, ""Coffee Shop"": 315000, ""Movie Ticket"": 315000, ""Gaming"": 315000}",2023-08-31
PLAN_ba0e07e9,USER_05409,2452293,"{""Food Delivery"": 2220000, ""Coffee Shop"": 740000, ""Movie Ticket"": 740000, ""Gaming"": 740000}",2023-08-31
PLAN_a7fb6339,USER_08646,1173968,"{""Food Delivery"": 900000, ""Coffee Shop"": 300000, ""Movie Ticket"": 300000, ""Gaming"": 300000}",2023-08-31
PLAN_36862d57,USER_09134,865855,"{""Food Delivery"": 1215000, ""Coffee Shop"": 405000, ""Movie Ticket"": 405000, ""Gaming"": 405000}",2023-08-31
PLAN_d76bebd9,USER_03921,1247324,"{""Food Delivery"": 1770000, ""Coffee Shop"": 590000, ""Movie Ticket"": 590000, ""Gaming"": 590000}",2023-08-31
PLAN_7d3759cb,USER_09939,1346296,"{""Food Delivery"": 1575000, ""Coffee Shop"": 525000, ""Movie Ticket"": 525000, ""Gaming"": 525000}",2023-08-31
PLAN_fc9b6e59,USER_05284,378511,"{""Food Delivery"": 450000, ""Coffee Shop"": 150000, ""Movie Ticket"": 150000, ""Gaming"": 150000}",2023-08-31
PLAN_04813ddc,USER_05917,1047462,"{""Food Delivery"": 1260000, ""Coffee Shop"": 420000, ""Movie Ticket"": 420000, ""Gaming"": 420000}",2023-08-31
PLAN_59b803ab,USER_00485,972189,"{""Food Delivery"": 765000, ""Coffee Shop"": 255000, ""Movie Ticket"": 255000, ""Gaming"": 255000}",2023-08-31
PLAN_a735deb2,USER_04315,862186,"{""Food Delivery"": 1035000, ""Coffee Shop"": 345000, ""Movie Ticket"": 345000, ""Gaming"": 345000}",2023-08-31
PLAN_eee54581,USER_00163,1653534,"{""Food Delivery"": 1950000, ""Coffee Shop"": 650000, ""Movie Ticket"": 650000, ""Gaming"": 650000}",2023-08-31
PLAN_b8fa6a36,USER_00176,2463157,"{""Food Delivery"": 2100000, ""Coffee Shop"": 700000, ""Movie Ticket"": 700000, ""Gaming"": 700000}",2023-08-31
PLAN_f06b3b7d,USER_00968,434921,"{""Food Delivery"": 450000, ""Coffee Shop"": 150000, ""Movie Ticket"": 150000, ""Gaming"": 150000}",2023-08-31
PLAN_499bc315,USER_02986,1670107,"{""Food Delivery"": 1410000, ""Coffee Shop"": 470000, ""Movie Ticket"": 470000, ""Gaming"": 470000}",2023-08-31
PLAN_d7f668ca,USER_02845,1598049,"{""Food Delivery"": 2250000, ""Coffee Shop"": 750000, ""Movie Ticket"": 750000, ""Gaming"": 750000}",2023-08-31
PLAN_26dd4bd6,USER_02128,1368565,"{""Food Delivery"": 1380000, ""Coffee Shop"": 460000, ""Movie Ticket"": 460000, ""Gaming"": 460000}",2023-08-31
PLAN_34e9d626,USER_08216,1395378,"{""Food Delivery"": 2025000, ""Coffee Shop"": 675000, ""Movie Ticket"": 675000, ""Gaming"": 675000}",2023-08-31
PLAN_1c8169bb,USER_01795,882002,"{""Food Delivery"": 1245000, ""Coffee Shop"": 415000, ""Movie Ticket"": 415000, ""Gaming"": 415000}",2023-08-31
PLAN_e36aabef,USER_04183,1353570,"{""Food Delivery"": 1065000, ""Coffee Shop"": 355000, ""Movie Ticket"": 355000, ""Gaming"": 355000}",2023-08-31
PLAN_cbb66399,USER_04175,569622,"{""Food Delivery"": 750000, ""Coffee Shop"": 250000, ""Movie Ticket"": 250000, ""Gaming"": 250000}",2023-08-31
PLAN_1f25f3ed,USER_03653,1655014,"{""Food Delivery"": 1620000, ""Coffee Shop"": 540000, ""Movie Ticket"": 540000, ""Gaming"": 540000}",2023-08-31
PLAN_7f995f8d,USER_03262,1552205,"{""Food Delivery"": 1650000, ""Coffee Shop"": 550000, ""Movie Ticket"": 550000, ""Gaming"": 550000}",2023-08-31
PLAN_28889348,USER_08818,687145,"{""Food Delivery"": 765000, ""Coffee Shop"": 255000, ""Movie Ticket"": 255000, ""Gaming"": 255000}",2023-08-31
PLAN_9b1305b5,USER_08600,1272888,"{""Food Delivery"": 1005000, ""Coffee Shop"": 335000, ""Movie Ticket"": 335000, ""Gaming"": 335000}",2023-08-31
PLAN_5de19bf8,USER_00801,1307933,"{""Food Delivery"": 1920000, ""Coffee Shop"": 640000, ""Movie Ticket"": 640000, ""Gaming"": 640000}",2023-08-31
PLAN_735c555b,USER_05332,2296029,"{""Food Delivery"": 2070000, ""Coffee Shop"": 690000, ""Movie Ticket"": 690000, ""Gaming"": 690000}",2023-08-31
PLAN_0f9a7e37,USER_01478,2140099,"{""Food Delivery"": 1635000, ""Coffee Shop"": 545000, ""Movie Ticket"": 545000, ""Gaming"": 545000}",2023-08-31
PLAN_8d209f6a,USER_03253,577262,"{""Food Delivery"": 555000, ""Coffee Shop"": 185000, ""Movie Ticket"": 185000, ""Gaming"": 185000}",2023-08-31
PLAN_d1964d0d,USER_01166,1762508,"{""Food Delivery"": 1365000, ""Coffee Shop"": 455000, ""Movie Ticket"": 455000, ""Gaming"": 455000}",2023-08-31
PLAN_30c20a20,USER_00112,799715,"{""Food Delivery"": 1140000, ""Coffee Shop"": 380000, ""Movie Ticket"": 380000, ""Gaming"": 380000}",2023-08-31
PLAN_4a1bac1c,USER_05327,652644,"{""Food Delivery"": 690000, ""Coffee Shop"": 230000, ""Movie Ticket"": 230000, ""Gaming"": 230000}",2023-08-31
PLAN_6ee4381b,USER_07334,579672,"{""Food Delivery"": 690000, ""Coffee Shop"": 230000, ""Movie Ticket"": 230000, ""Gaming"": 230000}",2023-08-31
PLAN_81ba2f98,USER_03925,2544306,"{""Food Delivery"": 2205000, ""Coffee Shop"": 735000, ""Movie Ticket"": 735000, ""Gaming"": 735000}",2023-08-31
PLAN_ab221b45,USER_06622,2357743,"{""Food Delivery"": 1785000, ""Coffee Shop"": 595000, ""Movie Ticket"": 595000, ""Gaming"": 595000}",2023-08-31
PLAN_3a3d17db,USER_00362,527742,"{""Food Delivery"": 630000, ""Coffee Shop"": 210000, ""Movie Ticket"": 210000, ""Gaming"": 210000}",2023-08-31
PLAN_097fa17e,USER_02203,760920,"{""Food Delivery"": 690000, ""Coffee Shop"": 230000, ""Movie Ticket"": 230000, ""Gaming"": 230000}",2023-08-31
PLAN_475294e0,USER_05414,802725,"{""Food Delivery"": 1005000, ""Coffee Shop"": 335000, ""Movie Ticket"": 335000, ""Gaming"": 335000}",2023-08-31
PLAN_8b065895,USER_01187,1721863,"{""Food Delivery"": 1650000, ""Coffee Shop"": 550000, ""Movie Ticket"": 550000, ""Gaming"": 550000}",2023-08-31
PLAN_8da4da97,USER_09273,2064144,"{""Food Delivery"": 2115000, ""Coffee Shop"": 705000, ""Movie Ticket"": 705000, ""Gaming"": 705000}",2023-08-31
PLAN_0b7c004e,USER_08208,2110045,"{""Food Delivery"": 1605000, ""Coffee Shop"": 535000, ""Movie Ticket"": 535000, ""Gaming"": 535000}",2023-08-31
PLAN_aac89eb4,USER_04045,1190310,"{""Food Delivery"": 1110000, ""Coffee Shop"": 370000, ""Movie Ticket"": 370000, ""Gaming"": 370000}",2023-08-31
PLAN_d1098603,USER_00194,472327,"{""Food Delivery"": 525000, ""Coffee Shop"": 175000, ""Movie Ticket"": 175000, ""Gaming"": 175000}",2023-08-31
PLAN_2238495f,USER_02553,713021,"{""Food Delivery"": 960000, ""Coffee Shop"": 320000, ""Movie Ticket"": 320000, ""Gaming"": 320000}",2023-08-31
PLAN_7b57af2e,USER_09063,1600233,"{""Food Delivery"": 2085000, ""Coffee Shop"": 695000, ""Movie Ticket"": 695000, ""Gaming"": 695000}",2023-08-31
PLAN_08f1c906,USER_06330,526886,"{""Food Delivery"": 645000, ""Coffee Shop"": 215000, ""Movie Ticket"": 215000, ""Gaming"": 215000}",2023-08-31
PLAN_e26a2add,USER_02157,1751353,"{""Food Delivery"": 2100000, ""Coffee Shop"": 700000, ""Movie Ticket"": 700000, ""Gaming"": 700000}",2023-08-31
PLAN_6773459f,USER_08334,1869122,"{""Food Delivery"": 1515000, ""Coffee Shop"": 505000, ""Movie Ticket"": 505000, ""Gaming"": 505000}",2023-08-31
PLAN_03d137f9,USER_06097,1405100,"{""Food Delivery"": 1350000, ""Coffee Shop"": 450000, ""Movie Ticket"": 450000, ""Gaming"": 450000}",2023-08-31
PLAN_fab23a2f,USER_01875,670292,"{""Food Delivery"": 660000, ""Coffee Shop"": 220000, ""Movie Ticket"": 220000, ""Gaming"": 220000}",2023-08-31
PLAN_c644f168,USER_01380,925258,"{""Food Delivery"": 1245000, ""Coffee Shop"": 415000, ""Movie Ticket"": 415000, ""Gaming"": 415000}",2023-08-31
PLAN_2022427b,USER_05888,1041678,"{""Food Delivery"": 840000, ""Coffee Shop"": 280000, ""Movie Ticket"": 280000, ""Gaming"": 280000}",2023-08-31
PLAN_69b7ad6b,USER_05109,723582,"{""Food Delivery"": 630000, ""Coffee Shop"": 210000, ""Movie Ticket"": 210000, ""Gaming"": 210000}",2023-08-31
PLAN_ca23463e,USER_06118,1516089,"{""Food Delivery"": 2130000, ""Coffee Shop"": 710000, ""Movie Ticket"": 710000, ""Gaming"": 710000}",2023-08-31
PLAN_0945aadd,USER_09918,1024701,"{""Food Delivery"": 900000, ""Coffee Shop"": 300000, ""Movie Ticket"": 300000, ""Gaming"": 300000}",2023-08-31
PLAN_3df332ad,USER_04692,2253565,"{""Food Delivery"": 2190000, ""Coffee Shop"": 730000, ""Movie Ticket"": 730000, ""Gaming"": 730000}",2023-08-31
PLAN_8338e769,USER_02570,1611770,"{""Food Delivery"": 2235000, ""Coffee Shop"": 745000, ""Movie Ticket"": 745000, ""Gaming"": 745000}",2023-08-31
PLAN_93292005,USER_01417,933312,"{""Food Delivery"": 960000, ""Coffee Shop"": 320000, ""Movie Ticket"": 320000, ""Gaming"": 320000}",2023-08-31
PLAN_155596ad,USER_03195,1321379,"{""Food Delivery"": 1335000, ""Coffee Shop"": 445000, ""Movie Ticket"": 445000, ""Gaming"": 445000}",2023-08-31
PLAN_adbbd538,USER_02532,408021,"{""Food Delivery"": 525000, ""Coffee Shop"": 175000, ""Movie Ticket"": 175000, ""Gaming"": 175000}",2023-08-31
PLAN_43e54fd0,USER_08784,1906784,"{""Food Delivery"": 1470000, ""Coffee Shop"": 490000, ""Movie Ticket"": 490000, ""Gaming"": 490000}",2023-08-31
PLAN_52830f5d,USER_00758,2127471,"{""Food Delivery"": 1725000, ""Coffee Shop"": 575000, ""Movie Ticket"": 575000, ""Gaming"": 575000}",2023-08-31
PLAN_4d697898,USER_07355,1452049,"{""Food Delivery"": 1305000, ""Coffee Shop"": 435000, ""Movie Ticket"": 435000, ""Gaming"": 435000}",2023-08-31
PLAN_6f6d25fe,USER_05365,1140590,"{""Food Delivery"": 1170000, ""Coffee Shop"": 390000, ""Movie Ticket"": 390000, ""Gaming"": 390000}",2023-08-31
PLAN_504ceb6d,USER_01374,734118,"{""Food Delivery"": 780000, ""Coffee Shop"": 260000, ""Movie Ticket"": 260000, ""Gaming"": 260000}",2023-08-31
PLAN_b86fe140,USER_09261,1948148,"{""Food Delivery"": 1770000, ""Coffee Shop"": 590000, ""Movie Ticket"": 590000, ""Gaming"": 590000}",2023-08-31
PLAN_8d2b9d60,USER_07753,973622,"{""Food Delivery"": 945000, ""Coffee Shop"": 315000, ""Movie Ticket"": 315000, ""Gaming"": 315000}",2023-08-31
PLAN_29d4e1c1,USER_07904,584250,"{""Food Delivery"": 825000, ""Coffee Shop"": 275000, ""Movie Ticket"": 275000, ""Gaming"": 275000}",2023-08-31
PLAN_699d39b3,USER_08588,1149502,"{""Food Delivery"": 1140000, ""Coffee Shop"": 380000, ""Movie Ticket"": 380000, ""Gaming"": 380000}",2023-08-31
PLAN_895f42f7,USER_01095,614177,"{""Food Delivery"": 510000, ""Coffee Shop"": 170000, ""Movie Ticket"": 170000, ""Gaming"": 170000}",2023-08-31
PLAN_37d0e8bf,USER_01213,1736495,"{""Food Delivery"": 1785000, ""Coffee Shop"": 595000, ""Movie Ticket"": 595000, ""Gaming"": 595000}",2023-08-31
PLAN_35bf8135,USER_08834,515458,"{""Food Delivery"": 735000, ""Coffee Shop"": 245000, ""Movie Ticket"": 245000, ""Gaming"": 245000}",2023-08-31
PLAN_0263c3c8,USER_06776,625197,"{""Food Delivery"": 525000, ""Coffee Shop"": 175000, ""Movie Ticket"": 175000, ""Gaming"": 175000}",2023-08-31
PLAN_4c2f8108,USER_05113,1189350,"{""Food Delivery"": 1485000, ""Coffee Shop"": 495000, ""Movie Ticket"": 495000, ""Gaming"": 495000}",2023-08-31
PLAN_464f9722,USER_00947,1107586,"{""Food Delivery"": 1320000, ""Coffee Shop"": 440000, ""Movie Ticket"": 440000, ""Gaming"": 440000}",2023-08-31
PLAN_a4e879a6,USER_06500,1083176,"{""Food Delivery"": 1395000, ""Coffee Shop"": 465000, ""Movie Ticket"": 465000, ""Gaming"": 465000}",2023-08-31
PLAN_dd83407c,USER_08075,1902207,"{""Food Delivery"": 2145000, ""Coffee Shop"": 715000, ""Movie Ticket"": 715000, ""Gaming"": 715000}",2023-08-31
PLAN_039845d4,USER_06467,825673,"{""Food Delivery"": 705000, ""Coffee Shop"": 235000, ""Movie Ticket"": 235000, ""Gaming"": 235000}",2023-08-31
PLAN_09b4a1d1,USER_08281,501397,"{""Food Delivery"": 495000, ""Coffee Shop"": 165000, ""Movie Ticket"": 165000, ""Gaming"": 165000}",2023-08-31
PLAN_454efaac,USER_05758,554245,"{""Food Delivery"": 690000, ""Coffee Shop"": 230000, ""Movie Ticket"": 230000, ""Gaming"": 230000}",2023-08-31
PLAN_2adc746a,USER_07042,2816745,"{""Food Delivery"": 2250000, ""Coffee Shop"": 750000, ""Movie Ticket"": 750000, ""Gaming"": 750000}",2023-08-31
PLAN_aeccdb72,USER_00550,808220,"{""Food Delivery"": 645000, ""Coffee Shop"": 215000, ""Movie Ticket"": 215000, ""Gaming"": 215000}",2023-08-31
PLAN_2b433cf0,USER_05521,2001518,"{""Food Delivery"": 1605000, ""Coffee Shop"": 535000, ""Movie Ticket"": 535000, ""Gaming"": 535000}",2023-08-31
PLAN_d64f25bf,USER_01557,520294,"{""Food Delivery"": 630000, ""Coffee Shop"": 210000, ""Movie Ticket"": 210000, ""Gaming"": 210000}",2023-08-31
PLAN_3a412883,USER_07803,522446,"{""Food Delivery"": 540000, ""Coffee Shop"": 180000, ""Movie Ticket"": 180000, ""Gaming"": 180000}",2023-08-31
PLAN_4fa8b211,USER_03634,1449042,"{""Food Delivery"": 1095000, ""Coffee Shop"": 365000, ""Movie Ticket"": 365000, ""Gaming"": 365000}",2023-08-31
PLAN_455c5f19,USER_08285,2622578,"{""Food Delivery"": 2220000, ""Coffee Shop"": 740000, ""Movie Ticket"": 740000, ""Gaming"": 740000}",2023-08-31
PLAN_f2a37ddc,USER_01706,451953,"{""Food Delivery"": 660000, ""Coffee Shop"": 220000, ""Movie Ticket"": 220000, ""Gaming"": 220000}",2023-08-31
PLAN_14f6a458,USER_06262,511298,"{""Food Delivery"": 720000, ""Coffee Shop"": 240000, ""Movie Ticket"": 240000, ""Gaming"": 240000}",2023-08-31
PLAN_17688bf1,USER_02043,1346816,"{""Food Delivery"": 1380000, ""Coffee Shop"": 460000, ""Movie Ticket"": 460000, ""Gaming"": 460000}",2023-08-31
PLAN_5922e3e3,USER_03205,2596539,"{""Food Delivery"": 2040000, ""Coffee Shop"": 680000, ""Movie Ticket"": 680000, ""Gaming"": 680000}",2023-08-31
PLAN_d0dce45a,USER_08464,2154182,"{""Food Delivery"": 2100000, ""Coffee Shop"": 700000, ""Movie Ticket"": 700000, ""Gaming"": 700000}",2023-08-31
PLAN_e4be33ac,USER_08108,2052003,"{""Food Delivery"": 2055000, ""Coffee Shop"": 685000, ""Movie Ticket"": 685000, ""Gaming"": 685000}",2023-08-31
PLAN_c114adc2,USER_05924,707503,"{""Food Delivery"": 960000, ""Coffee Shop"": 320000, ""Movie Ticket"": 320000, ""Gaming"": 320000}",2023-08-31
PLAN_ab8e75a7,USER_06104,1822458,"{""Food Delivery"": 1650000, ""Coffee Shop"": 550000, ""Movie Ticket"": 550000, ""Gaming"": 550000}",2023-08-31
PLAN_b33efa7f,USER_04602,1166146,"{""Food Delivery"": 960000, ""Coffee Shop"": 320000, ""Movie Ticket"": 320000, ""Gaming"": 320000}",2023-08-31
PLAN_b43389f9,USER_05913,662601,"{""Food Delivery"": 720000, ""Coffee Shop"": 240000, ""Movie Ticket"": 240000, ""Gaming"": 240000}",2023-08-31
PLAN_d7e62f28,USER_06388,870049,"{""Food Delivery"": 735000, ""Coffee Shop"": 245000, ""Movie Ticket"": 245000, ""Gaming"": 245000}",2023-08-31
PLAN_fa94ded8,USER_03370,2534174,"{""Food Delivery"": 1935000, ""Coffee Shop"": 645000, ""Movie Ticket"": 645000, ""Gaming"": 645000}",2023-08-31
PLAN_bcb129b1,USER_05503,770410,"{""Food Delivery"": 960000, ""Coffee Shop"": 320000, ""Movie Ticket"": 320000, ""Gaming"": 320000}",2023-08-31
PLAN_bebcf2e2,USER_07375,929231,"{""Food Delivery"": 915000, ""Coffee Shop"": 305000, ""Movie Ticket"": 305000, ""Gaming"": 305000}",2023-08-31
PLAN_f04118ca,USER_01976,991096,"{""Food Delivery"": 1155000, ""Coffee Shop"": 385000, ""Movie Ticket"": 385000, ""Gaming"": 385000}",2023-08-31
PLAN_05f6e3b5,USER_06173,1308783,"{""Food Delivery"": 1095000, ""Coffee Shop"": 365000, ""Movie Ticket"": 365000, ""Gaming"": 365000}",2023-08-31
PLAN_e676feee,USER_05334,2098199,"{""Food Delivery"": 1995000, ""Coffee Shop"": 665000, ""Movie Ticket"": 665000, ""Gaming"": 665000}",2023-08-31
PLAN_e9e5c8bc,USER_03300,866328,"{""Food Delivery"": 795000, ""Coffee Shop"": 265000, ""Movie Ticket"": 265000, ""Gaming"": 265000}",2023-08-31
PLAN_a8fc6ced,USER_06712,1618122,"{""Food Delivery"": 1350000, ""Coffee Shop"": 450000, ""Movie Ticket"": 450000, ""Gaming"": 450000}",2023-08-31
PLAN_6545cafb,USER_00843,642146,"{""Food Delivery"": 690000, ""Coffee Shop"": 230000, ""Movie Ticket"": 230000, ""Gaming"": 230000}",2023-08-31
PLAN_c07abb10,USER_02414,1915090,"{""Food Delivery"": 1500000, ""Coffee Shop"": 500000, ""Movie Ticket"": 500000, ""Gaming"": 500000}",2023-08-31
PLAN_e30bd11b,USER_02646,2084919,"{""Food Delivery"": 2040000, ""Coffee Shop"": 680000, ""Movie Ticket"": 680000, ""Gaming"": 680000}",2023-08-31
PLAN_dd755d44,USER_06708,914784,"{""Food Delivery"": 1185000, ""Coffee Shop"": 395000, ""Movie Ticket"": 395000, ""Gaming"": 395000}",2023-08-31
PLAN_a21b89c8,USER_05440,1594145,"{""Food Delivery"": 1410000, ""Coffee Shop"": 470000, ""Movie Ticket"": 470000, ""Gaming"": 470000}",2023-08-31
PLAN_34cb2d7a,USER_05558,2295374,"{""Food Delivery"": 1920000, ""Coffee Shop"": 640000, ""Movie Ticket"": 640000, ""Gaming"": 640000}",2023-08-31
PLAN_45d6346f,USER_07083,803224,"{""Food Delivery"": 915000, ""Coffee Shop"": 305000, ""Movie Ticket"": 305000, ""Gaming"": 305000}",2023-08-31
PLAN_13170623,USER_01803,1207166,"{""Food Delivery"": 975000, ""Coffee Shop"": 325000, ""Movie Ticket"": 325000, ""Gaming"": 325000}",2023-08-31
PLAN_ead1713a,USER_07530,800580,"{""Food Delivery"": 630000, ""Coffee Shop"": 210000, ""Movie Ticket"": 210000, ""Gaming"": 210000}",2023-08-31
PLAN_1d79b819,USER_03214,1264135,"{""Food Delivery"": 1485000, ""Coffee Shop"": 495000, ""Movie Ticket"": 495000, ""Gaming"": 495000}",2023-08-31
PLAN_cf764760,USER_08520,1725663,"{""Food Delivery"": 1305000, ""Coffee Shop"": 435000, ""Movie Ticket"": 435000, ""Gaming"": 435000}",2023-08-31
PLAN_68ef7379,USER_09142,490505,"{""Food Delivery"": 645000, ""Coffee Shop"": 215000, ""Movie Ticket"": 215000, ""Gaming"": 215000}",2023-08-31
PLAN_49344716,USER_06833,793330,"{""Food Delivery"": 990000, ""Coffee Shop"": 330000, ""Movie Ticket"": 330000, ""Gaming"": 330000}",2023-08-31
PLAN_8ac48593,USER_09645,1669757,"{""Food Delivery"": 2115000, ""Coffee Shop"": 705000, ""Movie Ticket"": 705000, ""Gaming"": 705000}",2023-08-31
PLAN_2c4c524c,USER_04540,2045508,"{""Food Delivery"": 1620000, ""Coffee Shop"": 540000, ""Movie Ticket"": 540000, ""Gaming"": 540000}",2023-08-31
PLAN_8d270eec,USER_09819,2316009,"{""Food Delivery"": 2100000, ""Coffee Shop"": 700000, ""Movie Ticket"": 700000, ""Gaming"": 700000}",2023-08-31
PLAN_861c105d,USER_06267,1117541,"{""Food Delivery"": 1455000, ""Coffee Shop"": 485000, ""Movie Ticket"": 485000, ""Gaming"": 485000}",2023-08-31
PLAN_74db668f,USER_02103,993823,"{""Food Delivery"": 1035000, ""Coffee Shop"": 345000, ""Movie Ticket"": 345000, ""Gaming"": 345000}",2023-08-31
PLAN_1c66fd70,USER_01847,1421462,"{""Food Delivery"": 1320000, ""Coffee Shop"": 440000, ""Movie Ticket"": 440000, ""Gaming"": 440000}",2023-08-31
PLAN_a8b1dfc2,USER_00067,1180975,"{""Food Delivery"": 1635000, ""Coffee Shop"": 545000, ""Movie Ticket"": 545000, ""Gaming"": 545000}",2023-08-31
PLAN_09c814f5,USER_09673,2277723,"{""Food Delivery"": 1815000, ""Coffee Shop"": 605000, ""Movie Ticket"": 605000, ""Gaming"": 605000}",2023-08-31
PLAN_b76a18ed,USER_06421,811621,"{""Food Delivery"": 675000, ""Coffee Shop"": 225000, ""Movie Ticket"": 225000, ""Gaming"": 225000}",2023-08-31
PLAN_8be6f442,USER_01648,1369738,"{""Food Delivery"": 1365000, ""Coffee Shop"": 455000, ""Movie Ticket"": 455000, ""Gaming"": 455000}",2023-08-31
PLAN_cbbe2c2e,USER_07206,649151,"{""Food Delivery"": 495000, ""Coffee Shop"": 165000, ""Movie Ticket"": 165000, ""Gaming"": 165000}",2023-08-31
PLAN_c23efbcd,USER_08261,1049143,"{""Food Delivery"": 1110000, ""Coffee Shop"": 370000, ""Movie Ticket"": 370000, ""Gaming"": 370000}",2023-08-31
PLAN_e7487fbd,USER_07623,2361091,"{""Food Delivery"": 1785000, ""Coffee Shop"": 595000, ""Movie Ticket"": 595000, ""Gaming"": 595000}",2023-08-31
PLAN_9ffc634b,USER_05971,950714,"{""Food Delivery"": 855000, ""Coffee Shop"": 285000, ""Movie Ticket"": 285000, ""Gaming"": 285000}",2023-08-31
PLAN_e8cd5736,USER_02729,2043339,"{""Food Delivery"": 1875000, ""Coffee Shop"": 625000, ""Movie Ticket"": 625000, ""Gaming"": 625000}",2023-08-31
PLAN_f220debc,USER_08498,1609017,"{""Food Delivery"": 2070000, ""Coffee Shop"": 690000, ""Movie Ticket"": 690000, ""Gaming"": 690000}",2023-08-31
PLAN_268aa00d,USER_00983,1787831,"{""Food Delivery"": 1425000, ""Coffee Shop"": 475000, ""Movie Ticket"": 475000, ""Gaming"": 475000}",2023-08-31
PLAN_51a1c21a,USER_05612,856493,"{""Food Delivery"": 900000, ""Coffee Shop"": 300000, ""Movie Ticket"": 300000, ""Gaming"": 300000}",2023-08-31
PLAN_8a062762,USER_00571,371914,"{""Food Delivery"": 480000, ""Coffee Shop"": 160000, ""Movie Ticket"": 160000, ""Gaming"": 160000}",2023-08-31
PLAN_55e481ef,USER_00632,1488533,"{""Food Delivery"": 2205000, ""Coffee Shop"": 735000, ""Movie Ticket"": 735000, ""Gaming"": 735000}",2023-08-31
PLAN_f2496a21,USER_08849,577109,"{""Food Delivery"": 555000, ""Coffee Shop"": 185000, ""Movie Ticket"": 185000, ""Gaming"": 185000}",2023-08-31
PLAN_e05bd746,USER_04468,809521,"{""Food Delivery"": 795000, ""Coffee Shop"": 265000, ""Movie Ticket"": 265000, ""Gaming"": 265000}",2023-08-31
PLAN_d3dea3f7,USER_00278,756515,"{""Food Delivery"": 660000, ""Coffee Shop"": 220000, ""Movie Ticket"": 220000, ""Gaming"": 220000}",2023-08-31
PLAN_3e891cf6,USER_03040,1360985,"{""Food Delivery"": 1080000, ""Coffee Shop"": 360000, ""Movie Ticket"": 360000, ""Gaming"": 360000}",2023-08-31
PLAN_b1b0dffa,USER_08204,647643,"{""Food Delivery"": 900000, ""Coffee Shop"": 300000, ""Movie Ticket"": 300000, ""Gaming"": 300000}",2023-08-31
PLAN_3fdc8926,USER_07856,1766126,"{""Food Delivery"": 1530000, ""Coffee Shop"": 510000, ""Movie Ticket"": 510000, ""Gaming"": 510000}",2023-08-31
PLAN_5d9d8f0e,USER_09577,1567383,"{""Food Delivery"": 1980000, ""Coffee Shop"": 660000, ""Movie Ticket"": 660000, ""Gaming"": 660000}",2023-08-31
PLAN_54ba79c2,USER_09178,1375051,"{""Food Delivery"": 1110000, ""Coffee Shop"": 370000, ""Movie Ticket"": 370000, ""Gaming"": 370000}",2023-08-31
PLAN_010ea6f8,USER_01026,1728110,"{""Food Delivery"": 1425000, ""Coffee Shop"": 475000, ""Movie Ticket"": 475000, ""Gaming"": 475000}",2023-08-31
PLAN_2cb1f2f4,USER_05172,570093,"{""Food Delivery"": 555000, ""Coffee Shop"": 185000, ""Movie Ticket"": 185000, ""Gaming"": 185000}",2023-08-31
PLAN_4004d340,USER_06016,1710242,"{""Food Delivery"": 1500000, ""Coffee Shop"": 500000, ""Movie Ticket"": 500000, ""Gaming"": 500000}",2023-08-31
PLAN_8099f08c,USER_07128,1958381,"{""Food Delivery"": 2235000, ""Coffee Shop"": 745000, ""Movie Ticket"": 745000, ""Gaming"": 745000}",2023-08-31
PLAN_5ce3c744,USER_08201,2015500,"{""Food Delivery"": 2055000, ""Coffee Shop"": 685000, ""Movie Ticket"": 685000, ""Gaming"": 685000}",2023-08-31
PLAN_881afbf3,USER_00921,2623157,"{""Food Delivery"": 2160000, ""Coffee Shop"": 720000, ""Movie Ticket"": 720000, ""Gaming"": 720000}",2023-08-31
PLAN_c292c610,USER_04008,1926230,"{""Food Delivery"": 1980000, ""Coffee Shop"": 660000, ""Movie Ticket"": 660000, ""Gaming"": 660000}",2023-08-31
PLAN_9b53b612,USER_00576,1833027,"{""Food Delivery"": 2025000, ""Coffee Shop"": 675000, ""Movie Ticket"": 675000, ""Gaming"": 675000}",2023-08-31
PLAN_b7a6f96a,USER_03157,1285022,"{""Food Delivery"": 1290000, ""Coffee Shop"": 430000, ""Movie Ticket"": 430000, ""Gaming"": 430000}",2023-08-31
PLAN_37704d3c,USER_00717,1992791,"{""Food Delivery"": 1635000, ""Coffee Shop"": 545000, ""Movie Ticket"": 545000, ""Gaming"": 545000}",2023-08-31
PLAN_fa555a07,USER_08759,1709066,"{""Food Delivery"": 1920000, ""Coffee Shop"": 640000, ""Movie Ticket"": 640000, ""Gaming"": 640000}",2023-08-31
PLAN_0d4e0a60,USER_09853,692519,"{""Food Delivery"": 885000, ""Coffee Shop"": 295000, ""Movie Ticket"": 295000, ""Gaming"": 295000}",2023-08-31
PLAN_36072e73,USER_00150,1763374,"{""Food Delivery"": 1545000, ""Coffee Shop"": 515000, ""Movie Ticket"": 515000, ""Gaming"": 515000}",2023-08-31
PLAN_f5eb5f24,USER_04436,2392031,"{""Food Delivery"": 1965000, ""Coffee Shop"": 655000, ""Movie Ticket"": 655000, ""Gaming"": 655000}",2023-08-31
PLAN_cf9fff36,USER_08206,517299,"{""Food Delivery"": 705000, ""Coffee Shop"": 235000, ""Movie Ticket"": 235000, ""Gaming"": 235000}",2023-08-31
PLAN_9999d9aa,USER_04463,1773019,"{""Food Delivery"": 2145000, ""Coffee Shop"": 715000, ""Movie Ticket"": 715000, ""Gaming"": 715000}",2023-08-31
PLAN_41c114f8,USER_00752,1119132,"{""Food Delivery"": 1470000, ""Coffee Shop"": 490000, ""Movie Ticket"": 490000, ""Gaming"": 490000}",2023-08-31
PLAN_eff4bb43,USER_05312,1967994,"{""Food Delivery"": 2190000, ""Coffee Shop"": 730000, ""Movie Ticket"": 730000, ""Gaming"": 730000}",2023-08-31
PLAN_ad02983a,USER_09418,1769428,"{""Food Delivery"": 1830000, ""Coffee Shop"": 610000, ""Movie Ticket"": 610000, ""Gaming"": 610000}",2023-08-31
PLAN_aab79460,USER_03648,1189201,"{""Food Delivery"": 1020000, ""Coffee Shop"": 340000, ""Movie Ticket"": 340000, ""Gaming"": 340000}",2023-08-31
PLAN_c34a465c,USER_00740,1469521,"{""Food Delivery"": 1335000, ""Coffee Shop"": 445000, ""Movie Ticket"": 445000, ""Gaming"": 445000}",2023-08-31
PLAN_c7798209,USER_05893,2058579,"{""Food Delivery"": 1905000, ""Coffee Shop"": 635000, ""Movie Ticket"": 635000, ""Gaming"": 635000}",2023-08-31
PLAN_6a6aa2d7,USER_06782,973709,"{""Food Delivery"": 1080000, ""Coffee Shop"": 360000, ""Movie Ticket"": 360000, ""Gaming"": 360000}",2023-08-31
PLAN_d04a990d,USER_03291,1362671,"{""Food Delivery"": 1110000, ""Coffee Shop"": 370000, ""Movie Ticket"": 370000, ""Gaming"": 370000}",2023-08-31
PLAN_23b80ca5,USER_00974,765069,"{""Food Delivery"": 780000, ""Coffee Shop"": 260000, ""Movie Ticket"": 260000, ""Gaming"": 260000}",2023-08-31
PLAN_30530568,USER_02503,1939522,"{""Food Delivery"": 1470000, ""Coffee Shop"": 490000, ""Movie Ticket"": 490000, ""Gaming"": 490000}",2023-08-31
PLAN_dc0b14ff,USER_08962,2009994,"{""Food Delivery"": 1845000, ""Coffee Shop"": 615000, ""Movie Ticket"": 615000, ""Gaming"": 615000}",2023-08-31
PLAN_3a355f73,USER_04246,394192,"{""Food Delivery"": 525000, ""Coffee Shop"": 175000, ""Movie Ticket"": 175000, ""Gaming"": 175000}",2023-08-31
PLAN_a609e3fd,USER_02194,1424750,"{""Food Delivery"": 1275000, ""Coffee Shop"": 425000, ""Movie Ticket"": 425000, ""Gaming"": 425000}",2023-08-31
PLAN_0eb77f2e,USER_01877,1841894,"{""Food Delivery"": 2085000, ""Coffee Shop"": 695000, ""Movie Ticket"": 695000, ""Gaming"": 695000}",2023-08-31
PLAN_da7b7caa,USER_09014,2310268,"{""Food Delivery"": 2055000, ""Coffee Shop"": 685000, ""Movie Ticket"": 685000, ""Gaming"": 685000}",2023-08-31
PLAN_c6a63501,USER_03277,352981,"{""Food Delivery"": 495000, ""Coffee Shop"": 165000, ""Movie Ticket"": 165000, ""Gaming"": 165000}",2023-08-31
PLAN_62b58d34,USER_07445,1433355,"{""Food Delivery"": 1830000, ""Coffee Shop"": 610000, ""Movie Ticket"": 610000, ""Gaming"": 610000}",2023-08-31
PLAN_686916fc,USER_03604,964983,"{""Food Delivery"": 780000, ""Coffee Shop"": 260000, ""Movie Ticket"": 260000, ""Gaming"": 260000}",2023-08-31
PLAN_de2fe620,USER_05901,429512,"{""Food Delivery"": 525000, ""Coffee Shop"": 175000, ""Movie Ticket"": 175000, ""Gaming"": 175000}",2023-08-31
PLAN_78084cda,USER_06410,1120595,"{""Food Delivery"": 915000, ""Coffee Shop"": 305000, ""Movie Ticket"": 305000, ""Gaming"": 305000}",2023-08-31
PLAN_d95b9e77,USER_08153,1727022,"{""Food Delivery"": 2025000, ""Coffee Shop"": 675000, ""Movie Ticket"": 675000, ""Gaming"": 675000}",2023-08-31
PLAN_eef2f752,USER_01237,772154,"{""Food Delivery"": 705000, ""Coffee Shop"": 235000, ""Movie Ticket"": 235000, ""Gaming"": 235000}",2023-08-31
PLAN_b56b2d5b,USER_02501,745426,"{""Food Delivery"": 660000, ""Coffee Shop"": 220000, ""Movie Ticket"": 220000, ""Gaming"": 220000}",2023-08-31
PLAN_15a94afa,USER_08952,1043731,"{""Food Delivery"": 1035000, ""Coffee Shop"": 345000, ""Movie Ticket"": 345000, ""Gaming"": 345000}",2023-08-31
PLAN_72d99cc3,USER_07284,1631638,"{""Food Delivery"": 1875000, ""Coffee Shop"": 625000, ""Movie Ticket"": 625000, ""Gaming"": 625000}",2023-08-31
PLAN_9d7edf13,USER_00815,1236897,"{""Food Delivery"": 1530000, ""Coffee Shop"": 510000, ""Movie Ticket"": 510000, ""Gaming"": 510000}",2023-08-31
PLAN_8d3a02f0,USER_08668,1343146,"{""Food Delivery"": 1950000, ""Coffee Shop"": 650000, ""Movie Ticket"": 650000, ""Gaming"": 650000}",2023-08-31
PLAN_45d47bca,USER_07467,1343064,"{""Food Delivery"": 1545000, ""Coffee Shop"": 515000, ""Movie Ticket"": 515000, ""Gaming"": 515000}",2023-08-31
PLAN_99f641e7,USER_06996,1868073,"{""Food Delivery"": 1695000, ""Coffee Shop"": 565000, ""Movie Ticket"": 565000, ""Gaming"": 565000}",2023-08-31
PLAN_70891898,USER_05736,678406,"{""Food Delivery"": 525000, ""Coffee Shop"": 175000, ""Movie Ticket"": 175000, ""Gaming"": 175000}",2023-08-31
PLAN_ef24b598,USER_09709,2638398,"{""Food Delivery"": 2115000, ""Coffee Shop"": 705000, ""Movie Ticket"": 705000, ""Gaming"": 705000}",2023-08-31
PLAN_5af26f6a,USER_09393,2631436,"{""Food Delivery"": 2235000, ""Coffee Shop"": 745000, ""Movie Ticket"": 745000, ""Gaming"": 745000}",2023-08-31
PLAN_e7966f24,USER_09583,1645371,"{""Food Delivery"": 1380000, ""Coffee Shop"": 460000, ""Movie Ticket"": 460000, ""Gaming"": 460000}",2023-08-31
PLAN_d09410e1,USER_04225,1598385,"{""Food Delivery"": 1440000, ""Coffee Shop"": 480000, ""Movie Ticket"": 480000, ""Gaming"": 480000}",2023-08-31
PLAN_07513e46,USER_08767,1701387,"{""Food Delivery"": 2025000, ""Coffee Shop"": 675000, ""Movie Ticket"": 675000, ""Gaming"": 675000}",2023-08-31
PLAN_59bdf07e,USER_07931,762878,"{""Food Delivery"": 600000, ""Coffee Shop"": 200000, ""Movie Ticket"": 200000, ""Gaming"": 200000}",2023-08-31
PLAN_f09291fe,USER_05889,1202927,"{""Food Delivery"": 1080000, ""Coffee Shop"": 360000, ""Movie Ticket"": 360000, ""Gaming"": 360000}",2023-08-31
PLAN_6a4c611d,USER_01799,717802,"{""Food Delivery"": 690000, ""Coffee Shop"": 230000, ""Movie Ticket"": 230000, ""Gaming"": 230000}",2023-08-31
PLAN_60339fb8,USER_05304,1388736,"{""Food Delivery"": 1875000, ""Coffee Shop"": 625000, ""Movie Ticket"": 625000, ""Gaming"": 625000}",2023-08-31
PLAN_b2ed07a1,USER_09216,477528,"{""Food Delivery"": 495000, ""Coffee Shop"": 165000, ""Movie Ticket"": 165000, ""Gaming"": 165000}",2023-08-31
PLAN_2c524de7,USER_03132,1343529,"{""Food Delivery"": 1380000, ""Coffee Shop"": 460000, ""Movie Ticket"": 460000, ""Gaming"": 460000}",2023-08-31
PLAN_52caeae0,USER_07447,1808626,"{""Food Delivery"": 1455000, ""Coffee Shop"": 485000, ""Movie Ticket"": 485000, ""Gaming"": 485000}",2023-08-31
PLAN_80e2e763,USER_07796,1701313,"{""Food Delivery"": 1650000, ""Coffee Shop"": 550000, ""Movie Ticket"": 550000, ""Gaming"": 550000}",2023-08-31
PLAN_57de5b24,USER_06209,966280,"{""Food Delivery"": 1050000, ""Coffee Shop"": 350000, ""Movie Ticket"": 350000, ""Gaming"": 350000}",2023-08-31
PLAN_730c613f,USER_06538,2214016,"{""Food Delivery"": 1680000, ""Coffee Shop"": 560000, ""Movie Ticket"": 560000, ""Gaming"": 560000}",2023-08-31
PLAN_2a37e76f,USER_08727,377645,"{""Food Delivery"": 510000, ""Coffee Shop"": 170000, ""Movie Ticket"": 170000, ""Gaming"": 170000}",2023-08-31
PLAN_1b3e37ff,USER_06587,867754,"{""Food Delivery"": 915000, ""Coffee Shop"": 305000, ""Movie Ticket"": 305000, ""Gaming"": 305000}",2023-08-31
PLAN_3c385d96,USER_00379,1198328,"{""Food Delivery"": 1725000, ""Coffee Shop"": 575000, ""Movie Ticket"": 575000, ""Gaming"": 575000}",2023-08-31
PLAN_5c89e2a2,USER_09623,2592457,"{""Food Delivery"": 2235000, ""Coffee Shop"": 745000, ""Movie Ticket"": 745000, ""Gaming"": 745000}",2023-08-31
PLAN_6c0380f3,USER_03469,1898895,"{""Food Delivery"": 1485000, ""Coffee Shop"": 495000, ""Movie Ticket"": 495000, ""Gaming"": 495000}",2023-08-31
PLAN_d45ecca1,USER_04047,819223,"{""Food Delivery"": 960000, ""Coffee Shop"": 320000, ""Movie Ticket"": 320000, ""Gaming"": 320000}",2023-08-31
PLAN_531fbdfb,USER_08485,947754,"{""Food Delivery"": 765000, ""Coffee Shop"": 255000, ""Movie Ticket"": 255000, ""Gaming"": 255000}",2023-08-31
PLAN_f7bd5e81,USER_09144,1214685,"{""Food Delivery"": 1410000, ""Coffee Shop"": 470000, ""Movie Ticket"": 470000, ""Gaming"": 470000}",2023-08-31
PLAN_dafded0b,USER_06323,2159170,"{""Food Delivery"": 1695000, ""Coffee Shop"": 565000, ""Movie Ticket"": 565000, ""Gaming"": 565000}",2023-08-31
PLAN_2aabce77,USER_01165,894520,"{""Food Delivery"": 765000, ""Coffee Shop"": 255000, ""Movie Ticket"": 255000, ""Gaming"": 255000}",2023-08-31
PLAN_990ba686,USER_09180,2544918,"{""Food Delivery"": 2115000, ""Coffee Shop"": 705000, ""Movie Ticket"": 705000, ""Gaming"": 705000}",2023-08-31
PLAN_c4cd86d5,USER_05201,1506649,"{""Food Delivery"": 2220000, ""Coffee Shop"": 740000, ""Movie Ticket"": 740000, ""Gaming"": 740000}",2023-08-31
PLAN_68152613,USER_00566,785124,"{""Food Delivery"": 600000, ""Coffee Shop"": 200000, ""Movie Ticket"": 200000, ""Gaming"": 200000}",2023-08-31
PLAN_d0d5b4e6,USER_04829,1830271,"{""Food Delivery"": 1590000, ""Coffee Shop"": 530000, ""Movie Ticket"": 530000, ""Gaming"": 530000}",2023-08-31
PLAN_0467c17a,USER_09787,1761413,"{""Food Delivery"": 2025000, ""Coffee Shop"": 675000, ""Movie Ticket"": 675000, ""Gaming"": 675000}",2023-08-31
PLAN_2069c364,USER_00253,585406,"{""Food Delivery"": 480000, ""Coffee Shop"": 160000, ""Movie Ticket"": 160000, ""Gaming"": 160000}",2023-08-31
PLAN_043b521c,USER_04976,486978,"{""Food Delivery"": 570000, ""Coffee Shop"": 190000, ""Movie Ticket"": 190000, ""Gaming"": 190000}",2023-08-31
PLAN_415abee8,USER_08594,1666750,"{""Food Delivery"": 1335000, ""Coffee Shop"": 445000, ""Movie Ticket"": 445000, ""Gaming"": 445000}",2023-08-31
PLAN_b02f8ac2,USER_00320,1168209,"{""Food Delivery"": 1575000, ""Coffee Shop"": 525000, ""Movie Ticket"": 525000, ""Gaming"": 525000}",2023-08-31
PLAN_e47e7c99,USER_05530,1976275,"{""Food Delivery"": 1740000, ""Coffee Shop"": 580000, ""Movie Ticket"": 580000, ""Gaming"": 580000}",2023-08-31
PLAN_cade3b56,USER_09089,662500,"{""Food Delivery"": 645000, ""Coffee Shop"": 215000, ""Movie Ticket"": 215000, ""Gaming"": 215000}",2023-08-31
PLAN_07dd872e,USER_09984,1381633,"{""Food Delivery"": 1890000, ""Coffee Shop"": 630000, ""Movie Ticket"": 630000, ""Gaming"": 630000}",2023-08-31
PLAN_4b26731c,USER_06545,583690,"{""Food Delivery"": 705000, ""Coffee Shop"": 235000, ""Movie Ticket"": 235000, ""Gaming"": 235000}",2023-08-31
PLAN_6a55d46c,USER_09239,1437613,"{""Food Delivery"": 2130000, ""Coffee Shop"": 710000, ""Movie Ticket"": 710000, ""Gaming"": 710000}",2023-08-31
PLAN_2dcb739c,USER_07542,1968149,"{""Food Delivery"": 2010000, ""Coffee Shop"": 670000, ""Movie Ticket"": 670000, ""Gaming"": 670000}",2023-08-31
PLAN_785992fc,USER_00115,1327290,"{""Food Delivery"": 1530000, ""Coffee Shop"": 510000, ""Movie Ticket"": 510000, ""Gaming"": 510000}",2023-08-31
PLAN_fcea2f74,USER_01559,831145,"{""Food Delivery"": 780000, ""Coffee Shop"": 260000, ""Movie Ticket"": 260000, ""Gaming"": 260000}",2023-08-31
PLAN_8e6bb095,USER_01400,1336154,"{""Food Delivery"": 1545000, ""Coffee Shop"": 515000, ""Movie Ticket"": 515000, ""Gaming"": 515000}",2023-08-31
PLAN_586a4718,USER_01543,1455909,"{""Food Delivery"": 1680000, ""Coffee Shop"": 560000, ""Movie Ticket"": 560000, ""Gaming"": 560000}",2023-08-31
PLAN_9d2438e7,USER_05405,1324826,"{""Food Delivery"": 1140000, ""Coffee Shop"": 380000, ""Movie Ticket"": 380000, ""Gaming"": 380000}",2023-08-31
PLAN_4681baa3,USER_05424,1027179,"{""Food Delivery"": 1470000, ""Coffee Shop"": 490000, ""Movie Ticket"": 490000, ""Gaming"": 490000}",2023-08-31
PLAN_81c66e3f,USER_06547,1446200,"{""Food Delivery"": 1140000, ""Coffee Shop"": 380000, ""Movie Ticket"": 380000, ""Gaming"": 380000}",2023-08-31
PLAN_001fb460,USER_07954,2685782,"{""Food Delivery"": 2175000, ""Coffee Shop"": 725000, ""Movie Ticket"": 725000, ""Gaming"": 725000}",2023-08-31
PLAN_d4e0f71a,USER_06402,1934653,"{""Food Delivery"": 1740000, ""Coffee Shop"": 580000, ""Movie Ticket"": 580000, ""Gaming"": 580000}",2023-08-31
PLAN_3408ec8c,USER_07056,940000,"{""Food Delivery"": 885000, ""Coffee Shop"": 295000, ""Movie Ticket"": 295000, ""Gaming"": 295000}",2023-08-31
PLAN_b4c09370,USER_04487,1021843,"{""Food Delivery"": 810000, ""Coffee Shop"": 270000, ""Movie Ticket"": 270000, ""Gaming"": 270000}",2023-08-31
PLAN_142ffa61,USER_02764,675638,"{""Food Delivery"": 855000, ""Coffee Shop"": 285000, ""Movie Ticket"": 285000, ""Gaming"": 285000}",2023-08-31
PLAN_cdcf051a,USER_04426,1370290,"{""Food Delivery"": 1905000, ""Coffee Shop"": 635000, ""Movie Ticket"": 635000, ""Gaming"": 635000}",2023-08-31
PLAN_cf9ee92e,USER_05528,1710524,"{""Food Delivery"": 2070000, ""Coffee Shop"": 690000, ""Movie Ticket"": 690000, ""Gaming"": 690000}",2023-08-31
PLAN_9af75df8,USER_06365,2673921,"{""Food Delivery"": 2235000, ""Coffee Shop"": 745000, ""Movie Ticket"": 745000, ""Gaming"": 745000}",2023-08-31
PLAN_f4a84b1a,USER_03775,1458885,"{""Food Delivery"": 2115000, ""Coffee Shop"": 705000, ""Movie Ticket"": 705000, ""Gaming"": 705000}",2023-08-31
PLAN_a0e900c2,USER_04631,2215929,"{""Food Delivery"": 2100000, ""Coffee Shop"": 700000, ""Movie Ticket"": 700000, ""Gaming"": 700000}",2023-08-31
PLAN_71ba5c36,USER_03502,1077536,"{""Food Delivery"": 810000, ""Coffee Shop"": 270000, ""Movie Ticket"": 270000, ""Gaming"": 270000}",2023-08-31
PLAN_33f24002,USER_00086,1911366,"{""Food Delivery"": 1545000, ""Coffee Shop"": 515000, ""Movie Ticket"": 515000, ""Gaming"": 515000}",2023-08-31
PLAN_7262a8f6,USER_03238,1627946,"{""Food Delivery"": 1605000, ""Coffee Shop"": 535000, ""Movie Ticket"": 535000, ""Gaming"": 535000}",2023-08-31
PLAN_e29c16ee,USER_05634,1435915,"{""Food Delivery"": 2025000, ""Coffee Shop"": 675000, ""Movie Ticket"": 675000, ""Gaming"": 675000}",2023-08-31
PLAN_3710334c,USER_09011,2747060,"{""Food Delivery"": 2250000, ""Coffee Shop"": 750000, ""Movie Ticket"": 750000, ""Gaming"": 750000}",2023-08-31
PLAN_e8df0cd9,USER_04014,2222580,"{""Food Delivery"": 2085000, ""Coffee Shop"": 695000, ""Movie Ticket"": 695000, ""Gaming"": 695000}",2023-08-31
PLAN_8e323fe4,USER_03928,969991,"{""Food Delivery"": 1305000, ""Coffee Shop"": 435000, ""Movie Ticket"": 435000, ""Gaming"": 435000}",2023-08-31
PLAN_2e672a07,USER_03512,1345444,"{""Food Delivery"": 1845000, ""Coffee Shop"": 615000, ""Movie Ticket"": 615000, ""Gaming"": 615000}",2023-08-31
PLAN_6f88c802,USER_04855,2826247,"{""Food Delivery"": 2220000, ""Coffee Shop"": 740000, ""Movie Ticket"": 740000, ""Gaming"": 740000}",2023-08-31
PLAN_797d9d81,USER_01444,1168440,"{""Food Delivery"": 1050000, ""Coffee Shop"": 350000, ""Movie Ticket"": 350000, ""Gaming"": 350000}",2023-08-31
PLAN_13af209c,USER_03583,987814,"{""Food Delivery"": 810000, ""Coffee Shop"": 270000, ""Movie Ticket"": 270000, ""Gaming"": 270000}",2023-08-31
PLAN_26347270,USER_09526,2010507,"{""Food Delivery"": 1605000, ""Coffee Shop"": 535000, ""Movie Ticket"": 535000, ""Gaming"": 535000}",2023-08-31
PLAN_f47ba68e,USER_02678,2011868,"{""Food Delivery"": 1920000, ""Coffee Shop"": 640000, ""Movie Ticket"": 640000, ""Gaming"": 640000}",2023-08-31
PLAN_250303dc,USER_04330,2200297,"{""Food Delivery"": 2175000, ""Coffee Shop"": 725000, ""Movie Ticket"": 725000, ""Gaming"": 725000}",2023-08-31
PLAN_0e5a3672,USER_08559,1101429,"{""Food Delivery"": 1155000, ""Coffee Shop"": 385000, ""Movie Ticket"": 385000, ""Gaming"": 385000}",2023-08-31
PLAN_51244fc9,USER_01206,1672522,"{""Food Delivery"": 1905000, ""Coffee Shop"": 635000, ""Movie Ticket"": 635000, ""Gaming"": 635000}",2023-08-31
PLAN_d8d17d0a,USER_09660,559492,"{""Food Delivery"": 585000, ""Coffee Shop"": 195000, ""Movie Ticket"": 195000, ""Gaming"": 195000}",2023-08-31
PLAN_e5e815bd,USER_00170,2270565,"{""Food Delivery"": 1920000, ""Coffee Shop"": 640000, ""Movie Ticket"": 640000, ""Gaming"": 640000}",2023-08-31
PLAN_c315b35b,USER_06775,1666000,"{""Food Delivery"": 1560000, ""Coffee Shop"": 520000, ""Movie Ticket"": 520000, ""Gaming"": 520000}",2023-08-31
PLAN_1da6acec,USER_05130,757009,"{""Food Delivery"": 600000, ""Coffee Shop"": 200000, ""Movie Ticket"": 200000, ""Gaming"": 200000}",2023-08-31
PLAN_f5c845f6,USER_05819,1645453,"{""Food Delivery"": 1710000, ""Coffee Shop"": 570000, ""Movie Ticket"": 570000, ""Gaming"": 570000}",2023-08-31
PLAN_a45afcbe,USER_03668,803544,"{""Food Delivery"": 750000, ""Coffee Shop"": 250000, ""Movie Ticket"": 250000, ""Gaming"": 250000}",2023-08-31
PLAN_0b268e6a,USER_09271,1876003,"{""Food Delivery"": 1725000, ""Coffee Shop"": 575000, ""Movie Ticket"": 575000, ""Gaming"": 575000}",2023-08-31
PLAN_b54d572b,USER_02356,1177855,"{""Food Delivery"": 1110000, ""Coffee Shop"": 370000, ""Movie Ticket"": 370000, ""Gaming"": 370000}",2023-08-31
PLAN_65955a7f,USER_00744,612948,"{""Food Delivery"": 540000, ""Coffee Shop"": 180000, ""Movie Ticket"": 180000, ""Gaming"": 180000}",2023-08-31
PLAN_ca500db8,USER_02289,1831401,"{""Food Delivery"": 2220000, ""Coffee Shop"": 740000, ""Movie Ticket"": 740000, ""Gaming"": 740000}",2023-08-31
PLAN_22c39a79,USER_08649,1663600,"{""Food Delivery"": 1650000, ""Coffee Shop"": 550000, ""Movie Ticket"": 550000, ""Gaming"": 550000}",2023-08-31
PLAN_39fe066c,USER_03643,1026929,"{""Food Delivery"": 1395000, ""Coffee Shop"": 465000, ""Movie Ticket"": 465000, ""Gaming"": 465000}",2023-08-31
PLAN_89703f61,USER_05091,1287595,"{""Food Delivery"": 1395000, ""Coffee Shop"": 465000, ""Movie Ticket"": 465000, ""Gaming"": 465000}",2023-08-31
PLAN_fa61dc0f,USER_00296,461176,"{""Food Delivery"": 465000, ""Coffee Shop"": 155000, ""Movie Ticket"": 155000, ""Gaming"": 155000}",2023-08-31
PLAN_61116e04,USER_01402,1734835,"{""Food Delivery"": 1575000, ""Coffee Shop"": 525000, ""Movie Ticket"": 525000, ""Gaming"": 525000}",2023-08-31
PLAN_a5cad9fe,USER_06302,2925796,"{""Food Delivery"": 2250000, ""Coffee Shop"": 750000, ""Movie Ticket"": 750000, ""Gaming"": 750000}",2023-08-31
PLAN_4137b1e9,USER_03079,1136462,"{""Food Delivery"": 1065000, ""Coffee Shop"": 355000, ""Movie Ticket"": 355000, ""Gaming"": 355000}",2023-08-31
PLAN_a6d697e9,USER_02675,1935389,"{""Food Delivery"": 1665000, ""Coffee Shop"": 555000, ""Movie Ticket"": 555000, ""Gaming"": 555000}",2023-08-31
PLAN_f5f6cdc7,USER_06002,1250200,"{""Food Delivery"": 1245000, ""Coffee Shop"": 415000, ""Movie Ticket"": 415000, ""Gaming"": 415000}",2023-08-31
PLAN_d8108135,USER_02815,1699468,"{""Food Delivery"": 1560000, ""Coffee Shop"": 520000, ""Movie Ticket"": 520000, ""Gaming"": 520000}",2023-08-31
PLAN_0f39108a,USER_07690,481919,"{""Food Delivery"": 675000, ""Coffee Shop"": 225000, ""Movie Ticket"": 225000, ""Gaming"": 225000}",2023-08-31
PLAN_f5f054d0,USER_03038,1781236,"{""Food Delivery"": 2130000, ""Coffee Shop"": 710000, ""Movie Ticket"": 710000, ""Gaming"": 710000}",2023-08-31
PLAN_155aebaf,USER_03037,1961068,"{""Food Delivery"": 2160000, ""Coffee Shop"": 720000, ""Movie Ticket"": 720000, ""Gaming"": 720000}",2023-08-31
PLAN_951f8901,USER_03864,692071,"{""Food Delivery"": 705000, ""Coffee Shop"": 235000, ""Movie Ticket"": 235000, ""Gaming"": 235000}",2023-08-31
PLAN_c6eeb74c,USER_00871,1338430,"{""Food Delivery"": 1920000, ""Coffee Shop"": 640000, ""Movie Ticket"": 640000, ""Gaming"": 640000}",2023-08-31
PLAN_71da5f23,USER_08084,1664435,"{""Food Delivery"": 2190000, ""Coffee Shop"": 730000, ""Movie Ticket"": 730000, ""Gaming"": 730000}",2023-08-31
PLAN_67ab4789,USER_04118,1123596,"{""Food Delivery"": 1320000, ""Coffee Shop"": 440000, ""Movie Ticket"": 440000, ""Gaming"": 440000}",2023-08-31
PLAN_d8777f38,USER_08454,2346123,"{""Food Delivery"": 1785000, ""Coffee Shop"": 595000, ""Movie Ticket"": 595000, ""Gaming"": 595000}",2023-08-31
PLAN_6c95f91c,USER_06125,599106,"{""Food Delivery"": 675000, ""Coffee Shop"": 225000, ""Movie Ticket"": 225000, ""Gaming"": 225000}",2023-08-31
PLAN_e76f563f,USER_01218,518714,"{""Food Delivery"": 525000, ""Coffee Shop"": 175000, ""Movie Ticket"": 175000, ""Gaming"": 175000}",2023-08-31
PLAN_38393f72,USER_04368,1028644,"{""Food Delivery"": 1290000, ""Coffee Shop"": 430000, ""Movie Ticket"": 430000, ""Gaming"": 430000}",2023-08-31
PLAN_27482b3d,USER_01904,2206768,"{""Food Delivery"": 2055000, ""Coffee Shop"": 685000, ""Movie Ticket"": 685000, ""Gaming"": 685000}",2023-08-31
PLAN_8392e78d,USER_01746,1741729,"{""Food Delivery"": 2040000, ""Coffee Shop"": 680000, ""Movie Ticket"": 680000, ""Gaming"": 680000}",2023-08-31
PLAN_46ba38df,USER_02165,917314,"{""Food Delivery"": 1140000, ""Coffee Shop"": 380000, ""Movie Ticket"": 380000, ""Gaming"": 380000}",2023-08-31
PLAN_6ca2d0ff,USER_07305,2123201,"{""Food Delivery"": 2100000, ""Coffee Shop"": 700000, ""Movie Ticket"": 700000, ""Gaming"": 700000}",2023-08-31
PLAN_c8fefa48,USER_05177,774239,"{""Food Delivery"": 1155000, ""Coffee Shop"": 385000, ""Movie Ticket"": 385000, ""Gaming"": 385000}",2023-08-31
PLAN_48ef31bc,USER_01439,715441,"{""Food Delivery"": 1065000, ""Coffee Shop"": 355000, ""Movie Ticket"": 355000, ""Gaming"": 355000}",2023-08-31
PLAN_0c4ef6fe,USER_04475,1280022,"{""Food Delivery"": 1575000, ""Coffee Shop"": 525000, ""Movie Ticket"": 525000, ""Gaming"": 525000}",2023-08-31
PLAN_a2c9a2eb,USER_08009,922682,"{""Food Delivery"": 1335000, ""Coffee Shop"": 445000, ""Movie Ticket"": 445000, ""Gaming"": 445000}",2023-08-31
PLAN_1ed1e32f,USER_02197,1174507,"{""Food Delivery"": 1590000, ""Coffee Shop"": 530000, ""Movie Ticket"": 530000, ""Gaming"": 530000}",2023-08-31
PLAN_7abffa3d,USER_01225,441824,"{""Food Delivery"": 495000, ""Coffee Shop"": 165000, ""Movie Ticket"": 165000, ""Gaming"": 165000}",2023-08-31
PLAN_9c6f0fc2,USER_05059,2379413,"{""Food Delivery"": 1980000, ""Coffee Shop"": 660000, ""Movie Ticket"": 660000, ""Gaming"": 660000}",2023-08-31
PLAN_57d6e5e1,USER_01984,2310911,"{""Food Delivery"": 2205000, ""Coffee Shop"": 735000, ""Movie Ticket"": 735000, ""Gaming"": 735000}",2023-08-31
PLAN_5c7b8afa,USER_03318,468926,"{""Food Delivery"": 465000, ""Coffee Shop"": 155000, ""Movie Ticket"": 155000, ""Gaming"": 155000}",2023-08-31
PLAN_c9697a4b,USER_09887,1539251,"{""Food Delivery"": 1785000, ""Coffee Shop"": 595000, ""Movie Ticket"": 595000, ""Gaming"": 595000}",2023-08-31
PLAN_63b09937,USER_03664,1699943,"{""Food Delivery"": 1320000, ""Coffee Shop"": 440000, ""Movie Ticket"": 440000, ""Gaming"": 440000}",2023-08-31
PLAN_77a89da4,USER_07914,782328,"{""Food Delivery"": 840000, ""Coffee Shop"": 280000, ""Movie Ticket"": 280000, ""Gaming"": 280000}",2023-08-31
PLAN_487e5876,USER_04906,608771,"{""Food Delivery"": 840000, ""Coffee Shop"": 280000, ""Movie Ticket"": 280000, ""Gaming"": 280000}",2023-08-31
PLAN_a612bb76,USER_02127,1746431,"{""Food Delivery"": 1620000, ""Coffee Shop"": 540000, ""Movie Ticket"": 540000, ""Gaming"": 540000}",2023-08-31
PLAN_a3376e83,USER_06719,1124976,"{""Food Delivery"": 1515000, ""Coffee Shop"": 505000, ""Movie Ticket"": 505000, ""Gaming"": 505000}",2023-08-31
PLAN_f2d0ece0,USER_05520,484280,"{""Food Delivery"": 540000, ""Coffee Shop"": 180000, ""Movie Ticket"": 180000, ""Gaming"": 180000}",2023-08-31
PLAN_c6e1d94f,USER_01105,1386818,"{""Food Delivery"": 1380000, ""Coffee Shop"": 460000, ""Movie Ticket"": 460000, ""Gaming"": 460000}",2023-08-31
PLAN_cc79b544,USER_06337,2623911,"{""Food Delivery"": 2100000, ""Coffee Shop"": 700000, ""Movie Ticket"": 700000, ""Gaming"": 700000}",2023-08-31
PLAN_854db71b,USER_04418,2210448,"{""Food Delivery"": 2220000, ""Coffee Shop"": 740000, ""Movie Ticket"": 740000, ""Gaming"": 740000}",2023-08-31
PLAN_ecc4c64d,USER_08105,1276694,"{""Food Delivery"": 1125000, ""Coffee Shop"": 375000, ""Movie Ticket"": 375000, ""Gaming"": 375000}",2023-08-31
PLAN_d47d5db3,USER_03324,1833391,"{""Food Delivery"": 1380000, ""Coffee Shop"": 460000, ""Movie Ticket"": 460000, ""Gaming"": 460000}",2023-08-31
PLAN_dad5202f,USER_03389,1504880,"{""Food Delivery"": 1995000, ""Coffee Shop"": 665000, ""Movie Ticket"": 665000, ""Gaming"": 665000}",2023-08-31
PLAN_9d162ffb,USER_07174,522639,"{""Food Delivery"": 615000, ""Coffee Shop"": 205000, ""Movie Ticket"": 205000, ""Gaming"": 205000}",2023-08-31
PLAN_d15850ad,USER_04653,585721,"{""Food Delivery"": 630000, ""Coffee Shop"": 210000, ""Movie Ticket"": 210000, ""Gaming"": 210000}",2023-08-31
PLAN_50f2fff9,USER_01099,1023716,"{""Food Delivery"": 1080000, ""Coffee Shop"": 360000, ""Movie Ticket"": 360000, ""Gaming"": 360000}",2023-08-31
PLAN_f093289f,USER_06318,649069,"{""Food Delivery"": 690000, ""Coffee Shop"": 230000, ""Movie Ticket"": 230000, ""Gaming"": 230000}",2023-08-31
PLAN_f3bc0eeb,USER_03089,1755002,"{""Food Delivery"": 1380000, ""Coffee Shop"": 460000, ""Movie Ticket"": 460000, ""Gaming"": 460000}",2023-08-31
PLAN_6f23eb92,USER_01981,1885435,"{""Food Delivery"": 1650000, ""Coffee Shop"": 550000, ""Movie Ticket"": 550000, ""Gaming"": 550000}",2023-08-31
PLAN_a2656c22,USER_03117,2395778,"{""Food Delivery"": 2235000, ""Coffee Shop"": 745000, ""Movie Ticket"": 745000, ""Gaming"": 745000}",2023-08-31
PLAN_79d25a84,USER_04577,851092,"{""Food Delivery"": 975000, ""Coffee Shop"": 325000, ""Movie Ticket"": 325000, ""Gaming"": 325000}",2023-08-31
PLAN_fd15a151,USER_02488,2079121,"{""Food Delivery"": 1710000, ""Coffee Shop"": 570000, ""Movie Ticket"": 570000, ""Gaming"": 570000}",2023-08-31
PLAN_1fc1654e,USER_07525,723372,"{""Food Delivery"": 555000, ""Coffee Shop"": 185000, ""Movie Ticket"": 185000, ""Gaming"": 185000}",2023-08-31
PLAN_e4cfcabf,USER_08963,1784774,"{""Food Delivery"": 1470000, ""Coffee Shop"": 490000, ""Movie Ticket"": 490000, ""Gaming"": 490000}",2023-08-31
PLAN_6e90978f,USER_06468,1191862,"{""Food Delivery"": 1785000, ""Coffee Shop"": 595000, ""Movie Ticket"": 595000, ""Gaming"": 595000}",2023-08-31
PLAN_50180330,USER_06386,1783677,"{""Food Delivery"": 1635000, ""Coffee Shop"": 545000, ""Movie Ticket"": 545000, ""Gaming"": 545000}",2023-08-31
PLAN_15308561,USER_06360,683237,"{""Food Delivery"": 975000, ""Coffee Shop"": 325000, ""Movie Ticket"": 325000, ""Gaming"": 325000}",2023-08-31
PLAN_e3faa1dd,USER_09771,716836,"{""Food Delivery"": 855000, ""Coffee Shop"": 285000, ""Movie Ticket"": 285000, ""Gaming"": 285000}",2023-08-31
PLAN_e4508b4c,USER_01406,1557501,"{""Food Delivery"": 2205000, ""Coffee Shop"": 735000, ""Movie Ticket"": 735000, ""Gaming"": 735000}",2023-08-31
PLAN_d46500fb,USER_03341,1956630,"{""Food Delivery"": 1830000, ""Coffee Shop"": 610000, ""Movie Ticket"": 610000, ""Gaming"": 610000}",2023-08-31
PLAN_0f1cdcbc,USER_05775,1281808,"{""Food Delivery"": 1140000, ""Coffee Shop"": 380000, ""Movie Ticket"": 380000, ""Gaming"": 380000}",2023-08-31
PLAN_2e26040c,USER_02928,1170212,"{""Food Delivery"": 1575000, ""Coffee Shop"": 525000, ""Movie Ticket"": 525000, ""Gaming"": 525000}",2023-08-31
PLAN_f355a927,USER_09422,1798990,"{""Food Delivery"": 1950000, ""Coffee Shop"": 650000, ""Movie Ticket"": 650000, ""Gaming"": 650000}",2023-08-31
PLAN_7aba0df7,USER_09836,859179,"{""Food Delivery"": 885000, ""Coffee Shop"": 295000, ""Movie Ticket"": 295000, ""Gaming"": 295000}",2023-08-31
PLAN_c7c3147f,USER_07371,711907,"{""Food Delivery"": 780000, ""Coffee Shop"": 260000, ""Movie Ticket"": 260000, ""Gaming"": 260000}",2023-08-31
PLAN_29c53ac7,USER_08063,504461,"{""Food Delivery"": 675000, ""Coffee Shop"": 225000, ""Movie Ticket"": 225000, ""Gaming"": 225000}",2023-08-31
PLAN_07bd8cb7,USER_00543,610147,"{""Food Delivery"": 645000, ""Coffee Shop"": 215000, ""Movie Ticket"": 215000, ""Gaming"": 215000}",2023-08-31
PLAN_e3667797,USER_03152,1803713,"{""Food Delivery"": 1545000, ""Coffee Shop"": 515000, ""Movie Ticket"": 515000, ""Gaming"": 515000}",2023-08-31
PLAN_423fc7a2,USER_05814,1071007,"{""Food Delivery"": 1500000, ""Coffee Shop"": 500000, ""Movie Ticket"": 500000, ""Gaming"": 500000}",2023-08-31
PLAN_903c18f5,USER_08168,1490648,"{""Food Delivery"": 2070000, ""Coffee Shop"": 690000, ""Movie Ticket"": 690000, ""Gaming"": 690000}",2023-08-31
PLAN_b138dd15,USER_07647,1097364,"{""Food Delivery"": 1215000, ""Coffee Shop"": 405000, ""Movie Ticket"": 405000, ""Gaming"": 405000}",2023-08-31
PLAN_05daf794,USER_00969,1281538,"{""Food Delivery"": 990000, ""Coffee Shop"": 330000, ""Movie Ticket"": 330000, ""Gaming"": 330000}",2023-08-31
PLAN_92f64944,USER_05245,967772,"{""Food Delivery"": 870000, ""Coffee Shop"": 290000, ""Movie Ticket"": 290000, ""Gaming"": 290000}",2023-08-31
PLAN_21197b5e,USER_04504,1611523,"{""Food Delivery"": 1440000, ""Coffee Shop"": 480000, ""Movie Ticket"": 480000, ""Gaming"": 480000}",2023-08-31
PLAN_9029631d,USER_04940,599244,"{""Food Delivery"": 660000, ""Coffee Shop"": 220000, ""Movie Ticket"": 220000, ""Gaming"": 220000}",2023-08-31
PLAN_aff62cb1,USER_04584,2055822,"{""Food Delivery"": 1935000, ""Coffee Shop"": 645000, ""Movie Ticket"": 645000, ""Gaming"": 645000}",2023-08-31
PLAN_31a59cdc,USER_09786,767699,"{""Food Delivery"": 1140000, ""Coffee Shop"": 380000, ""Movie Ticket"": 380000, ""Gaming"": 380000}",2023-08-31
PLAN_ee6dee22,USER_07438,1227072,"{""Food Delivery"": 1125000, ""Coffee Shop"": 375000, ""Movie Ticket"": 375000, ""Gaming"": 375000}",2023-08-31
PLAN_f5205486,USER_01259,1549762,"{""Food Delivery"": 1215000, ""Coffee Shop"": 405000, ""Movie Ticket"": 405000, ""Gaming"": 405000}",2023-08-31
PLAN_af6bcad4,USER_06280,774035,"{""Food Delivery"": 720000, ""Coffee Shop"": 240000, ""Movie Ticket"": 240000, ""Gaming"": 240000}",2023-08-31
PLAN_4d536c96,USER_09789,1986120,"{""Food Delivery"": 1590000, ""Coffee Shop"": 530000, ""Movie Ticket"": 530000, ""Gaming"": 530000}",2023-08-31
PLAN_de828ee8,USER_08169,2327363,"{""Food Delivery"": 2025000, ""Coffee Shop"": 675000, ""Movie Ticket"": 675000, ""Gaming"": 675000}",2023-08-31
PLAN_bc391e65,USER_00482,560279,"{""Food Delivery"": 750000, ""Coffee Shop"": 250000, ""Movie Ticket"": 250000, ""Gaming"": 250000}",2023-08-31
PLAN_efac0385,USER_09587,1769281,"{""Food Delivery"": 1395000, ""Coffee Shop"": 465000, ""Movie Ticket"": 465000, ""Gaming"": 465000}",2023-08-31
PLAN_e4281cca,USER_01242,703852,"{""Food Delivery"": 990000, ""Coffee Shop"": 330000, ""Movie Ticket"": 330000, ""Gaming"": 330000}",2023-08-31
PLAN_8345011f,USER_02408,859021,"{""Food Delivery"": 840000, ""Coffee Shop"": 280000, ""Movie Ticket"": 280000, ""Gaming"": 280000}",2023-08-31
PLAN_7fd9eddf,USER_04573,959395,"{""Food Delivery"": 1260000, ""Coffee Shop"": 420000, ""Movie Ticket"": 420000, ""Gaming"": 420000}",2023-08-31
PLAN_cd64daca,USER_09991,1466974,"{""Food Delivery"": 2175000, ""Coffee Shop"": 725000, ""Movie Ticket"": 725000, ""Gaming"": 725000}",2023-08-31
PLAN_021b2b22,USER_04835,824779,"{""Food Delivery"": 870000, ""Coffee Shop"": 290000, ""Movie Ticket"": 290000, ""Gaming"": 290000}",2023-08-31
PLAN_d60985e5,USER_01059,634569,"{""Food Delivery"": 735000, ""Coffee Shop"": 245000, ""Movie Ticket"": 245000, ""Gaming"": 245000}",2023-08-31
PLAN_e6c9cd13,USER_04758,802440,"{""Food Delivery"": 810000, ""Coffee Shop"": 270000, ""Movie Ticket"": 270000, ""Gaming"": 270000}",2023-08-31
PLAN_8c0a673d,USER_01502,1561427,"{""Food Delivery"": 1485000, ""Coffee Shop"": 495000, ""Movie Ticket"": 495000, ""Gaming"": 495000}",2023-08-31
PLAN_ee7971b1,USER_06990,960239,"{""Food Delivery"": 1380000, ""Coffee Shop"": 460000, ""Movie Ticket"": 460000, ""Gaming"": 460000}",2023-08-31
PLAN_c0663cb9,USER_01985,729952,"{""Food Delivery"": 975000, ""Coffee Shop"": 325000, ""Movie Ticket"": 325000, ""Gaming"": 325000}",2023-08-31
PLAN_e3e70c7d,USER_06020,483179,"{""Food Delivery"": 465000, ""Coffee Shop"": 155000, ""Movie Ticket"": 155000, ""Gaming"": 155000}",2023-08-31
PLAN_013fb877,USER_02474,685015,"{""Food Delivery"": 765000, ""Coffee Shop"": 255000, ""Movie Ticket"": 255000, ""Gaming"": 255000}",2023-08-31
PLAN_7a1d04aa,USER_05062,2161466,"{""Food Delivery"": 1875000, ""Coffee Shop"": 625000, ""Movie Ticket"": 625000, ""Gaming"": 625000}",2023-08-31
PLAN_d415dd70,USER_04091,743531,"{""Food Delivery"": 675000, ""Coffee Shop"": 225000, ""Movie Ticket"": 225000, ""Gaming"": 225000}",2023-08-31
PLAN_e170a551,USER_09672,867434,"{""Food Delivery"": 705000, ""Coffee Shop"": 235000, ""Movie Ticket"": 235000, ""Gaming"": 235000}",2023-08-31
PLAN_a085bbb4,USER_05170,1658642,"{""Food Delivery"": 1470000, ""Coffee Shop"": 490000, ""Movie Ticket"": 490000, ""Gaming"": 490000}",2023-08-31
PLAN_bd9b73de,USER_08200,1186842,"{""Food Delivery"": 1245000, ""Coffee Shop"": 415000, ""Movie Ticket"": 415000, ""Gaming"": 415000}",2023-08-31
PLAN_1a5089f0,USER_04393,2158126,"{""Food Delivery"": 1935000, ""Coffee Shop"": 645000, ""Movie Ticket"": 645000, ""Gaming"": 645000}",2023-08-31
PLAN_e6f1b95e,USER_05204,752474,"{""Food Delivery"": 885000, ""Coffee Shop"": 295000, ""Movie Ticket"": 295000, ""Gaming"": 295000}",2023-08-31
PLAN_19d15e65,USER_05005,966671,"{""Food Delivery"": 1110000, ""Coffee Shop"": 370000, ""Movie Ticket"": 370000, ""Gaming"": 370000}",2023-08-31
PLAN_92ac558c,USER_01437,858712,"{""Food Delivery"": 720000, ""Coffee Shop"": 240000, ""Movie Ticket"": 240000, ""Gaming"": 240000}",2023-08-31
PLAN_14e73dac,USER_01489,1677846,"{""Food Delivery"": 1740000, ""Coffee Shop"": 580000, ""Movie Ticket"": 580000, ""Gaming"": 580000}",2023-08-31
PLAN_37623c6f,USER_05249,1132979,"{""Food Delivery"": 945000, ""Coffee Shop"": 315000, ""Movie Ticket"": 315000, ""Gaming"": 315000}",2023-08-31
PLAN_8d78ec41,USER_03391,765417,"{""Food Delivery"": 630000, ""Coffee Shop"": 210000, ""Movie Ticket"": 210000, ""Gaming"": 210000}",2023-08-31
PLAN_1e505d37,USER_04408,1337444,"{""Food Delivery"": 1080000, ""Coffee Shop"": 360000, ""Movie Ticket"": 360000, ""Gaming"": 360000}",2023-08-31
PLAN_66044ce6,USER_05466,1744138,"{""Food Delivery"": 1365000, ""Coffee Shop"": 455000, ""Movie Ticket"": 455000, ""Gaming"": 455000}",2023-08-31
PLAN_b792a334,USER_01321,2103548,"{""Food Delivery"": 2205000, ""Coffee Shop"": 735000, ""Movie Ticket"": 735000, ""Gaming"": 735000}",2023-08-31
PLAN_0ad056be,USER_05218,1609017,"{""Food Delivery"": 1830000, ""Coffee Shop"": 610000, ""Movie Ticket"": 610000, ""Gaming"": 610000}",2023-08-31
PLAN_da73dc56,USER_06971,2041036,"{""Food Delivery"": 1935000, ""Coffee Shop"": 645000, ""Movie Ticket"": 645000, ""Gaming"": 645000}",2023-08-31
PLAN_20fe66fe,USER_05793,699297,"{""Food Delivery"": 765000, ""Coffee Shop"": 255000, ""Movie Ticket"": 255000, ""Gaming"": 255000}",2023-08-31
PLAN_97641c2a,USER_00728,1296870,"{""Food Delivery"": 1215000, ""Coffee Shop"": 405000, ""Movie Ticket"": 405000, ""Gaming"": 405000}",2023-08-31
PLAN_6f99e38c,USER_07060,1381524,"{""Food Delivery"": 1215000, ""Coffee Shop"": 405000, ""Movie Ticket"": 405000, ""Gaming"": 405000}",2023-08-31
PLAN_a88d4009,USER_00963,2363767,"{""Food Delivery"": 2100000, ""Coffee Shop"": 700000, ""Movie Ticket"": 700000, ""Gaming"": 700000}",2023-08-31
PLAN_83d81b19,USER_04299,893459,"{""Food Delivery"": 975000, ""Coffee Shop"": 325000, ""Movie Ticket"": 325000, ""Gaming"": 325000}",2023-08-31
PLAN_3ade4704,USER_06525,1190197,"{""Food Delivery"": 1530000, ""Coffee Shop"": 510000, ""Movie Ticket"": 510000, ""Gaming"": 510000}",2023-08-31
PLAN_f4b80f62,USER_02037,1888298,"{""Food Delivery"": 1980000, ""Coffee Shop"": 660000, ""Movie Ticket"": 660000, ""Gaming"": 660000}",2023-08-31
PLAN_79bfabf2,USER_06075,1645335,"{""Food Delivery"": 2160000, ""Coffee Shop"": 720000, ""Movie Ticket"": 720000, ""Gaming"": 720000}",2023-08-31
PLAN_8cfb6fc8,USER_01175,907246,"{""Food Delivery"": 720000, ""Coffee Shop"": 240000, ""Movie Ticket"": 240000, ""Gaming"": 240000}",2023-08-31
PLAN_373c19cd,USER_07945,901737,"{""Food Delivery"": 1005000, ""Coffee Shop"": 335000, ""Movie Ticket"": 335000, ""Gaming"": 335000}",2023-08-31
PLAN_b5cad945,USER_06492,1142915,"{""Food Delivery"": 1485000, ""Coffee Shop"": 495000, ""Movie Ticket"": 495000, ""Gaming"": 495000}",2023-08-31
PLAN_ced1de30,USER_05997,1486899,"{""Food Delivery"": 2175000, ""Coffee Shop"": 725000, ""Movie Ticket"": 725000, ""Gaming"": 725000}",2023-08-31
PLAN_f87eb089,USER_05016,2304151,"{""Food Delivery"": 2100000, ""Coffee Shop"": 700000, ""Movie Ticket"": 700000, ""Gaming"": 700000}",2023-08-31
PLAN_ebc86dc6,USER_00462,1767854,"{""Food Delivery"": 1620000, ""Coffee Shop"": 540000, ""Movie Ticket"": 540000, ""Gaming"": 540000}",2023-08-31
PLAN_fd4bc022,USER_00605,1152919,"{""Food Delivery"": 1290000, ""Coffee Shop"": 430000, ""Movie Ticket"": 430000, ""Gaming"": 430000}",2023-08-31
PLAN_b64a27ae,USER_00659,525138,"{""Food Delivery"": 735000, ""Coffee Shop"": 245000, ""Movie Ticket"": 245000, ""Gaming"": 245000}",2023-08-31
PLAN_68552204,USER_09555,535658,"{""Food Delivery"": 570000, ""Coffee Shop"": 190000, ""Movie Ticket"": 190000, ""Gaming"": 190000}",2023-08-31
PLAN_86e4c5ea,USER_04842,799842,"{""Food Delivery"": 915000, ""Coffee Shop"": 305000, ""Movie Ticket"": 305000, ""Gaming"": 305000}",2023-08-31
PLAN_2f2616fd,USER_04652,553449,"{""Food Delivery"": 495000, ""Coffee Shop"": 165000, ""Movie Ticket"": 165000, ""Gaming"": 165000}",2023-08-31
PLAN_3f0beae9,USER_03769,1268565,"{""Food Delivery"": 1185000, ""Coffee Shop"": 395000, ""Movie Ticket"": 395000, ""Gaming"": 395000}",2023-08-31
PLAN_14553201,USER_09950,1514699,"{""Food Delivery"": 1665000, ""Coffee Shop"": 555000, ""Movie Ticket"": 555000, ""Gaming"": 555000}",2023-08-31
PLAN_b96fea65,USER_02004,414083,"{""Food Delivery"": 510000, ""Coffee Shop"": 170000, ""Movie Ticket"": 170000, ""Gaming"": 170000}",2023-08-31
PLAN_bd97e614,USER_02839,974137,"{""Food Delivery"": 735000, ""Coffee Shop"": 245000, ""Movie Ticket"": 245000, ""Gaming"": 245000}",2023-08-31
PLAN_adb2c485,USER_09948,1686641,"{""Food Delivery"": 1740000, ""Coffee Shop"": 580000, ""Movie Ticket"": 580000, ""Gaming"": 580000}",2023-08-31
PLAN_09dd4d28,USER_00663,1755805,"{""Food Delivery"": 1560000, ""Coffee Shop"": 520000, ""Movie Ticket"": 520000, ""Gaming"": 520000}",2023-08-31
PLAN_5ac1f4f1,USER_07251,752764,"{""Food Delivery"": 990000, ""Coffee Shop"": 330000, ""Movie Ticket"": 330000, ""Gaming"": 330000}",2023-08-31
PLAN_7aa7a9b7,USER_07861,757650,"{""Food Delivery"": 765000, ""Coffee Shop"": 255000, ""Movie Ticket"": 255000, ""Gaming"": 255000}",2023-08-31
PLAN_1c280e99,USER_02372,893956,"{""Food Delivery"": 1305000, ""Coffee Shop"": 435000, ""Movie Ticket"": 435000, ""Gaming"": 435000}",2023-08-31
PLAN_e7ccabf1,USER_01634,1460291,"{""Food Delivery"": 1455000, ""Coffee Shop"": 485000, ""Movie Ticket"": 485000, ""Gaming"": 485000}",2023-08-31
PLAN_3d1c89fe,USER_07045,2396101,"{""Food Delivery"": 1830000, ""Coffee Shop"": 610000, ""Movie Ticket"": 610000, ""Gaming"": 610000}",2023-08-31
PLAN_053ec537,USER_04108,1010470,"{""Food Delivery"": 1095000, ""Coffee Shop"": 365000, ""Movie Ticket"": 365000, ""Gaming"": 365000}",2023-08-31
PLAN_5934c30b,USER_07575,654567,"{""Food Delivery"": 945000, ""Coffee Shop"": 315000, ""Movie Ticket"": 315000, ""Gaming"": 315000}",2023-08-31
PLAN_ca6a4436,USER_02185,1092813,"{""Food Delivery"": 1590000, ""Coffee Shop"": 530000, ""Movie Ticket"": 530000, ""Gaming"": 530000}",2023-08-31
PLAN_14af7acc,USER_02973,985470,"{""Food Delivery"": 1065000, ""Coffee Shop"": 355000, ""Movie Ticket"": 355000, ""Gaming"": 355000}",2023-08-31
PLAN_af12d147,USER_03647,440809,"{""Food Delivery"": 570000, ""Coffee Shop"": 190000, ""Movie Ticket"": 190000, ""Gaming"": 190000}",2023-08-31
PLAN_57e35dd2,USER_02652,1381525,"{""Food Delivery"": 2025000, ""Coffee Shop"": 675000, ""Movie Ticket"": 675000, ""Gaming"": 675000}",2023-08-31
PLAN_4f038c32,USER_09464,2177704,"{""Food Delivery"": 1860000, ""Coffee Shop"": 620000, ""Movie Ticket"": 620000, ""Gaming"": 620000}",2023-08-31
PLAN_8cf503fc,USER_07534,525068,"{""Food Delivery"": 540000, ""Coffee Shop"": 180000, ""Movie Ticket"": 180000, ""Gaming"": 180000}",2023-08-31
PLAN_1291fe1f,USER_08003,1250567,"{""Food Delivery"": 1455000, ""Coffee Shop"": 485000, ""Movie Ticket"": 485000, ""Gaming"": 485000}",2023-08-31
PLAN_0f7eb4e1,USER_07402,912039,"{""Food Delivery"": 720000, ""Coffee Shop"": 240000, ""Movie Ticket"": 240000, ""Gaming"": 240000}",2023-08-31
PLAN_1606011c,USER_04172,1506787,"{""Food Delivery"": 2025000, ""Coffee Shop"": 675000, ""Movie Ticket"": 675000, ""Gaming"": 675000}",2023-08-31
PLAN_dfe61384,USER_02947,2405780,"{""Food Delivery"": 1845000, ""Coffee Shop"": 615000, ""Movie Ticket"": 615000, ""Gaming"": 615000}",2023-08-31
PLAN_3b9dcee1,USER_08004,788380,"{""Food Delivery"": 900000, ""Coffee Shop"": 300000, ""Movie Ticket"": 300000, ""Gaming"": 300000}",2023-08-31
PLAN_72a77062,USER_00824,1208578,"{""Food Delivery"": 960000, ""Coffee Shop"": 320000, ""Movie Ticket"": 320000, ""Gaming"": 320000}",2023-08-31
PLAN_156bbb8b,USER_02690,1378530,"{""Food Delivery"": 1290000, ""Coffee Shop"": 430000, ""Movie Ticket"": 430000, ""Gaming"": 430000}",2023-08-31
PLAN_0da9b6b3,USER_05691,2082446,"{""Food Delivery"": 1710000, ""Coffee Shop"": 570000, ""Movie Ticket"": 570000, ""Gaming"": 570000}",2023-08-31
PLAN_1da5d18d,USER_07182,1785611,"{""Food Delivery"": 1350000, ""Coffee Shop"": 450000, ""Movie Ticket"": 450000, ""Gaming"": 450000}",2023-08-31
PLAN_3e0e8c80,USER_02475,773043,"{""Food Delivery"": 900000, ""Coffee Shop"": 300000, ""Movie Ticket"": 300000, ""Gaming"": 300000}",2023-08-31
PLAN_f7b129f3,USER_03879,2196471,"{""Food Delivery"": 1680000, ""Coffee Shop"": 560000, ""Movie Ticket"": 560000, ""Gaming"": 560000}",2023-08-31
PLAN_840c0e7b,USER_01767,1722957,"{""Food Delivery"": 1860000, ""Coffee Shop"": 620000, ""Movie Ticket"": 620000, ""Gaming"": 620000}",2023-08-31
PLAN_6926db15,USER_07720,1136119,"{""Food Delivery"": 1230000, ""Coffee Shop"": 410000, ""Movie Ticket"": 410000, ""Gaming"": 410000}",2023-08-31
PLAN_50407721,USER_08742,817636,"{""Food Delivery"": 915000, ""Coffee Shop"": 305000, ""Movie Ticket"": 305000, ""Gaming"": 305000}",2023-08-31
PLAN_dda79dba,USER_05248,1464337,"{""Food Delivery"": 1425000, ""Coffee Shop"": 475000, ""Movie Ticket"": 475000, ""Gaming"": 475000}",2023-08-31
PLAN_b3a5d983,USER_06080,1015647,"{""Food Delivery"": 1320000, ""Coffee Shop"": 440000, ""Movie Ticket"": 440000, ""Gaming"": 440000}",2023-08-31
PLAN_2bc9d870,USER_03229,2252881,"{""Food Delivery"": 2175000, ""Coffee Shop"": 725000, ""Movie Ticket"": 725000, ""Gaming"": 725000}",2023-08-31
PLAN_c8435449,USER_04366,601264,"{""Food Delivery"": 585000, ""Coffee Shop"": 195000, ""Movie Ticket"": 195000, ""Gaming"": 195000}",2023-08-31
PLAN_836f153b,USER_02744,546189,"{""Food Delivery"": 465000, ""Coffee Shop"": 155000, ""Movie Ticket"": 155000, ""Gaming"": 155000}",2023-08-31
PLAN_68d8278b,USER_01300,1741967,"{""Food Delivery"": 1425000, ""Coffee Shop"": 475000, ""Movie Ticket"": 475000, ""Gaming"": 475000}",2023-08-31
PLAN_f8644f47,USER_03012,1281992,"{""Food Delivery"": 1335000, ""Coffee Shop"": 445000, ""Movie Ticket"": 445000, ""Gaming"": 445000}",2023-08-31
PLAN_a5a05f1a,USER_08115,1523729,"{""Food Delivery"": 1755000, ""Coffee Shop"": 585000, ""Movie Ticket"": 585000, ""Gaming"": 585000}",2023-08-31
PLAN_6ec74c1f,USER_02939,579294,"{""Food Delivery"": 690000, ""Coffee Shop"": 230000, ""Movie Ticket"": 230000, ""Gaming"": 230000}",2023-08-31
PLAN_595de8ce,USER_04289,1493279,"{""Food Delivery"": 1875000, ""Coffee Shop"": 625000, ""Movie Ticket"": 625000, ""Gaming"": 625000}",2023-08-31
PLAN_0e59f254,USER_09743,475941,"{""Food Delivery"": 675000, ""Coffee Shop"": 225000, ""Movie Ticket"": 225000, ""Gaming"": 225000}",2023-08-31
PLAN_a982b2f0,USER_07029,604101,"{""Food Delivery"": 675000, ""Coffee Shop"": 225000, ""Movie Ticket"": 225000, ""Gaming"": 225000}",2023-08-31
PLAN_b8170833,USER_03690,952685,"{""Food Delivery"": 1125000, ""Coffee Shop"": 375000, ""Movie Ticket"": 375000, ""Gaming"": 375000}",2023-08-31
PLAN_d1306c33,USER_00786,1337163,"{""Food Delivery"": 1020000, ""Coffee Shop"": 340000, ""Movie Ticket"": 340000, ""Gaming"": 340000}",2023-08-31
PLAN_bff422a8,USER_04853,2274254,"{""Food Delivery"": 2190000, ""Coffee Shop"": 730000, ""Movie Ticket"": 730000, ""Gaming"": 730000}",2023-08-31
PLAN_9b175922,USER_09550,808366,"{""Food Delivery"": 900000, ""Coffee Shop"": 300000, ""Movie Ticket"": 300000, ""Gaming"": 300000}",2023-08-31
PLAN_b0481afc,USER_02314,2149435,"{""Food Delivery"": 2040000, ""Coffee Shop"": 680000, ""Movie Ticket"": 680000, ""Gaming"": 680000}",2023-08-31
PLAN_02182b29,USER_05460,1332860,"{""Food Delivery"": 1755000, ""Coffee Shop"": 585000, ""Movie Ticket"": 585000, ""Gaming"": 585000}",2023-08-31
PLAN_415dd78d,USER_06230,433213,"{""Food Delivery"": 450000, ""Coffee Shop"": 150000, ""Movie Ticket"": 150000, ""Gaming"": 150000}",2023-08-31
PLAN_46c576ac,USER_05252,650493,"{""Food Delivery"": 600000, ""Coffee Shop"": 200000, ""Movie Ticket"": 200000, ""Gaming"": 200000}",2023-08-31
PLAN_ebfcaf95,USER_03406,2203568,"{""Food Delivery"": 2220000, ""Coffee Shop"": 740000, ""Movie Ticket"": 740000, ""Gaming"": 740000}",2023-08-31
PLAN_fd5aa4f4,USER_01160,1598027,"{""Food Delivery"": 1710000, ""Coffee Shop"": 570000, ""Movie Ticket"": 570000, ""Gaming"": 570000}",2023-08-31
PLAN_18647f97,USER_00043,657969,"{""Food Delivery"": 495000, ""Coffee Shop"": 165000, ""Movie Ticket"": 165000, ""Gaming"": 165000}",2023-08-31
PLAN_f2204da0,USER_02794,1880314,"{""Food Delivery"": 1500000, ""Coffee Shop"": 500000, ""Movie Ticket"": 500000, ""Gaming"": 500000}",2023-08-31
PLAN_e4c60c5d,USER_02466,892873,"{""Food Delivery"": 825000, ""Coffee Shop"": 275000, ""Movie Ticket"": 275000, ""Gaming"": 275000}",2023-08-31
PLAN_c1d8c382,USER_07716,2197128,"{""Food Delivery"": 2100000, ""Coffee Shop"": 700000, ""Movie Ticket"": 700000, ""Gaming"": 700000}",2023-08-31
PLAN_f352d9b7,USER_06809,1280321,"{""Food Delivery"": 1185000, ""Coffee Shop"": 395000, ""Movie Ticket"": 395000, ""Gaming"": 395000}",2023-08-31
PLAN_12626ea8,USER_01644,492537,"{""Food Delivery"": 615000, ""Coffee Shop"": 205000, ""Movie Ticket"": 205000, ""Gaming"": 205000}",2023-08-31
PLAN_18116a5c,USER_05548,1729970,"{""Food Delivery"": 1860000, ""Coffee Shop"": 620000, ""Movie Ticket"": 620000, ""Gaming"": 620000}",2023-08-31
PLAN_eb6e153a,USER_05278,1143405,"{""Food Delivery"": 1650000, ""Coffee Shop"": 550000, ""Movie Ticket"": 550000, ""Gaming"": 550000}",2023-08-31
PLAN_f696b409,USER_02053,1859188,"{""Food Delivery"": 1890000, ""Coffee Shop"": 630000, ""Movie Ticket"": 630000, ""Gaming"": 630000}",2023-08-31
PLAN_386f7cef,USER_09973,1604745,"{""Food Delivery"": 1560000, ""Coffee Shop"": 520000, ""Movie Ticket"": 520000, ""Gaming"": 520000}",2023-08-31
PLAN_66542b39,USER_05985,1485577,"{""Food Delivery"": 1815000, ""Coffee Shop"": 605000, ""Movie Ticket"": 605000, ""Gaming"": 605000}",2023-08-31
PLAN_e58a7988,USER_03948,2455036,"{""Food Delivery"": 1875000, ""Coffee Shop"": 625000, ""Movie Ticket"": 625000, ""Gaming"": 625000}",2023-08-31
PLAN_43908b0c,USER_04898,1794887,"{""Food Delivery"": 1410000, ""Coffee Shop"": 470000, ""Movie Ticket"": 470000, ""Gaming"": 470000}",2023-08-31
PLAN_cb59104a,USER_01571,1308828,"{""Food Delivery"": 1140000, ""Coffee Shop"": 380000, ""Movie Ticket"": 380000, ""Gaming"": 380000}",2023-08-31
PLAN_3fa7ca5d,USER_04076,1855397,"{""Food Delivery"": 1815000, ""Coffee Shop"": 605000, ""Movie Ticket"": 605000, ""Gaming"": 605000}",2023-08-31
PLAN_beaf6ec4,USER_08794,1533374,"{""Food Delivery"": 1230000, ""Coffee Shop"": 410000, ""Movie Ticket"": 410000, ""Gaming"": 410000}",2023-08-31
PLAN_27be2b8d,USER_07659,1526380,"{""Food Delivery"": 2025000, ""Coffee Shop"": 675000, ""Movie Ticket"": 675000, ""Gaming"": 675000}",2023-08-31
PLAN_d5d6b48c,USER_09531,1790509,"{""Food Delivery"": 1500000, ""Coffee Shop"": 500000, ""Movie Ticket"": 500000, ""Gaming"": 500000}",2023-08-31
PLAN_36e4376f,USER_03210,348694,"{""Food Delivery"": 465000, ""Coffee Shop"": 155000, ""Movie Ticket"": 155000, ""Gaming"": 155000}",2023-08-31
PLAN_4146c3f8,USER_03760,2422184,"{""Food Delivery"": 2025000, ""Coffee Shop"": 675000, ""Movie Ticket"": 675000, ""Gaming"": 675000}",2023-08-31
PLAN_dd0bbd27,USER_00544,676156,"{""Food Delivery"": 795000, ""Coffee Shop"": 265000, ""Movie Ticket"": 265000, ""Gaming"": 265000}",2023-08-31
PLAN_4a519308,USER_02840,619439,"{""Food Delivery"": 495000, ""Coffee Shop"": 165000, ""Movie Ticket"": 165000, ""Gaming"": 165000}",2023-08-31
PLAN_c8eb664f,USER_04799,2663337,"{""Food Delivery"": 2055000, ""Coffee Shop"": 685000, ""Movie Ticket"": 685000, ""Gaming"": 685000}",2023-08-31
PLAN_a109b8a3,USER_02234,551422,"{""Food Delivery"": 720000, ""Coffee Shop"": 240000, ""Movie Ticket"": 240000, ""Gaming"": 240000}",2023-08-31
PLAN_37cc22da,USER_03631,804471,"{""Food Delivery"": 825000, ""Coffee Shop"": 275000, ""Movie Ticket"": 275000, ""Gaming"": 275000}",2023-08-31
PLAN_814ef686,USER_02341,2060226,"{""Food Delivery"": 1560000, ""Coffee Shop"": 520000, ""Movie Ticket"": 520000, ""Gaming"": 520000}",2023-08-31
PLAN_aedd1e36,USER_07223,1023551,"{""Food Delivery"": 1035000, ""Coffee Shop"": 345000, ""Movie Ticket"": 345000, ""Gaming"": 345000}",2023-08-31
PLAN_432c4ac9,USER_04959,1472202,"{""Food Delivery"": 1185000, ""Coffee Shop"": 395000, ""Movie Ticket"": 395000, ""Gaming"": 395000}",2023-08-31
PLAN_690301c4,USER_04235,1143886,"{""Food Delivery"": 1080000, ""Coffee Shop"": 360000, ""Movie Ticket"": 360000, ""Gaming"": 360000}",2023-08-31
PLAN_71cec799,USER_07692,1430343,"{""Food Delivery"": 1560000, ""Coffee Shop"": 520000, ""Movie Ticket"": 520000, ""Gaming"": 520000}",2023-08-31
PLAN_a5c3f051,USER_01860,1774381,"{""Food Delivery"": 2070000, ""Coffee Shop"": 690000, ""Movie Ticket"": 690000, ""Gaming"": 690000}",2023-08-31
PLAN_e52a0e9e,USER_03945,1155094,"{""Food Delivery"": 1440000, ""Coffee Shop"": 480000, ""Movie Ticket"": 480000, ""Gaming"": 480000}",2023-08-31
PLAN_d5ecef8e,USER_03056,722337,"{""Food Delivery"": 615000, ""Coffee Shop"": 205000, ""Movie Ticket"": 205000, ""Gaming"": 205000}",2023-08-31
PLAN_8c87a72f,USER_07144,1331078,"{""Food Delivery"": 1440000, ""Coffee Shop"": 480000, ""Movie Ticket"": 480000, ""Gaming"": 480000}",2023-08-31
PLAN_ead41d73,USER_00846,2040221,"{""Food Delivery"": 2025000, ""Coffee Shop"": 675000, ""Movie Ticket"": 675000, ""Gaming"": 675000}",2023-08-31
PLAN_c14bd237,USER_03734,835702,"{""Food Delivery"": 840000, ""Coffee Shop"": 280000, ""Movie Ticket"": 280000, ""Gaming"": 280000}",2023-08-31
PLAN_fe29caf4,USER_07959,2239736,"{""Food Delivery"": 2130000, ""Coffee Shop"": 710000, ""Movie Ticket"": 710000, ""Gaming"": 710000}",2023-08-31
PLAN_eac0acd9,USER_09691,1548429,"{""Food Delivery"": 1245000, ""Coffee Shop"": 415000, ""Movie Ticket"": 415000, ""Gaming"": 415000}",2023-08-31
PLAN_bda67522,USER_06229,1881702,"{""Food Delivery"": 1425000, ""Coffee Shop"": 475000, ""Movie Ticket"": 475000, ""Gaming"": 475000}",2023-08-31
PLAN_bde124e6,USER_02549,1097915,"{""Food Delivery"": 1170000, ""Coffee Shop"": 390000, ""Movie Ticket"": 390000, ""Gaming"": 390000}",2023-08-31
PLAN_f9c407ab,USER_09460,822383,"{""Food Delivery"": 675000, ""Coffee Shop"": 225000, ""Movie Ticket"": 225000, ""Gaming"": 225000}",2023-08-31
PLAN_6220e0b6,USER_04768,547003,"{""Food Delivery"": 465000, ""Coffee Shop"": 155000, ""Movie Ticket"": 155000, ""Gaming"": 155000}",2023-08-31
PLAN_9e8ee478,USER_02994,1400440,"{""Food Delivery"": 1335000, ""Coffee Shop"": 445000, ""Movie Ticket"": 445000, ""Gaming"": 445000}",2023-08-31
PLAN_3f8f11ea,USER_09201,1623519,"{""Food Delivery"": 1245000, ""Coffee Shop"": 415000, ""Movie Ticket"": 415000, ""Gaming"": 415000}",2023-08-31
PLAN_a703fc49,USER_05892,708279,"{""Food Delivery"": 885000, ""Coffee Shop"": 295000, ""Movie Ticket"": 295000, ""Gaming"": 295000}",2023-08-31
PLAN_1b7c94a4,USER_08429,1253468,"{""Food Delivery"": 1695000, ""Coffee Shop"": 565000, ""Movie Ticket"": 565000, ""Gaming"": 565000}",2023-08-31
PLAN_321f7f70,USER_09960,1242154,"{""Food Delivery"": 1005000, ""Coffee Shop"": 335000, ""Movie Ticket"": 335000, ""Gaming"": 335000}",2023-08-31
PLAN_f1f7b2ab,USER_04942,820315,"{""Food Delivery"": 855000, ""Coffee Shop"": 285000, ""Movie Ticket"": 285000, ""Gaming"": 285000}",2023-08-31
PLAN_52c120fa,USER_03286,997363,"{""Food Delivery"": 810000, ""Coffee Shop"": 270000, ""Movie Ticket"": 270000, ""Gaming"": 270000}",2023-08-31
PLAN_ec1a3062,USER_05894,2366362,"{""Food Delivery"": 1875000, ""Coffee Shop"": 625000, ""Movie Ticket"": 625000, ""Gaming"": 625000}",2023-08-31
PLAN_115b117f,USER_03055,414358,"{""Food Delivery"": 585000, ""Coffee Shop"": 195000, ""Movie Ticket"": 195000, ""Gaming"": 195000}",2023-08-31
PLAN_f9e45a43,USER_07059,1676283,"{""Food Delivery"": 1335000, ""Coffee Shop"": 445000, ""Movie Ticket"": 445000, ""Gaming"": 445000}",2023-08-31
PLAN_ad684ff5,USER_04143,1028306,"{""Food Delivery"": 1065000, ""Coffee Shop"": 355000, ""Movie Ticket"": 355000, ""Gaming"": 355000}",2023-08-31
PLAN_5ade4097,USER_02473,1042198,"{""Food Delivery"": 1035000, ""Coffee Shop"": 345000, ""Movie Ticket"": 345000, ""Gaming"": 345000}",2023-08-31
PLAN_338986c6,USER_00283,2049506,"{""Food Delivery"": 1890000, ""Coffee Shop"": 630000, ""Movie Ticket"": 630000, ""Gaming"": 630000}",2023-08-31
PLAN_2d02be65,USER_09323,2041965,"{""Food Delivery"": 1590000, ""Coffee Shop"": 530000, ""Movie Ticket"": 530000, ""Gaming"": 530000}",2023-08-31
PLAN_63600aa0,USER_01671,1518482,"{""Food Delivery"": 2235000, ""Coffee Shop"": 745000, ""Movie Ticket"": 745000, ""Gaming"": 745000}",2023-08-31
PLAN_5c3eeb6c,USER_07360,1978970,"{""Food Delivery"": 2010000, ""Coffee Shop"": 670000, ""Movie Ticket"": 670000, ""Gaming"": 670000}",2023-08-31
PLAN_ee905156,USER_01609,2480951,"{""Food Delivery"": 2205000, ""Coffee Shop"": 735000, ""Movie Ticket"": 735000, ""Gaming"": 735000}",2023-08-31
PLAN_194a3225,USER_01465,1223121,"{""Food Delivery"": 1065000, ""Coffee Shop"": 355000, ""Movie Ticket"": 355000, ""Gaming"": 355000}",2023-08-31
PLAN_93a94c88,USER_03853,1286324,"{""Food Delivery"": 1140000, ""Coffee Shop"": 380000, ""Movie Ticket"": 380000, ""Gaming"": 380000}",2023-08-31
PLAN_6493945f,USER_09479,748727,"{""Food Delivery"": 990000, ""Coffee Shop"": 330000, ""Movie Ticket"": 330000, ""Gaming"": 330000}",2023-08-31
PLAN_0bc4bfef,USER_05361,1910111,"{""Food Delivery"": 2205000, ""Coffee Shop"": 735000, ""Movie Ticket"": 735000, ""Gaming"": 735000}",2023-08-31
PLAN_a7f3fa5f,USER_03390,1480999,"{""Food Delivery"": 1635000, ""Coffee Shop"": 545000, ""Movie Ticket"": 545000, ""Gaming"": 545000}",2023-08-31
PLAN_50150afb,USER_02907,2490123,"{""Food Delivery"": 2070000, ""Coffee Shop"": 690000, ""Movie Ticket"": 690000, ""Gaming"": 690000}",2023-08-31
PLAN_814144ad,USER_03490,652167,"{""Food Delivery"": 765000, ""Coffee Shop"": 255000, ""Movie Ticket"": 255000, ""Gaming"": 255000}",2023-08-31
PLAN_54d3f4dd,USER_00943,1041206,"{""Food Delivery"": 1290000, ""Coffee Shop"": 430000, ""Movie Ticket"": 430000, ""Gaming"": 430000}",2023-08-31
PLAN_62e3e20e,USER_05463,2211916,"{""Food Delivery"": 1695000, ""Coffee Shop"": 565000, ""Movie Ticket"": 565000, ""Gaming"": 565000}",2023-08-31
PLAN_f18ec77c,USER_07052,1442674,"{""Food Delivery"": 2145000, ""Coffee Shop"": 715000, ""Movie Ticket"": 715000, ""Gaming"": 715000}",2023-08-31
PLAN_54e959ff,USER_08336,2717036,"{""Food Delivery"": 2040000, ""Coffee Shop"": 680000, ""Movie Ticket"": 680000, ""Gaming"": 680000}",2023-08-31
PLAN_bab4a8e7,USER_07763,939019,"{""Food Delivery"": 840000, ""Coffee Shop"": 280000, ""Movie Ticket"": 280000, ""Gaming"": 280000}",2023-08-31
PLAN_d68105a8,USER_06730,1279928,"{""Food Delivery"": 1050000, ""Coffee Shop"": 350000, ""Movie Ticket"": 350000, ""Gaming"": 350000}",2023-08-31
PLAN_07bf08a4,USER_03073,1411135,"{""Food Delivery"": 1635000, ""Coffee Shop"": 545000, ""Movie Ticket"": 545000, ""Gaming"": 545000}",2023-08-31
PLAN_918a44b0,USER_05920,639018,"{""Food Delivery"": 945000, ""Coffee Shop"": 315000, ""Movie Ticket"": 315000, ""Gaming"": 315000}",2023-08-31
PLAN_2d3d3cf8,USER_04245,1060100,"{""Food Delivery"": 915000, ""Coffee Shop"": 305000, ""Movie Ticket"": 305000, ""Gaming"": 305000}",2023-08-31
PLAN_e52a7759,USER_00868,2182632,"{""Food Delivery"": 1785000, ""Coffee Shop"": 595000, ""Movie Ticket"": 595000, ""Gaming"": 595000}",2023-08-31
PLAN_b4a42545,USER_02778,2053761,"{""Food Delivery"": 1770000, ""Coffee Shop"": 590000, ""Movie Ticket"": 590000, ""Gaming"": 590000}",2023-08-31
PLAN_d1d49009,USER_07838,1085707,"{""Food Delivery"": 1425000, ""Coffee Shop"": 475000, ""Movie Ticket"": 475000, ""Gaming"": 475000}",2023-08-31
PLAN_33f1403c,USER_04682,718905,"{""Food Delivery"": 615000, ""Coffee Shop"": 205000, ""Movie Ticket"": 205000, ""Gaming"": 205000}",2023-08-31
PLAN_fd268f93,USER_02109,1220556,"{""Food Delivery"": 1035000, ""Coffee Shop"": 345000, ""Movie Ticket"": 345000, ""Gaming"": 345000}",2023-08-31
PLAN_c86255d2,USER_03361,1691711,"{""Food Delivery"": 1530000, ""Coffee Shop"": 510000, ""Movie Ticket"": 510000, ""Gaming"": 510000}",2023-08-31
PLAN_065babe8,USER_06196,1854421,"{""Food Delivery"": 1575000, ""Coffee Shop"": 525000, ""Movie Ticket"": 525000, ""Gaming"": 525000}",2023-08-31
PLAN_42408232,USER_02946,2196646,"{""Food Delivery"": 1785000, ""Coffee Shop"": 595000, ""Movie Ticket"": 595000, ""Gaming"": 595000}",2023-08-31
PLAN_f17c5927,USER_02264,1645876,"{""Food Delivery"": 1530000, ""Coffee Shop"": 510000, ""Movie Ticket"": 510000, ""Gaming"": 510000}",2023-08-31
PLAN_047f6ae5,USER_01071,424555,"{""Food Delivery"": 585000, ""Coffee Shop"": 195000, ""Movie Ticket"": 195000, ""Gaming"": 195000}",2023-08-31
PLAN_9c421a55,USER_06462,1859534,"{""Food Delivery"": 1875000, ""Coffee Shop"": 625000, ""Movie Ticket"": 625000, ""Gaming"": 625000}",2023-08-31
PLAN_be38ae89,USER_08002,1616474,"{""Food Delivery"": 2250000, ""Coffee Shop"": 750000, ""Movie Ticket"": 750000, ""Gaming"": 750000}",2023-08-31
PLAN_fa8c1292,USER_01737,1787579,"{""Food Delivery"": 1905000, ""Coffee Shop"": 635000, ""Movie Ticket"": 635000, ""Gaming"": 635000}",2023-08-31
PLAN_8702cc3c,USER_00979,1083471,"{""Food Delivery"": 1155000, ""Coffee Shop"": 385000, ""Movie Ticket"": 385000, ""Gaming"": 385000}",2023-08-31
PLAN_b280f1a7,USER_05993,522344,"{""Food Delivery"": 735000, ""Coffee Shop"": 245000, ""Movie Ticket"": 245000, ""Gaming"": 245000}",2023-08-31
PLAN_4f2273cc,USER_07869,917197,"{""Food Delivery"": 1020000, ""Coffee Shop"": 340000, ""Movie Ticket"": 340000, ""Gaming"": 340000}",2023-08-31
PLAN_07d9caae,USER_08389,988788,"{""Food Delivery"": 1335000, ""Coffee Shop"": 445000, ""Movie Ticket"": 445000, ""Gaming"": 445000}",2023-08-31
PLAN_1f8b599b,USER_08421,1717823,"{""Food Delivery"": 1425000, ""Coffee Shop"": 475000, ""Movie Ticket"": 475000, ""Gaming"": 475000}",2023-08-31
PLAN_8cb85686,USER_02705,1830826,"{""Food Delivery"": 1410000, ""Coffee Shop"": 470000, ""Movie Ticket"": 470000, ""Gaming"": 470000}",2023-08-31
PLAN_42a92bf2,USER_00772,857853,"{""Food Delivery"": 1200000, ""Coffee Shop"": 400000, ""Movie Ticket"": 400000, ""Gaming"": 400000}",2023-08-31
PLAN_5327e7cf,USER_02093,1270824,"{""Food Delivery"": 975000, ""Coffee Shop"": 325000, ""Movie Ticket"": 325000, ""Gaming"": 325000}",2023-08-31
PLAN_b95ad5f1,USER_05645,806965,"{""Food Delivery"": 795000, ""Coffee Shop"": 265000, ""Movie Ticket"": 265000, ""Gaming"": 265000}",2023-08-31
PLAN_5c9050c0,USER_02833,1910361,"{""Food Delivery"": 2205000, ""Coffee Shop"": 735000, ""Movie Ticket"": 735000, ""Gaming"": 735000}",2023-08-31
PLAN_bd37506e,USER_08528,603042,"{""Food Delivery"": 840000, ""Coffee Shop"": 280000, ""Movie Ticket"": 280000, ""Gaming"": 280000}",2023-08-31
PLAN_a9bc19e9,USER_08777,465193,"{""Food Delivery"": 465000, ""Coffee Shop"": 155000, ""Movie Ticket"": 155000, ""Gaming"": 155000}",2023-08-31
PLAN_46565361,USER_00304,1076709,"{""Food Delivery"": 900000, ""Coffee Shop"": 300000, ""Movie Ticket"": 300000, ""Gaming"": 300000}",2023-08-31
PLAN_39f89f37,USER_05579,1468094,"{""Food Delivery"": 1290000, ""Coffee Shop"": 430000, ""Movie Ticket"": 430000, ""Gaming"": 430000}",2023-08-31
PLAN_3af5ffcc,USER_04115,1123741,"{""Food Delivery"": 1605000, ""Coffee Shop"": 535000, ""Movie Ticket"": 535000, ""Gaming"": 535000}",2023-08-31
PLAN_093b486b,USER_07301,1019256,"{""Food Delivery"": 1425000, ""Coffee Shop"": 475000, ""Movie Ticket"": 475000, ""Gaming"": 475000}",2023-08-31
PLAN_716ed5a1,USER_03660,813666,"{""Food Delivery"": 870000, ""Coffee Shop"": 290000, ""Movie Ticket"": 290000, ""Gaming"": 290000}",2023-08-31
PLAN_6cf7dca2,USER_04696,569927,"{""Food Delivery"": 660000, ""Coffee Shop"": 220000, ""Movie Ticket"": 220000, ""Gaming"": 220000}",2023-08-31
PLAN_69e09055,USER_05358,505277,"{""Food Delivery"": 615000, ""Coffee Shop"": 205000, ""Movie Ticket"": 205000, ""Gaming"": 205000}",2023-08-31
PLAN_b1cecafc,USER_01829,1665305,"{""Food Delivery"": 1950000, ""Coffee Shop"": 650000, ""Movie Ticket"": 650000, ""Gaming"": 650000}",2023-08-31
PLAN_d71c6fd6,USER_06724,1027985,"{""Food Delivery"": 855000, ""Coffee Shop"": 285000, ""Movie Ticket"": 285000, ""Gaming"": 285000}",2023-08-31
PLAN_005e5e50,USER_01575,2180027,"{""Food Delivery"": 1695000, ""Coffee Shop"": 565000, ""Movie Ticket"": 565000, ""Gaming"": 565000}",2023-08-31
PLAN_dfc36e3a,USER_00674,1854735,"{""Food Delivery"": 1980000, ""Coffee Shop"": 660000, ""Movie Ticket"": 660000, ""Gaming"": 660000}",2023-08-31
PLAN_f9f7f144,USER_00624,1010238,"{""Food Delivery"": 795000, ""Coffee Shop"": 265000, ""Movie Ticket"": 265000, ""Gaming"": 265000}",2023-08-31
PLAN_8f9e3957,USER_04958,660747,"{""Food Delivery"": 750000, ""Coffee Shop"": 250000, ""Movie Ticket"": 250000, ""Gaming"": 250000}",2023-08-31
PLAN_799b541a,USER_01271,575810,"{""Food Delivery"": 585000, ""Coffee Shop"": 195000, ""Movie Ticket"": 195000, ""Gaming"": 195000}",2023-08-31
PLAN_f80c3dab,USER_05350,1704180,"{""Food Delivery"": 2085000, ""Coffee Shop"": 695000, ""Movie Ticket"": 695000, ""Gaming"": 695000}",2023-08-31
PLAN_63fd44b2,USER_03092,1755309,"{""Food Delivery"": 1605000, ""Coffee Shop"": 535000, ""Movie Ticket"": 535000, ""Gaming"": 535000}",2023-08-31
PLAN_69e30fdd,USER_02065,2572675,"{""Food Delivery"": 1950000, ""Coffee Shop"": 650000, ""Movie Ticket"": 650000, ""Gaming"": 650000}",2023-08-31
PLAN_3a584c89,USER_06328,753641,"{""Food Delivery"": 705000, ""Coffee Shop"": 235000, ""Movie Ticket"": 235000, ""Gaming"": 235000}",2023-08-31
PLAN_951b7fb1,USER_04314,1588642,"{""Food Delivery"": 1755000, ""Coffee Shop"": 585000, ""Movie Ticket"": 585000, ""Gaming"": 585000}",2023-08-31
PLAN_d3d4f142,USER_02451,708561,"{""Food Delivery"": 645000, ""Coffee Shop"": 215000, ""Movie Ticket"": 215000, ""Gaming"": 215000}",2023-08-31
PLAN_8c88dd99,USER_06516,707440,"{""Food Delivery"": 945000, ""Coffee Shop"": 315000, ""Movie Ticket"": 315000, ""Gaming"": 315000}",2023-08-31
PLAN_1b80500b,USER_02667,1643133,"{""Food Delivery"": 1305000, ""Coffee Shop"": 435000, ""Movie Ticket"": 435000, ""Gaming"": 435000}",2023-08-31
PLAN_11f3bea6,USER_04291,1578238,"{""Food Delivery"": 1575000, ""Coffee Shop"": 525000, ""Movie Ticket"": 525000, ""Gaming"": 525000}",2023-08-31
PLAN_8838209f,USER_08483,739168,"{""Food Delivery"": 765000, ""Coffee Shop"": 255000, ""Movie Ticket"": 255000, ""Gaming"": 255000}",2023-08-31
PLAN_212d663c,USER_01264,2362938,"{""Food Delivery"": 2235000, ""Coffee Shop"": 745000, ""Movie Ticket"": 745000, ""Gaming"": 745000}",2023-08-31
PLAN_588a7221,USER_07552,1608536,"{""Food Delivery"": 1485000, ""Coffee Shop"": 495000, ""Movie Ticket"": 495000, ""Gaming"": 495000}",2023-08-31
PLAN_5a136caf,USER_09561,696654,"{""Food Delivery"": 975000, ""Coffee Shop"": 325000, ""Movie Ticket"": 325000, ""Gaming"": 325000}",2023-08-31
PLAN_3d1dffdb,USER_04722,1245136,"{""Food Delivery"": 1110000, ""Coffee Shop"": 370000, ""Movie Ticket"": 370000, ""Gaming"": 370000}",2023-08-31
PLAN_6b9243a5,USER_07733,807255,"{""Food Delivery"": 975000, ""Coffee Shop"": 325000, ""Movie Ticket"": 325000, ""Gaming"": 325000}",2023-08-31
PLAN_311bf8d8,USER_06791,874115,"{""Food Delivery"": 765000, ""Coffee Shop"": 255000, ""Movie Ticket"": 255000, ""Gaming"": 255000}",2023-08-31
PLAN_ed6a0da0,USER_04675,1950112,"{""Food Delivery"": 1605000, ""Coffee Shop"": 535000, ""Movie Ticket"": 535000, ""Gaming"": 535000}",2023-08-31
PLAN_eb54bb8f,USER_04939,1966314,"{""Food Delivery"": 1635000, ""Coffee Shop"": 545000, ""Movie Ticket"": 545000, ""Gaming"": 545000}",2023-08-31
PLAN_8881166e,USER_01734,1397250,"{""Food Delivery"": 1350000, ""Coffee Shop"": 450000, ""Movie Ticket"": 450000, ""Gaming"": 450000}",2023-08-31
PLAN_ba48d3af,USER_07291,1961019,"{""Food Delivery"": 1935000, ""Coffee Shop"": 645000, ""Movie Ticket"": 645000, ""Gaming"": 645000}",2023-08-31
PLAN_32f64818,USER_09034,971444,"{""Food Delivery"": 1275000, ""Coffee Shop"": 425000, ""Movie Ticket"": 425000, ""Gaming"": 425000}",2023-08-31
PLAN_0e8712df,USER_05636,2094908,"{""Food Delivery"": 1770000, ""Coffee Shop"": 590000, ""Movie Ticket"": 590000, ""Gaming"": 590000}",2023-08-31
PLAN_c888ac24,USER_06774,1589261,"{""Food Delivery"": 1875000, ""Coffee Shop"": 625000, ""Movie Ticket"": 625000, ""Gaming"": 625000}",2023-08-31
PLAN_1f90289c,USER_07646,927951,"{""Food Delivery"": 930000, ""Coffee Shop"": 310000, ""Movie Ticket"": 310000, ""Gaming"": 310000}",2023-08-31
PLAN_bcf64115,USER_06126,950362,"{""Food Delivery"": 1110000, ""Coffee Shop"": 370000, ""Movie Ticket"": 370000, ""Gaming"": 370000}",2023-08-31
PLAN_97713064,USER_04402,736988,"{""Food Delivery"": 975000, ""Coffee Shop"": 325000, ""Movie Ticket"": 325000, ""Gaming"": 325000}",2023-08-31
PLAN_38df3b02,USER_06960,798483,"{""Food Delivery"": 735000, ""Coffee Shop"": 245000, ""Movie Ticket"": 245000, ""Gaming"": 245000}",2023-08-31
PLAN_0f687a65,USER_07193,495536,"{""Food Delivery"": 705000, ""Coffee Shop"": 235000, ""Movie Ticket"": 235000, ""Gaming"": 235000}",2023-08-31
PLAN_4c789da3,USER_06182,1171592,"{""Food Delivery"": 1005000, ""Coffee Shop"": 335000, ""Movie Ticket"": 335000, ""Gaming"": 335000}",2023-08-31
PLAN_85194dd9,USER_08470,1264883,"{""Food Delivery"": 1440000, ""Coffee Shop"": 480000, ""Movie Ticket"": 480000, ""Gaming"": 480000}",2023-08-31
PLAN_790bd60f,USER_05272,520070,"{""Food Delivery"": 780000, ""Coffee Shop"": 260000, ""Movie Ticket"": 260000, ""Gaming"": 260000}",2023-08-31
PLAN_47dd0ed6,USER_01154,1888911,"{""Food Delivery"": 1875000, ""Coffee Shop"": 625000, ""Movie Ticket"": 625000, ""Gaming"": 625000}",2023-08-31
PLAN_1a908d21,USER_06422,1444655,"{""Food Delivery"": 2070000, ""Coffee Shop"": 690000, ""Movie Ticket"": 690000, ""Gaming"": 690000}",2023-08-31
PLAN_15fe6d3b,USER_07142,574276,"{""Food Delivery"": 675000, ""Coffee Shop"": 225000, ""Movie Ticket"": 225000, ""Gaming"": 225000}",2023-08-31
PLAN_feef5ab2,USER_07434,1502139,"{""Food Delivery"": 1320000, ""Coffee Shop"": 440000, ""Movie Ticket"": 440000, ""Gaming"": 440000}",2023-08-31
PLAN_43617a7d,USER_00755,1041435,"{""Food Delivery"": 1470000, ""Coffee Shop"": 490000, ""Movie Ticket"": 490000, ""Gaming"": 490000}",2023-08-31
PLAN_91cc6398,USER_07451,1784158,"{""Food Delivery"": 1455000, ""Coffee Shop"": 485000, ""Movie Ticket"": 485000, ""Gaming"": 485000}",2023-08-31
PLAN_9634c8a8,USER_05281,501909,"{""Food Delivery"": 750000, ""Coffee Shop"": 250000, ""Movie Ticket"": 250000, ""Gaming"": 250000}",2023-08-31
PLAN_9f20b564,USER_00038,1658275,"{""Food Delivery"": 1995000, ""Coffee Shop"": 665000, ""Movie Ticket"": 665000, ""Gaming"": 665000}",2023-08-31
PLAN_c6a8dc48,USER_04444,2506901,"{""Food Delivery"": 2160000, ""Coffee Shop"": 720000, ""Movie Ticket"": 720000, ""Gaming"": 720000}",2023-08-31
PLAN_8a013530,USER_08723,1408409,"{""Food Delivery"": 1605000, ""Coffee Shop"": 535000, ""Movie Ticket"": 535000, ""Gaming"": 535000}",2023-08-31
PLAN_1cabea7b,USER_04489,1454497,"{""Food Delivery"": 1980000, ""Coffee Shop"": 660000, ""Movie Ticket"": 660000, ""Gaming"": 660000}",2023-08-31
PLAN_566204f5,USER_02155,1686690,"{""Food Delivery"": 1860000, ""Coffee Shop"": 620000, ""Movie Ticket"": 620000, ""Gaming"": 620000}",2023-08-31
PLAN_60e7e587,USER_03523,1359320,"{""Food Delivery"": 1605000, ""Coffee Shop"": 535000, ""Movie Ticket"": 535000, ""Gaming"": 535000}",2023-08-31
PLAN_56f1c70d,USER_05857,1824284,"{""Food Delivery"": 1485000, ""Coffee Shop"": 495000, ""Movie Ticket"": 495000, ""Gaming"": 495000}",2023-08-31
PLAN_4b84b3db,USER_08776,538472,"{""Food Delivery"": 615000, ""Coffee Shop"": 205000, ""Movie Ticket"": 205000, ""Gaming"": 205000}",2023-08-31
PLAN_1385a9c4,USER_06395,805019,"{""Food Delivery"": 675000, ""Coffee Shop"": 225000, ""Movie Ticket"": 225000, ""Gaming"": 225000}",2023-08-31
PLAN_73dce9bd,USER_00348,2081059,"{""Food Delivery"": 1650000, ""Coffee Shop"": 550000, ""Movie Ticket"": 550000, ""Gaming"": 550000}",2023-08-31
PLAN_1c2b8140,USER_09689,1978668,"{""Food Delivery"": 2070000, ""Coffee Shop"": 690000, ""Movie Ticket"": 690000, ""Gaming"": 690000}",2023-08-31
PLAN_7c81f76f,USER_05594,2215534,"{""Food Delivery"": 1740000, ""Coffee Shop"": 580000, ""Movie Ticket"": 580000, ""Gaming"": 580000}",2023-08-31
PLAN_11d2b165,USER_07805,592246,"{""Food Delivery"": 645000, ""Coffee Shop"": 215000, ""Movie Ticket"": 215000, ""Gaming"": 215000}",2023-08-31
PLAN_369ef613,USER_05616,1767670,"{""Food Delivery"": 1350000, ""Coffee Shop"": 450000, ""Movie Ticket"": 450000, ""Gaming"": 450000}",2023-08-31
PLAN_39144af8,USER_00081,1089289,"{""Food Delivery"": 1500000, ""Coffee Shop"": 500000, ""Movie Ticket"": 500000, ""Gaming"": 500000}",2023-08-31
PLAN_75ec7e4e,USER_09568,1265264,"{""Food Delivery"": 1125000, ""Coffee Shop"": 375000, ""Movie Ticket"": 375000, ""Gaming"": 375000}",2023-08-31
PLAN_0e36b262,USER_07090,911226,"{""Food Delivery"": 915000, ""Coffee Shop"": 305000, ""Movie Ticket"": 305000, ""Gaming"": 305000}",2023-08-31
PLAN_2706d3fa,USER_06662,610565,"{""Food Delivery"": 660000, ""Coffee Shop"": 220000, ""Movie Ticket"": 220000, ""Gaming"": 220000}",2023-08-31
PLAN_8c050e44,USER_08843,1191879,"{""Food Delivery"": 1095000, ""Coffee Shop"": 365000, ""Movie Ticket"": 365000, ""Gaming"": 365000}",2023-08-31
PLAN_ec323fd6,USER_08917,783774,"{""Food Delivery"": 690000, ""Coffee Shop"": 230000, ""Movie Ticket"": 230000, ""Gaming"": 230000}",2023-08-31
PLAN_e6c00707,USER_03146,703054,"{""Food Delivery"": 1050000, ""Coffee Shop"": 350000, ""Movie Ticket"": 350000, ""Gaming"": 350000}",2023-08-31
PLAN_59689bc1,USER_04524,968571,"{""Food Delivery"": 1245000, ""Coffee Shop"": 415000, ""Movie Ticket"": 415000, ""Gaming"": 415000}",2023-08-31
PLAN_76251d0e,USER_01029,2398264,"{""Food Delivery"": 2100000, ""Coffee Shop"": 700000, ""Movie Ticket"": 700000, ""Gaming"": 700000}",2023-08-31
PLAN_823cf039,USER_05786,1216461,"{""Food Delivery"": 1095000, ""Coffee Shop"": 365000, ""Movie Ticket"": 365000, ""Gaming"": 365000}",2023-08-31
PLAN_95d50984,USER_07777,2496880,"{""Food Delivery"": 1905000, ""Coffee Shop"": 635000, ""Movie Ticket"": 635000, ""Gaming"": 635000}",2023-08-31
PLAN_0eb66745,USER_05868,598752,"{""Food Delivery"": 510000, ""Coffee Shop"": 170000, ""Movie Ticket"": 170000, ""Gaming"": 170000}",2023-08-31
PLAN_5d57c907,USER_03334,2692066,"{""Food Delivery"": 2070000, ""Coffee Shop"": 690000, ""Movie Ticket"": 690000, ""Gaming"": 690000}",2023-08-31
PLAN_2047c4f2,USER_07596,953422,"{""Food Delivery"": 840000, ""Coffee Shop"": 280000, ""Movie Ticket"": 280000, ""Gaming"": 280000}",2023-08-31
PLAN_40f6790e,USER_09311,1882175,"{""Food Delivery"": 2175000, ""Coffee Shop"": 725000, ""Movie Ticket"": 725000, ""Gaming"": 725000}",2023-08-31
PLAN_0c01ace2,USER_01169,1282223,"{""Food Delivery"": 1740000, ""Coffee Shop"": 580000, ""Movie Ticket"": 580000, ""Gaming"": 580000}",2023-08-31
PLAN_620c9833,USER_00958,2369825,"{""Food Delivery"": 1995000, ""Coffee Shop"": 665000, ""Movie Ticket"": 665000, ""Gaming"": 665000}",2023-08-31
PLAN_bf7d38ad,USER_09137,1759239,"{""Food Delivery"": 1605000, ""Coffee Shop"": 535000, ""Movie Ticket"": 535000, ""Gaming"": 535000}",2023-08-31
PLAN_f00f6297,USER_01885,1132040,"{""Food Delivery"": 1620000, ""Coffee Shop"": 540000, ""Movie Ticket"": 540000, ""Gaming"": 540000}",2023-08-31
PLAN_37785628,USER_03522,979236,"{""Food Delivery"": 1080000, ""Coffee Shop"": 360000, ""Movie Ticket"": 360000, ""Gaming"": 360000}",2023-08-31
PLAN_248276f9,USER_08949,2465567,"{""Food Delivery"": 1890000, ""Coffee Shop"": 630000, ""Movie Ticket"": 630000, ""Gaming"": 630000}",2023-08-31
PLAN_fb0b3f2e,USER_06968,2190585,"{""Food Delivery"": 2190000, ""Coffee Shop"": 730000, ""Movie Ticket"": 730000, ""Gaming"": 730000}",2023-08-31
PLAN_95304da8,USER_02246,859637,"{""Food Delivery"": 900000, ""Coffee Shop"": 300000, ""Movie Ticket"": 300000, ""Gaming"": 300000}",2023-08-31
PLAN_248d5690,USER_09461,1865855,"{""Food Delivery"": 1920000, ""Coffee Shop"": 640000, ""Movie Ticket"": 640000, ""Gaming"": 640000}",2023-08-31
PLAN_0e25d1a4,USER_01650,556086,"{""Food Delivery"": 690000, ""Coffee Shop"": 230000, ""Movie Ticket"": 230000, ""Gaming"": 230000}",2023-08-31
PLAN_76244d17,USER_07776,1656135,"{""Food Delivery"": 1815000, ""Coffee Shop"": 605000, ""Movie Ticket"": 605000, ""Gaming"": 605000}",2023-08-31
PLAN_e71a21cf,USER_01550,1534190,"{""Food Delivery"": 1680000, ""Coffee Shop"": 560000, ""Movie Ticket"": 560000, ""Gaming"": 560000}",2023-08-31
PLAN_469b80cb,USER_05705,1462773,"{""Food Delivery"": 2085000, ""Coffee Shop"": 695000, ""Movie Ticket"": 695000, ""Gaming"": 695000}",2023-08-31
PLAN_a8678a18,USER_07149,1467081,"{""Food Delivery"": 1245000, ""Coffee Shop"": 415000, ""Movie Ticket"": 415000, ""Gaming"": 415000}",2023-08-31
PLAN_4886fd4b,USER_09822,1289019,"{""Food Delivery"": 1365000, ""Coffee Shop"": 455000, ""Movie Ticket"": 455000, ""Gaming"": 455000}",2023-08-31
PLAN_b3fa889d,USER_00033,2113728,"{""Food Delivery"": 1740000, ""Coffee Shop"": 580000, ""Movie Ticket"": 580000, ""Gaming"": 580000}",2023-08-31
PLAN_ce644520,USER_06862,1128712,"{""Food Delivery"": 915000, ""Coffee Shop"": 305000, ""Movie Ticket"": 305000, ""Gaming"": 305000}",2023-08-31
PLAN_e1b30373,USER_04796,836275,"{""Food Delivery"": 1035000, ""Coffee Shop"": 345000, ""Movie Ticket"": 345000, ""Gaming"": 345000}",2023-08-31
PLAN_c31dcc86,USER_01186,696088,"{""Food Delivery"": 630000, ""Coffee Shop"": 210000, ""Movie Ticket"": 210000, ""Gaming"": 210000}",2023-08-31
PLAN_bb0aba93,USER_05922,1663678,"{""Food Delivery"": 1695000, ""Coffee Shop"": 565000, ""Movie Ticket"": 565000, ""Gaming"": 565000}",2023-08-31
PLAN_30a31f00,USER_00450,1203300,"{""Food Delivery"": 960000, ""Coffee Shop"": 320000, ""Movie Ticket"": 320000, ""Gaming"": 320000}",2023-08-31
PLAN_dc8b6d57,USER_02081,413351,"{""Food Delivery"": 510000, ""Coffee Shop"": 170000, ""Movie Ticket"": 170000, ""Gaming"": 170000}",2023-08-31
PLAN_aa3c485b,USER_04670,1711369,"{""Food Delivery"": 1530000, ""Coffee Shop"": 510000, ""Movie Ticket"": 510000, ""Gaming"": 510000}",2023-08-31
PLAN_825362d4,USER_02239,932496,"{""Food Delivery"": 870000, ""Coffee Shop"": 290000, ""Movie Ticket"": 290000, ""Gaming"": 290000}",2023-08-31
PLAN_0488df26,USER_01453,1282348,"{""Food Delivery"": 1485000, ""Coffee Shop"": 495000, ""Movie Ticket"": 495000, ""Gaming"": 495000}",2023-08-31
PLAN_828794b6,USER_01086,613764,"{""Food Delivery"": 810000, ""Coffee Shop"": 270000, ""Movie Ticket"": 270000, ""Gaming"": 270000}",2023-08-31
PLAN_4b035cb7,USER_06221,2048033,"{""Food Delivery"": 1860000, ""Coffee Shop"": 620000, ""Movie Ticket"": 620000, ""Gaming"": 620000}",2023-08-31
PLAN_0c9a5b05,USER_01577,886684,"{""Food Delivery"": 765000, ""Coffee Shop"": 255000, ""Movie Ticket"": 255000, ""Gaming"": 255000}",2023-08-31
PLAN_ffba2c40,USER_03025,1249845,"{""Food Delivery"": 1425000, ""Coffee Shop"": 475000, ""Movie Ticket"": 475000, ""Gaming"": 475000}",2023-08-31
PLAN_71970b5d,USER_06508,1217176,"{""Food Delivery"": 1110000, ""Coffee Shop"": 370000, ""Movie Ticket"": 370000, ""Gaming"": 370000}",2023-08-31
PLAN_9081b40a,USER_07057,1367228,"{""Food Delivery"": 1470000, ""Coffee Shop"": 490000, ""Movie Ticket"": 490000, ""Gaming"": 490000}",2023-08-31
PLAN_7b2e7852,USER_06168,2055848,"{""Food Delivery"": 1800000, ""Coffee Shop"": 600000, ""Movie Ticket"": 600000, ""Gaming"": 600000}",2023-08-31
PLAN_5cfac246,USER_04391,1415074,"{""Food Delivery"": 1770000, ""Coffee Shop"": 590000, ""Movie Ticket"": 590000, ""Gaming"": 590000}",2023-08-31
PLAN_6392f508,USER_09741,1909117,"{""Food Delivery"": 1515000, ""Coffee Shop"": 505000, ""Movie Ticket"": 505000, ""Gaming"": 505000}",2023-08-31
PLAN_580dce88,USER_03730,1905366,"{""Food Delivery"": 2220000, ""Coffee Shop"": 740000, ""Movie Ticket"": 740000, ""Gaming"": 740000}",2023-08-31
PLAN_eacbf743,USER_09498,410335,"{""Food Delivery"": 450000, ""Coffee Shop"": 150000, ""Movie Ticket"": 150000, ""Gaming"": 150000}",2023-08-31
PLAN_c36c32a3,USER_06933,1195643,"{""Food Delivery"": 1695000, ""Coffee Shop"": 565000, ""Movie Ticket"": 565000, ""Gaming"": 565000}",2023-08-31
PLAN_49b4ae16,USER_08033,811403,"{""Food Delivery"": 1095000, ""Coffee Shop"": 365000, ""Movie Ticket"": 365000, ""Gaming"": 365000}",2023-08-31
PLAN_264bf7ad,USER_07214,1758399,"{""Food Delivery"": 1740000, ""Coffee Shop"": 580000, ""Movie Ticket"": 580000, ""Gaming"": 580000}",2023-08-31
PLAN_b10cd2da,USER_03192,1584490,"{""Food Delivery"": 1875000, ""Coffee Shop"": 625000, ""Movie Ticket"": 625000, ""Gaming"": 625000}",2023-08-31
PLAN_d18d4df4,USER_00042,1908899,"{""Food Delivery"": 1560000, ""Coffee Shop"": 520000, ""Movie Ticket"": 520000, ""Gaming"": 520000}",2023-08-31
PLAN_4dbe5be8,USER_03577,689991,"{""Food Delivery"": 1020000, ""Coffee Shop"": 340000, ""Movie Ticket"": 340000, ""Gaming"": 340000}",2023-08-31
PLAN_01eff198,USER_07299,1930731,"{""Food Delivery"": 2100000, ""Coffee Shop"": 700000, ""Movie Ticket"": 700000, ""Gaming"": 700000}",2023-08-31
PLAN_22a1af8a,USER_09704,1109996,"{""Food Delivery"": 1245000, ""Coffee Shop"": 415000, ""Movie Ticket"": 415000, ""Gaming"": 415000}",2023-08-31
PLAN_65e786dc,USER_00164,1192613,"{""Food Delivery"": 1755000, ""Coffee Shop"": 585000, ""Movie Ticket"": 585000, ""Gaming"": 585000}",2023-08-31
PLAN_1828b7dc,USER_02055,1169343,"{""Food Delivery"": 1560000, ""Coffee Shop"": 520000, ""Movie Ticket"": 520000, ""Gaming"": 520000}",2023-08-31
PLAN_b162a500,USER_01977,819912,"{""Food Delivery"": 870000, ""Coffee Shop"": 290000, ""Movie Ticket"": 290000, ""Gaming"": 290000}",2023-08-31
PLAN_5fd4c2fe,USER_00219,1239077,"{""Food Delivery"": 1245000, ""Coffee Shop"": 415000, ""Movie Ticket"": 415000, ""Gaming"": 415000}",2023-08-31
PLAN_f2e8efc0,USER_00444,1671104,"{""Food Delivery"": 1785000, ""Coffee Shop"": 595000, ""Movie Ticket"": 595000, ""Gaming"": 595000}",2023-08-31
PLAN_5d2bfe3e,USER_04604,688921,"{""Food Delivery"": 675000, ""Coffee Shop"": 225000, ""Movie Ticket"": 225000, ""Gaming"": 225000}",2023-08-31
PLAN_982cb72b,USER_06688,2041768,"{""Food Delivery"": 1920000, ""Coffee Shop"": 640000, ""Movie Ticket"": 640000, ""Gaming"": 640000}",2023-08-31
PLAN_6f24e835,USER_01572,494862,"{""Food Delivery"": 735000, ""Coffee Shop"": 245000, ""Movie Ticket"": 245000, ""Gaming"": 245000}",2023-08-31
PLAN_8e580f8d,USER_05397,1098071,"{""Food Delivery"": 1125000, ""Coffee Shop"": 375000, ""Movie Ticket"": 375000, ""Gaming"": 375000}",2023-08-31
PLAN_bbf33213,USER_00870,1884959,"{""Food Delivery"": 1440000, ""Coffee Shop"": 480000, ""Movie Ticket"": 480000, ""Gaming"": 480000}",2023-08-31
PLAN_e7c63476,USER_00523,1427890,"{""Food Delivery"": 1410000, ""Coffee Shop"": 470000, ""Movie Ticket"": 470000, ""Gaming"": 470000}",2023-08-31
PLAN_7e83f2f7,USER_05970,1459461,"{""Food Delivery"": 1305000, ""Coffee Shop"": 435000, ""Movie Ticket"": 435000, ""Gaming"": 435000}",2023-08-31
PLAN_e435d76e,USER_02627,1075728,"{""Food Delivery"": 1230000, ""Coffee Shop"": 410000, ""Movie Ticket"": 410000, ""Gaming"": 410000}",2023-08-31
PLAN_9c946388,USER_09817,2483587,"{""Food Delivery"": 2100000, ""Coffee Shop"": 700000, ""Movie Ticket"": 700000, ""Gaming"": 700000}",2023-08-31
PLAN_48c4202b,USER_03667,531876,"{""Food Delivery"": 450000, ""Coffee Shop"": 150000, ""Movie Ticket"": 150000, ""Gaming"": 150000}",2023-08-31
PLAN_27a99401,USER_06077,1673425,"{""Food Delivery"": 1650000, ""Coffee Shop"": 550000, ""Movie Ticket"": 550000, ""Gaming"": 550000}",2023-08-31
PLAN_77a7b0ef,USER_08504,1877213,"{""Food Delivery"": 1425000, ""Coffee Shop"": 475000, ""Movie Ticket"": 475000, ""Gaming"": 475000}",2023-08-31
PLAN_57d5d6d8,USER_05701,652819,"{""Food Delivery"": 870000, ""Coffee Shop"": 290000, ""Movie Ticket"": 290000, ""Gaming"": 290000}",2023-08-31
PLAN_2ad87e02,USER_01754,1149150,"{""Food Delivery"": 1695000, ""Coffee Shop"": 565000, ""Movie Ticket"": 565000, ""Gaming"": 565000}",2023-08-31
PLAN_b1f8e716,USER_00850,1752456,"{""Food Delivery"": 1485000, ""Coffee Shop"": 495000, ""Movie Ticket"": 495000, ""Gaming"": 495000}",2023-08-31
PLAN_449e9e34,USER_00691,668647,"{""Food Delivery"": 555000, ""Coffee Shop"": 185000, ""Movie Ticket"": 185000, ""Gaming"": 185000}",2023-08-31
PLAN_c3187ae9,USER_08669,649720,"{""Food Delivery"": 870000, ""Coffee Shop"": 290000, ""Movie Ticket"": 290000, ""Gaming"": 290000}",2023-08-31
PLAN_6c0a1df4,USER_01330,1784471,"{""Food Delivery"": 2115000, ""Coffee Shop"": 705000, ""Movie Ticket"": 705000, ""Gaming"": 705000}",2023-08-31
PLAN_666f2446,USER_04560,814041,"{""Food Delivery"": 1200000, ""Coffee Shop"": 400000, ""Movie Ticket"": 400000, ""Gaming"": 400000}",2023-08-31
PLAN_7ce1303d,USER_08252,801851,"{""Food Delivery"": 930000, ""Coffee Shop"": 310000, ""Movie Ticket"": 310000, ""Gaming"": 310000}",2023-08-31
PLAN_252cd1e9,USER_05525,567405,"{""Food Delivery"": 480000, ""Coffee Shop"": 160000, ""Movie Ticket"": 160000, ""Gaming"": 160000}",2023-08-31
PLAN_46a657a4,USER_08233,1350984,"{""Food Delivery"": 1335000, ""Coffee Shop"": 445000, ""Movie Ticket"": 445000, ""Gaming"": 445000}",2023-08-31
PLAN_1045fda0,USER_07859,862781,"{""Food Delivery"": 960000, ""Coffee Shop"": 320000, ""Movie Ticket"": 320000, ""Gaming"": 320000}",2023-08-31
PLAN_8d335ff0,USER_02204,1344304,"{""Food Delivery"": 1470000, ""Coffee Shop"": 490000, ""Movie Ticket"": 490000, ""Gaming"": 490000}",2023-08-31
PLAN_a835dab0,USER_02479,1201624,"{""Food Delivery"": 1800000, ""Coffee Shop"": 600000, ""Movie Ticket"": 600000, ""Gaming"": 600000}",2023-08-31
PLAN_9063101a,USER_01446,1780726,"{""Food Delivery"": 2055000, ""Coffee Shop"": 685000, ""Movie Ticket"": 685000, ""Gaming"": 685000}",2023-08-31
PLAN_25b7ed90,USER_06154,1728781,"{""Food Delivery"": 1575000, ""Coffee Shop"": 525000, ""Movie Ticket"": 525000, ""Gaming"": 525000}",2023-08-31
PLAN_b50f3fee,USER_06901,2230839,"{""Food Delivery"": 1695000, ""Coffee Shop"": 565000, ""Movie Ticket"": 565000, ""Gaming"": 565000}",2023-08-31
PLAN_56454602,USER_03898,2548943,"{""Food Delivery"": 2070000, ""Coffee Shop"": 690000, ""Movie Ticket"": 690000, ""Gaming"": 690000}",2023-08-31
PLAN_93304e11,USER_09348,501561,"{""Food Delivery"": 735000, ""Coffee Shop"": 245000, ""Movie Ticket"": 245000, ""Gaming"": 245000}",2023-08-31
PLAN_f75fe100,USER_06231,1936531,"{""Food Delivery"": 1530000, ""Coffee Shop"": 510000, ""Movie Ticket"": 510000, ""Gaming"": 510000}",2023-08-31
PLAN_97ee1aa6,USER_03303,1212574,"{""Food Delivery"": 1020000, ""Coffee Shop"": 340000, ""Movie Ticket"": 340000, ""Gaming"": 340000}",2023-08-31
PLAN_4573e20e,USER_04732,587524,"{""Food Delivery"": 495000, ""Coffee Shop"": 165000, ""Movie Ticket"": 165000, ""Gaming"": 165000}",2023-08-31
PLAN_5b37f72d,USER_08272,2099513,"{""Food Delivery"": 2160000, ""Coffee Shop"": 720000, ""Movie Ticket"": 720000, ""Gaming"": 720000}",2023-08-31
PLAN_a2e175d0,USER_03412,2055067,"{""Food Delivery"": 2205000, ""Coffee Shop"": 735000, ""Movie Ticket"": 735000, ""Gaming"": 735000}",2023-08-31
PLAN_be8a3df2,USER_04910,625399,"{""Food Delivery"": 720000, ""Coffee Shop"": 240000, ""Movie Ticket"": 240000, ""Gaming"": 240000}",2023-08-31
PLAN_1fa14b78,USER_04193,1396060,"{""Food Delivery"": 1965000, ""Coffee Shop"": 655000, ""Movie Ticket"": 655000, ""Gaming"": 655000}",2023-08-31
PLAN_76a03ab5,USER_01909,1473882,"{""Food Delivery"": 1800000, ""Coffee Shop"": 600000, ""Movie Ticket"": 600000, ""Gaming"": 600000}",2023-08-31
PLAN_d49555ca,USER_01846,922486,"{""Food Delivery"": 1110000, ""Coffee Shop"": 370000, ""Movie Ticket"": 370000, ""Gaming"": 370000}",2023-08-31
PLAN_5efc1101,USER_02564,1068535,"{""Food Delivery"": 1080000, ""Coffee Shop"": 360000, ""Movie Ticket"": 360000, ""Gaming"": 360000}",2023-08-31
PLAN_58e4426c,USER_08708,733926,"{""Food Delivery"": 630000, ""Coffee Shop"": 210000, ""Movie Ticket"": 210000, ""Gaming"": 210000}",2023-08-31
PLAN_54d8a12b,USER_03144,619000,"{""Food Delivery"": 630000, ""Coffee Shop"": 210000, ""Movie Ticket"": 210000, ""Gaming"": 210000}",2023-08-31
PLAN_cf31ce7d,USER_01062,941481,"{""Food Delivery"": 1335000, ""Coffee Shop"": 445000, ""Movie Ticket"": 445000, ""Gaming"": 445000}",2023-08-31
PLAN_1b578900,USER_09505,1683699,"{""Food Delivery"": 1290000, ""Coffee Shop"": 430000, ""Movie Ticket"": 430000, ""Gaming"": 430000}",2023-08-31
PLAN_66b58649,USER_04271,2234132,"{""Food Delivery"": 1725000, ""Coffee Shop"": 575000, ""Movie Ticket"": 575000, ""Gaming"": 575000}",2023-08-31
PLAN_63197994,USER_04861,2160079,"{""Food Delivery"": 1815000, ""Coffee Shop"": 605000, ""Movie Ticket"": 605000, ""Gaming"": 605000}",2023-08-31
PLAN_6488af57,USER_06177,1612975,"{""Food Delivery"": 1215000, ""Coffee Shop"": 405000, ""Movie Ticket"": 405000, ""Gaming"": 405000}",2023-08-31
PLAN_d2dfbf6e,USER_01361,2162275,"{""Food Delivery"": 2100000, ""Coffee Shop"": 700000, ""Movie Ticket"": 700000, ""Gaming"": 700000}",2023-08-31
PLAN_86fc7b0c,USER_09603,1609470,"{""Food Delivery"": 1230000, ""Coffee Shop"": 410000, ""Movie Ticket"": 410000, ""Gaming"": 410000}",2023-08-31
PLAN_5c819f2e,USER_08278,1484334,"{""Food Delivery"": 2070000, ""Coffee Shop"": 690000, ""Movie Ticket"": 690000, ""Gaming"": 690000}",2023-08-31
PLAN_3dce9b02,USER_09619,1570532,"{""Food Delivery"": 1725000, ""Coffee Shop"": 575000, ""Movie Ticket"": 575000, ""Gaming"": 575000}",2023-08-31
PLAN_fa12711d,USER_01120,882274,"{""Food Delivery"": 1080000, ""Coffee Shop"": 360000, ""Movie Ticket"": 360000, ""Gaming"": 360000}",2023-08-31
PLAN_3ba5374a,USER_05832,1339333,"{""Food Delivery"": 1680000, ""Coffee Shop"": 560000, ""Movie Ticket"": 560000, ""Gaming"": 560000}",2023-08-31
PLAN_f71d6f1a,USER_05726,1152210,"{""Food Delivery"": 1515000, ""Coffee Shop"": 505000, ""Movie Ticket"": 505000, ""Gaming"": 505000}",2023-08-31
PLAN_53eced18,USER_03338,2352499,"{""Food Delivery"": 2175000, ""Coffee Shop"": 725000, ""Movie Ticket"": 725000, ""Gaming"": 725000}",2023-08-31
PLAN_7da6217e,USER_07862,1799135,"{""Food Delivery"": 1515000, ""Coffee Shop"": 505000, ""Movie Ticket"": 505000, ""Gaming"": 505000}",2023-08-31
PLAN_3b0967eb,USER_02625,1120591,"{""Food Delivery"": 1065000, ""Coffee Shop"": 355000, ""Movie Ticket"": 355000, ""Gaming"": 355000}",2023-08-31
PLAN_80dedf5a,USER_07261,1364885,"{""Food Delivery"": 1785000, ""Coffee Shop"": 595000, ""Movie Ticket"": 595000, ""Gaming"": 595000}",2023-08-31
PLAN_e1494043,USER_02571,2553684,"{""Food Delivery"": 2115000, ""Coffee Shop"": 705000, ""Movie Ticket"": 705000, ""Gaming"": 705000}",2023-08-31
PLAN_1a1cbd0b,USER_04571,2355774,"{""Food Delivery"": 2160000, ""Coffee Shop"": 720000, ""Movie Ticket"": 720000, ""Gaming"": 720000}",2023-08-31
PLAN_661eb9d0,USER_05417,763491,"{""Food Delivery"": 825000, ""Coffee Shop"": 275000, ""Movie Ticket"": 275000, ""Gaming"": 275000}",2023-08-31
PLAN_6772ae3d,USER_06325,870547,"{""Food Delivery"": 780000, ""Coffee Shop"": 260000, ""Movie Ticket"": 260000, ""Gaming"": 260000}",2023-08-31
PLAN_11d14956,USER_01275,907131,"{""Food Delivery"": 1080000, ""Coffee Shop"": 360000, ""Movie Ticket"": 360000, ""Gaming"": 360000}",2023-08-31
PLAN_bb131f2c,USER_02452,1425903,"{""Food Delivery"": 1590000, ""Coffee Shop"": 530000, ""Movie Ticket"": 530000, ""Gaming"": 530000}",2023-08-31
PLAN_f9cb1328,USER_02331,1092966,"{""Food Delivery"": 855000, ""Coffee Shop"": 285000, ""Movie Ticket"": 285000, ""Gaming"": 285000}",2023-08-31
PLAN_b92b709c,USER_04500,490391,"{""Food Delivery"": 570000, ""Coffee Shop"": 190000, ""Movie Ticket"": 190000, ""Gaming"": 190000}",2023-08-31
PLAN_132093dc,USER_08027,720294,"{""Food Delivery"": 735000, ""Coffee Shop"": 245000, ""Movie Ticket"": 245000, ""Gaming"": 245000}",2023-08-31
PLAN_ee70886d,USER_04774,1606619,"{""Food Delivery"": 1275000, ""Coffee Shop"": 425000, ""Movie Ticket"": 425000, ""Gaming"": 425000}",2023-08-31
PLAN_1768e102,USER_04574,1912647,"{""Food Delivery"": 1680000, ""Coffee Shop"": 560000, ""Movie Ticket"": 560000, ""Gaming"": 560000}",2023-08-31
PLAN_9571204e,USER_04497,1497706,"{""Food Delivery"": 2115000, ""Coffee Shop"": 705000, ""Movie Ticket"": 705000, ""Gaming"": 705000}",2023-08-31
PLAN_740e88d9,USER_03535,780166,"{""Food Delivery"": 1020000, ""Coffee Shop"": 340000, ""Movie Ticket"": 340000, ""Gaming"": 340000}",2023-08-31
PLAN_ade32ff2,USER_09864,806273,"{""Food Delivery"": 1200000, ""Coffee Shop"": 400000, ""Movie Ticket"": 400000, ""Gaming"": 400000}",2023-08-31
PLAN_d61de5c0,USER_00864,668677,"{""Food Delivery"": 615000, ""Coffee Shop"": 205000, ""Movie Ticket"": 205000, ""Gaming"": 205000}",2023-08-31
PLAN_d2b696a5,USER_02520,1563487,"{""Food Delivery"": 1620000, ""Coffee Shop"": 540000, ""Movie Ticket"": 540000, ""Gaming"": 540000}",2023-08-31
PLAN_fb8ef00e,USER_09358,1406500,"{""Food Delivery"": 1860000, ""Coffee Shop"": 620000, ""Movie Ticket"": 620000, ""Gaming"": 620000}",2023-08-31
PLAN_24f9d7a4,USER_03866,1644664,"{""Food Delivery"": 1260000, ""Coffee Shop"": 420000, ""Movie Ticket"": 420000, ""Gaming"": 420000}",2023-08-31
PLAN_763d72de,USER_00199,1636735,"{""Food Delivery"": 1605000, ""Coffee Shop"": 535000, ""Movie Ticket"": 535000, ""Gaming"": 535000}",2023-08-31
PLAN_79c83e35,USER_08362,496757,"{""Food Delivery"": 600000, ""Coffee Shop"": 200000, ""Movie Ticket"": 200000, ""Gaming"": 200000}",2023-08-31
PLAN_cb6237bb,USER_02429,825331,"{""Food Delivery"": 825000, ""Coffee Shop"": 275000, ""Movie Ticket"": 275000, ""Gaming"": 275000}",2023-08-31
PLAN_7da0b859,USER_09530,1192530,"{""Food Delivery"": 1065000, ""Coffee Shop"": 355000, ""Movie Ticket"": 355000, ""Gaming"": 355000}",2023-08-31
PLAN_42b24474,USER_03463,602693,"{""Food Delivery"": 840000, ""Coffee Shop"": 280000, ""Movie Ticket"": 280000, ""Gaming"": 280000}",2023-08-31
PLAN_87a90146,USER_05644,509881,"{""Food Delivery"": 600000, ""Coffee Shop"": 200000, ""Movie Ticket"": 200000, ""Gaming"": 200000}",2023-08-31
PLAN_798e73a4,USER_03810,1210666,"{""Food Delivery"": 1005000, ""Coffee Shop"": 335000, ""Movie Ticket"": 335000, ""Gaming"": 335000}",2023-08-31
PLAN_5267360e,USER_08236,1853774,"{""Food Delivery"": 1905000, ""Coffee Shop"": 635000, ""Movie Ticket"": 635000, ""Gaming"": 635000}",2023-08-31
PLAN_346f60c6,USER_03798,1113535,"{""Food Delivery"": 1080000, ""Coffee Shop"": 360000, ""Movie Ticket"": 360000, ""Gaming"": 360000}",2023-08-31
PLAN_8e1a6569,USER_08037,687751,"{""Food Delivery"": 720000, ""Coffee Shop"": 240000, ""Movie Ticket"": 240000, ""Gaming"": 240000}",2023-08-31
PLAN_f423aa70,USER_04510,970826,"{""Food Delivery"": 1395000, ""Coffee Shop"": 465000, ""Movie Ticket"": 465000, ""Gaming"": 465000}",2023-08-31
PLAN_de66199f,USER_03218,408012,"{""Food Delivery"": 525000, ""Coffee Shop"": 175000, ""Movie Ticket"": 175000, ""Gaming"": 175000}",2023-08-31
PLAN_ba99557e,USER_05186,1084156,"{""Food Delivery"": 1125000, ""Coffee Shop"": 375000, ""Movie Ticket"": 375000, ""Gaming"": 375000}",2023-08-31
PLAN_68b746d2,USER_07952,1753318,"{""Food Delivery"": 2175000, ""Coffee Shop"": 725000, ""Movie Ticket"": 725000, ""Gaming"": 725000}",2023-08-31
PLAN_8f008ea2,USER_09552,1375472,"{""Food Delivery"": 1965000, ""Coffee Shop"": 655000, ""Movie Ticket"": 655000, ""Gaming"": 655000}",2023-08-31
PLAN_b0e693fe,USER_05966,2617982,"{""Food Delivery"": 2130000, ""Coffee Shop"": 710000, ""Movie Ticket"": 710000, ""Gaming"": 710000}",2023-08-31
PLAN_0f656c37,USER_02552,1406646,"{""Food Delivery"": 1065000, ""Coffee Shop"": 355000, ""Movie Ticket"": 355000, ""Gaming"": 355000}",2023-08-31
PLAN_51794fe8,USER_08444,2169702,"{""Food Delivery"": 1815000, ""Coffee Shop"": 605000, ""Movie Ticket"": 605000, ""Gaming"": 605000}",2023-08-31
PLAN_98fc345f,USER_06958,1742557,"{""Food Delivery"": 1410000, ""Coffee Shop"": 470000, ""Movie Ticket"": 470000, ""Gaming"": 470000}",2023-08-31
PLAN_938a8c9b,USER_04310,1589730,"{""Food Delivery"": 1920000, ""Coffee Shop"": 640000, ""Movie Ticket"": 640000, ""Gaming"": 640000}",2023-08-31
PLAN_e6c23b6a,USER_01461,2607633,"{""Food Delivery"": 1995000, ""Coffee Shop"": 665000, ""Movie Ticket"": 665000, ""Gaming"": 665000}",2023-08-31
PLAN_8a2299bd,USER_03652,1208894,"{""Food Delivery"": 1515000, ""Coffee Shop"": 505000, ""Movie Ticket"": 505000, ""Gaming"": 505000}",2023-08-31
PLAN_298fd034,USER_05790,1717258,"{""Food Delivery"": 1320000, ""Coffee Shop"": 440000, ""Movie Ticket"": 440000, ""Gaming"": 440000}",2023-08-31
PLAN_106830d1,USER_07785,1615803,"{""Food Delivery"": 1215000, ""Coffee Shop"": 405000, ""Movie Ticket"": 405000, ""Gaming"": 405000}",2023-08-31
PLAN_c4f6dc44,USER_09070,2516232,"{""Food Delivery"": 2205000, ""Coffee Shop"": 735000, ""Movie Ticket"": 735000, ""Gaming"": 735000}",2023-08-31
PLAN_4786f84a,USER_02701,1505669,"{""Food Delivery"": 1140000, ""Coffee Shop"": 380000, ""Movie Ticket"": 380000, ""Gaming"": 380000}",2023-08-31
PLAN_8577a2e4,USER_09158,2338614,"{""Food Delivery"": 2235000, ""Coffee Shop"": 745000, ""Movie Ticket"": 745000, ""Gaming"": 745000}",2023-08-31
PLAN_954f35f5,USER_01006,453435,"{""Food Delivery"": 540000, ""Coffee Shop"": 180000, ""Movie Ticket"": 180000, ""Gaming"": 180000}",2023-08-31
PLAN_c759f787,USER_09128,574798,"{""Food Delivery"": 600000, ""Coffee Shop"": 200000, ""Movie Ticket"": 200000, ""Gaming"": 200000}",2023-08-31
PLAN_fc51c867,USER_08396,2103500,"{""Food Delivery"": 1980000, ""Coffee Shop"": 660000, ""Movie Ticket"": 660000, ""Gaming"": 660000}",2023-08-31
PLAN_4c91eaed,USER_02361,965773,"{""Food Delivery"": 1350000, ""Coffee Shop"": 450000, ""Movie Ticket"": 450000, ""Gaming"": 450000}",2023-08-31
PLAN_61e03ea3,USER_09446,1573672,"{""Food Delivery"": 1455000, ""Coffee Shop"": 485000, ""Movie Ticket"": 485000, ""Gaming"": 485000}",2023-08-31
PLAN_2544c1b1,USER_02637,1069836,"{""Food Delivery"": 810000, ""Coffee Shop"": 270000, ""Movie Ticket"": 270000, ""Gaming"": 270000}",2023-08-31
PLAN_5125b2bf,USER_07809,487944,"{""Food Delivery"": 615000, ""Coffee Shop"": 205000, ""Movie Ticket"": 205000, ""Gaming"": 205000}",2023-08-31
PLAN_10670052,USER_08789,985927,"{""Food Delivery"": 825000, ""Coffee Shop"": 275000, ""Movie Ticket"": 275000, ""Gaming"": 275000}",2023-08-31
PLAN_1472d8e0,USER_02457,2499347,"{""Food Delivery"": 1965000, ""Coffee Shop"": 655000, ""Movie Ticket"": 655000, ""Gaming"": 655000}",2023-08-31
PLAN_93c82cb2,USER_08255,2701745,"{""Food Delivery"": 2085000, ""Coffee Shop"": 695000, ""Movie Ticket"": 695000, ""Gaming"": 695000}",2023-08-31
PLAN_01307db6,USER_08450,803655,"{""Food Delivery"": 615000, ""Coffee Shop"": 205000, ""Movie Ticket"": 205000, ""Gaming"": 205000}",2023-08-31
PLAN_a3bbf826,USER_02178,1095450,"{""Food Delivery"": 1080000, ""Coffee Shop"": 360000, ""Movie Ticket"": 360000, ""Gaming"": 360000}",2023-08-31
PLAN_bed266c9,USER_08090,1581846,"{""Food Delivery"": 1200000, ""Coffee Shop"": 400000, ""Movie Ticket"": 400000, ""Gaming"": 400000}",2023-08-31
PLAN_1b0c5710,USER_06773,2565672,"{""Food Delivery"": 2190000, ""Coffee Shop"": 730000, ""Movie Ticket"": 730000, ""Gaming"": 730000}",2023-08-31
PLAN_f33b6eef,USER_07346,766703,"{""Food Delivery"": 990000, ""Coffee Shop"": 330000, ""Movie Ticket"": 330000, ""Gaming"": 330000}",2023-08-31
PLAN_3fa7325b,USER_03672,1107675,"{""Food Delivery"": 1125000, ""Coffee Shop"": 375000, ""Movie Ticket"": 375000, ""Gaming"": 375000}",2023-08-31
PLAN_f9a1e720,USER_04466,1409031,"{""Food Delivery"": 1230000, ""Coffee Shop"": 410000, ""Movie Ticket"": 410000, ""Gaming"": 410000}",2023-08-31
PLAN_30b97b4f,USER_02788,1459388,"{""Food Delivery"": 1755000, ""Coffee Shop"": 585000, ""Movie Ticket"": 585000, ""Gaming"": 585000}",2023-08-31
PLAN_503cbb02,USER_07900,1788270,"{""Food Delivery"": 1635000, ""Coffee Shop"": 545000, ""Movie Ticket"": 545000, ""Gaming"": 545000}",2023-08-31
PLAN_f39c8ddc,USER_03139,2499900,"{""Food Delivery"": 2250000, ""Coffee Shop"": 750000, ""Movie Ticket"": 750000, ""Gaming"": 750000}",2023-08-31
PLAN_f499e67f,USER_00498,488333,"{""Food Delivery"": 630000, ""Coffee Shop"": 210000, ""Movie Ticket"": 210000, ""Gaming"": 210000}",2023-08-31
PLAN_b56ed37b,USER_00839,1846800,"{""Food Delivery"": 1770000, ""Coffee Shop"": 590000, ""Movie Ticket"": 590000, ""Gaming"": 590000}",2023-08-31
PLAN_22200182,USER_03453,2604291,"{""Food Delivery"": 2205000, ""Coffee Shop"": 735000, ""Movie Ticket"": 735000, ""Gaming"": 735000}",2023-08-31
PLAN_34358b21,USER_01776,1244083,"{""Food Delivery"": 1245000, ""Coffee Shop"": 415000, ""Movie Ticket"": 415000, ""Gaming"": 415000}",2023-08-31
PLAN_e0385049,USER_08913,870408,"{""Food Delivery"": 1290000, ""Coffee Shop"": 430000, ""Movie Ticket"": 430000, ""Gaming"": 430000}",2023-08-31
PLAN_8d4cad3e,USER_03404,1463105,"{""Food Delivery"": 2175000, ""Coffee Shop"": 725000, ""Movie Ticket"": 725000, ""Gaming"": 725000}",2023-08-31
PLAN_ab409562,USER_04019,1994833,"{""Food Delivery"": 2205000, ""Coffee Shop"": 735000, ""Movie Ticket"": 735000, ""Gaming"": 735000}",2023-08-31
PLAN_b5d6c34f,USER_05372,635644,"{""Food Delivery"": 495000, ""Coffee Shop"": 165000, ""Movie Ticket"": 165000, ""Gaming"": 165000}",2023-08-31
PLAN_acbb6754,USER_07702,1277823,"{""Food Delivery"": 1560000, ""Coffee Shop"": 520000, ""Movie Ticket"": 520000, ""Gaming"": 520000}",2023-08-31
PLAN_272f608a,USER_01295,2042954,"{""Food Delivery"": 1875000, ""Coffee Shop"": 625000, ""Movie Ticket"": 625000, ""Gaming"": 625000}",2023-08-31
PLAN_9f27b370,USER_04241,953219,"{""Food Delivery"": 1170000, ""Coffee Shop"": 390000, ""Movie Ticket"": 390000, ""Gaming"": 390000}",2023-08-31
PLAN_7894aa87,USER_07352,475801,"{""Food Delivery"": 540000, ""Coffee Shop"": 180000, ""Movie Ticket"": 180000, ""Gaming"": 180000}",2023-08-31
PLAN_e65e9477,USER_09957,2568778,"{""Food Delivery"": 2085000, ""Coffee Shop"": 695000, ""Movie Ticket"": 695000, ""Gaming"": 695000}",2023-08-31
PLAN_dc2fc3c5,USER_01942,691544,"{""Food Delivery"": 600000, ""Coffee Shop"": 200000, ""Movie Ticket"": 200000, ""Gaming"": 200000}",2023-08-31
PLAN_eef4d358,USER_01733,1325433,"{""Food Delivery"": 1815000, ""Coffee Shop"": 605000, ""Movie Ticket"": 605000, ""Gaming"": 605000}",2023-08-31
PLAN_1330f7f8,USER_06190,1185822,"{""Food Delivery"": 1245000, ""Coffee Shop"": 415000, ""Movie Ticket"": 415000, ""Gaming"": 415000}",2023-08-31
PLAN_4cea20f3,USER_02339,1379087,"{""Food Delivery"": 2010000, ""Coffee Shop"": 670000, ""Movie Ticket"": 670000, ""Gaming"": 670000}",2023-08-31
PLAN_f7e06c40,USER_00441,1717832,"{""Food Delivery"": 1740000, ""Coffee Shop"": 580000, ""Movie Ticket"": 580000, ""Gaming"": 580000}",2023-08-31
PLAN_800c0e1e,USER_03867,1230201,"{""Food Delivery"": 1110000, ""Coffee Shop"": 370000, ""Movie Ticket"": 370000, ""Gaming"": 370000}",2023-08-31
PLAN_24c13366,USER_05493,581621,"{""Food Delivery"": 780000, ""Coffee Shop"": 260000, ""Movie Ticket"": 260000, ""Gaming"": 260000}",2023-08-31
PLAN_e0228f6e,USER_09800,1843105,"{""Food Delivery"": 2145000, ""Coffee Shop"": 715000, ""Movie Ticket"": 715000, ""Gaming"": 715000}",2023-08-31
PLAN_9bb25d2f,USER_02066,796766,"{""Food Delivery"": 855000, ""Coffee Shop"": 285000, ""Movie Ticket"": 285000, ""Gaming"": 285000}",2023-08-31
PLAN_c9954bcc,USER_00336,2610562,"{""Food Delivery"": 2040000, ""Coffee Shop"": 680000, ""Movie Ticket"": 680000, ""Gaming"": 680000}",2023-08-31
PLAN_4728a7ff,USER_08765,2790557,"{""Food Delivery"": 2100000, ""Coffee Shop"": 700000, ""Movie Ticket"": 700000, ""Gaming"": 700000}",2023-08-31
PLAN_82fec8b2,USER_08418,898623,"{""Food Delivery"": 1290000, ""Coffee Shop"": 430000, ""Movie Ticket"": 430000, ""Gaming"": 430000}",2023-08-31
PLAN_ab85f2c7,USER_05490,968554,"{""Food Delivery"": 825000, ""Coffee Shop"": 275000, ""Movie Ticket"": 275000, ""Gaming"": 275000}",2023-08-31
PLAN_2ca93063,USER_04780,740730,"{""Food Delivery"": 810000, ""Coffee Shop"": 270000, ""Movie Ticket"": 270000, ""Gaming"": 270000}",2023-08-31
PLAN_41fa733c,USER_02322,1155740,"{""Food Delivery"": 1245000, ""Coffee Shop"": 415000, ""Movie Ticket"": 415000, ""Gaming"": 415000}",2023-08-31
PLAN_42e6236f,USER_03380,1017473,"{""Food Delivery"": 870000, ""Coffee Shop"": 290000, ""Movie Ticket"": 290000, ""Gaming"": 290000}",2023-08-31
PLAN_0c636a39,USER_07766,2148637,"{""Food Delivery"": 1680000, ""Coffee Shop"": 560000, ""Movie Ticket"": 560000, ""Gaming"": 560000}",2023-08-31
PLAN_ac7bf36c,USER_00388,2458170,"{""Food Delivery"": 1890000, ""Coffee Shop"": 630000, ""Movie Ticket"": 630000, ""Gaming"": 630000}",2023-08-31
PLAN_bc1db78f,USER_01207,1025129,"{""Food Delivery"": 975000, ""Coffee Shop"": 325000, ""Movie Ticket"": 325000, ""Gaming"": 325000}",2023-08-31
PLAN_4e1bff74,USER_09033,583562,"{""Food Delivery"": 645000, ""Coffee Shop"": 215000, ""Movie Ticket"": 215000, ""Gaming"": 215000}",2023-08-31
PLAN_3cce11c1,USER_00228,1912677,"{""Food Delivery"": 1605000, ""Coffee Shop"": 535000, ""Movie Ticket"": 535000, ""Gaming"": 535000}",2023-08-31
PLAN_00fa738e,USER_01116,800640,"{""Food Delivery"": 960000, ""Coffee Shop"": 320000, ""Movie Ticket"": 320000, ""Gaming"": 320000}",2023-08-31
PLAN_30a79f7d,USER_04023,922803,"{""Food Delivery"": 885000, ""Coffee Shop"": 295000, ""Movie Ticket"": 295000, ""Gaming"": 295000}",2023-08-31
PLAN_08c6f59a,USER_04790,1643879,"{""Food Delivery"": 1815000, ""Coffee Shop"": 605000, ""Movie Ticket"": 605000, ""Gaming"": 605000}",2023-08-31
PLAN_5a8f7e3c,USER_03514,762050,"{""Food Delivery"": 690000, ""Coffee Shop"": 230000, ""Movie Ticket"": 230000, ""Gaming"": 230000}",2023-08-31
PLAN_7592868a,USER_04015,1190782,"{""Food Delivery"": 1440000, ""Coffee Shop"": 480000, ""Movie Ticket"": 480000, ""Gaming"": 480000}",2023-08-31
PLAN_4bb2eb51,USER_08507,1298836,"{""Food Delivery"": 1635000, ""Coffee Shop"": 545000, ""Movie Ticket"": 545000, ""Gaming"": 545000}",2023-08-31
PLAN_d4646b76,USER_06038,2666352,"{""Food Delivery"": 2085000, ""Coffee Shop"": 695000, ""Movie Ticket"": 695000, ""Gaming"": 695000}",2023-08-31
PLAN_86287aec,USER_00433,650064,"{""Food Delivery"": 885000, ""Coffee Shop"": 295000, ""Movie Ticket"": 295000, ""Gaming"": 295000}",2023-08-31
PLAN_1e90b4dd,USER_05963,2183638,"{""Food Delivery"": 2175000, ""Coffee Shop"": 725000, ""Movie Ticket"": 725000, ""Gaming"": 725000}",2023-08-31
PLAN_b3e90eb0,USER_02999,1489440,"{""Food Delivery"": 1830000, ""Coffee Shop"": 610000, ""Movie Ticket"": 610000, ""Gaming"": 610000}",2023-08-31
PLAN_29aaefc9,USER_08718,768808,"{""Food Delivery"": 1110000, ""Coffee Shop"": 370000, ""Movie Ticket"": 370000, ""Gaming"": 370000}",2023-08-31
PLAN_e7aa2b04,USER_08482,1118900,"{""Food Delivery"": 1620000, ""Coffee Shop"": 540000, ""Movie Ticket"": 540000, ""Gaming"": 540000}",2023-08-31
PLAN_0597730f,USER_04727,1633558,"{""Food Delivery"": 2085000, ""Coffee Shop"": 695000, ""Movie Ticket"": 695000, ""Gaming"": 695000}",2023-08-31
PLAN_49525b85,USER_04512,2781487,"{""Food Delivery"": 2235000, ""Coffee Shop"": 745000, ""Movie Ticket"": 745000, ""Gaming"": 745000}",2023-08-31
PLAN_e46e6611,USER_08299,1513324,"{""Food Delivery"": 1770000, ""Coffee Shop"": 590000, ""Movie Ticket"": 590000, ""Gaming"": 590000}",2023-08-31
PLAN_3c484f43,USER_05798,1560367,"{""Food Delivery"": 1200000, ""Coffee Shop"": 400000, ""Movie Ticket"": 400000, ""Gaming"": 400000}",2023-08-31
PLAN_72ebe36f,USER_02754,2071925,"{""Food Delivery"": 1965000, ""Coffee Shop"": 655000, ""Movie Ticket"": 655000, ""Gaming"": 655000}",2023-08-31
PLAN_eccc8a1e,USER_03665,1939429,"{""Food Delivery"": 2025000, ""Coffee Shop"": 675000, ""Movie Ticket"": 675000, ""Gaming"": 675000}",2023-08-31
PLAN_377e72cc,USER_06283,1200867,"{""Food Delivery"": 1140000, ""Coffee Shop"": 380000, ""Movie Ticket"": 380000, ""Gaming"": 380000}",2023-08-31
PLAN_4feaa039,USER_08445,1243692,"{""Food Delivery"": 1230000, ""Coffee Shop"": 410000, ""Movie Ticket"": 410000, ""Gaming"": 410000}",2023-08-31
PLAN_84bc30f3,USER_00142,1635661,"{""Food Delivery"": 1395000, ""Coffee Shop"": 465000, ""Movie Ticket"": 465000, ""Gaming"": 465000}",2023-08-31
PLAN_f1db77f7,USER_07484,1885269,"{""Food Delivery"": 2205000, ""Coffee Shop"": 735000, ""Movie Ticket"": 735000, ""Gaming"": 735000}",2023-08-31
PLAN_84502359,USER_07046,1961923,"{""Food Delivery"": 2175000, ""Coffee Shop"": 725000, ""Movie Ticket"": 725000, ""Gaming"": 725000}",2023-08-31
PLAN_f34504ff,USER_02381,1269043,"{""Food Delivery"": 1005000, ""Coffee Shop"": 335000, ""Movie Ticket"": 335000, ""Gaming"": 335000}",2023-08-31
PLAN_68a0bc0a,USER_04377,1810204,"{""Food Delivery"": 1395000, ""Coffee Shop"": 465000, ""Movie Ticket"": 465000, ""Gaming"": 465000}",2023-08-31
PLAN_a11d85b6,USER_02990,2195367,"{""Food Delivery"": 1740000, ""Coffee Shop"": 580000, ""Movie Ticket"": 580000, ""Gaming"": 580000}",2023-08-31
PLAN_90e68562,USER_06295,1674948,"{""Food Delivery"": 1770000, ""Coffee Shop"": 590000, ""Movie Ticket"": 590000, ""Gaming"": 590000}",2023-08-31
PLAN_a53e9ec3,USER_09849,2403493,"{""Food Delivery"": 2025000, ""Coffee Shop"": 675000, ""Movie Ticket"": 675000, ""Gaming"": 675000}",2023-08-31
PLAN_110ec1fe,USER_00606,531480,"{""Food Delivery"": 540000, ""Coffee Shop"": 180000, ""Movie Ticket"": 180000, ""Gaming"": 180000}",2023-08-31
PLAN_29cac308,USER_06133,763745,"{""Food Delivery"": 765000, ""Coffee Shop"": 255000, ""Movie Ticket"": 255000, ""Gaming"": 255000}",2023-08-31
PLAN_38e96974,USER_09205,1325148,"{""Food Delivery"": 1650000, ""Coffee Shop"": 550000, ""Movie Ticket"": 550000, ""Gaming"": 550000}",2023-08-31
PLAN_aa043483,USER_08057,1766154,"{""Food Delivery"": 1665000, ""Coffee Shop"": 555000, ""Movie Ticket"": 555000, ""Gaming"": 555000}",2023-08-31
PLAN_1c07456a,USER_03825,1684312,"{""Food Delivery"": 2130000, ""Coffee Shop"": 710000, ""Movie Ticket"": 710000, ""Gaming"": 710000}",2023-08-31
PLAN_3286ef20,USER_06601,932095,"{""Food Delivery"": 1050000, ""Coffee Shop"": 350000, ""Movie Ticket"": 350000, ""Gaming"": 350000}",2023-08-31
PLAN_f8f7bf14,USER_06588,1910681,"{""Food Delivery"": 1545000, ""Coffee Shop"": 515000, ""Movie Ticket"": 515000, ""Gaming"": 515000}",2023-08-31
PLAN_c904e73b,USER_09801,470759,"{""Food Delivery"": 585000, ""Coffee Shop"": 195000, ""Movie Ticket"": 195000, ""Gaming"": 195000}",2023-08-31
PLAN_6ab95e85,USER_02205,921196,"{""Food Delivery"": 1290000, ""Coffee Shop"": 430000, ""Movie Ticket"": 430000, ""Gaming"": 430000}",2023-08-31
PLAN_8ce8eaa5,USER_08704,384842,"{""Food Delivery"": 540000, ""Coffee Shop"": 180000, ""Movie Ticket"": 180000, ""Gaming"": 180000}",2023-08-31
PLAN_3b1b970d,USER_07125,2736506,"{""Food Delivery"": 2115000, ""Coffee Shop"": 705000, ""Movie Ticket"": 705000, ""Gaming"": 705000}",2023-08-31
PLAN_795cac8f,USER_07967,1190467,"{""Food Delivery"": 1185000, ""Coffee Shop"": 395000, ""Movie Ticket"": 395000, ""Gaming"": 395000}",2023-08-31
PLAN_795f83a6,USER_03095,1846329,"{""Food Delivery"": 1965000, ""Coffee Shop"": 655000, ""Movie Ticket"": 655000, ""Gaming"": 655000}",2023-08-31
PLAN_d5fc68c9,USER_05302,2173054,"{""Food Delivery"": 1800000, ""Coffee Shop"": 600000, ""Movie Ticket"": 600000, ""Gaming"": 600000}",2023-08-31
PLAN_378cb01d,USER_05849,1487019,"{""Food Delivery"": 1215000, ""Coffee Shop"": 405000, ""Movie Ticket"": 405000, ""Gaming"": 405000}",2023-08-31
PLAN_0cc0239e,USER_09941,825958,"{""Food Delivery"": 930000, ""Coffee Shop"": 310000, ""Movie Ticket"": 310000, ""Gaming"": 310000}",2023-08-31
PLAN_7ebf1eb6,USER_09757,508085,"{""Food Delivery"": 450000, ""Coffee Shop"": 150000, ""Movie Ticket"": 150000, ""Gaming"": 150000}",2023-08-31
PLAN_250cba05,USER_01718,2426438,"{""Food Delivery"": 2055000, ""Coffee Shop"": 685000, ""Movie Ticket"": 685000, ""Gaming"": 685000}",2023-08-31
PLAN_4b1415e6,USER_01640,1356813,"{""Food Delivery"": 1230000, ""Coffee Shop"": 410000, ""Movie Ticket"": 410000, ""Gaming"": 410000}",2023-08-31
PLAN_11d7dc04,USER_02574,1024919,"{""Food Delivery"": 1335000, ""Coffee Shop"": 445000, ""Movie Ticket"": 445000, ""Gaming"": 445000}",2023-08-31
PLAN_9565ca1f,USER_01745,1181806,"{""Food Delivery"": 945000, ""Coffee Shop"": 315000, ""Movie Ticket"": 315000, ""Gaming"": 315000}",2023-08-31
PLAN_ad1cb089,USER_06287,507901,"{""Food Delivery"": 495000, ""Coffee Shop"": 165000, ""Movie Ticket"": 165000, ""Gaming"": 165000}",2023-08-31
PLAN_b49bcd46,USER_04208,589937,"{""Food Delivery"": 690000, ""Coffee Shop"": 230000, ""Movie Ticket"": 230000, ""Gaming"": 230000}",2023-08-31
PLAN_1d0ec716,USER_04579,470325,"{""Food Delivery"": 495000, ""Coffee Shop"": 165000, ""Movie Ticket"": 165000, ""Gaming"": 165000}",2023-08-31
PLAN_9e9e4229,USER_05024,747051,"{""Food Delivery"": 1080000, ""Coffee Shop"": 360000, ""Movie Ticket"": 360000, ""Gaming"": 360000}",2023-08-31
PLAN_c088b60c,USER_00856,1657964,"{""Food Delivery"": 2205000, ""Coffee Shop"": 735000, ""Movie Ticket"": 735000, ""Gaming"": 735000}",2023-08-31
PLAN_5444037c,USER_02327,2101000,"{""Food Delivery"": 1785000, ""Coffee Shop"": 595000, ""Movie Ticket"": 595000, ""Gaming"": 595000}",2023-08-31
PLAN_8af445ca,USER_00048,330003,"{""Food Delivery"": 495000, ""Coffee Shop"": 165000, ""Movie Ticket"": 165000, ""Gaming"": 165000}",2023-08-31
PLAN_e1820db0,USER_00736,424969,"{""Food Delivery"": 450000, ""Coffee Shop"": 150000, ""Movie Ticket"": 150000, ""Gaming"": 150000}",2023-08-31
PLAN_ad544126,USER_06753,1522510,"{""Food Delivery"": 1500000, ""Coffee Shop"": 500000, ""Movie Ticket"": 500000, ""Gaming"": 500000}",2023-08-31
PLAN_105b83f1,USER_07857,1297200,"{""Food Delivery"": 1845000, ""Coffee Shop"": 615000, ""Movie Ticket"": 615000, ""Gaming"": 615000}",2023-08-31
PLAN_9d9c6b92,USER_00572,1558731,"{""Food Delivery"": 1185000, ""Coffee Shop"": 395000, ""Movie Ticket"": 395000, ""Gaming"": 395000}",2023-08-31
PLAN_11e2757e,USER_01536,1250647,"{""Food Delivery"": 1530000, ""Coffee Shop"": 510000, ""Movie Ticket"": 510000, ""Gaming"": 510000}",2023-08-31
PLAN_3752a6d3,USER_09637,1173778,"{""Food Delivery"": 1350000, ""Coffee Shop"": 450000, ""Movie Ticket"": 450000, ""Gaming"": 450000}",2023-08-31
PLAN_8f97b51b,USER_09387,834523,"{""Food Delivery"": 960000, ""Coffee Shop"": 320000, ""Movie Ticket"": 320000, ""Gaming"": 320000}",2023-08-31
PLAN_e277ba2d,USER_09048,455254,"{""Food Delivery"": 555000, ""Coffee Shop"": 185000, ""Movie Ticket"": 185000, ""Gaming"": 185000}",2023-08-31
PLAN_f0ced5ca,USER_08984,530781,"{""Food Delivery"": 795000, ""Coffee Shop"": 265000, ""Movie Ticket"": 265000, ""Gaming"": 265000}",2023-08-31
PLAN_7b97828f,USER_04477,1936866,"{""Food Delivery"": 1680000, ""Coffee Shop"": 560000, ""Movie Ticket"": 560000, ""Gaming"": 560000}",2023-08-31
PLAN_7e0e5331,USER_05107,1278449,"{""Food Delivery"": 975000, ""Coffee Shop"": 325000, ""Movie Ticket"": 325000, ""Gaming"": 325000}",2023-08-31
PLAN_72fa7e1f,USER_04627,967191,"{""Food Delivery"": 1185000, ""Coffee Shop"": 395000, ""Movie Ticket"": 395000, ""Gaming"": 395000}",2023-08-31
PLAN_0906dd2e,USER_05254,2411418,"{""Food Delivery"": 2175000, ""Coffee Shop"": 725000, ""Movie Ticket"": 725000, ""Gaming"": 725000}",2023-08-31
PLAN_6627aba0,USER_09356,1254165,"{""Food Delivery"": 1080000, ""Coffee Shop"": 360000, ""Movie Ticket"": 360000, ""Gaming"": 360000}",2023-08-31
PLAN_7e6374df,USER_05092,1035118,"{""Food Delivery"": 840000, ""Coffee Shop"": 280000, ""Movie Ticket"": 280000, ""Gaming"": 280000}",2023-08-31
PLAN_c0b203a7,USER_00955,867803,"{""Food Delivery"": 915000, ""Coffee Shop"": 305000, ""Movie Ticket"": 305000, ""Gaming"": 305000}",2023-08-31
PLAN_ad73f15b,USER_05946,1394136,"{""Food Delivery"": 1605000, ""Coffee Shop"": 535000, ""Movie Ticket"": 535000, ""Gaming"": 535000}",2023-08-31
PLAN_4beca413,USER_04804,1987942,"{""Food Delivery"": 2250000, ""Coffee Shop"": 750000, ""Movie Ticket"": 750000, ""Gaming"": 750000}",2023-08-31
PLAN_1461077d,USER_08426,804932,"{""Food Delivery"": 705000, ""Coffee Shop"": 235000, ""Movie Ticket"": 235000, ""Gaming"": 235000}",2023-08-31
PLAN_767a3610,USER_05317,1035564,"{""Food Delivery"": 855000, ""Coffee Shop"": 285000, ""Movie Ticket"": 285000, ""Gaming"": 285000}",2023-08-31
PLAN_ca6252fa,USER_03473,685336,"{""Food Delivery"": 870000, ""Coffee Shop"": 290000, ""Movie Ticket"": 290000, ""Gaming"": 290000}",2023-08-31
PLAN_2e566d7d,USER_08180,616923,"{""Food Delivery"": 675000, ""Coffee Shop"": 225000, ""Movie Ticket"": 225000, ""Gaming"": 225000}",2023-08-31
PLAN_86c83a0b,USER_01182,2434483,"{""Food Delivery"": 1920000, ""Coffee Shop"": 640000, ""Movie Ticket"": 640000, ""Gaming"": 640000}",2023-08-31
PLAN_ee7ca0fe,USER_02007,1373087,"{""Food Delivery"": 1140000, ""Coffee Shop"": 380000, ""Movie Ticket"": 380000, ""Gaming"": 380000}",2023-08-31
PLAN_781ab88e,USER_07701,1746675,"{""Food Delivery"": 1320000, ""Coffee Shop"": 440000, ""Movie Ticket"": 440000, ""Gaming"": 440000}",2023-08-31
PLAN_3d04533a,USER_00226,1052548,"{""Food Delivery"": 900000, ""Coffee Shop"": 300000, ""Movie Ticket"": 300000, ""Gaming"": 300000}",2023-08-31
PLAN_7e5cb6ac,USER_09730,459754,"{""Food Delivery"": 495000, ""Coffee Shop"": 165000, ""Movie Ticket"": 165000, ""Gaming"": 165000}",2023-08-31
PLAN_73ab93ad,USER_07507,1049820,"{""Food Delivery"": 990000, ""Coffee Shop"": 330000, ""Movie Ticket"": 330000, ""Gaming"": 330000}",2023-08-31
PLAN_daeafaf1,USER_01450,764066,"{""Food Delivery"": 690000, ""Coffee Shop"": 230000, ""Movie Ticket"": 230000, ""Gaming"": 230000}",2023-08-31
PLAN_6554fd39,USER_03434,733349,"{""Food Delivery"": 1020000, ""Coffee Shop"": 340000, ""Movie Ticket"": 340000, ""Gaming"": 340000}",2023-08-31
PLAN_47dd9741,USER_00412,1189262,"{""Food Delivery"": 1155000, ""Coffee Shop"": 385000, ""Movie Ticket"": 385000, ""Gaming"": 385000}",2023-08-31
PLAN_471a35bf,USER_01197,1281990,"{""Food Delivery"": 1125000, ""Coffee Shop"": 375000, ""Movie Ticket"": 375000, ""Gaming"": 375000}",2023-08-31
PLAN_1b52d854,USER_00745,1389112,"{""Food Delivery"": 1785000, ""Coffee Shop"": 595000, ""Movie Ticket"": 595000, ""Gaming"": 595000}",2023-08-31
PLAN_2cdb0591,USER_07871,1371086,"{""Food Delivery"": 1155000, ""Coffee Shop"": 385000, ""Movie Ticket"": 385000, ""Gaming"": 385000}",2023-08-31
PLAN_3fc621c9,USER_02897,1076965,"{""Food Delivery"": 1020000, ""Coffee Shop"": 340000, ""Movie Ticket"": 340000, ""Gaming"": 340000}",2023-08-31
PLAN_c059b454,USER_05251,2615977,"{""Food Delivery"": 2010000, ""Coffee Shop"": 670000, ""Movie Ticket"": 670000, ""Gaming"": 670000}",2023-08-31
PLAN_6b222273,USER_02366,343999,"{""Food Delivery"": 495000, ""Coffee Shop"": 165000, ""Movie Ticket"": 165000, ""Gaming"": 165000}",2023-08-31
PLAN_238cbc79,USER_04841,746542,"{""Food Delivery"": 885000, ""Coffee Shop"": 295000, ""Movie Ticket"": 295000, ""Gaming"": 295000}",2023-08-31
PLAN_842f3865,USER_04586,944916,"{""Food Delivery"": 885000, ""Coffee Shop"": 295000, ""Movie Ticket"": 295000, ""Gaming"": 295000}",2023-08-31
PLAN_f3d076b5,USER_01703,661245,"{""Food Delivery"": 765000, ""Coffee Shop"": 255000, ""Movie Ticket"": 255000, ""Gaming"": 255000}",2023-08-31
PLAN_15ccb873,USER_00178,1783001,"{""Food Delivery"": 1560000, ""Coffee Shop"": 520000, ""Movie Ticket"": 520000, ""Gaming"": 520000}",2023-08-31
PLAN_1d516619,USER_08552,1671055,"{""Food Delivery"": 1425000, ""Coffee Shop"": 475000, ""Movie Ticket"": 475000, ""Gaming"": 475000}",2023-08-31
PLAN_e7c49573,USER_00080,1510446,"{""Food Delivery"": 2055000, ""Coffee Shop"": 685000, ""Movie Ticket"": 685000, ""Gaming"": 685000}",2023-08-31
PLAN_7c72ab32,USER_08018,620680,"{""Food Delivery"": 615000, ""Coffee Shop"": 205000, ""Movie Ticket"": 205000, ""Gaming"": 205000}",2023-08-31
PLAN_593aa0b4,USER_07713,1855935,"{""Food Delivery"": 1845000, ""Coffee Shop"": 615000, ""Movie Ticket"": 615000, ""Gaming"": 615000}",2023-08-31
PLAN_43942f86,USER_05863,890032,"{""Food Delivery"": 975000, ""Coffee Shop"": 325000, ""Movie Ticket"": 325000, ""Gaming"": 325000}",2023-08-31
PLAN_289bfeab,USER_02830,908474,"{""Food Delivery"": 705000, ""Coffee Shop"": 235000, ""Movie Ticket"": 235000, ""Gaming"": 235000}",2023-08-31
PLAN_6e504e87,USER_06093,2174732,"{""Food Delivery"": 1785000, ""Coffee Shop"": 595000, ""Movie Ticket"": 595000, ""Gaming"": 595000}",2023-08-31
PLAN_32a3ef3c,USER_09797,1391711,"{""Food Delivery"": 1230000, ""Coffee Shop"": 410000, ""Movie Ticket"": 410000, ""Gaming"": 410000}",2023-08-31
PLAN_8d2f3314,USER_05030,1714326,"{""Food Delivery"": 1500000, ""Coffee Shop"": 500000, ""Movie Ticket"": 500000, ""Gaming"": 500000}",2023-08-31
PLAN_6a020568,USER_09214,438514,"{""Food Delivery"": 450000, ""Coffee Shop"": 150000, ""Movie Ticket"": 150000, ""Gaming"": 150000}",2023-08-31
PLAN_abdd6844,USER_09613,1671265,"{""Food Delivery"": 1305000, ""Coffee Shop"": 435000, ""Movie Ticket"": 435000, ""Gaming"": 435000}",2023-08-31
PLAN_6bda5b71,USER_04704,2016568,"{""Food Delivery"": 1785000, ""Coffee Shop"": 595000, ""Movie Ticket"": 595000, ""Gaming"": 595000}",2023-08-31
PLAN_9d458549,USER_07244,2005618,"{""Food Delivery"": 1740000, ""Coffee Shop"": 580000, ""Movie Ticket"": 580000, ""Gaming"": 580000}",2023-08-31
PLAN_4c74e22c,USER_06855,2215412,"{""Food Delivery"": 1785000, ""Coffee Shop"": 595000, ""Movie Ticket"": 595000, ""Gaming"": 595000}",2023-08-31
PLAN_025ccf39,USER_07312,1758218,"{""Food Delivery"": 2070000, ""Coffee Shop"": 690000, ""Movie Ticket"": 690000, ""Gaming"": 690000}",2023-08-31
PLAN_b75018ce,USER_03477,632474,"{""Food Delivery"": 525000, ""Coffee Shop"": 175000, ""Movie Ticket"": 175000, ""Gaming"": 175000}",2023-08-31
PLAN_59fca884,USER_03481,1183288,"{""Food Delivery"": 1485000, ""Coffee Shop"": 495000, ""Movie Ticket"": 495000, ""Gaming"": 495000}",2023-08-31
PLAN_7148f71a,USER_02610,982099,"{""Food Delivery"": 1095000, ""Coffee Shop"": 365000, ""Movie Ticket"": 365000, ""Gaming"": 365000}",2023-08-31
PLAN_bc4ad569,USER_07351,1348966,"{""Food Delivery"": 1515000, ""Coffee Shop"": 505000, ""Movie Ticket"": 505000, ""Gaming"": 505000}",2023-08-31
PLAN_7e9d9cdb,USER_05325,1048618,"{""Food Delivery"": 795000, ""Coffee Shop"": 265000, ""Movie Ticket"": 265000, ""Gaming"": 265000}",2023-08-31
PLAN_3b6765e3,USER_06142,2135017,"{""Food Delivery"": 1725000, ""Coffee Shop"": 575000, ""Movie Ticket"": 575000, ""Gaming"": 575000}",2023-08-31
PLAN_c7f8f164,USER_07158,816561,"{""Food Delivery"": 720000, ""Coffee Shop"": 240000, ""Movie Ticket"": 240000, ""Gaming"": 240000}",2023-08-31
PLAN_0ea7cc99,USER_09959,2245173,"{""Food Delivery"": 1950000, ""Coffee Shop"": 650000, ""Movie Ticket"": 650000, ""Gaming"": 650000}",2023-08-31
PLAN_96c655dc,USER_03826,734174,"{""Food Delivery"": 705000, ""Coffee Shop"": 235000, ""Movie Ticket"": 235000, ""Gaming"": 235000}",2023-08-31
PLAN_7e7a823e,USER_04819,2414392,"{""Food Delivery"": 1860000, ""Coffee Shop"": 620000, ""Movie Ticket"": 620000, ""Gaming"": 620000}",2023-08-31
PLAN_c2924808,USER_08149,1945136,"{""Food Delivery"": 1950000, ""Coffee Shop"": 650000, ""Movie Ticket"": 650000, ""Gaming"": 650000}",2023-08-31
PLAN_f9f8fa18,USER_07903,814505,"{""Food Delivery"": 885000, ""Coffee Shop"": 295000, ""Movie Ticket"": 295000, ""Gaming"": 295000}",2023-08-31
PLAN_5dd37b85,USER_04140,1744553,"{""Food Delivery"": 2250000, ""Coffee Shop"": 750000, ""Movie Ticket"": 750000, ""Gaming"": 750000}",2023-08-31
PLAN_0c6460ef,USER_04492,1268206,"{""Food Delivery"": 1065000, ""Coffee Shop"": 355000, ""Movie Ticket"": 355000, ""Gaming"": 355000}",2023-08-31
PLAN_e7415732,USER_03482,1075355,"{""Food Delivery"": 930000, ""Coffee Shop"": 310000, ""Movie Ticket"": 310000, ""Gaming"": 310000}",2023-08-31
PLAN_e36cf859,USER_08964,1425885,"{""Food Delivery"": 1545000, ""Coffee Shop"": 515000, ""Movie Ticket"": 515000, ""Gaming"": 515000}",2023-08-31
PLAN_7cfe7aa3,USER_02931,1332751,"{""Food Delivery"": 1950000, ""Coffee Shop"": 650000, ""Movie Ticket"": 650000, ""Gaming"": 650000}",2023-08-31
PLAN_e9aebaf8,USER_02923,753988,"{""Food Delivery"": 615000, ""Coffee Shop"": 205000, ""Movie Ticket"": 205000, ""Gaming"": 205000}",2023-08-31
PLAN_e9650b8c,USER_08383,1486784,"{""Food Delivery"": 2205000, ""Coffee Shop"": 735000, ""Movie Ticket"": 735000, ""Gaming"": 735000}",2023-08-31
PLAN_912be54c,USER_09326,2095550,"{""Food Delivery"": 1845000, ""Coffee Shop"": 615000, ""Movie Ticket"": 615000, ""Gaming"": 615000}",2023-08-31
PLAN_b010649a,USER_07486,1103343,"{""Food Delivery"": 840000, ""Coffee Shop"": 280000, ""Movie Ticket"": 280000, ""Gaming"": 280000}",2023-08-31
PLAN_f87f91de,USER_08258,977609,"{""Food Delivery"": 1020000, ""Coffee Shop"": 340000, ""Movie Ticket"": 340000, ""Gaming"": 340000}",2023-08-31
PLAN_26044da5,USER_08966,469289,"{""Food Delivery"": 570000, ""Coffee Shop"": 190000, ""Movie Ticket"": 190000, ""Gaming"": 190000}",2023-08-31
PLAN_8c2876ee,USER_07563,2506160,"{""Food Delivery"": 2205000, ""Coffee Shop"": 735000, ""Movie Ticket"": 735000, ""Gaming"": 735000}",2023-08-31
PLAN_2f47816d,USER_00569,908564,"{""Food Delivery"": 750000, ""Coffee Shop"": 250000, ""Movie Ticket"": 250000, ""Gaming"": 250000}",2023-08-31
PLAN_35e0cf29,USER_00403,1623751,"{""Food Delivery"": 1575000, ""Coffee Shop"": 525000, ""Movie Ticket"": 525000, ""Gaming"": 525000}",2023-08-31
PLAN_2db39523,USER_06029,2911212,"{""Food Delivery"": 2220000, ""Coffee Shop"": 740000, ""Movie Ticket"": 740000, ""Gaming"": 740000}",2023-08-31
PLAN_66123083,USER_07539,609967,"{""Food Delivery"": 870000, ""Coffee Shop"": 290000, ""Movie Ticket"": 290000, ""Gaming"": 290000}",2023-08-31
PLAN_9a37a79a,USER_07248,932973,"{""Food Delivery"": 930000, ""Coffee Shop"": 310000, ""Movie Ticket"": 310000, ""Gaming"": 310000}",2023-08-31
PLAN_a075beb1,USER_08070,2337097,"{""Food Delivery"": 2040000, ""Coffee Shop"": 680000, ""Movie Ticket"": 680000, ""Gaming"": 680000}",2023-08-31
PLAN_6c73b1fe,USER_01696,1695002,"{""Food Delivery"": 1365000, ""Coffee Shop"": 455000, ""Movie Ticket"": 455000, ""Gaming"": 455000}",2023-08-31
PLAN_e43c5bea,USER_06875,1721713,"{""Food Delivery"": 2190000, ""Coffee Shop"": 730000, ""Movie Ticket"": 730000, ""Gaming"": 730000}",2023-08-31
PLAN_809edb37,USER_05722,792001,"{""Food Delivery"": 660000, ""Coffee Shop"": 220000, ""Movie Ticket"": 220000, ""Gaming"": 220000}",2023-08-31
PLAN_51984415,USER_02200,481339,"{""Food Delivery"": 465000, ""Coffee Shop"": 155000, ""Movie Ticket"": 155000, ""Gaming"": 155000}",2023-08-31
PLAN_7ccd6ce2,USER_08936,1131208,"{""Food Delivery"": 1215000, ""Coffee Shop"": 405000, ""Movie Ticket"": 405000, ""Gaming"": 405000}",2023-08-31
PLAN_ceb44d4f,USER_05294,1493863,"{""Food Delivery"": 1980000, ""Coffee Shop"": 660000, ""Movie Ticket"": 660000, ""Gaming"": 660000}",2023-08-31
PLAN_c476781e,USER_06338,2723331,"{""Food Delivery"": 2190000, ""Coffee Shop"": 730000, ""Movie Ticket"": 730000, ""Gaming"": 730000}",2023-08-31
PLAN_a0688a0d,USER_05856,844809,"{""Food Delivery"": 1095000, ""Coffee Shop"": 365000, ""Movie Ticket"": 365000, ""Gaming"": 365000}",2023-08-31
PLAN_7a5f4c48,USER_05560,1087123,"{""Food Delivery"": 1245000, ""Coffee Shop"": 415000, ""Movie Ticket"": 415000, ""Gaming"": 415000}",2023-08-31
PLAN_8128c234,USER_08466,606321,"{""Food Delivery"": 705000, ""Coffee Shop"": 235000, ""Movie Ticket"": 235000, ""Gaming"": 235000}",2023-08-31
PLAN_bf60acd8,USER_02156,598852,"{""Food Delivery"": 480000, ""Coffee Shop"": 160000, ""Movie Ticket"": 160000, ""Gaming"": 160000}",2023-08-31
PLAN_8544cb91,USER_03715,602173,"{""Food Delivery"": 540000, ""Coffee Shop"": 180000, ""Movie Ticket"": 180000, ""Gaming"": 180000}",2023-08-31
PLAN_4e5d061c,USER_09509,1293610,"{""Food Delivery"": 1080000, ""Coffee Shop"": 360000, ""Movie Ticket"": 360000, ""Gaming"": 360000}",2023-08-31
PLAN_3d5cdee2,USER_04262,1388019,"{""Food Delivery"": 1665000, ""Coffee Shop"": 555000, ""Movie Ticket"": 555000, ""Gaming"": 555000}",2023-08-31
PLAN_9f1442b1,USER_06265,2226077,"{""Food Delivery"": 2055000, ""Coffee Shop"": 685000, ""Movie Ticket"": 685000, ""Gaming"": 685000}",2023-08-31
PLAN_a8d825fb,USER_09652,1053069,"{""Food Delivery"": 1005000, ""Coffee Shop"": 335000, ""Movie Ticket"": 335000, ""Gaming"": 335000}",2023-08-31
PLAN_d59f7e46,USER_05239,1209668,"{""Food Delivery"": 990000, ""Coffee Shop"": 330000, ""Movie Ticket"": 330000, ""Gaming"": 330000}",2023-08-31
PLAN_93e0107e,USER_04801,1658295,"{""Food Delivery"": 1305000, ""Coffee Shop"": 435000, ""Movie Ticket"": 435000, ""Gaming"": 435000}",2023-08-31
PLAN_045642e6,USER_09636,627537,"{""Food Delivery"": 930000, ""Coffee Shop"": 310000, ""Movie Ticket"": 310000, ""Gaming"": 310000}",2023-08-31
PLAN_d64d9900,USER_06970,2293407,"{""Food Delivery"": 2055000, ""Coffee Shop"": 685000, ""Movie Ticket"": 685000, ""Gaming"": 685000}",2023-08-31
PLAN_1a18b1f3,USER_02448,925615,"{""Food Delivery"": 1320000, ""Coffee Shop"": 440000, ""Movie Ticket"": 440000, ""Gaming"": 440000}",2023-08-31
PLAN_8a831fe7,USER_06407,1920584,"{""Food Delivery"": 1860000, ""Coffee Shop"": 620000, ""Movie Ticket"": 620000, ""Gaming"": 620000}",2023-08-31
PLAN_9543b672,USER_05126,515053,"{""Food Delivery"": 600000, ""Coffee Shop"": 200000, ""Movie Ticket"": 200000, ""Gaming"": 200000}",2023-08-31
PLAN_cff065b9,USER_03091,1267573,"{""Food Delivery"": 1455000, ""Coffee Shop"": 485000, ""Movie Ticket"": 485000, ""Gaming"": 485000}",2023-08-31
PLAN_be5d30ba,USER_00065,1501783,"{""Food Delivery"": 1665000, ""Coffee Shop"": 555000, ""Movie Ticket"": 555000, ""Gaming"": 555000}",2023-08-31
PLAN_ae6f1ad4,USER_01649,1572653,"{""Food Delivery"": 1455000, ""Coffee Shop"": 485000, ""Movie Ticket"": 485000, ""Gaming"": 485000}",2023-08-31
PLAN_26e53bf6,USER_02404,1894350,"{""Food Delivery"": 2130000, ""Coffee Shop"": 710000, ""Movie Ticket"": 710000, ""Gaming"": 710000}",2023-08-31
PLAN_859a8cbe,USER_06582,2200527,"{""Food Delivery"": 1905000, ""Coffee Shop"": 635000, ""Movie Ticket"": 635000, ""Gaming"": 635000}",2023-08-31
PLAN_fd0b9bea,USER_07774,1713523,"{""Food Delivery"": 1830000, ""Coffee Shop"": 610000, ""Movie Ticket"": 610000, ""Gaming"": 610000}",2023-08-31
PLAN_cfaf31fb,USER_03738,1249973,"{""Food Delivery"": 1755000, ""Coffee Shop"": 585000, ""Movie Ticket"": 585000, ""Gaming"": 585000}",2023-08-31
PLAN_4c7fad25,USER_01136,909717,"{""Food Delivery"": 765000, ""Coffee Shop"": 255000, ""Movie Ticket"": 255000, ""Gaming"": 255000}",2023-08-31
PLAN_deb5a47b,USER_09744,1221470,"{""Food Delivery"": 1425000, ""Coffee Shop"": 475000, ""Movie Ticket"": 475000, ""Gaming"": 475000}",2023-08-31
PLAN_c284d870,USER_04356,1045919,"{""Food Delivery"": 1095000, ""Coffee Shop"": 365000, ""Movie Ticket"": 365000, ""Gaming"": 365000}",2023-08-31
PLAN_fed5b14c,USER_08752,589905,"{""Food Delivery"": 525000, ""Coffee Shop"": 175000, ""Movie Ticket"": 175000, ""Gaming"": 175000}",2023-08-31
PLAN_8a0cd0c8,USER_02523,946043,"{""Food Delivery"": 1065000, ""Coffee Shop"": 355000, ""Movie Ticket"": 355000, ""Gaming"": 355000}",2023-08-31
PLAN_10364a7c,USER_09570,570556,"{""Food Delivery"": 810000, ""Coffee Shop"": 270000, ""Movie Ticket"": 270000, ""Gaming"": 270000}",2023-08-31
PLAN_dc071f0f,USER_03788,2033403,"{""Food Delivery"": 2220000, ""Coffee Shop"": 740000, ""Movie Ticket"": 740000, ""Gaming"": 740000}",2023-08-31
PLAN_e02ae8f6,USER_08774,1672225,"{""Food Delivery"": 1290000, ""Coffee Shop"": 430000, ""Movie Ticket"": 430000, ""Gaming"": 430000}",2023-08-31
PLAN_9f187a9c,USER_01506,1871577,"{""Food Delivery"": 1710000, ""Coffee Shop"": 570000, ""Movie Ticket"": 570000, ""Gaming"": 570000}",2023-08-31
PLAN_28bf00eb,USER_02793,1404042,"{""Food Delivery"": 1260000, ""Coffee Shop"": 420000, ""Movie Ticket"": 420000, ""Gaming"": 420000}",2023-08-31
PLAN_c37a8113,USER_06572,734526,"{""Food Delivery"": 675000, ""Coffee Shop"": 225000, ""Movie Ticket"": 225000, ""Gaming"": 225000}",2023-08-31
PLAN_e51df2d6,USER_01462,1486750,"{""Food Delivery"": 1860000, ""Coffee Shop"": 620000, ""Movie Ticket"": 620000, ""Gaming"": 620000}",2023-08-31
PLAN_3564639c,USER_06519,609883,"{""Food Delivery"": 645000, ""Coffee Shop"": 215000, ""Movie Ticket"": 215000, ""Gaming"": 215000}",2023-08-31
PLAN_7ff84478,USER_02248,1190639,"{""Food Delivery"": 1020000, ""Coffee Shop"": 340000, ""Movie Ticket"": 340000, ""Gaming"": 340000}",2023-08-31
PLAN_cadeff17,USER_02313,627782,"{""Food Delivery"": 855000, ""Coffee Shop"": 285000, ""Movie Ticket"": 285000, ""Gaming"": 285000}",2023-08-31
PLAN_d99ffe29,USER_09346,1597315,"{""Food Delivery"": 1875000, ""Coffee Shop"": 625000, ""Movie Ticket"": 625000, ""Gaming"": 625000}",2023-08-31
PLAN_19b09a5e,USER_04809,1544346,"{""Food Delivery"": 1815000, ""Coffee Shop"": 605000, ""Movie Ticket"": 605000, ""Gaming"": 605000}",2023-08-31
PLAN_74b1ac35,USER_01201,1145615,"{""Food Delivery"": 1200000, ""Coffee Shop"": 400000, ""Movie Ticket"": 400000, ""Gaming"": 400000}",2023-08-31
PLAN_fc0dba84,USER_03575,2930945,"{""Food Delivery"": 2220000, ""Coffee Shop"": 740000, ""Movie Ticket"": 740000, ""Gaming"": 740000}",2023-08-31
PLAN_4d99cc52,USER_05615,832651,"{""Food Delivery"": 1170000, ""Coffee Shop"": 390000, ""Movie Ticket"": 390000, ""Gaming"": 390000}",2023-08-31
PLAN_ade5ffae,USER_01322,577106,"{""Food Delivery"": 570000, ""Coffee Shop"": 190000, ""Movie Ticket"": 190000, ""Gaming"": 190000}",2023-08-31
PLAN_078649a4,USER_01370,1026047,"{""Food Delivery"": 1305000, ""Coffee Shop"": 435000, ""Movie Ticket"": 435000, ""Gaming"": 435000}",2023-08-31
PLAN_17eee770,USER_03105,1458300,"{""Food Delivery"": 1110000, ""Coffee Shop"": 370000, ""Movie Ticket"": 370000, ""Gaming"": 370000}",2023-08-31
PLAN_0742ed8f,USER_03997,567784,"{""Food Delivery"": 765000, ""Coffee Shop"": 255000, ""Movie Ticket"": 255000, ""Gaming"": 255000}",2023-08-31
PLAN_36cc6436,USER_08620,856196,"{""Food Delivery"": 915000, ""Coffee Shop"": 305000, ""Movie Ticket"": 305000, ""Gaming"": 305000}",2023-08-31
PLAN_6e82cb98,USER_00585,1703127,"{""Food Delivery"": 1470000, ""Coffee Shop"": 490000, ""Movie Ticket"": 490000, ""Gaming"": 490000}",2023-08-31
PLAN_2967a5ff,USER_00534,1977283,"{""Food Delivery"": 1740000, ""Coffee Shop"": 580000, ""Movie Ticket"": 580000, ""Gaming"": 580000}",2023-08-31
PLAN_c062e123,USER_02822,1394274,"{""Food Delivery"": 1470000, ""Coffee Shop"": 490000, ""Movie Ticket"": 490000, ""Gaming"": 490000}",2023-08-31
PLAN_52eca538,USER_01142,956032,"{""Food Delivery"": 1065000, ""Coffee Shop"": 355000, ""Movie Ticket"": 355000, ""Gaming"": 355000}",2023-08-31
PLAN_83d94aa9,USER_02647,1146042,"{""Food Delivery"": 1230000, ""Coffee Shop"": 410000, ""Movie Ticket"": 410000, ""Gaming"": 410000}",2023-08-31
PLAN_021da176,USER_05075,1580345,"{""Food Delivery"": 1875000, ""Coffee Shop"": 625000, ""Movie Ticket"": 625000, ""Gaming"": 625000}",2023-08-31
PLAN_be75fb76,USER_05795,1060692,"{""Food Delivery"": 1320000, ""Coffee Shop"": 440000, ""Movie Ticket"": 440000, ""Gaming"": 440000}",2023-08-31
PLAN_5b48b3b6,USER_00511,1527530,"{""Food Delivery"": 1545000, ""Coffee Shop"": 515000, ""Movie Ticket"": 515000, ""Gaming"": 515000}",2023-08-31
PLAN_b30d3212,USER_05447,862602,"{""Food Delivery"": 1020000, ""Coffee Shop"": 340000, ""Movie Ticket"": 340000, ""Gaming"": 340000}",2023-08-31
PLAN_6dec9f99,USER_01592,566483,"{""Food Delivery"": 660000, ""Coffee Shop"": 220000, ""Movie Ticket"": 220000, ""Gaming"": 220000}",2023-08-31
PLAN_06d4d715,USER_06994,1656756,"{""Food Delivery"": 1500000, ""Coffee Shop"": 500000, ""Movie Ticket"": 500000, ""Gaming"": 500000}",2023-08-31
PLAN_6aadc009,USER_03021,1141751,"{""Food Delivery"": 870000, ""Coffee Shop"": 290000, ""Movie Ticket"": 290000, ""Gaming"": 290000}",2023-08-31
PLAN_d06c18b6,USER_00190,2245092,"{""Food Delivery"": 2100000, ""Coffee Shop"": 700000, ""Movie Ticket"": 700000, ""Gaming"": 700000}",2023-08-31
PLAN_440513df,USER_07544,344633,"{""Food Delivery"": 480000, ""Coffee Shop"": 160000, ""Movie Ticket"": 160000, ""Gaming"": 160000}",2023-08-31
PLAN_0278b5b5,USER_06404,1204653,"{""Food Delivery"": 1680000, ""Coffee Shop"": 560000, ""Movie Ticket"": 560000, ""Gaming"": 560000}",2023-08-31
PLAN_7b1e82a5,USER_00581,761055,"{""Food Delivery"": 585000, ""Coffee Shop"": 195000, ""Movie Ticket"": 195000, ""Gaming"": 195000}",2023-08-31
PLAN_69a21e4d,USER_06308,1569721,"{""Food Delivery"": 1815000, ""Coffee Shop"": 605000, ""Movie Ticket"": 605000, ""Gaming"": 605000}",2023-08-31
PLAN_2f0066bb,USER_07269,633398,"{""Food Delivery"": 870000, ""Coffee Shop"": 290000, ""Movie Ticket"": 290000, ""Gaming"": 290000}",2023-08-31
PLAN_e5fe6108,USER_01293,1726968,"{""Food Delivery"": 1620000, ""Coffee Shop"": 540000, ""Movie Ticket"": 540000, ""Gaming"": 540000}",2023-08-31
PLAN_4afb0845,USER_04001,1039135,"{""Food Delivery"": 960000, ""Coffee Shop"": 320000, ""Movie Ticket"": 320000, ""Gaming"": 320000}",2023-08-31
PLAN_8858e06b,USER_02712,576976,"{""Food Delivery"": 525000, ""Coffee Shop"": 175000, ""Movie Ticket"": 175000, ""Gaming"": 175000}",2023-08-31
PLAN_f10162c2,USER_08771,519634,"{""Food Delivery"": 615000, ""Coffee Shop"": 205000, ""Movie Ticket"": 205000, ""Gaming"": 205000}",2023-08-31
PLAN_9182348b,USER_01664,1421154,"{""Food Delivery"": 2100000, ""Coffee Shop"": 700000, ""Movie Ticket"": 700000, ""Gaming"": 700000}",2023-08-31
PLAN_0ee14910,USER_00329,1316560,"{""Food Delivery"": 1005000, ""Coffee Shop"": 335000, ""Movie Ticket"": 335000, ""Gaming"": 335000}",2023-08-31
PLAN_cafbb1a7,USER_03118,1325946,"{""Food Delivery"": 1590000, ""Coffee Shop"": 530000, ""Movie Ticket"": 530000, ""Gaming"": 530000}",2023-08-31
PLAN_b563b78c,USER_09097,2044752,"{""Food Delivery"": 1830000, ""Coffee Shop"": 610000, ""Movie Ticket"": 610000, ""Gaming"": 610000}",2023-08-31
PLAN_8b145447,USER_03871,819182,"{""Food Delivery"": 720000, ""Coffee Shop"": 240000, ""Movie Ticket"": 240000, ""Gaming"": 240000}",2023-08-31
PLAN_44c67bd5,USER_00001,1545607,"{""Food Delivery"": 1440000, ""Coffee Shop"": 480000, ""Movie Ticket"": 480000, ""Gaming"": 480000}",2023-08-31
PLAN_9be70c46,USER_00561,485775,"{""Food Delivery"": 555000, ""Coffee Shop"": 185000, ""Movie Ticket"": 185000, ""Gaming"": 185000}",2023-08-31
PLAN_b5e2db69,USER_06414,470305,"{""Food Delivery"": 555000, ""Coffee Shop"": 185000, ""Movie Ticket"": 185000, ""Gaming"": 185000}",2023-08-31
PLAN_94f7a4b7,USER_06628,2364549,"{""Food Delivery"": 2220000, ""Coffee Shop"": 740000, ""Movie Ticket"": 740000, ""Gaming"": 740000}",2023-08-31
PLAN_3e14d599,USER_01928,2108688,"{""Food Delivery"": 1695000, ""Coffee Shop"": 565000, ""Movie Ticket"": 565000, ""Gaming"": 565000}",2023-08-31
PLAN_9a8b7530,USER_09218,1479517,"{""Food Delivery"": 1140000, ""Coffee Shop"": 380000, ""Movie Ticket"": 380000, ""Gaming"": 380000}",2023-08-31
PLAN_4b01632f,USER_01768,364948,"{""Food Delivery"": 495000, ""Coffee Shop"": 165000, ""Movie Ticket"": 165000, ""Gaming"": 165000}",2023-08-31
PLAN_eccaca35,USER_05741,923862,"{""Food Delivery"": 1200000, ""Coffee Shop"": 400000, ""Movie Ticket"": 400000, ""Gaming"": 400000}",2023-08-31
PLAN_61d9fa04,USER_08899,2216999,"{""Food Delivery"": 1710000, ""Coffee Shop"": 570000, ""Movie Ticket"": 570000, ""Gaming"": 570000}",2023-08-31
PLAN_31d8d0e7,USER_01346,1667073,"{""Food Delivery"": 1440000, ""Coffee Shop"": 480000, ""Movie Ticket"": 480000, ""Gaming"": 480000}",2023-08-31
PLAN_620ccaa3,USER_06756,1393415,"{""Food Delivery"": 1110000, ""Coffee Shop"": 370000, ""Movie Ticket"": 370000, ""Gaming"": 370000}",2023-08-31
PLAN_56232a72,USER_07266,444974,"{""Food Delivery"": 555000, ""Coffee Shop"": 185000, ""Movie Ticket"": 185000, ""Gaming"": 185000}",2023-08-31
PLAN_b60b9a37,USER_02125,1841599,"{""Food Delivery"": 1740000, ""Coffee Shop"": 580000, ""Movie Ticket"": 580000, ""Gaming"": 580000}",2023-08-31
PLAN_33bd6d34,USER_08864,765512,"{""Food Delivery"": 675000, ""Coffee Shop"": 225000, ""Movie Ticket"": 225000, ""Gaming"": 225000}",2023-08-31
PLAN_07288e2c,USER_01843,1780918,"{""Food Delivery"": 1590000, ""Coffee Shop"": 530000, ""Movie Ticket"": 530000, ""Gaming"": 530000}",2023-08-31
PLAN_ee8575a5,USER_02068,1351825,"{""Food Delivery"": 1440000, ""Coffee Shop"": 480000, ""Movie Ticket"": 480000, ""Gaming"": 480000}",2023-08-31
PLAN_b7863a75,USER_07166,1431706,"{""Food Delivery"": 2115000, ""Coffee Shop"": 705000, ""Movie Ticket"": 705000, ""Gaming"": 705000}",2023-08-31
PLAN_417f24a5,USER_02669,601511,"{""Food Delivery"": 570000, ""Coffee Shop"": 190000, ""Movie Ticket"": 190000, ""Gaming"": 190000}",2023-08-31
PLAN_5fb1ecc6,USER_03278,1115260,"{""Food Delivery"": 1335000, ""Coffee Shop"": 445000, ""Movie Ticket"": 445000, ""Gaming"": 445000}",2023-08-31
PLAN_c5aeb8d7,USER_05903,1551772,"{""Food Delivery"": 1605000, ""Coffee Shop"": 535000, ""Movie Ticket"": 535000, ""Gaming"": 535000}",2023-08-31
PLAN_28690963,USER_01871,2075035,"{""Food Delivery"": 1590000, ""Coffee Shop"": 530000, ""Movie Ticket"": 530000, ""Gaming"": 530000}",2023-08-31
PLAN_1a250520,USER_06086,2042591,"{""Food Delivery"": 2190000, ""Coffee Shop"": 730000, ""Movie Ticket"": 730000, ""Gaming"": 730000}",2023-08-31
PLAN_4b6d2556,USER_07455,2759702,"{""Food Delivery"": 2250000, ""Coffee Shop"": 750000, ""Movie Ticket"": 750000, ""Gaming"": 750000}",2023-08-31
PLAN_5698500a,USER_02022,1188540,"{""Food Delivery"": 1500000, ""Coffee Shop"": 500000, ""Movie Ticket"": 500000, ""Gaming"": 500000}",2023-08-31
PLAN_7263dbe6,USER_06671,735882,"{""Food Delivery"": 660000, ""Coffee Shop"": 220000, ""Movie Ticket"": 220000, ""Gaming"": 220000}",2023-08-31
PLAN_25464041,USER_00694,1977006,"{""Food Delivery"": 1500000, ""Coffee Shop"": 500000, ""Movie Ticket"": 500000, ""Gaming"": 500000}",2023-08-31
PLAN_1d341f5a,USER_01530,1443479,"{""Food Delivery"": 1965000, ""Coffee Shop"": 655000, ""Movie Ticket"": 655000, ""Gaming"": 655000}",2023-08-31
PLAN_9de46c50,USER_08492,1280566,"{""Food Delivery"": 1905000, ""Coffee Shop"": 635000, ""Movie Ticket"": 635000, ""Gaming"": 635000}",2023-08-31
PLAN_101bbb1d,USER_09698,1003507,"{""Food Delivery"": 1050000, ""Coffee Shop"": 350000, ""Movie Ticket"": 350000, ""Gaming"": 350000}",2023-08-31
PLAN_94576172,USER_02842,557238,"{""Food Delivery"": 765000, ""Coffee Shop"": 255000, ""Movie Ticket"": 255000, ""Gaming"": 255000}",2023-08-31
PLAN_f94e5cc8,USER_08658,926643,"{""Food Delivery"": 795000, ""Coffee Shop"": 265000, ""Movie Ticket"": 265000, ""Gaming"": 265000}",2023-08-31
PLAN_5068d621,USER_06176,2718659,"{""Food Delivery"": 2130000, ""Coffee Shop"": 710000, ""Movie Ticket"": 710000, ""Gaming"": 710000}",2023-08-31
PLAN_c4610724,USER_00714,1864227,"{""Food Delivery"": 1950000, ""Coffee Shop"": 650000, ""Movie Ticket"": 650000, ""Gaming"": 650000}",2023-08-31
PLAN_ec3b626c,USER_02189,918859,"{""Food Delivery"": 1095000, ""Coffee Shop"": 365000, ""Movie Ticket"": 365000, ""Gaming"": 365000}",2023-08-31
PLAN_cb8a7d30,USER_01459,430320,"{""Food Delivery"": 450000, ""Coffee Shop"": 150000, ""Movie Ticket"": 150000, ""Gaming"": 150000}",2023-08-31
PLAN_f88b6a10,USER_08143,672144,"{""Food Delivery"": 585000, ""Coffee Shop"": 195000, ""Movie Ticket"": 195000, ""Gaming"": 195000}",2023-08-31
PLAN_59facd98,USER_06313,1372313,"{""Food Delivery"": 2040000, ""Coffee Shop"": 680000, ""Movie Ticket"": 680000, ""Gaming"": 680000}",2023-08-31
PLAN_76871a21,USER_08051,1732504,"{""Food Delivery"": 1635000, ""Coffee Shop"": 545000, ""Movie Ticket"": 545000, ""Gaming"": 545000}",2023-08-31
PLAN_9a832718,USER_09697,2242475,"{""Food Delivery"": 2085000, ""Coffee Shop"": 695000, ""Movie Ticket"": 695000, ""Gaming"": 695000}",2023-08-31
PLAN_510e199f,USER_05072,1654065,"{""Food Delivery"": 1515000, ""Coffee Shop"": 505000, ""Movie Ticket"": 505000, ""Gaming"": 505000}",2023-08-31
PLAN_256a7a69,USER_02439,1055718,"{""Food Delivery"": 1275000, ""Coffee Shop"": 425000, ""Movie Ticket"": 425000, ""Gaming"": 425000}",2023-08-31
PLAN_f7dee7d8,USER_05481,2433954,"{""Food Delivery"": 2130000, ""Coffee Shop"": 710000, ""Movie Ticket"": 710000, ""Gaming"": 710000}",2023-08-31
PLAN_1aea149b,USER_01273,1287841,"{""Food Delivery"": 1770000, ""Coffee Shop"": 590000, ""Movie Ticket"": 590000, ""Gaming"": 590000}",2023-08-31
PLAN_d9366907,USER_07185,947423,"{""Food Delivery"": 1185000, ""Coffee Shop"": 395000, ""Movie Ticket"": 395000, ""Gaming"": 395000}",2023-08-31
PLAN_23e50ae5,USER_02739,769762,"{""Food Delivery"": 615000, ""Coffee Shop"": 205000, ""Movie Ticket"": 205000, ""Gaming"": 205000}",2023-08-31
PLAN_cefd575e,USER_08335,2051693,"{""Food Delivery"": 1770000, ""Coffee Shop"": 590000, ""Movie Ticket"": 590000, ""Gaming"": 590000}",2023-08-31
PLAN_ae7a125e,USER_01757,1115120,"{""Food Delivery"": 1650000, ""Coffee Shop"": 550000, ""Movie Ticket"": 550000, ""Gaming"": 550000}",2023-08-31
PLAN_4568a2ee,USER_05014,1111054,"{""Food Delivery"": 1335000, ""Coffee Shop"": 445000, ""Movie Ticket"": 445000, ""Gaming"": 445000}",2023-08-31
PLAN_d6f5a172,USER_08884,667923,"{""Food Delivery"": 825000, ""Coffee Shop"": 275000, ""Movie Ticket"": 275000, ""Gaming"": 275000}",2023-08-31
PLAN_f0a42e3b,USER_01168,1766420,"{""Food Delivery"": 2085000, ""Coffee Shop"": 695000, ""Movie Ticket"": 695000, ""Gaming"": 695000}",2023-08-31
PLAN_5ba2eba1,USER_04534,1759059,"{""Food Delivery"": 2115000, ""Coffee Shop"": 705000, ""Movie Ticket"": 705000, ""Gaming"": 705000}",2023-08-31
PLAN_94e433ee,USER_02225,1136903,"{""Food Delivery"": 1605000, ""Coffee Shop"": 535000, ""Movie Ticket"": 535000, ""Gaming"": 535000}",2023-08-31
PLAN_9313b98d,USER_00365,1021258,"{""Food Delivery"": 1050000, ""Coffee Shop"": 350000, ""Movie Ticket"": 350000, ""Gaming"": 350000}",2023-08-31
PLAN_4ec1a8a5,USER_05984,1126276,"{""Food Delivery"": 975000, ""Coffee Shop"": 325000, ""Movie Ticket"": 325000, ""Gaming"": 325000}",2023-08-31
PLAN_074f4dc2,USER_00977,2410097,"{""Food Delivery"": 2250000, ""Coffee Shop"": 750000, ""Movie Ticket"": 750000, ""Gaming"": 750000}",2023-08-31
PLAN_b64340dd,USER_07015,869893,"{""Food Delivery"": 780000, ""Coffee Shop"": 260000, ""Movie Ticket"": 260000, ""Gaming"": 260000}",2023-08-31
PLAN_f43dcc80,USER_02826,778427,"{""Food Delivery"": 1080000, ""Coffee Shop"": 360000, ""Movie Ticket"": 360000, ""Gaming"": 360000}",2023-08-31
PLAN_f4e88371,USER_02428,683021,"{""Food Delivery"": 525000, ""Coffee Shop"": 175000, ""Movie Ticket"": 175000, ""Gaming"": 175000}",2023-08-31
PLAN_767fd0ea,USER_03976,2573888,"{""Food Delivery"": 2100000, ""Coffee Shop"": 700000, ""Movie Ticket"": 700000, ""Gaming"": 700000}",2023-08-31
PLAN_f0c124ef,USER_01687,1768988,"{""Food Delivery"": 1470000, ""Coffee Shop"": 490000, ""Movie Ticket"": 490000, ""Gaming"": 490000}",2023-08-31
PLAN_add4cb91,USER_06698,1312548,"{""Food Delivery"": 1080000, ""Coffee Shop"": 360000, ""Movie Ticket"": 360000, ""Gaming"": 360000}",2023-08-31
PLAN_7d0cd15a,USER_07111,1043663,"{""Food Delivery"": 810000, ""Coffee Shop"": 270000, ""Movie Ticket"": 270000, ""Gaming"": 270000}",2023-08-31
PLAN_56f3587c,USER_04847,725799,"{""Food Delivery"": 705000, ""Coffee Shop"": 235000, ""Movie Ticket"": 235000, ""Gaming"": 235000}",2023-08-31
PLAN_4d2d29db,USER_07916,1092256,"{""Food Delivery"": 1365000, ""Coffee Shop"": 455000, ""Movie Ticket"": 455000, ""Gaming"": 455000}",2023-08-31
PLAN_3b1b1d33,USER_09438,679049,"{""Food Delivery"": 630000, ""Coffee Shop"": 210000, ""Movie Ticket"": 210000, ""Gaming"": 210000}",2023-08-31
PLAN_e36b849b,USER_09430,1254874,"{""Food Delivery"": 1080000, ""Coffee Shop"": 360000, ""Movie Ticket"": 360000, ""Gaming"": 360000}",2023-08-31
PLAN_a410d9ca,USER_04471,1859571,"{""Food Delivery"": 1605000, ""Coffee Shop"": 535000, ""Movie Ticket"": 535000, ""Gaming"": 535000}",2023-08-31
PLAN_4535b540,USER_09701,867225,"{""Food Delivery"": 855000, ""Coffee Shop"": 285000, ""Movie Ticket"": 285000, ""Gaming"": 285000}",2023-08-31
PLAN_fc965a70,USER_05643,502175,"{""Food Delivery"": 705000, ""Coffee Shop"": 235000, ""Movie Ticket"": 235000, ""Gaming"": 235000}",2023-08-31
PLAN_4e361c39,USER_00525,1206579,"{""Food Delivery"": 1320000, ""Coffee Shop"": 440000, ""Movie Ticket"": 440000, ""Gaming"": 440000}",2023-08-31
PLAN_f7dd2533,USER_00205,1709482,"{""Food Delivery"": 1335000, ""Coffee Shop"": 445000, ""Movie Ticket"": 445000, ""Gaming"": 445000}",2023-08-31
PLAN_68045322,USER_08990,1457692,"{""Food Delivery"": 1380000, ""Coffee Shop"": 460000, ""Movie Ticket"": 460000, ""Gaming"": 460000}",2023-08-31
PLAN_fcc9576a,USER_03774,1322965,"{""Food Delivery"": 1290000, ""Coffee Shop"": 430000, ""Movie Ticket"": 430000, ""Gaming"": 430000}",2023-08-31
PLAN_2d6f8d00,USER_07792,1535312,"{""Food Delivery"": 1815000, ""Coffee Shop"": 605000, ""Movie Ticket"": 605000, ""Gaming"": 605000}",2023-08-31
PLAN_f48cf419,USER_00899,1094759,"{""Food Delivery"": 1200000, ""Coffee Shop"": 400000, ""Movie Ticket"": 400000, ""Gaming"": 400000}",2023-08-31
PLAN_8ac380d3,USER_01723,1611044,"{""Food Delivery"": 1275000, ""Coffee Shop"": 425000, ""Movie Ticket"": 425000, ""Gaming"": 425000}",2023-08-31
PLAN_7d61ced9,USER_07847,933219,"{""Food Delivery"": 840000, ""Coffee Shop"": 280000, ""Movie Ticket"": 280000, ""Gaming"": 280000}",2023-08-31
PLAN_4c12d108,USER_02521,1090306,"{""Food Delivery"": 915000, ""Coffee Shop"": 305000, ""Movie Ticket"": 305000, ""Gaming"": 305000}",2023-08-31
PLAN_b0cfa9b8,USER_06921,2036083,"{""Food Delivery"": 2100000, ""Coffee Shop"": 700000, ""Movie Ticket"": 700000, ""Gaming"": 700000}",2023-08-31
PLAN_29d12e2f,USER_04386,619493,"{""Food Delivery"": 570000, ""Coffee Shop"": 190000, ""Movie Ticket"": 190000, ""Gaming"": 190000}",2023-08-31
PLAN_af1eca52,USER_09590,1660350,"{""Food Delivery"": 1995000, ""Coffee Shop"": 665000, ""Movie Ticket"": 665000, ""Gaming"": 665000}",2023-08-31
PLAN_a4831313,USER_00696,2131826,"{""Food Delivery"": 1875000, ""Coffee Shop"": 625000, ""Movie Ticket"": 625000, ""Gaming"": 625000}",2023-08-31
PLAN_4ee9683c,USER_04915,1613189,"{""Food Delivery"": 1695000, ""Coffee Shop"": 565000, ""Movie Ticket"": 565000, ""Gaming"": 565000}",2023-08-31
PLAN_d3bdd839,USER_07316,1745480,"{""Food Delivery"": 1815000, ""Coffee Shop"": 605000, ""Movie Ticket"": 605000, ""Gaming"": 605000}",2023-08-31
PLAN_93bb5ad5,USER_04938,2078146,"{""Food Delivery"": 1890000, ""Coffee Shop"": 630000, ""Movie Ticket"": 630000, ""Gaming"": 630000}",2023-08-31
PLAN_26c25e80,USER_09588,1878192,"{""Food Delivery"": 1455000, ""Coffee Shop"": 485000, ""Movie Ticket"": 485000, ""Gaming"": 485000}",2023-08-31
PLAN_8ae50bc7,USER_08549,798004,"{""Food Delivery"": 1125000, ""Coffee Shop"": 375000, ""Movie Ticket"": 375000, ""Gaming"": 375000}",2023-08-31
PLAN_6aade12f,USER_03564,2737114,"{""Food Delivery"": 2250000, ""Coffee Shop"": 750000, ""Movie Ticket"": 750000, ""Gaming"": 750000}",2023-08-31
PLAN_7c5c202a,USER_01014,1641326,"{""Food Delivery"": 1905000, ""Coffee Shop"": 635000, ""Movie Ticket"": 635000, ""Gaming"": 635000}",2023-08-31
PLAN_122e2677,USER_05620,2035926,"{""Food Delivery"": 2115000, ""Coffee Shop"": 705000, ""Movie Ticket"": 705000, ""Gaming"": 705000}",2023-08-31
PLAN_8fc49a37,USER_06844,981036,"{""Food Delivery"": 1440000, ""Coffee Shop"": 480000, ""Movie Ticket"": 480000, ""Gaming"": 480000}",2023-08-31
PLAN_a2051254,USER_01065,715575,"{""Food Delivery"": 825000, ""Coffee Shop"": 275000, ""Movie Ticket"": 275000, ""Gaming"": 275000}",2023-08-31
PLAN_3fc0af0f,USER_01485,555973,"{""Food Delivery"": 555000, ""Coffee Shop"": 185000, ""Movie Ticket"": 185000, ""Gaming"": 185000}",2023-08-31
PLAN_34b8d259,USER_08101,369661,"{""Food Delivery"": 525000, ""Coffee Shop"": 175000, ""Movie Ticket"": 175000, ""Gaming"": 175000}",2023-08-31
PLAN_61605c81,USER_04206,1625294,"{""Food Delivery"": 1635000, ""Coffee Shop"": 545000, ""Movie Ticket"": 545000, ""Gaming"": 545000}",2023-08-31
PLAN_3bb6ded5,USER_09764,1021368,"{""Food Delivery"": 795000, ""Coffee Shop"": 265000, ""Movie Ticket"": 265000, ""Gaming"": 265000}",2023-08-31
PLAN_e1d11f11,USER_03650,851152,"{""Food Delivery"": 1155000, ""Coffee Shop"": 385000, ""Movie Ticket"": 385000, ""Gaming"": 385000}",2023-08-31
PLAN_fd7fd486,USER_09657,2329061,"{""Food Delivery"": 1980000, ""Coffee Shop"": 660000, ""Movie Ticket"": 660000, ""Gaming"": 660000}",2023-08-31
PLAN_aeb8965d,USER_09495,1733895,"{""Food Delivery"": 1845000, ""Coffee Shop"": 615000, ""Movie Ticket"": 615000, ""Gaming"": 615000}",2023-08-31
PLAN_5546062e,USER_01492,1224828,"{""Food Delivery"": 1110000, ""Coffee Shop"": 370000, ""Movie Ticket"": 370000, ""Gaming"": 370000}",2023-08-31
PLAN_48e62bc9,USER_09618,529299,"{""Food Delivery"": 630000, ""Coffee Shop"": 210000, ""Movie Ticket"": 210000, ""Gaming"": 210000}",2023-08-31
PLAN_109132ba,USER_05275,1136302,"{""Food Delivery"": 1470000, ""Coffee Shop"": 490000, ""Movie Ticket"": 490000, ""Gaming"": 490000}",2023-08-31
PLAN_85102fd5,USER_09259,626649,"{""Food Delivery"": 810000, ""Coffee Shop"": 270000, ""Movie Ticket"": 270000, ""Gaming"": 270000}",2023-08-31
PLAN_fe0dd373,USER_06928,524541,"{""Food Delivery"": 735000, ""Coffee Shop"": 245000, ""Movie Ticket"": 245000, ""Gaming"": 245000}",2023-08-31
PLAN_ead2261b,USER_01153,1742900,"{""Food Delivery"": 2205000, ""Coffee Shop"": 735000, ""Movie Ticket"": 735000, ""Gaming"": 735000}",2023-08-31
PLAN_26a2d71b,USER_02029,1847283,"{""Food Delivery"": 1665000, ""Coffee Shop"": 555000, ""Movie Ticket"": 555000, ""Gaming"": 555000}",2023-08-31
PLAN_c9edbaa1,USER_09069,2634366,"{""Food Delivery"": 2100000, ""Coffee Shop"": 700000, ""Movie Ticket"": 700000, ""Gaming"": 700000}",2023-08-31
PLAN_839c1d8f,USER_05883,2013679,"{""Food Delivery"": 1665000, ""Coffee Shop"": 555000, ""Movie Ticket"": 555000, ""Gaming"": 555000}",2023-08-31
PLAN_30c979c9,USER_02998,1600877,"{""Food Delivery"": 1425000, ""Coffee Shop"": 475000, ""Movie Ticket"": 475000, ""Gaming"": 475000}",2023-08-31
PLAN_0fee5093,USER_05341,1143744,"{""Food Delivery"": 1545000, ""Coffee Shop"": 515000, ""Movie Ticket"": 515000, ""Gaming"": 515000}",2023-08-31
PLAN_7fcdf2c1,USER_04413,1907997,"{""Food Delivery"": 2220000, ""Coffee Shop"": 740000, ""Movie Ticket"": 740000, ""Gaming"": 740000}",2023-08-31
PLAN_5a0c27f5,USER_04897,969257,"{""Food Delivery"": 1110000, ""Coffee Shop"": 370000, ""Movie Ticket"": 370000, ""Gaming"": 370000}",2023-08-31
PLAN_90faae2d,USER_04379,1787438,"{""Food Delivery"": 2145000, ""Coffee Shop"": 715000, ""Movie Ticket"": 715000, ""Gaming"": 715000}",2023-08-31
PLAN_629c5602,USER_07238,1151404,"{""Food Delivery"": 1140000, ""Coffee Shop"": 380000, ""Movie Ticket"": 380000, ""Gaming"": 380000}",2023-08-31
PLAN_909578fa,USER_00243,1412709,"{""Food Delivery"": 1380000, ""Coffee Shop"": 460000, ""Movie Ticket"": 460000, ""Gaming"": 460000}",2023-08-31
PLAN_b9ad238e,USER_01067,1424730,"{""Food Delivery"": 1575000, ""Coffee Shop"": 525000, ""Movie Ticket"": 525000, ""Gaming"": 525000}",2023-08-31
PLAN_c3d77122,USER_06976,1895304,"{""Food Delivery"": 2100000, ""Coffee Shop"": 700000, ""Movie Ticket"": 700000, ""Gaming"": 700000}",2023-08-31
PLAN_6b28c107,USER_09716,1938268,"{""Food Delivery"": 1590000, ""Coffee Shop"": 530000, ""Movie Ticket"": 530000, ""Gaming"": 530000}",2023-08-31
PLAN_8bdf1bff,USER_00395,2558688,"{""Food Delivery"": 2145000, ""Coffee Shop"": 715000, ""Movie Ticket"": 715000, ""Gaming"": 715000}",2023-08-31
PLAN_a3d3604e,USER_03860,1830914,"{""Food Delivery"": 2100000, ""Coffee Shop"": 700000, ""Movie Ticket"": 700000, ""Gaming"": 700000}",2023-08-31
PLAN_0071105f,USER_09132,2870682,"{""Food Delivery"": 2250000, ""Coffee Shop"": 750000, ""Movie Ticket"": 750000, ""Gaming"": 750000}",2023-08-31
PLAN_19672513,USER_03597,1640364,"{""Food Delivery"": 1260000, ""Coffee Shop"": 420000, ""Movie Ticket"": 420000, ""Gaming"": 420000}",2023-08-31
PLAN_3b560f4e,USER_07594,1379812,"{""Food Delivery"": 1560000, ""Coffee Shop"": 520000, ""Movie Ticket"": 520000, ""Gaming"": 520000}",2023-08-31
PLAN_9bb4c1ee,USER_05918,650123,"{""Food Delivery"": 720000, ""Coffee Shop"": 240000, ""Movie Ticket"": 240000, ""Gaming"": 240000}",2023-08-31
PLAN_5dcbfb3c,USER_08291,963605,"{""Food Delivery"": 960000, ""Coffee Shop"": 320000, ""Movie Ticket"": 320000, ""Gaming"": 320000}",2023-08-31
PLAN_2234c280,USER_07359,2562279,"{""Food Delivery"": 1980000, ""Coffee Shop"": 660000, ""Movie Ticket"": 660000, ""Gaming"": 660000}",2023-08-31
PLAN_06de50d9,USER_06725,1538581,"{""Food Delivery"": 1230000, ""Coffee Shop"": 410000, ""Movie Ticket"": 410000, ""Gaming"": 410000}",2023-08-31
PLAN_f29f7661,USER_08797,606412,"{""Food Delivery"": 825000, ""Coffee Shop"": 275000, ""Movie Ticket"": 275000, ""Gaming"": 275000}",2023-08-31
PLAN_1ce3c6bd,USER_01794,1935895,"{""Food Delivery"": 2085000, ""Coffee Shop"": 695000, ""Movie Ticket"": 695000, ""Gaming"": 695000}",2023-08-31
PLAN_77e6a4e0,USER_00025,667949,"{""Food Delivery"": 645000, ""Coffee Shop"": 215000, ""Movie Ticket"": 215000, ""Gaming"": 215000}",2023-08-31
PLAN_7a251799,USER_04836,2209604,"{""Food Delivery"": 2205000, ""Coffee Shop"": 735000, ""Movie Ticket"": 735000, ""Gaming"": 735000}",2023-08-31
PLAN_8d34e45f,USER_03539,883458,"{""Food Delivery"": 1110000, ""Coffee Shop"": 370000, ""Movie Ticket"": 370000, ""Gaming"": 370000}",2023-08-31
PLAN_5744094e,USER_09823,1356936,"{""Food Delivery"": 1095000, ""Coffee Shop"": 365000, ""Movie Ticket"": 365000, ""Gaming"": 365000}",2023-08-31
PLAN_f4d1107c,USER_04756,1962020,"{""Food Delivery"": 1755000, ""Coffee Shop"": 585000, ""Movie Ticket"": 585000, ""Gaming"": 585000}",2023-08-31
PLAN_8496ce21,USER_09357,2462797,"{""Food Delivery"": 2010000, ""Coffee Shop"": 670000, ""Movie Ticket"": 670000, ""Gaming"": 670000}",2023-08-31
PLAN_05f54c8c,USER_01098,1747238,"{""Food Delivery"": 1410000, ""Coffee Shop"": 470000, ""Movie Ticket"": 470000, ""Gaming"": 470000}",2023-08-31
PLAN_a030681b,USER_06438,1398684,"{""Food Delivery"": 1200000, ""Coffee Shop"": 400000, ""Movie Ticket"": 400000, ""Gaming"": 400000}",2023-08-31
PLAN_5586acc9,USER_01906,1036231,"{""Food Delivery"": 1080000, ""Coffee Shop"": 360000, ""Movie Ticket"": 360000, ""Gaming"": 360000}",2023-08-31
PLAN_f4bbdf54,USER_01269,2383609,"{""Food Delivery"": 2220000, ""Coffee Shop"": 740000, ""Movie Ticket"": 740000, ""Gaming"": 740000}",2023-08-31
PLAN_ae751c8b,USER_01373,1334420,"{""Food Delivery"": 1725000, ""Coffee Shop"": 575000, ""Movie Ticket"": 575000, ""Gaming"": 575000}",2023-08-31
PLAN_f5d7421f,USER_07313,870295,"{""Food Delivery"": 780000, ""Coffee Shop"": 260000, ""Movie Ticket"": 260000, ""Gaming"": 260000}",2023-08-31
PLAN_7ef804ae,USER_03513,1002365,"{""Food Delivery"": 1275000, ""Coffee Shop"": 425000, ""Movie Ticket"": 425000, ""Gaming"": 425000}",2023-08-31
PLAN_47daeac9,USER_06665,2490105,"{""Food Delivery"": 2205000, ""Coffee Shop"": 735000, ""Movie Ticket"": 735000, ""Gaming"": 735000}",2023-08-31
PLAN_fec2a0c2,USER_05867,590207,"{""Food Delivery"": 720000, ""Coffee Shop"": 240000, ""Movie Ticket"": 240000, ""Gaming"": 240000}",2023-08-31
PLAN_8a4cdb78,USER_00423,1240481,"{""Food Delivery"": 1665000, ""Coffee Shop"": 555000, ""Movie Ticket"": 555000, ""Gaming"": 555000}",2023-08-31
PLAN_01b42445,USER_06706,1223548,"{""Food Delivery"": 1575000, ""Coffee Shop"": 525000, ""Movie Ticket"": 525000, ""Gaming"": 525000}",2023-08-31
PLAN_1113b66c,USER_00578,841673,"{""Food Delivery"": 1260000, ""Coffee Shop"": 420000, ""Movie Ticket"": 420000, ""Gaming"": 420000}",2023-08-31
PLAN_302b75ad,USER_00096,2079674,"{""Food Delivery"": 1815000, ""Coffee Shop"": 605000, ""Movie Ticket"": 605000, ""Gaming"": 605000}",2023-08-31
PLAN_954d8ac9,USER_05112,2096205,"{""Food Delivery"": 1815000, ""Coffee Shop"": 605000, ""Movie Ticket"": 605000, ""Gaming"": 605000}",2023-08-31
PLAN_7df6ca1f,USER_04498,1348290,"{""Food Delivery"": 1335000, ""Coffee Shop"": 445000, ""Movie Ticket"": 445000, ""Gaming"": 445000}",2023-08-31
PLAN_5e1380c6,USER_06533,1021999,"{""Food Delivery"": 1320000, ""Coffee Shop"": 440000, ""Movie Ticket"": 440000, ""Gaming"": 440000}",2023-08-31
PLAN_f9bdb2c9,USER_09992,671803,"{""Food Delivery"": 930000, ""Coffee Shop"": 310000, ""Movie Ticket"": 310000, ""Gaming"": 310000}",2023-08-31
PLAN_b5a19a4d,USER_06162,489181,"{""Food Delivery"": 720000, ""Coffee Shop"": 240000, ""Movie Ticket"": 240000, ""Gaming"": 240000}",2023-08-31
PLAN_bcec0d0d,USER_02184,664476,"{""Food Delivery"": 855000, ""Coffee Shop"": 285000, ""Movie Ticket"": 285000, ""Gaming"": 285000}",2023-08-31
PLAN_05077c7c,USER_01313,1531592,"{""Food Delivery"": 1215000, ""Coffee Shop"": 405000, ""Movie Ticket"": 405000, ""Gaming"": 405000}",2023-08-31
PLAN_70781a88,USER_01518,968398,"{""Food Delivery"": 1170000, ""Coffee Shop"": 390000, ""Movie Ticket"": 390000, ""Gaming"": 390000}",2023-08-31
PLAN_fa3e8510,USER_06263,893819,"{""Food Delivery"": 990000, ""Coffee Shop"": 330000, ""Movie Ticket"": 330000, ""Gaming"": 330000}",2023-08-31
PLAN_3a955efb,USER_00528,607940,"{""Food Delivery"": 825000, ""Coffee Shop"": 275000, ""Movie Ticket"": 275000, ""Gaming"": 275000}",2023-08-31
PLAN_9b036c2d,USER_09038,1564622,"{""Food Delivery"": 1920000, ""Coffee Shop"": 640000, ""Movie Ticket"": 640000, ""Gaming"": 640000}",2023-08-31
PLAN_4a4ac7ad,USER_09333,1929415,"{""Food Delivery"": 1905000, ""Coffee Shop"": 635000, ""Movie Ticket"": 635000, ""Gaming"": 635000}",2023-08-31
PLAN_74f48620,USER_08609,2057923,"{""Food Delivery"": 1920000, ""Coffee Shop"": 640000, ""Movie Ticket"": 640000, ""Gaming"": 640000}",2023-08-31
PLAN_6c058b99,USER_06275,859293,"{""Food Delivery"": 1035000, ""Coffee Shop"": 345000, ""Movie Ticket"": 345000, ""Gaming"": 345000}",2023-08-31
PLAN_3e215a91,USER_06009,1152928,"{""Food Delivery"": 1635000, ""Coffee Shop"": 545000, ""Movie Ticket"": 545000, ""Gaming"": 545000}",2023-08-31
PLAN_4a3d998f,USER_04214,931992,"{""Food Delivery"": 1005000, ""Coffee Shop"": 335000, ""Movie Ticket"": 335000, ""Gaming"": 335000}",2023-08-31
PLAN_c35c14a3,USER_05393,1308255,"{""Food Delivery"": 1590000, ""Coffee Shop"": 530000, ""Movie Ticket"": 530000, ""Gaming"": 530000}",2023-08-31
PLAN_504093ea,USER_04322,1414682,"{""Food Delivery"": 1740000, ""Coffee Shop"": 580000, ""Movie Ticket"": 580000, ""Gaming"": 580000}",2023-08-31
PLAN_467f063b,USER_00577,1626686,"{""Food Delivery"": 1245000, ""Coffee Shop"": 415000, ""Movie Ticket"": 415000, ""Gaming"": 415000}",2023-08-31
PLAN_c66be584,USER_00907,824313,"{""Food Delivery"": 765000, ""Coffee Shop"": 255000, ""Movie Ticket"": 255000, ""Gaming"": 255000}",2023-08-31
PLAN_da6d5472,USER_03748,700595,"{""Food Delivery"": 675000, ""Coffee Shop"": 225000, ""Movie Ticket"": 225000, ""Gaming"": 225000}",2023-08-31
PLAN_2449158e,USER_00518,806991,"{""Food Delivery"": 855000, ""Coffee Shop"": 285000, ""Movie Ticket"": 285000, ""Gaming"": 285000}",2023-08-31
PLAN_d0bfb369,USER_09028,2014811,"{""Food Delivery"": 2115000, ""Coffee Shop"": 705000, ""Movie Ticket"": 705000, ""Gaming"": 705000}",2023-08-31
PLAN_727de9b0,USER_06611,986179,"{""Food Delivery"": 960000, ""Coffee Shop"": 320000, ""Movie Ticket"": 320000, ""Gaming"": 320000}",2023-08-31
PLAN_7a5c885d,USER_05120,1509822,"{""Food Delivery"": 1335000, ""Coffee Shop"": 445000, ""Movie Ticket"": 445000, ""Gaming"": 445000}",2023-08-31
PLAN_dce71d76,USER_07519,1259588,"{""Food Delivery"": 1110000, ""Coffee Shop"": 370000, ""Movie Ticket"": 370000, ""Gaming"": 370000}",2023-08-31
PLAN_5bb42465,USER_09758,878770,"{""Food Delivery"": 1125000, ""Coffee Shop"": 375000, ""Movie Ticket"": 375000, ""Gaming"": 375000}",2023-08-31
PLAN_b7285be5,USER_07077,1515113,"{""Food Delivery"": 1515000, ""Coffee Shop"": 505000, ""Movie Ticket"": 505000, ""Gaming"": 505000}",2023-08-31
PLAN_d4174846,USER_06883,1934382,"{""Food Delivery"": 2055000, ""Coffee Shop"": 685000, ""Movie Ticket"": 685000, ""Gaming"": 685000}",2023-08-31
PLAN_4635091e,USER_05244,1571242,"{""Food Delivery"": 1260000, ""Coffee Shop"": 420000, ""Movie Ticket"": 420000, ""Gaming"": 420000}",2023-08-31
PLAN_98322aad,USER_03134,2414500,"{""Food Delivery"": 2220000, ""Coffee Shop"": 740000, ""Movie Ticket"": 740000, ""Gaming"": 740000}",2023-08-31
PLAN_1180f6b0,USER_09025,1762379,"{""Food Delivery"": 1725000, ""Coffee Shop"": 575000, ""Movie Ticket"": 575000, ""Gaming"": 575000}",2023-08-31
PLAN_33e7474a,USER_09781,1271549,"{""Food Delivery"": 1710000, ""Coffee Shop"": 570000, ""Movie Ticket"": 570000, ""Gaming"": 570000}",2023-08-31
PLAN_54ff5205,USER_04024,883100,"{""Food Delivery"": 825000, ""Coffee Shop"": 275000, ""Movie Ticket"": 275000, ""Gaming"": 275000}",2023-08-31
PLAN_5b5049a4,USER_01999,1485881,"{""Food Delivery"": 1995000, ""Coffee Shop"": 665000, ""Movie Ticket"": 665000, ""Gaming"": 665000}",2023-08-31
PLAN_5855bbcd,USER_06593,1524415,"{""Food Delivery"": 1710000, ""Coffee Shop"": 570000, ""Movie Ticket"": 570000, ""Gaming"": 570000}",2023-08-31
PLAN_4b723684,USER_00417,617134,"{""Food Delivery"": 810000, ""Coffee Shop"": 270000, ""Movie Ticket"": 270000, ""Gaming"": 270000}",2023-08-31
PLAN_6f9e7824,USER_09614,2267378,"{""Food Delivery"": 2010000, ""Coffee Shop"": 670000, ""Movie Ticket"": 670000, ""Gaming"": 670000}",2023-08-31
PLAN_1163ba84,USER_05759,1133876,"{""Food Delivery"": 1410000, ""Coffee Shop"": 470000, ""Movie Ticket"": 470000, ""Gaming"": 470000}",2023-08-31
PLAN_93963bf8,USER_07104,487150,"{""Food Delivery"": 525000, ""Coffee Shop"": 175000, ""Movie Ticket"": 175000, ""Gaming"": 175000}",2023-08-31
PLAN_5fbe086e,USER_00510,985750,"{""Food Delivery"": 780000, ""Coffee Shop"": 260000, ""Movie Ticket"": 260000, ""Gaming"": 260000}",2023-08-31
PLAN_77d9c995,USER_04022,1734215,"{""Food Delivery"": 2160000, ""Coffee Shop"": 720000, ""Movie Ticket"": 720000, ""Gaming"": 720000}",2023-08-31
PLAN_68470df2,USER_09448,1402258,"{""Food Delivery"": 1395000, ""Coffee Shop"": 465000, ""Movie Ticket"": 465000, ""Gaming"": 465000}",2023-08-31
PLAN_1d71b25f,USER_09456,1646355,"{""Food Delivery"": 1740000, ""Coffee Shop"": 580000, ""Movie Ticket"": 580000, ""Gaming"": 580000}",2023-08-31
PLAN_0d4161b1,USER_07386,733049,"{""Food Delivery"": 1080000, ""Coffee Shop"": 360000, ""Movie Ticket"": 360000, ""Gaming"": 360000}",2023-08-31
PLAN_8519131a,USER_03887,2438151,"{""Food Delivery"": 2040000, ""Coffee Shop"": 680000, ""Movie Ticket"": 680000, ""Gaming"": 680000}",2023-08-31
PLAN_6080d9f5,USER_04490,555903,"{""Food Delivery"": 780000, ""Coffee Shop"": 260000, ""Movie Ticket"": 260000, ""Gaming"": 260000}",2023-08-31
PLAN_a3aceca0,USER_02244,1842818,"{""Food Delivery"": 1875000, ""Coffee Shop"": 625000, ""Movie Ticket"": 625000, ""Gaming"": 625000}",2023-08-31
PLAN_7a3750f2,USER_00258,920800,"{""Food Delivery"": 885000, ""Coffee Shop"": 295000, ""Movie Ticket"": 295000, ""Gaming"": 295000}",2023-08-31
PLAN_d02c895d,USER_09074,1726132,"{""Food Delivery"": 1590000, ""Coffee Shop"": 530000, ""Movie Ticket"": 530000, ""Gaming"": 530000}",2023-08-31
PLAN_5c9c3861,USER_03033,2296539,"{""Food Delivery"": 2040000, ""Coffee Shop"": 680000, ""Movie Ticket"": 680000, ""Gaming"": 680000}",2023-08-31
PLAN_8ac71701,USER_05290,589038,"{""Food Delivery"": 705000, ""Coffee Shop"": 235000, ""Movie Ticket"": 235000, ""Gaming"": 235000}",2023-08-31
PLAN_bd7fe6da,USER_04902,1171575,"{""Food Delivery"": 1740000, ""Coffee Shop"": 580000, ""Movie Ticket"": 580000, ""Gaming"": 580000}",2023-08-31
PLAN_f97d779b,USER_03776,1861319,"{""Food Delivery"": 1620000, ""Coffee Shop"": 540000, ""Movie Ticket"": 540000, ""Gaming"": 540000}",2023-08-31
PLAN_a3e6f863,USER_02945,1934927,"{""Food Delivery"": 1890000, ""Coffee Shop"": 630000, ""Movie Ticket"": 630000, ""Gaming"": 630000}",2023-08-31
PLAN_01576892,USER_04681,918058,"{""Food Delivery"": 750000, ""Coffee Shop"": 250000, ""Movie Ticket"": 250000, ""Gaming"": 250000}",2023-08-31
PLAN_460937e2,USER_05944,1566393,"{""Food Delivery"": 1290000, ""Coffee Shop"": 430000, ""Movie Ticket"": 430000, ""Gaming"": 430000}",2023-08-31
PLAN_d498b1dc,USER_03420,2433190,"{""Food Delivery"": 1980000, ""Coffee Shop"": 660000, ""Movie Ticket"": 660000, ""Gaming"": 660000}",2023-08-31
PLAN_cd7b5b95,USER_08060,772249,"{""Food Delivery"": 780000, ""Coffee Shop"": 260000, ""Movie Ticket"": 260000, ""Gaming"": 260000}",2023-08-31
PLAN_c21932c2,USER_07040,1600354,"{""Food Delivery"": 1800000, ""Coffee Shop"": 600000, ""Movie Ticket"": 600000, ""Gaming"": 600000}",2023-08-31
PLAN_8ca32d96,USER_07495,1325753,"{""Food Delivery"": 1110000, ""Coffee Shop"": 370000, ""Movie Ticket"": 370000, ""Gaming"": 370000}",2023-08-31
PLAN_dc5c20b6,USER_03063,1059444,"{""Food Delivery"": 1095000, ""Coffee Shop"": 365000, ""Movie Ticket"": 365000, ""Gaming"": 365000}",2023-08-31
PLAN_f2e76163,USER_08525,1313620,"{""Food Delivery"": 1665000, ""Coffee Shop"": 555000, ""Movie Ticket"": 555000, ""Gaming"": 555000}",2023-08-31
PLAN_5dcfd732,USER_09436,2170319,"{""Food Delivery"": 1755000, ""Coffee Shop"": 585000, ""Movie Ticket"": 585000, ""Gaming"": 585000}",2023-08-31
PLAN_aebfe411,USER_09971,2710886,"{""Food Delivery"": 2160000, ""Coffee Shop"": 720000, ""Movie Ticket"": 720000, ""Gaming"": 720000}",2023-08-31
PLAN_3254b185,USER_06570,1114395,"{""Food Delivery"": 1140000, ""Coffee Shop"": 380000, ""Movie Ticket"": 380000, ""Gaming"": 380000}",2023-08-31
PLAN_54deca19,USER_03494,742232,"{""Food Delivery"": 1035000, ""Coffee Shop"": 345000, ""Movie Ticket"": 345000, ""Gaming"": 345000}",2023-08-31
PLAN_a653a1c7,USER_01695,1110260,"{""Food Delivery"": 1200000, ""Coffee Shop"": 400000, ""Movie Ticket"": 400000, ""Gaming"": 400000}",2023-08-31
PLAN_fa08de18,USER_09437,1280511,"{""Food Delivery"": 1065000, ""Coffee Shop"": 355000, ""Movie Ticket"": 355000, ""Gaming"": 355000}",2023-08-31
PLAN_080d0e13,USER_08772,684638,"{""Food Delivery"": 540000, ""Coffee Shop"": 180000, ""Movie Ticket"": 180000, ""Gaming"": 180000}",2023-08-31
PLAN_5b9366b6,USER_05952,950743,"{""Food Delivery"": 1185000, ""Coffee Shop"": 395000, ""Movie Ticket"": 395000, ""Gaming"": 395000}",2023-08-31
PLAN_83d28b84,USER_08221,821569,"{""Food Delivery"": 1155000, ""Coffee Shop"": 385000, ""Movie Ticket"": 385000, ""Gaming"": 385000}",2023-08-31
PLAN_8685aae2,USER_09980,2121406,"{""Food Delivery"": 1695000, ""Coffee Shop"": 565000, ""Movie Ticket"": 565000, ""Gaming"": 565000}",2023-08-31
PLAN_d1d275e9,USER_00339,1667285,"{""Food Delivery"": 1800000, ""Coffee Shop"": 600000, ""Movie Ticket"": 600000, ""Gaming"": 600000}",2023-08-31
PLAN_18de245f,USER_04715,539616,"{""Food Delivery"": 525000, ""Coffee Shop"": 175000, ""Movie Ticket"": 175000, ""Gaming"": 175000}",2023-08-31
PLAN_f9a0fe68,USER_06957,2361678,"{""Food Delivery"": 1800000, ""Coffee Shop"": 600000, ""Movie Ticket"": 600000, ""Gaming"": 600000}",2023-08-31
PLAN_4eb00776,USER_03121,405294,"{""Food Delivery"": 570000, ""Coffee Shop"": 190000, ""Movie Ticket"": 190000, ""Gaming"": 190000}",2023-08-31
PLAN_fd09ce8a,USER_09943,2406544,"{""Food Delivery"": 2190000, ""Coffee Shop"": 730000, ""Movie Ticket"": 730000, ""Gaming"": 730000}",2023-08-31
PLAN_d98beb85,USER_01334,1482265,"{""Food Delivery"": 2070000, ""Coffee Shop"": 690000, ""Movie Ticket"": 690000, ""Gaming"": 690000}",2023-08-31
PLAN_29c76f0d,USER_01162,1182903,"{""Food Delivery"": 1290000, ""Coffee Shop"": 430000, ""Movie Ticket"": 430000, ""Gaming"": 430000}",2023-08-31
PLAN_07058d9f,USER_04930,1082288,"{""Food Delivery"": 900000, ""Coffee Shop"": 300000, ""Movie Ticket"": 300000, ""Gaming"": 300000}",2023-08-31
PLAN_31035dbd,USER_01905,716736,"{""Food Delivery"": 750000, ""Coffee Shop"": 250000, ""Movie Ticket"": 250000, ""Gaming"": 250000}",2023-08-31
PLAN_0dbb7394,USER_07002,2376647,"{""Food Delivery"": 1785000, ""Coffee Shop"": 595000, ""Movie Ticket"": 595000, ""Gaming"": 595000}",2023-08-31
PLAN_744e2a8b,USER_01863,1075750,"{""Food Delivery"": 1035000, ""Coffee Shop"": 345000, ""Movie Ticket"": 345000, ""Gaming"": 345000}",2023-08-31
PLAN_587a8711,USER_03916,1862838,"{""Food Delivery"": 2115000, ""Coffee Shop"": 705000, ""Movie Ticket"": 705000, ""Gaming"": 705000}",2023-08-31
PLAN_72d209a9,USER_05255,902882,"{""Food Delivery"": 1110000, ""Coffee Shop"": 370000, ""Movie Ticket"": 370000, ""Gaming"": 370000}",2023-08-31
PLAN_cefba589,USER_03267,1431551,"{""Food Delivery"": 1590000, ""Coffee Shop"": 530000, ""Movie Ticket"": 530000, ""Gaming"": 530000}",2023-08-31
PLAN_986b357b,USER_09106,1070575,"{""Food Delivery"": 1170000, ""Coffee Shop"": 390000, ""Movie Ticket"": 390000, ""Gaming"": 390000}",2023-08-31
PLAN_e22e11f1,USER_05509,1239707,"{""Food Delivery"": 1740000, ""Coffee Shop"": 580000, ""Movie Ticket"": 580000, ""Gaming"": 580000}",2023-08-31
PLAN_5681ee33,USER_04272,671091,"{""Food Delivery"": 735000, ""Coffee Shop"": 245000, ""Movie Ticket"": 245000, ""Gaming"": 245000}",2023-08-31
PLAN_ffcc8bd4,USER_00826,1903510,"{""Food Delivery"": 1950000, ""Coffee Shop"": 650000, ""Movie Ticket"": 650000, ""Gaming"": 650000}",2023-08-31
PLAN_fac6a44d,USER_02315,2532424,"{""Food Delivery"": 2205000, ""Coffee Shop"": 735000, ""Movie Ticket"": 735000, ""Gaming"": 735000}",2023-08-31
PLAN_4e767d2e,USER_05550,2418825,"{""Food Delivery"": 2190000, ""Coffee Shop"": 730000, ""Movie Ticket"": 730000, ""Gaming"": 730000}",2023-08-31
PLAN_2eca3d89,USER_08277,2067606,"{""Food Delivery"": 1815000, ""Coffee Shop"": 605000, ""Movie Ticket"": 605000, ""Gaming"": 605000}",2023-08-31
PLAN_dcfa96fe,USER_05843,463847,"{""Food Delivery"": 690000, ""Coffee Shop"": 230000, ""Movie Ticket"": 230000, ""Gaming"": 230000}",2023-08-31
PLAN_eb1cc447,USER_00063,694070,"{""Food Delivery"": 855000, ""Coffee Shop"": 285000, ""Movie Ticket"": 285000, ""Gaming"": 285000}",2023-08-31
PLAN_865302ce,USER_09830,1163179,"{""Food Delivery"": 1050000, ""Coffee Shop"": 350000, ""Movie Ticket"": 350000, ""Gaming"": 350000}",2023-08-31
PLAN_b0589d9c,USER_00472,1409789,"{""Food Delivery"": 1425000, ""Coffee Shop"": 475000, ""Movie Ticket"": 475000, ""Gaming"": 475000}",2023-08-31
PLAN_519457e1,USER_08988,542869,"{""Food Delivery"": 810000, ""Coffee Shop"": 270000, ""Movie Ticket"": 270000, ""Gaming"": 270000}",2023-08-31
PLAN_93bf483e,USER_02779,1569910,"{""Food Delivery"": 1305000, ""Coffee Shop"": 435000, ""Movie Ticket"": 435000, ""Gaming"": 435000}",2023-08-31
PLAN_f9f44d8b,USER_01950,2535117,"{""Food Delivery"": 2145000, ""Coffee Shop"": 715000, ""Movie Ticket"": 715000, ""Gaming"": 715000}",2023-08-31
PLAN_05a2d23e,USER_00797,1083893,"{""Food Delivery"": 1050000, ""Coffee Shop"": 350000, ""Movie Ticket"": 350000, ""Gaming"": 350000}",2023-08-31
PLAN_a85c60ce,USER_02604,373262,"{""Food Delivery"": 525000, ""Coffee Shop"": 175000, ""Movie Ticket"": 175000, ""Gaming"": 175000}",2023-08-31
PLAN_788faae4,USER_09151,1837175,"{""Food Delivery"": 1560000, ""Coffee Shop"": 520000, ""Movie Ticket"": 520000, ""Gaming"": 520000}",2023-08-31
PLAN_9b1b2a42,USER_02312,2375570,"{""Food Delivery"": 2250000, ""Coffee Shop"": 750000, ""Movie Ticket"": 750000, ""Gaming"": 750000}",2023-08-31
PLAN_146d8ffe,USER_06937,1193913,"{""Food Delivery"": 1005000, ""Coffee Shop"": 335000, ""Movie Ticket"": 335000, ""Gaming"": 335000}",2023-08-31
PLAN_d9f22073,USER_09511,613111,"{""Food Delivery"": 525000, ""Coffee Shop"": 175000, ""Movie Ticket"": 175000, ""Gaming"": 175000}",2023-08-31
PLAN_2a6f06df,USER_08747,1334221,"{""Food Delivery"": 1110000, ""Coffee Shop"": 370000, ""Movie Ticket"": 370000, ""Gaming"": 370000}",2023-08-31
PLAN_7f90ef72,USER_03160,1578728,"{""Food Delivery"": 1560000, ""Coffee Shop"": 520000, ""Movie Ticket"": 520000, ""Gaming"": 520000}",2023-08-31
PLAN_7c185fe5,USER_01364,490339,"{""Food Delivery"": 645000, ""Coffee Shop"": 215000, ""Movie Ticket"": 215000, ""Gaming"": 215000}",2023-08-31
PLAN_be20a678,USER_01672,1587599,"{""Food Delivery"": 1425000, ""Coffee Shop"": 475000, ""Movie Ticket"": 475000, ""Gaming"": 475000}",2023-08-31
PLAN_41178cb1,USER_02403,1118126,"{""Food Delivery"": 1035000, ""Coffee Shop"": 345000, ""Movie Ticket"": 345000, ""Gaming"": 345000}",2023-08-31
PLAN_9c89b3d8,USER_03342,557521,"{""Food Delivery"": 480000, ""Coffee Shop"": 160000, ""Movie Ticket"": 160000, ""Gaming"": 160000}",2023-08-31
PLAN_35d33ab4,USER_07877,1731423,"{""Food Delivery"": 2220000, ""Coffee Shop"": 740000, ""Movie Ticket"": 740000, ""Gaming"": 740000}",2023-08-31
PLAN_6a29d6a0,USER_07912,1744663,"{""Food Delivery"": 2190000, ""Coffee Shop"": 730000, ""Movie Ticket"": 730000, ""Gaming"": 730000}",2023-08-31
PLAN_d5620ec3,USER_01102,2419724,"{""Food Delivery"": 1920000, ""Coffee Shop"": 640000, ""Movie Ticket"": 640000, ""Gaming"": 640000}",2023-08-31
PLAN_a439f578,USER_04381,2204972,"{""Food Delivery"": 1890000, ""Coffee Shop"": 630000, ""Movie Ticket"": 630000, ""Gaming"": 630000}",2023-08-31
PLAN_cd2ecd7e,USER_08292,1011361,"{""Food Delivery"": 795000, ""Coffee Shop"": 265000, ""Movie Ticket"": 265000, ""Gaming"": 265000}",2023-08-31
PLAN_1c130923,USER_02582,844183,"{""Food Delivery"": 720000, ""Coffee Shop"": 240000, ""Movie Ticket"": 240000, ""Gaming"": 240000}",2023-08-31
PLAN_dd27c5d4,USER_09544,750662,"{""Food Delivery"": 705000, ""Coffee Shop"": 235000, ""Movie Ticket"": 235000, ""Gaming"": 235000}",2023-08-31
PLAN_81a9eeca,USER_09651,1538343,"{""Food Delivery"": 1395000, ""Coffee Shop"": 465000, ""Movie Ticket"": 465000, ""Gaming"": 465000}",2023-08-31
PLAN_53af5295,USER_01328,2682561,"{""Food Delivery"": 2130000, ""Coffee Shop"": 710000, ""Movie Ticket"": 710000, ""Gaming"": 710000}",2023-08-31
PLAN_0acab68b,USER_02841,2289269,"{""Food Delivery"": 2175000, ""Coffee Shop"": 725000, ""Movie Ticket"": 725000, ""Gaming"": 725000}",2023-08-31
PLAN_e21fe88a,USER_08567,1909897,"{""Food Delivery"": 1755000, ""Coffee Shop"": 585000, ""Movie Ticket"": 585000, ""Gaming"": 585000}",2023-08-31
PLAN_be321ad2,USER_04433,1595937,"{""Food Delivery"": 2070000, ""Coffee Shop"": 690000, ""Movie Ticket"": 690000, ""Gaming"": 690000}",2023-08-31
PLAN_791d97a0,USER_03862,943309,"{""Food Delivery"": 960000, ""Coffee Shop"": 320000, ""Movie Ticket"": 320000, ""Gaming"": 320000}",2023-08-31
PLAN_930fcf88,USER_00461,1561921,"{""Food Delivery"": 1365000, ""Coffee Shop"": 455000, ""Movie Ticket"": 455000, ""Gaming"": 455000}",2023-08-31
PLAN_865ba4b4,USER_09891,381282,"{""Food Delivery"": 450000, ""Coffee Shop"": 150000, ""Movie Ticket"": 150000, ""Gaming"": 150000}",2023-08-31
PLAN_8a14ad0e,USER_01174,1550907,"{""Food Delivery"": 1935000, ""Coffee Shop"": 645000, ""Movie Ticket"": 645000, ""Gaming"": 645000}",2023-08-31
PLAN_4fcd283e,USER_07592,709466,"{""Food Delivery"": 810000, ""Coffee Shop"": 270000, ""Movie Ticket"": 270000, ""Gaming"": 270000}",2023-08-31
PLAN_cf8b3540,USER_09534,918710,"{""Food Delivery"": 1110000, ""Coffee Shop"": 370000, ""Movie Ticket"": 370000, ""Gaming"": 370000}",2023-08-31
PLAN_1796eaeb,USER_08130,947631,"{""Food Delivery"": 1170000, ""Coffee Shop"": 390000, ""Movie Ticket"": 390000, ""Gaming"": 390000}",2023-08-31
PLAN_9ebc2ab8,USER_00060,1937797,"{""Food Delivery"": 2040000, ""Coffee Shop"": 680000, ""Movie Ticket"": 680000, ""Gaming"": 680000}",2023-08-31
PLAN_7a841751,USER_01252,2422954,"{""Food Delivery"": 1905000, ""Coffee Shop"": 635000, ""Movie Ticket"": 635000, ""Gaming"": 635000}",2023-08-31
PLAN_9c3e21ce,USER_03497,1778330,"{""Food Delivery"": 1770000, ""Coffee Shop"": 590000, ""Movie Ticket"": 590000, ""Gaming"": 590000}",2023-08-31
PLAN_ead2b7ea,USER_08230,534564,"{""Food Delivery"": 675000, ""Coffee Shop"": 225000, ""Movie Ticket"": 225000, ""Gaming"": 225000}",2023-08-31
PLAN_c1ab8836,USER_02672,1367754,"{""Food Delivery"": 1905000, ""Coffee Shop"": 635000, ""Movie Ticket"": 635000, ""Gaming"": 635000}",2023-08-31
PLAN_e4cce6de,USER_09639,2069310,"{""Food Delivery"": 1830000, ""Coffee Shop"": 610000, ""Movie Ticket"": 610000, ""Gaming"": 610000}",2023-08-31
PLAN_54cef4df,USER_05714,663743,"{""Food Delivery"": 720000, ""Coffee Shop"": 240000, ""Movie Ticket"": 240000, ""Gaming"": 240000}",2023-08-31
PLAN_35e71123,USER_08627,947352,"{""Food Delivery"": 780000, ""Coffee Shop"": 260000, ""Movie Ticket"": 260000, ""Gaming"": 260000}",2023-08-31
PLAN_b0d0fd5c,USER_07587,1858652,"{""Food Delivery"": 1680000, ""Coffee Shop"": 560000, ""Movie Ticket"": 560000, ""Gaming"": 560000}",2023-08-31
PLAN_b4d571ac,USER_04399,969970,"{""Food Delivery"": 810000, ""Coffee Shop"": 270000, ""Movie Ticket"": 270000, ""Gaming"": 270000}",2023-08-31
PLAN_ecea1e39,USER_07528,572375,"{""Food Delivery"": 675000, ""Coffee Shop"": 225000, ""Movie Ticket"": 225000, ""Gaming"": 225000}",2023-08-31
PLAN_90d49e99,USER_09563,1404657,"{""Food Delivery"": 1245000, ""Coffee Shop"": 415000, ""Movie Ticket"": 415000, ""Gaming"": 415000}",2023-08-31
PLAN_2fba6172,USER_04370,1820249,"{""Food Delivery"": 2160000, ""Coffee Shop"": 720000, ""Movie Ticket"": 720000, ""Gaming"": 720000}",2023-08-31
PLAN_2dc75330,USER_07893,1977849,"{""Food Delivery"": 1530000, ""Coffee Shop"": 510000, ""Movie Ticket"": 510000, ""Gaming"": 510000}",2023-08-31
PLAN_51cf10a3,USER_06517,490912,"{""Food Delivery"": 450000, ""Coffee Shop"": 150000, ""Movie Ticket"": 150000, ""Gaming"": 150000}",2023-08-31
PLAN_f39cad56,USER_01897,940403,"{""Food Delivery"": 1065000, ""Coffee Shop"": 355000, ""Movie Ticket"": 355000, ""Gaming"": 355000}",2023-08-31
PLAN_69540b85,USER_05690,609365,"{""Food Delivery"": 720000, ""Coffee Shop"": 240000, ""Movie Ticket"": 240000, ""Gaming"": 240000}",2023-08-31
PLAN_ea396314,USER_04491,1500567,"{""Food Delivery"": 1890000, ""Coffee Shop"": 630000, ""Movie Ticket"": 630000, ""Gaming"": 630000}",2023-08-31
PLAN_0236eef2,USER_09471,1067623,"{""Food Delivery"": 945000, ""Coffee Shop"": 315000, ""Movie Ticket"": 315000, ""Gaming"": 315000}",2023-08-31
PLAN_1cb0ff19,USER_03241,1328400,"{""Food Delivery"": 1635000, ""Coffee Shop"": 545000, ""Movie Ticket"": 545000, ""Gaming"": 545000}",2023-08-31
PLAN_87555082,USER_01568,2185565,"{""Food Delivery"": 2055000, ""Coffee Shop"": 685000, ""Movie Ticket"": 685000, ""Gaming"": 685000}",2023-08-31
PLAN_d7b08a3b,USER_08581,1681964,"{""Food Delivery"": 1995000, ""Coffee Shop"": 665000, ""Movie Ticket"": 665000, ""Gaming"": 665000}",2023-08-31
PLAN_94527c9b,USER_05289,1396053,"{""Food Delivery"": 1260000, ""Coffee Shop"": 420000, ""Movie Ticket"": 420000, ""Gaming"": 420000}",2023-08-31
PLAN_1b9b6320,USER_02117,853021,"{""Food Delivery"": 705000, ""Coffee Shop"": 235000, ""Movie Ticket"": 235000, ""Gaming"": 235000}",2023-08-31
PLAN_245c06be,USER_04134,1120155,"{""Food Delivery"": 945000, ""Coffee Shop"": 315000, ""Movie Ticket"": 315000, ""Gaming"": 315000}",2023-08-31
PLAN_24d4867b,USER_02935,2077804,"{""Food Delivery"": 1770000, ""Coffee Shop"": 590000, ""Movie Ticket"": 590000, ""Gaming"": 590000}",2023-08-31
PLAN_f21e6bc4,USER_09020,878914,"{""Food Delivery"": 1110000, ""Coffee Shop"": 370000, ""Movie Ticket"": 370000, ""Gaming"": 370000}",2023-08-31
PLAN_c81a8a29,USER_07815,380934,"{""Food Delivery"": 525000, ""Coffee Shop"": 175000, ""Movie Ticket"": 175000, ""Gaming"": 175000}",2023-08-31
PLAN_1c87e8d1,USER_05061,849474,"{""Food Delivery"": 750000, ""Coffee Shop"": 250000, ""Movie Ticket"": 250000, ""Gaming"": 250000}",2023-08-31
PLAN_664db57a,USER_00804,1354663,"{""Food Delivery"": 1485000, ""Coffee Shop"": 495000, ""Movie Ticket"": 495000, ""Gaming"": 495000}",2023-08-31
PLAN_cc48e49c,USER_09267,1790432,"{""Food Delivery"": 1875000, ""Coffee Shop"": 625000, ""Movie Ticket"": 625000, ""Gaming"": 625000}",2023-08-31
PLAN_eda22fda,USER_09197,1381739,"{""Food Delivery"": 2010000, ""Coffee Shop"": 670000, ""Movie Ticket"": 670000, ""Gaming"": 670000}",2023-08-31
PLAN_5b826524,USER_03466,969873,"{""Food Delivery"": 1155000, ""Coffee Shop"": 385000, ""Movie Ticket"": 385000, ""Gaming"": 385000}",2023-08-31
PLAN_529d4eb9,USER_04442,1405799,"{""Food Delivery"": 2040000, ""Coffee Shop"": 680000, ""Movie Ticket"": 680000, ""Gaming"": 680000}",2023-08-31
PLAN_a677f688,USER_05531,1277846,"{""Food Delivery"": 1020000, ""Coffee Shop"": 340000, ""Movie Ticket"": 340000, ""Gaming"": 340000}",2023-08-31
PLAN_c9dd9792,USER_03605,746038,"{""Food Delivery"": 900000, ""Coffee Shop"": 300000, ""Movie Ticket"": 300000, ""Gaming"": 300000}",2023-08-31
PLAN_24086773,USER_01945,2102405,"{""Food Delivery"": 2025000, ""Coffee Shop"": 675000, ""Movie Ticket"": 675000, ""Gaming"": 675000}",2023-08-31
PLAN_0b8f163d,USER_06237,405201,"{""Food Delivery"": 585000, ""Coffee Shop"": 195000, ""Movie Ticket"": 195000, ""Gaming"": 195000}",2023-08-31
PLAN_79704391,USER_00725,983439,"{""Food Delivery"": 885000, ""Coffee Shop"": 295000, ""Movie Ticket"": 295000, ""Gaming"": 295000}",2023-08-31
PLAN_f9d4bb86,USER_00126,1984541,"{""Food Delivery"": 2250000, ""Coffee Shop"": 750000, ""Movie Ticket"": 750000, ""Gaming"": 750000}",2023-08-31
PLAN_11f4be73,USER_01578,2751982,"{""Food Delivery"": 2175000, ""Coffee Shop"": 725000, ""Movie Ticket"": 725000, ""Gaming"": 725000}",2023-08-31
PLAN_061fdc76,USER_02183,887415,"{""Food Delivery"": 705000, ""Coffee Shop"": 235000, ""Movie Ticket"": 235000, ""Gaming"": 235000}",2023-08-31
PLAN_d259abc2,USER_03880,1179508,"{""Food Delivery"": 1335000, ""Coffee Shop"": 445000, ""Movie Ticket"": 445000, ""Gaming"": 445000}",2023-08-31
PLAN_dfecec06,USER_09318,2224124,"{""Food Delivery"": 1755000, ""Coffee Shop"": 585000, ""Movie Ticket"": 585000, ""Gaming"": 585000}",2023-08-31
PLAN_3721cf90,USER_04478,2894428,"{""Food Delivery"": 2175000, ""Coffee Shop"": 725000, ""Movie Ticket"": 725000, ""Gaming"": 725000}",2023-08-31
PLAN_21ff90ff,USER_08800,1861923,"{""Food Delivery"": 1530000, ""Coffee Shop"": 510000, ""Movie Ticket"": 510000, ""Gaming"": 510000}",2023-08-31
PLAN_f3672f2b,USER_01859,2287640,"{""Food Delivery"": 1860000, ""Coffee Shop"": 620000, ""Movie Ticket"": 620000, ""Gaming"": 620000}",2023-08-31
PLAN_045af315,USER_04720,549563,"{""Food Delivery"": 660000, ""Coffee Shop"": 220000, ""Movie Ticket"": 220000, ""Gaming"": 220000}",2023-08-31
PLAN_7edf9d2c,USER_02559,520311,"{""Food Delivery"": 495000, ""Coffee Shop"": 165000, ""Movie Ticket"": 165000, ""Gaming"": 165000}",2023-08-31
PLAN_e5c131b6,USER_08826,981875,"{""Food Delivery"": 1380000, ""Coffee Shop"": 460000, ""Movie Ticket"": 460000, ""Gaming"": 460000}",2023-08-31
PLAN_f12eafd8,USER_00349,755493,"{""Food Delivery"": 1035000, ""Coffee Shop"": 345000, ""Movie Ticket"": 345000, ""Gaming"": 345000}",2023-08-31
PLAN_dde35f7e,USER_03049,759579,"{""Food Delivery"": 570000, ""Coffee Shop"": 190000, ""Movie Ticket"": 190000, ""Gaming"": 190000}",2023-08-31
PLAN_bd2e3223,USER_06041,1830762,"{""Food Delivery"": 2070000, ""Coffee Shop"": 690000, ""Movie Ticket"": 690000, ""Gaming"": 690000}",2023-08-31
PLAN_f8dbd290,USER_00484,664309,"{""Food Delivery"": 570000, ""Coffee Shop"": 190000, ""Movie Ticket"": 190000, ""Gaming"": 190000}",2023-08-31
PLAN_5c9d91d5,USER_00206,993665,"{""Food Delivery"": 825000, ""Coffee Shop"": 275000, ""Movie Ticket"": 275000, ""Gaming"": 275000}",2023-08-31
PLAN_c80c0886,USER_07408,613147,"{""Food Delivery"": 495000, ""Coffee Shop"": 165000, ""Movie Ticket"": 165000, ""Gaming"": 165000}",2023-08-31
PLAN_f9267dda,USER_08929,2197391,"{""Food Delivery"": 1650000, ""Coffee Shop"": 550000, ""Movie Ticket"": 550000, ""Gaming"": 550000}",2023-08-31
PLAN_25e84430,USER_07819,558673,"{""Food Delivery"": 675000, ""Coffee Shop"": 225000, ""Movie Ticket"": 225000, ""Gaming"": 225000}",2023-08-31
PLAN_f70e53f6,USER_06991,457754,"{""Food Delivery"": 660000, ""Coffee Shop"": 220000, ""Movie Ticket"": 220000, ""Gaming"": 220000}",2023-08-31
PLAN_539ef696,USER_06649,1806325,"{""Food Delivery"": 1920000, ""Coffee Shop"": 640000, ""Movie Ticket"": 640000, ""Gaming"": 640000}",2023-08-31
PLAN_182bc5ce,USER_05529,1695121,"{""Food Delivery"": 2250000, ""Coffee Shop"": 750000, ""Movie Ticket"": 750000, ""Gaming"": 750000}",2023-08-31
PLAN_e11f946b,USER_08853,828164,"{""Food Delivery"": 1215000, ""Coffee Shop"": 405000, ""Movie Ticket"": 405000, ""Gaming"": 405000}",2023-08-31
PLAN_92700587,USER_02759,1333218,"{""Food Delivery"": 1470000, ""Coffee Shop"": 490000, ""Movie Ticket"": 490000, ""Gaming"": 490000}",2023-08-31
PLAN_7074f76e,USER_09909,2639932,"{""Food Delivery"": 2220000, ""Coffee Shop"": 740000, ""Movie Ticket"": 740000, ""Gaming"": 740000}",2023-08-31
PLAN_482c1ae0,USER_01363,532501,"{""Food Delivery"": 510000, ""Coffee Shop"": 170000, ""Movie Ticket"": 170000, ""Gaming"": 170000}",2023-08-31
PLAN_9921ea4b,USER_09818,643261,"{""Food Delivery"": 735000, ""Coffee Shop"": 245000, ""Movie Ticket"": 245000, ""Gaming"": 245000}",2023-08-31
PLAN_08bfd4eb,USER_09361,1786689,"{""Food Delivery"": 1620000, ""Coffee Shop"": 540000, ""Movie Ticket"": 540000, ""Gaming"": 540000}",2023-08-31
PLAN_46998e0c,USER_07400,579048,"{""Food Delivery"": 705000, ""Coffee Shop"": 235000, ""Movie Ticket"": 235000, ""Gaming"": 235000}",2023-08-31
PLAN_bb3aef9b,USER_02283,1420134,"{""Food Delivery"": 2100000, ""Coffee Shop"": 700000, ""Movie Ticket"": 700000, ""Gaming"": 700000}",2023-08-31
PLAN_7e837788,USER_06785,546949,"{""Food Delivery"": 465000, ""Coffee Shop"": 155000, ""Movie Ticket"": 155000, ""Gaming"": 155000}",2023-08-31
PLAN_cc8f4c40,USER_03878,1980966,"{""Food Delivery"": 1830000, ""Coffee Shop"": 610000, ""Movie Ticket"": 610000, ""Gaming"": 610000}",2023-08-31
PLAN_8c910985,USER_08089,740167,"{""Food Delivery"": 630000, ""Coffee Shop"": 210000, ""Movie Ticket"": 210000, ""Gaming"": 210000}",2023-08-31
PLAN_8246ec36,USER_06241,342849,"{""Food Delivery"": 495000, ""Coffee Shop"": 165000, ""Movie Ticket"": 165000, ""Gaming"": 165000}",2023-08-31
PLAN_c7e54478,USER_06114,1304354,"{""Food Delivery"": 1065000, ""Coffee Shop"": 355000, ""Movie Ticket"": 355000, ""Gaming"": 355000}",2023-08-31
PLAN_a34905c5,USER_08650,2234946,"{""Food Delivery"": 2070000, ""Coffee Shop"": 690000, ""Movie Ticket"": 690000, ""Gaming"": 690000}",2023-08-31
PLAN_60a2f088,USER_08879,1610297,"{""Food Delivery"": 1545000, ""Coffee Shop"": 515000, ""Movie Ticket"": 515000, ""Gaming"": 515000}",2023-08-31
PLAN_8ead520d,USER_01278,1462152,"{""Food Delivery"": 1350000, ""Coffee Shop"": 450000, ""Movie Ticket"": 450000, ""Gaming"": 450000}",2023-08-31
PLAN_76deae93,USER_04369,2311897,"{""Food Delivery"": 1860000, ""Coffee Shop"": 620000, ""Movie Ticket"": 620000, ""Gaming"": 620000}",2023-08-31
PLAN_68c04026,USER_00859,2126494,"{""Food Delivery"": 2010000, ""Coffee Shop"": 670000, ""Movie Ticket"": 670000, ""Gaming"": 670000}",2023-08-31
PLAN_9d16a36d,USER_07876,584951,"{""Food Delivery"": 555000, ""Coffee Shop"": 185000, ""Movie Ticket"": 185000, ""Gaming"": 185000}",2023-08-31
PLAN_6d185787,USER_02698,1911051,"{""Food Delivery"": 1440000, ""Coffee Shop"": 480000, ""Movie Ticket"": 480000, ""Gaming"": 480000}",2023-08-31
PLAN_ee99dd47,USER_09240,2476989,"{""Food Delivery"": 2115000, ""Coffee Shop"": 705000, ""Movie Ticket"": 705000, ""Gaming"": 705000}",2023-08-31
PLAN_78502d2b,USER_02797,1326910,"{""Food Delivery"": 1380000, ""Coffee Shop"": 460000, ""Movie Ticket"": 460000, ""Gaming"": 460000}",2023-08-31
PLAN_ca0d60f8,USER_08950,2373281,"{""Food Delivery"": 2085000, ""Coffee Shop"": 695000, ""Movie Ticket"": 695000, ""Gaming"": 695000}",2023-08-31
PLAN_6c17f717,USER_07710,527907,"{""Food Delivery"": 570000, ""Coffee Shop"": 190000, ""Movie Ticket"": 190000, ""Gaming"": 190000}",2023-08-31
PLAN_4269c10c,USER_03573,1511516,"{""Food Delivery"": 1845000, ""Coffee Shop"": 615000, ""Movie Ticket"": 615000, ""Gaming"": 615000}",2023-08-31
PLAN_9972b251,USER_06801,2331403,"{""Food Delivery"": 2190000, ""Coffee Shop"": 730000, ""Movie Ticket"": 730000, ""Gaming"": 730000}",2023-08-31
PLAN_973e3fc7,USER_09501,771272,"{""Food Delivery"": 600000, ""Coffee Shop"": 200000, ""Movie Ticket"": 200000, ""Gaming"": 200000}",2023-08-31
PLAN_9b47340f,USER_07849,2469298,"{""Food Delivery"": 1920000, ""Coffee Shop"": 640000, ""Movie Ticket"": 640000, ""Gaming"": 640000}",2023-08-31
PLAN_cfb15c77,USER_05055,1744476,"{""Food Delivery"": 1950000, ""Coffee Shop"": 650000, ""Movie Ticket"": 650000, ""Gaming"": 650000}",2023-08-31
PLAN_7cda7e0d,USER_06542,1084651,"{""Food Delivery"": 1065000, ""Coffee Shop"": 355000, ""Movie Ticket"": 355000, ""Gaming"": 355000}",2023-08-31
PLAN_80de186e,USER_01580,508887,"{""Food Delivery"": 630000, ""Coffee Shop"": 210000, ""Movie Ticket"": 210000, ""Gaming"": 210000}",2023-08-31
PLAN_57ee5b1c,USER_01250,1297160,"{""Food Delivery"": 975000, ""Coffee Shop"": 325000, ""Movie Ticket"": 325000, ""Gaming"": 325000}",2023-08-31
PLAN_2eba976f,USER_06491,2951865,"{""Food Delivery"": 2235000, ""Coffee Shop"": 745000, ""Movie Ticket"": 745000, ""Gaming"": 745000}",2023-08-31
PLAN_316a4ba7,USER_07497,692793,"{""Food Delivery"": 630000, ""Coffee Shop"": 210000, ""Movie Ticket"": 210000, ""Gaming"": 210000}",2023-08-31
PLAN_067c7387,USER_04712,739809,"{""Food Delivery"": 615000, ""Coffee Shop"": 205000, ""Movie Ticket"": 205000, ""Gaming"": 205000}",2023-08-31
PLAN_26c0fbcc,USER_03684,1131966,"{""Food Delivery"": 990000, ""Coffee Shop"": 330000, ""Movie Ticket"": 330000, ""Gaming"": 330000}",2023-08-31
PLAN_9b32585a,USER_02949,1640952,"{""Food Delivery"": 1545000, ""Coffee Shop"": 515000, ""Movie Ticket"": 515000, ""Gaming"": 515000}",2023-08-31
PLAN_a59434f5,USER_04582,1569488,"{""Food Delivery"": 2235000, ""Coffee Shop"": 745000, ""Movie Ticket"": 745000, ""Gaming"": 745000}",2023-08-31
PLAN_ce819854,USER_08431,1483859,"{""Food Delivery"": 1530000, ""Coffee Shop"": 510000, ""Movie Ticket"": 510000, ""Gaming"": 510000}",2023-08-31
PLAN_5f6dd397,USER_00106,1356576,"{""Food Delivery"": 1215000, ""Coffee Shop"": 405000, ""Movie Ticket"": 405000, ""Gaming"": 405000}",2023-08-31
PLAN_ec2e72b5,USER_09631,1677531,"{""Food Delivery"": 1500000, ""Coffee Shop"": 500000, ""Movie Ticket"": 500000, ""Gaming"": 500000}",2023-08-31
PLAN_119ac074,USER_09735,425668,"{""Food Delivery"": 465000, ""Coffee Shop"": 155000, ""Movie Ticket"": 155000, ""Gaming"": 155000}",2023-08-31
PLAN_72d122b7,USER_07384,2854287,"{""Food Delivery"": 2205000, ""Coffee Shop"": 735000, ""Movie Ticket"": 735000, ""Gaming"": 735000}",2023-08-31
PLAN_12a83b65,USER_00616,992253,"{""Food Delivery"": 1275000, ""Coffee Shop"": 425000, ""Movie Ticket"": 425000, ""Gaming"": 425000}",2023-08-31
PLAN_aa6eb6a1,USER_03560,1335319,"{""Food Delivery"": 1335000, ""Coffee Shop"": 445000, ""Movie Ticket"": 445000, ""Gaming"": 445000}",2023-08-31
PLAN_d05e4c4f,USER_05074,879259,"{""Food Delivery"": 780000, ""Coffee Shop"": 260000, ""Movie Ticket"": 260000, ""Gaming"": 260000}",2023-08-31
PLAN_68874c5f,USER_04937,2240219,"{""Food Delivery"": 1980000, ""Coffee Shop"": 660000, ""Movie Ticket"": 660000, ""Gaming"": 660000}",2023-08-31
PLAN_62a3b715,USER_04025,1137560,"{""Food Delivery"": 1035000, ""Coffee Shop"": 345000, ""Movie Ticket"": 345000, ""Gaming"": 345000}",2023-08-31
PLAN_cae3f7ee,USER_02916,1186018,"{""Food Delivery"": 1395000, ""Coffee Shop"": 465000, ""Movie Ticket"": 465000, ""Gaming"": 465000}",2023-08-31
PLAN_f913d816,USER_09863,1526192,"{""Food Delivery"": 1980000, ""Coffee Shop"": 660000, ""Movie Ticket"": 660000, ""Gaming"": 660000}",2023-08-31
PLAN_24da116d,USER_03520,1864971,"{""Food Delivery"": 1710000, ""Coffee Shop"": 570000, ""Movie Ticket"": 570000, ""Gaming"": 570000}",2023-08-31
PLAN_1dbbce1a,USER_06857,831637,"{""Food Delivery"": 780000, ""Coffee Shop"": 260000, ""Movie Ticket"": 260000, ""Gaming"": 260000}",2023-08-31
PLAN_e78da2dc,USER_01888,684026,"{""Food Delivery"": 870000, ""Coffee Shop"": 290000, ""Movie Ticket"": 290000, ""Gaming"": 290000}",2023-08-31
PLAN_25d0c03b,USER_05907,1824498,"{""Food Delivery"": 1605000, ""Coffee Shop"": 535000, ""Movie Ticket"": 535000, ""Gaming"": 535000}",2023-08-31
PLAN_5711bf16,USER_00210,1731654,"{""Food Delivery"": 1785000, ""Coffee Shop"": 595000, ""Movie Ticket"": 595000, ""Gaming"": 595000}",2023-08-31
PLAN_b2588c34,USER_06716,1334208,"{""Food Delivery"": 1200000, ""Coffee Shop"": 400000, ""Movie Ticket"": 400000, ""Gaming"": 400000}",2023-08-31
PLAN_cb3b8b2f,USER_01294,1800619,"{""Food Delivery"": 1470000, ""Coffee Shop"": 490000, ""Movie Ticket"": 490000, ""Gaming"": 490000}",2023-08-31
PLAN_f3d90f06,USER_01900,1731198,"{""Food Delivery"": 2220000, ""Coffee Shop"": 740000, ""Movie Ticket"": 740000, ""Gaming"": 740000}",2023-08-31
PLAN_de5d3ac3,USER_04506,1263739,"{""Food Delivery"": 1860000, ""Coffee Shop"": 620000, ""Movie Ticket"": 620000, ""Gaming"": 620000}",2023-08-31
PLAN_8b92a502,USER_09886,2099341,"{""Food Delivery"": 1770000, ""Coffee Shop"": 590000, ""Movie Ticket"": 590000, ""Gaming"": 590000}",2023-08-31
PLAN_76e9e397,USER_09463,965818,"{""Food Delivery"": 900000, ""Coffee Shop"": 300000, ""Movie Ticket"": 300000, ""Gaming"": 300000}",2023-08-31
PLAN_fe8f39d6,USER_08469,1342715,"{""Food Delivery"": 1185000, ""Coffee Shop"": 395000, ""Movie Ticket"": 395000, ""Gaming"": 395000}",2023-08-31
PLAN_7b36e972,USER_03717,900695,"{""Food Delivery"": 735000, ""Coffee Shop"": 245000, ""Movie Ticket"": 245000, ""Gaming"": 245000}",2023-08-31
PLAN_4298b590,USER_04817,2469850,"{""Food Delivery"": 2055000, ""Coffee Shop"": 685000, ""Movie Ticket"": 685000, ""Gaming"": 685000}",2023-08-31
PLAN_dd0748c4,USER_07820,1647172,"{""Food Delivery"": 1260000, ""Coffee Shop"": 420000, ""Movie Ticket"": 420000, ""Gaming"": 420000}",2023-08-31
PLAN_c9c2505b,USER_04006,1689528,"{""Food Delivery"": 1650000, ""Coffee Shop"": 550000, ""Movie Ticket"": 550000, ""Gaming"": 550000}",2023-08-31
PLAN_6339f683,USER_07237,2054123,"{""Food Delivery"": 2070000, ""Coffee Shop"": 690000, ""Movie Ticket"": 690000, ""Gaming"": 690000}",2023-08-31
PLAN_c7249686,USER_01583,434585,"{""Food Delivery"": 465000, ""Coffee Shop"": 155000, ""Movie Ticket"": 155000, ""Gaming"": 155000}",2023-08-31
PLAN_5562d6b9,USER_02512,622993,"{""Food Delivery"": 810000, ""Coffee Shop"": 270000, ""Movie Ticket"": 270000, ""Gaming"": 270000}",2023-08-31
PLAN_0da4e726,USER_04688,660495,"{""Food Delivery"": 630000, ""Coffee Shop"": 210000, ""Movie Ticket"": 210000, ""Gaming"": 210000}",2023-08-31
PLAN_d1e04c31,USER_07330,1685656,"{""Food Delivery"": 1980000, ""Coffee Shop"": 660000, ""Movie Ticket"": 660000, ""Gaming"": 660000}",2023-08-31
PLAN_ead29bee,USER_01349,2324782,"{""Food Delivery"": 1815000, ""Coffee Shop"": 605000, ""Movie Ticket"": 605000, ""Gaming"": 605000}",2023-08-31
PLAN_48d3e177,USER_07459,2137307,"{""Food Delivery"": 2025000, ""Coffee Shop"": 675000, ""Movie Ticket"": 675000, ""Gaming"": 675000}",2023-08-31
PLAN_148bd676,USER_07836,2357403,"{""Food Delivery"": 2220000, ""Coffee Shop"": 740000, ""Movie Ticket"": 740000, ""Gaming"": 740000}",2023-08-31
PLAN_69dd174c,USER_05348,1341375,"{""Food Delivery"": 1485000, ""Coffee Shop"": 495000, ""Movie Ticket"": 495000, ""Gaming"": 495000}",2023-08-31
PLAN_3e7df82d,USER_05906,1009909,"{""Food Delivery"": 1440000, ""Coffee Shop"": 480000, ""Movie Ticket"": 480000, ""Gaming"": 480000}",2023-08-31
PLAN_48fe7627,USER_00290,897617,"{""Food Delivery"": 1305000, ""Coffee Shop"": 435000, ""Movie Ticket"": 435000, ""Gaming"": 435000}",2023-08-31
PLAN_1b2da086,USER_07483,1821868,"{""Food Delivery"": 1920000, ""Coffee Shop"": 640000, ""Movie Ticket"": 640000, ""Gaming"": 640000}",2023-08-31
PLAN_6d284020,USER_05682,1203867,"{""Food Delivery"": 1665000, ""Coffee Shop"": 555000, ""Movie Ticket"": 555000, ""Gaming"": 555000}",2023-08-31
PLAN_45a7a0c5,USER_06918,1671120,"{""Food Delivery"": 1560000, ""Coffee Shop"": 520000, ""Movie Ticket"": 520000, ""Gaming"": 520000}",2023-08-31
PLAN_d3ce78fa,USER_05117,2765030,"{""Food Delivery"": 2205000, ""Coffee Shop"": 735000, ""Movie Ticket"": 735000, ""Gaming"": 735000}",2023-08-31
PLAN_9ef85441,USER_09750,2127693,"{""Food Delivery"": 1695000, ""Coffee Shop"": 565000, ""Movie Ticket"": 565000, ""Gaming"": 565000}",2023-08-31
PLAN_b71a5b51,USER_04788,1542912,"{""Food Delivery"": 1395000, ""Coffee Shop"": 465000, ""Movie Ticket"": 465000, ""Gaming"": 465000}",2023-08-31
PLAN_14fab7cf,USER_06383,1187007,"{""Food Delivery"": 1470000, ""Coffee Shop"": 490000, ""Movie Ticket"": 490000, ""Gaming"": 490000}",2023-08-31
PLAN_4c06b34c,USER_04575,2086556,"{""Food Delivery"": 1680000, ""Coffee Shop"": 560000, ""Movie Ticket"": 560000, ""Gaming"": 560000}",2023-08-31
PLAN_a42a1cf2,USER_04522,2169007,"{""Food Delivery"": 1725000, ""Coffee Shop"": 575000, ""Movie Ticket"": 575000, ""Gaming"": 575000}",2023-08-31
PLAN_4f7359ad,USER_08583,1053055,"{""Food Delivery"": 1320000, ""Coffee Shop"": 440000, ""Movie Ticket"": 440000, ""Gaming"": 440000}",2023-08-31
PLAN_6612b365,USER_02884,1546309,"{""Food Delivery"": 1335000, ""Coffee Shop"": 445000, ""Movie Ticket"": 445000, ""Gaming"": 445000}",2023-08-31
PLAN_e2e8ed66,USER_01072,1440901,"{""Food Delivery"": 1680000, ""Coffee Shop"": 560000, ""Movie Ticket"": 560000, ""Gaming"": 560000}",2023-08-31
PLAN_6bcfaee0,USER_01929,2523696,"{""Food Delivery"": 2100000, ""Coffee Shop"": 700000, ""Movie Ticket"": 700000, ""Gaming"": 700000}",2023-08-31
PLAN_c9b3dd83,USER_07377,1817486,"{""Food Delivery"": 1365000, ""Coffee Shop"": 455000, ""Movie Ticket"": 455000, ""Gaming"": 455000}",2023-08-31
PLAN_800aa795,USER_01405,463511,"{""Food Delivery"": 675000, ""Coffee Shop"": 225000, ""Movie Ticket"": 225000, ""Gaming"": 225000}",2023-08-31
PLAN_f206e336,USER_03263,2219918,"{""Food Delivery"": 1755000, ""Coffee Shop"": 585000, ""Movie Ticket"": 585000, ""Gaming"": 585000}",2023-08-31
PLAN_22d3409c,USER_05929,2174324,"{""Food Delivery"": 2010000, ""Coffee Shop"": 670000, ""Movie Ticket"": 670000, ""Gaming"": 670000}",2023-08-31
PLAN_1bff2614,USER_00720,1914181,"{""Food Delivery"": 1455000, ""Coffee Shop"": 485000, ""Movie Ticket"": 485000, ""Gaming"": 485000}",2023-08-31
PLAN_717e99a6,USER_01595,644604,"{""Food Delivery"": 660000, ""Coffee Shop"": 220000, ""Movie Ticket"": 220000, ""Gaming"": 220000}",2023-08-31
PLAN_394621a1,USER_00661,2179917,"{""Food Delivery"": 1770000, ""Coffee Shop"": 590000, ""Movie Ticket"": 590000, ""Gaming"": 590000}",2023-08-31
PLAN_8c3a7ee1,USER_05765,1455479,"{""Food Delivery"": 2055000, ""Coffee Shop"": 685000, ""Movie Ticket"": 685000, ""Gaming"": 685000}",2023-08-31
PLAN_6a805e77,USER_02808,1121634,"{""Food Delivery"": 1260000, ""Coffee Shop"": 420000, ""Movie Ticket"": 420000, ""Gaming"": 420000}",2023-08-31
PLAN_330062a9,USER_04103,682890,"{""Food Delivery"": 960000, ""Coffee Shop"": 320000, ""Movie Ticket"": 320000, ""Gaming"": 320000}",2023-08-31
PLAN_c77a9ab6,USER_02921,1659288,"{""Food Delivery"": 1260000, ""Coffee Shop"": 420000, ""Movie Ticket"": 420000, ""Gaming"": 420000}",2023-08-31
PLAN_fe6a5a9b,USER_04869,781298,"{""Food Delivery"": 645000, ""Coffee Shop"": 215000, ""Movie Ticket"": 215000, ""Gaming"": 215000}",2023-08-31
PLAN_2079f719,USER_09862,1444986,"{""Food Delivery"": 1170000, ""Coffee Shop"": 390000, ""Movie Ticket"": 390000, ""Gaming"": 390000}",2023-08-31
PLAN_cd359645,USER_00988,2170521,"{""Food Delivery"": 1680000, ""Coffee Shop"": 560000, ""Movie Ticket"": 560000, ""Gaming"": 560000}",2023-08-31
PLAN_5dfc36dc,USER_03480,1421485,"{""Food Delivery"": 1965000, ""Coffee Shop"": 655000, ""Movie Ticket"": 655000, ""Gaming"": 655000}",2023-08-31
PLAN_f2cf8802,USER_02828,1787420,"{""Food Delivery"": 1935000, ""Coffee Shop"": 645000, ""Movie Ticket"": 645000, ""Gaming"": 645000}",2023-08-31
PLAN_0e5a2dac,USER_03812,385572,"{""Food Delivery"": 540000, ""Coffee Shop"": 180000, ""Movie Ticket"": 180000, ""Gaming"": 180000}",2023-08-31
PLAN_883f264a,USER_07949,714367,"{""Food Delivery"": 885000, ""Coffee Shop"": 295000, ""Movie Ticket"": 295000, ""Gaming"": 295000}",2023-08-31
PLAN_f3bfc6b9,USER_01179,1376889,"{""Food Delivery"": 1680000, ""Coffee Shop"": 560000, ""Movie Ticket"": 560000, ""Gaming"": 560000}",2023-08-31
PLAN_0a7fb074,USER_02784,1145903,"{""Food Delivery"": 1170000, ""Coffee Shop"": 390000, ""Movie Ticket"": 390000, ""Gaming"": 390000}",2023-08-31
PLAN_0e697d33,USER_04751,1496903,"{""Food Delivery"": 1770000, ""Coffee Shop"": 590000, ""Movie Ticket"": 590000, ""Gaming"": 590000}",2023-08-31
PLAN_b7d3cc4a,USER_04612,495440,"{""Food Delivery"": 675000, ""Coffee Shop"": 225000, ""Movie Ticket"": 225000, ""Gaming"": 225000}",2023-08-31
PLAN_652a0d0e,USER_03289,1634487,"{""Food Delivery"": 2100000, ""Coffee Shop"": 700000, ""Movie Ticket"": 700000, ""Gaming"": 700000}",2023-08-31
PLAN_b3533a14,USER_04231,1686495,"{""Food Delivery"": 2205000, ""Coffee Shop"": 735000, ""Movie Ticket"": 735000, ""Gaming"": 735000}",2023-08-31
PLAN_559d8706,USER_03545,2624192,"{""Food Delivery"": 1995000, ""Coffee Shop"": 665000, ""Movie Ticket"": 665000, ""Gaming"": 665000}",2023-08-31
PLAN_acfd89ea,USER_00982,1407434,"{""Food Delivery"": 1200000, ""Coffee Shop"": 400000, ""Movie Ticket"": 400000, ""Gaming"": 400000}",2023-08-31
PLAN_a8c72ed1,USER_06332,1987439,"{""Food Delivery"": 1515000, ""Coffee Shop"": 505000, ""Movie Ticket"": 505000, ""Gaming"": 505000}",2023-08-31
PLAN_fd36e4b1,USER_03683,1598111,"{""Food Delivery"": 1665000, ""Coffee Shop"": 555000, ""Movie Ticket"": 555000, ""Gaming"": 555000}",2023-08-31
PLAN_56a57568,USER_07100,1546825,"{""Food Delivery"": 1815000, ""Coffee Shop"": 605000, ""Movie Ticket"": 605000, ""Gaming"": 605000}",2023-08-31
PLAN_7d3f85a5,USER_01315,1960139,"{""Food Delivery"": 1635000, ""Coffee Shop"": 545000, ""Movie Ticket"": 545000, ""Gaming"": 545000}",2023-08-31
PLAN_357ee0bc,USER_05681,1923068,"{""Food Delivery"": 2175000, ""Coffee Shop"": 725000, ""Movie Ticket"": 725000, ""Gaming"": 725000}",2023-08-31
PLAN_bbcd39e2,USER_06946,1455309,"{""Food Delivery"": 1680000, ""Coffee Shop"": 560000, ""Movie Ticket"": 560000, ""Gaming"": 560000}",2023-08-31
PLAN_16517a4f,USER_05875,875079,"{""Food Delivery"": 1065000, ""Coffee Shop"": 355000, ""Movie Ticket"": 355000, ""Gaming"": 355000}",2023-08-31
PLAN_846941bc,USER_00715,519652,"{""Food Delivery"": 690000, ""Coffee Shop"": 230000, ""Movie Ticket"": 230000, ""Gaming"": 230000}",2023-08-31
PLAN_57a085fe,USER_05630,1155946,"{""Food Delivery"": 1380000, ""Coffee Shop"": 460000, ""Movie Ticket"": 460000, ""Gaming"": 460000}",2023-08-31
PLAN_5cc44330,USER_08531,1002936,"{""Food Delivery"": 1110000, ""Coffee Shop"": 370000, ""Movie Ticket"": 370000, ""Gaming"": 370000}",2023-08-31
PLAN_c255347d,USER_00392,1774433,"{""Food Delivery"": 1590000, ""Coffee Shop"": 530000, ""Movie Ticket"": 530000, ""Gaming"": 530000}",2023-08-31
PLAN_45031d73,USER_07135,382523,"{""Food Delivery"": 540000, ""Coffee Shop"": 180000, ""Movie Ticket"": 180000, ""Gaming"": 180000}",2023-08-31
PLAN_94d5574a,USER_00558,677883,"{""Food Delivery"": 840000, ""Coffee Shop"": 280000, ""Movie Ticket"": 280000, ""Gaming"": 280000}",2023-08-31
PLAN_8f63e8b8,USER_03098,705519,"{""Food Delivery"": 585000, ""Coffee Shop"": 195000, ""Movie Ticket"": 195000, ""Gaming"": 195000}",2023-08-31
PLAN_28d54208,USER_09838,722560,"{""Food Delivery"": 945000, ""Coffee Shop"": 315000, ""Movie Ticket"": 315000, ""Gaming"": 315000}",2023-08-31
PLAN_0fe5a22a,USER_01761,872719,"{""Food Delivery"": 975000, ""Coffee Shop"": 325000, ""Movie Ticket"": 325000, ""Gaming"": 325000}",2023-08-31
PLAN_7d578cd4,USER_04643,1006915,"{""Food Delivery"": 810000, ""Coffee Shop"": 270000, ""Movie Ticket"": 270000, ""Gaming"": 270000}",2023-08-31
PLAN_350f75fd,USER_03822,404223,"{""Food Delivery"": 525000, ""Coffee Shop"": 175000, ""Movie Ticket"": 175000, ""Gaming"": 175000}",2023-08-31
PLAN_fa583046,USER_07597,573850,"{""Food Delivery"": 795000, ""Coffee Shop"": 265000, ""Movie Ticket"": 265000, ""Gaming"": 265000}",2023-08-31
PLAN_0f6dda83,USER_02500,697732,"{""Food Delivery"": 705000, ""Coffee Shop"": 235000, ""Movie Ticket"": 235000, ""Gaming"": 235000}",2023-08-31
PLAN_5eaa3e7c,USER_06447,1510806,"{""Food Delivery"": 1740000, ""Coffee Shop"": 580000, ""Movie Ticket"": 580000, ""Gaming"": 580000}",2023-08-31
PLAN_dc3ec98b,USER_04119,547192,"{""Food Delivery"": 525000, ""Coffee Shop"": 175000, ""Movie Ticket"": 175000, ""Gaming"": 175000}",2023-08-31
PLAN_15e7dff9,USER_00478,1046206,"{""Food Delivery"": 870000, ""Coffee Shop"": 290000, ""Movie Ticket"": 290000, ""Gaming"": 290000}",2023-08-31
PLAN_3de9c48c,USER_09860,614060,"{""Food Delivery"": 810000, ""Coffee Shop"": 270000, ""Movie Ticket"": 270000, ""Gaming"": 270000}",2023-08-31
PLAN_d58bfb2b,USER_02578,1327787,"{""Food Delivery"": 1260000, ""Coffee Shop"": 420000, ""Movie Ticket"": 420000, ""Gaming"": 420000}",2023-08-31
PLAN_705428da,USER_06562,1656059,"{""Food Delivery"": 1650000, ""Coffee Shop"": 550000, ""Movie Ticket"": 550000, ""Gaming"": 550000}",2023-08-31
PLAN_6e5348a0,USER_03356,858059,"{""Food Delivery"": 1125000, ""Coffee Shop"": 375000, ""Movie Ticket"": 375000, ""Gaming"": 375000}",2023-08-31
PLAN_45071c4b,USER_07454,860719,"{""Food Delivery"": 795000, ""Coffee Shop"": 265000, ""Movie Ticket"": 265000, ""Gaming"": 265000}",2023-08-31
PLAN_bf0b994c,USER_07161,1324586,"{""Food Delivery"": 1560000, ""Coffee Shop"": 520000, ""Movie Ticket"": 520000, ""Gaming"": 520000}",2023-08-31
PLAN_1dc43deb,USER_02513,818308,"{""Food Delivery"": 825000, ""Coffee Shop"": 275000, ""Movie Ticket"": 275000, ""Gaming"": 275000}",2023-08-31
PLAN_caefa23f,USER_01585,1558472,"{""Food Delivery"": 2160000, ""Coffee Shop"": 720000, ""Movie Ticket"": 720000, ""Gaming"": 720000}",2023-08-31
PLAN_f4f0c501,USER_04191,1853671,"{""Food Delivery"": 1905000, ""Coffee Shop"": 635000, ""Movie Ticket"": 635000, ""Gaming"": 635000}",2023-08-31
PLAN_6d348314,USER_06854,744684,"{""Food Delivery"": 855000, ""Coffee Shop"": 285000, ""Movie Ticket"": 285000, ""Gaming"": 285000}",2023-08-31
PLAN_857dccc8,USER_09915,583161,"{""Food Delivery"": 480000, ""Coffee Shop"": 160000, ""Movie Ticket"": 160000, ""Gaming"": 160000}",2023-08-31
PLAN_1519cb5e,USER_06639,1099257,"{""Food Delivery"": 1560000, ""Coffee Shop"": 520000, ""Movie Ticket"": 520000, ""Gaming"": 520000}",2023-08-31
PLAN_d08ec25e,USER_07657,950466,"{""Food Delivery"": 1005000, ""Coffee Shop"": 335000, ""Movie Ticket"": 335000, ""Gaming"": 335000}",2023-08-31
PLAN_af14ee8f,USER_07518,1312588,"{""Food Delivery"": 1350000, ""Coffee Shop"": 450000, ""Movie Ticket"": 450000, ""Gaming"": 450000}",2023-08-31
PLAN_a9bfb5a1,USER_09956,1845756,"{""Food Delivery"": 1605000, ""Coffee Shop"": 535000, ""Movie Ticket"": 535000, ""Gaming"": 535000}",2023-08-31
PLAN_33fc5ade,USER_04170,1259430,"{""Food Delivery"": 1200000, ""Coffee Shop"": 400000, ""Movie Ticket"": 400000, ""Gaming"": 400000}",2023-08-31
PLAN_5703a69d,USER_05647,1983982,"{""Food Delivery"": 1785000, ""Coffee Shop"": 595000, ""Movie Ticket"": 595000, ""Gaming"": 595000}",2023-08-31
PLAN_96357d2c,USER_06596,1368327,"{""Food Delivery"": 1155000, ""Coffee Shop"": 385000, ""Movie Ticket"": 385000, ""Gaming"": 385000}",2023-08-31
PLAN_3a1188da,USER_04100,931101,"{""Food Delivery"": 750000, ""Coffee Shop"": 250000, ""Movie Ticket"": 250000, ""Gaming"": 250000}",2023-08-31
PLAN_10cf927f,USER_00766,1090516,"{""Food Delivery"": 1245000, ""Coffee Shop"": 415000, ""Movie Ticket"": 415000, ""Gaming"": 415000}",2023-08-31
PLAN_ceeadf65,USER_00091,1307319,"{""Food Delivery"": 1275000, ""Coffee Shop"": 425000, ""Movie Ticket"": 425000, ""Gaming"": 425000}",2023-08-31
PLAN_c8043b50,USER_04508,2428942,"{""Food Delivery"": 1980000, ""Coffee Shop"": 660000, ""Movie Ticket"": 660000, ""Gaming"": 660000}",2023-08-31
PLAN_2310ca7e,USER_01113,2447024,"{""Food Delivery"": 1845000, ""Coffee Shop"": 615000, ""Movie Ticket"": 615000, ""Gaming"": 615000}",2023-08-31
PLAN_7ee99e85,USER_04034,1662776,"{""Food Delivery"": 1320000, ""Coffee Shop"": 440000, ""Movie Ticket"": 440000, ""Gaming"": 440000}",2023-08-31
PLAN_b1d6e8fc,USER_01158,1385181,"{""Food Delivery"": 1515000, ""Coffee Shop"": 505000, ""Movie Ticket"": 505000, ""Gaming"": 505000}",2023-08-31
PLAN_6e2bf97f,USER_06645,956133,"{""Food Delivery"": 1200000, ""Coffee Shop"": 400000, ""Movie Ticket"": 400000, ""Gaming"": 400000}",2023-08-31
PLAN_0e149d0e,USER_03172,729802,"{""Food Delivery"": 735000, ""Coffee Shop"": 245000, ""Movie Ticket"": 245000, ""Gaming"": 245000}",2023-08-31
PLAN_cc4ea9e6,USER_09558,2455714,"{""Food Delivery"": 2115000, ""Coffee Shop"": 705000, ""Movie Ticket"": 705000, ""Gaming"": 705000}",2023-08-31
PLAN_2c821bca,USER_02216,1865711,"{""Food Delivery"": 1875000, ""Coffee Shop"": 625000, ""Movie Ticket"": 625000, ""Gaming"": 625000}",2023-08-31
PLAN_804eeeef,USER_03903,1705657,"{""Food Delivery"": 1725000, ""Coffee Shop"": 575000, ""Movie Ticket"": 575000, ""Gaming"": 575000}",2023-08-31
PLAN_b7bde3a3,USER_06014,1617642,"{""Food Delivery"": 1320000, ""Coffee Shop"": 440000, ""Movie Ticket"": 440000, ""Gaming"": 440000}",2023-08-31
PLAN_b363b5db,USER_04410,1361403,"{""Food Delivery"": 1500000, ""Coffee Shop"": 500000, ""Movie Ticket"": 500000, ""Gaming"": 500000}",2023-08-31
PLAN_e3fa502f,USER_05300,706721,"{""Food Delivery"": 570000, ""Coffee Shop"": 190000, ""Movie Ticket"": 190000, ""Gaming"": 190000}",2023-08-31
PLAN_3a9c0398,USER_02365,1941390,"{""Food Delivery"": 2070000, ""Coffee Shop"": 690000, ""Movie Ticket"": 690000, ""Gaming"": 690000}",2023-08-31
PLAN_6c3bd21e,USER_01255,398469,"{""Food Delivery"": 450000, ""Coffee Shop"": 150000, ""Movie Ticket"": 150000, ""Gaming"": 150000}",2023-08-31
PLAN_de974bc4,USER_04160,843314,"{""Food Delivery"": 870000, ""Coffee Shop"": 290000, ""Movie Ticket"": 290000, ""Gaming"": 290000}",2023-08-31
PLAN_61ae9323,USER_08020,1621451,"{""Food Delivery"": 1380000, ""Coffee Shop"": 460000, ""Movie Ticket"": 460000, ""Gaming"": 460000}",2023-08-31
PLAN_9be812c0,USER_05232,1137262,"{""Food Delivery"": 1515000, ""Coffee Shop"": 505000, ""Movie Ticket"": 505000, ""Gaming"": 505000}",2023-08-31
PLAN_04ee30f1,USER_08092,1016956,"{""Food Delivery"": 1275000, ""Coffee Shop"": 425000, ""Movie Ticket"": 425000, ""Gaming"": 425000}",2023-08-31
PLAN_e637170b,USER_09368,2868623,"{""Food Delivery"": 2205000, ""Coffee Shop"": 735000, ""Movie Ticket"": 735000, ""Gaming"": 735000}",2023-08-31
PLAN_563735cb,USER_03019,1140226,"{""Food Delivery"": 1455000, ""Coffee Shop"": 485000, ""Movie Ticket"": 485000, ""Gaming"": 485000}",2023-08-31
PLAN_b796e5b5,USER_03914,1003345,"{""Food Delivery"": 960000, ""Coffee Shop"": 320000, ""Movie Ticket"": 320000, ""Gaming"": 320000}",2023-08-31
PLAN_c1a7cba2,USER_02019,505380,"{""Food Delivery"": 480000, ""Coffee Shop"": 160000, ""Movie Ticket"": 160000, ""Gaming"": 160000}",2023-08-31
PLAN_76db40ee,USER_04678,2189747,"{""Food Delivery"": 2205000, ""Coffee Shop"": 735000, ""Movie Ticket"": 735000, ""Gaming"": 735000}",2023-08-31
PLAN_2d8355b2,USER_06720,2269748,"{""Food Delivery"": 2070000, ""Coffee Shop"": 690000, ""Movie Ticket"": 690000, ""Gaming"": 690000}",2023-08-31
PLAN_5aef3196,USER_05803,1635669,"{""Food Delivery"": 1995000, ""Coffee Shop"": 665000, ""Movie Ticket"": 665000, ""Gaming"": 665000}",2023-08-31
PLAN_a936ab48,USER_09752,558958,"{""Food Delivery"": 540000, ""Coffee Shop"": 180000, ""Movie Ticket"": 180000, ""Gaming"": 180000}",2023-08-31
PLAN_eb7774c6,USER_07177,768417,"{""Food Delivery"": 840000, ""Coffee Shop"": 280000, ""Movie Ticket"": 280000, ""Gaming"": 280000}",2023-08-31
PLAN_be0749a0,USER_00669,498500,"{""Food Delivery"": 450000, ""Coffee Shop"": 150000, ""Movie Ticket"": 150000, ""Gaming"": 150000}",2023-08-31
PLAN_cf4541f8,USER_02299,1369468,"{""Food Delivery"": 1800000, ""Coffee Shop"": 600000, ""Movie Ticket"": 600000, ""Gaming"": 600000}",2023-08-31
PLAN_96b54946,USER_02964,1712256,"{""Food Delivery"": 1635000, ""Coffee Shop"": 545000, ""Movie Ticket"": 545000, ""Gaming"": 545000}",2023-08-31
PLAN_bff58743,USER_07715,1552704,"{""Food Delivery"": 1965000, ""Coffee Shop"": 655000, ""Movie Ticket"": 655000, ""Gaming"": 655000}",2023-08-31
PLAN_a0ce033c,USER_07310,1278643,"{""Food Delivery"": 1500000, ""Coffee Shop"": 500000, ""Movie Ticket"": 500000, ""Gaming"": 500000}",2023-08-31
PLAN_7548e938,USER_06985,889658,"{""Food Delivery"": 1095000, ""Coffee Shop"": 365000, ""Movie Ticket"": 365000, ""Gaming"": 365000}",2023-08-31
PLAN_ef57dcde,USER_04588,1372091,"{""Food Delivery"": 1740000, ""Coffee Shop"": 580000, ""Movie Ticket"": 580000, ""Gaming"": 580000}",2023-08-31
PLAN_ca2c428b,USER_07369,1277997,"{""Food Delivery"": 1050000, ""Coffee Shop"": 350000, ""Movie Ticket"": 350000, ""Gaming"": 350000}",2023-08-31
PLAN_e0d93b5e,USER_09017,1337135,"{""Food Delivery"": 1560000, ""Coffee Shop"": 520000, ""Movie Ticket"": 520000, ""Gaming"": 520000}",2023-08-31
PLAN_7f5ed718,USER_07704,1368257,"{""Food Delivery"": 1065000, ""Coffee Shop"": 355000, ""Movie Ticket"": 355000, ""Gaming"": 355000}",2023-08-31
PLAN_9368be6b,USER_02781,2876092,"{""Food Delivery"": 2190000, ""Coffee Shop"": 730000, ""Movie Ticket"": 730000, ""Gaming"": 730000}",2023-08-31
PLAN_3c33f6c7,USER_06027,974181,"{""Food Delivery"": 930000, ""Coffee Shop"": 310000, ""Movie Ticket"": 310000, ""Gaming"": 310000}",2023-08-31
PLAN_d4c0b403,USER_01305,902970,"{""Food Delivery"": 1185000, ""Coffee Shop"": 395000, ""Movie Ticket"": 395000, ""Gaming"": 395000}",2023-08-31
PLAN_7eb0f592,USER_07220,1264584,"{""Food Delivery"": 1380000, ""Coffee Shop"": 460000, ""Movie Ticket"": 460000, ""Gaming"": 460000}",2023-08-31
PLAN_776aecf9,USER_09169,2319074,"{""Food Delivery"": 1935000, ""Coffee Shop"": 645000, ""Movie Ticket"": 645000, ""Gaming"": 645000}",2023-08-31
PLAN_a540477b,USER_00059,902477,"{""Food Delivery"": 990000, ""Coffee Shop"": 330000, ""Movie Ticket"": 330000, ""Gaming"": 330000}",2023-08-31
PLAN_a83fce76,USER_09751,1456603,"{""Food Delivery"": 2010000, ""Coffee Shop"": 670000, ""Movie Ticket"": 670000, ""Gaming"": 670000}",2023-08-31
PLAN_e010616e,USER_09845,1369970,"{""Food Delivery"": 1320000, ""Coffee Shop"": 440000, ""Movie Ticket"": 440000, ""Gaming"": 440000}",2023-08-31
PLAN_b48f479d,USER_09681,2029632,"{""Food Delivery"": 1650000, ""Coffee Shop"": 550000, ""Movie Ticket"": 550000, ""Gaming"": 550000}",2023-08-31
PLAN_de576d9e,USER_07424,2298785,"{""Food Delivery"": 1920000, ""Coffee Shop"": 640000, ""Movie Ticket"": 640000, ""Gaming"": 640000}",2023-08-31
PLAN_1053569b,USER_01254,904844,"{""Food Delivery"": 1155000, ""Coffee Shop"": 385000, ""Movie Ticket"": 385000, ""Gaming"": 385000}",2023-08-31
PLAN_fcf8369f,USER_06452,568739,"{""Food Delivery"": 510000, ""Coffee Shop"": 170000, ""Movie Ticket"": 170000, ""Gaming"": 170000}",2023-08-31
PLAN_33daf8a6,USER_03313,939788,"{""Food Delivery"": 1155000, ""Coffee Shop"": 385000, ""Movie Ticket"": 385000, ""Gaming"": 385000}",2023-08-31
PLAN_6487b655,USER_07739,1522759,"{""Food Delivery"": 1875000, ""Coffee Shop"": 625000, ""Movie Ticket"": 625000, ""Gaming"": 625000}",2023-08-31
PLAN_3242f503,USER_03899,599702,"{""Food Delivery"": 480000, ""Coffee Shop"": 160000, ""Movie Ticket"": 160000, ""Gaming"": 160000}",2023-08-31
PLAN_557d0341,USER_06091,1812019,"{""Food Delivery"": 2175000, ""Coffee Shop"": 725000, ""Movie Ticket"": 725000, ""Gaming"": 725000}",2023-08-31
PLAN_416806f3,USER_00102,960067,"{""Food Delivery"": 1140000, ""Coffee Shop"": 380000, ""Movie Ticket"": 380000, ""Gaming"": 380000}",2023-08-31
PLAN_d7745036,USER_01369,910594,"{""Food Delivery"": 1365000, ""Coffee Shop"": 455000, ""Movie Ticket"": 455000, ""Gaming"": 455000}",2023-08-31
PLAN_fedb5978,USER_02575,2394456,"{""Food Delivery"": 1920000, ""Coffee Shop"": 640000, ""Movie Ticket"": 640000, ""Gaming"": 640000}",2023-08-31
PLAN_c621de3c,USER_00415,2599262,"{""Food Delivery"": 2175000, ""Coffee Shop"": 725000, ""Movie Ticket"": 725000, ""Gaming"": 725000}",2023-08-31
PLAN_41ee5828,USER_07573,699751,"{""Food Delivery"": 645000, ""Coffee Shop"": 215000, ""Movie Ticket"": 215000, ""Gaming"": 215000}",2023-08-31
PLAN_04609c96,USER_04454,1610244,"{""Food Delivery"": 1380000, ""Coffee Shop"": 460000, ""Movie Ticket"": 460000, ""Gaming"": 460000}",2023-08-31
PLAN_6049387c,USER_08266,1624388,"{""Food Delivery"": 2115000, ""Coffee Shop"": 705000, ""Movie Ticket"": 705000, ""Gaming"": 705000}",2023-08-31
PLAN_660c3016,USER_09320,1312491,"{""Food Delivery"": 1350000, ""Coffee Shop"": 450000, ""Movie Ticket"": 450000, ""Gaming"": 450000}",2023-08-31
PLAN_603cd3a0,USER_02350,810731,"{""Food Delivery"": 900000, ""Coffee Shop"": 300000, ""Movie Ticket"": 300000, ""Gaming"": 300000}",2023-08-31
PLAN_6e35ec6e,USER_09726,1356282,"{""Food Delivery"": 1860000, ""Coffee Shop"": 620000, ""Movie Ticket"": 620000, ""Gaming"": 620000}",2023-08-31
PLAN_b56f6acf,USER_06550,683620,"{""Food Delivery"": 690000, ""Coffee Shop"": 230000, ""Movie Ticket"": 230000, ""Gaming"": 230000}",2023-08-31
PLAN_865d1c0b,USER_03842,1017992,"{""Food Delivery"": 795000, ""Coffee Shop"": 265000, ""Movie Ticket"": 265000, ""Gaming"": 265000}",2023-08-31
PLAN_2f4bdd36,USER_03975,1508085,"{""Food Delivery"": 2175000, ""Coffee Shop"": 725000, ""Movie Ticket"": 725000, ""Gaming"": 725000}",2023-08-31
PLAN_87592711,USER_06293,671559,"{""Food Delivery"": 780000, ""Coffee Shop"": 260000, ""Movie Ticket"": 260000, ""Gaming"": 260000}",2023-08-31
PLAN_1b4213be,USER_09279,1340370,"{""Food Delivery"": 1665000, ""Coffee Shop"": 555000, ""Movie Ticket"": 555000, ""Gaming"": 555000}",2023-08-31
PLAN_fdb52c0b,USER_08461,978135,"{""Food Delivery"": 1185000, ""Coffee Shop"": 395000, ""Movie Ticket"": 395000, ""Gaming"": 395000}",2023-08-31
PLAN_60362770,USER_02531,2805398,"{""Food Delivery"": 2205000, ""Coffee Shop"": 735000, ""Movie Ticket"": 735000, ""Gaming"": 735000}",2023-08-31
PLAN_9bc2c5dc,USER_03154,1570833,"{""Food Delivery"": 1605000, ""Coffee Shop"": 535000, ""Movie Ticket"": 535000, ""Gaming"": 535000}",2023-08-31
PLAN_d87d768a,USER_05128,2096808,"{""Food Delivery"": 2145000, ""Coffee Shop"": 715000, ""Movie Ticket"": 715000, ""Gaming"": 715000}",2023-08-31
PLAN_f01b2e11,USER_05564,1901421,"{""Food Delivery"": 1620000, ""Coffee Shop"": 540000, ""Movie Ticket"": 540000, ""Gaming"": 540000}",2023-08-31
PLAN_b52aa4b1,USER_01441,1246851,"{""Food Delivery"": 1620000, ""Coffee Shop"": 540000, ""Movie Ticket"": 540000, ""Gaming"": 540000}",2023-08-31
PLAN_6d25a4f3,USER_04277,1472392,"{""Food Delivery"": 1485000, ""Coffee Shop"": 495000, ""Movie Ticket"": 495000, ""Gaming"": 495000}",2023-08-31
PLAN_3a515d2a,USER_09841,800791,"{""Food Delivery"": 840000, ""Coffee Shop"": 280000, ""Movie Ticket"": 280000, ""Gaming"": 280000}",2023-08-31
PLAN_dedd19c3,USER_02700,702640,"{""Food Delivery"": 660000, ""Coffee Shop"": 220000, ""Movie Ticket"": 220000, ""Gaming"": 220000}",2023-08-31
PLAN_aafaf83b,USER_07649,1579650,"{""Food Delivery"": 1185000, ""Coffee Shop"": 395000, ""Movie Ticket"": 395000, ""Gaming"": 395000}",2023-08-31
PLAN_11730703,USER_07186,1150141,"{""Food Delivery"": 975000, ""Coffee Shop"": 325000, ""Movie Ticket"": 325000, ""Gaming"": 325000}",2023-08-31
PLAN_2893e121,USER_09553,2068841,"{""Food Delivery"": 2220000, ""Coffee Shop"": 740000, ""Movie Ticket"": 740000, ""Gaming"": 740000}",2023-08-31
PLAN_02433bba,USER_07370,676194,"{""Food Delivery"": 555000, ""Coffee Shop"": 185000, ""Movie Ticket"": 185000, ""Gaming"": 185000}",2023-08-31
PLAN_a31ffdde,USER_03565,1264365,"{""Food Delivery"": 1620000, ""Coffee Shop"": 540000, ""Movie Ticket"": 540000, ""Gaming"": 540000}",2023-08-31
PLAN_a679bc7a,USER_01082,329748,"{""Food Delivery"": 480000, ""Coffee Shop"": 160000, ""Movie Ticket"": 160000, ""Gaming"": 160000}",2023-08-31
PLAN_9a191e0e,USER_05079,1096048,"{""Food Delivery"": 1365000, ""Coffee Shop"": 455000, ""Movie Ticket"": 455000, ""Gaming"": 455000}",2023-08-31
PLAN_02fbca65,USER_01713,1018712,"{""Food Delivery"": 1140000, ""Coffee Shop"": 380000, ""Movie Ticket"": 380000, ""Gaming"": 380000}",2023-08-31
PLAN_0d991716,USER_03966,1601215,"{""Food Delivery"": 1590000, ""Coffee Shop"": 530000, ""Movie Ticket"": 530000, ""Gaming"": 530000}",2023-08-31
PLAN_249f38ac,USER_01214,2164273,"{""Food Delivery"": 2010000, ""Coffee Shop"": 670000, ""Movie Ticket"": 670000, ""Gaming"": 670000}",2023-08-31
PLAN_aebe6ebc,USER_02206,2426469,"{""Food Delivery"": 1905000, ""Coffee Shop"": 635000, ""Movie Ticket"": 635000, ""Gaming"": 635000}",2023-08-31
PLAN_b66c5ad0,USER_03158,1766529,"{""Food Delivery"": 1755000, ""Coffee Shop"": 585000, ""Movie Ticket"": 585000, ""Gaming"": 585000}",2023-08-31
PLAN_c3c60b72,USER_06546,1996696,"{""Food Delivery"": 1995000, ""Coffee Shop"": 665000, ""Movie Ticket"": 665000, ""Gaming"": 665000}",2023-08-31
PLAN_875cd1b4,USER_02525,1312803,"{""Food Delivery"": 1875000, ""Coffee Shop"": 625000, ""Movie Ticket"": 625000, ""Gaming"": 625000}",2023-08-31
PLAN_b09a6bdd,USER_05494,931420,"{""Food Delivery"": 1350000, ""Coffee Shop"": 450000, ""Movie Ticket"": 450000, ""Gaming"": 450000}",2023-08-31
PLAN_25ca6287,USER_03955,946207,"{""Food Delivery"": 915000, ""Coffee Shop"": 305000, ""Movie Ticket"": 305000, ""Gaming"": 305000}",2023-08-31
PLAN_925e964b,USER_07656,1768959,"{""Food Delivery"": 1845000, ""Coffee Shop"": 615000, ""Movie Ticket"": 615000, ""Gaming"": 615000}",2023-08-31
PLAN_32dadbf0,USER_01161,2666811,"{""Food Delivery"": 2175000, ""Coffee Shop"": 725000, ""Movie Ticket"": 725000, ""Gaming"": 725000}",2023-08-31
PLAN_a7e57be3,USER_01743,1648165,"{""Food Delivery"": 2130000, ""Coffee Shop"": 710000, ""Movie Ticket"": 710000, ""Gaming"": 710000}",2023-08-31
PLAN_2cc29e62,USER_01094,430488,"{""Food Delivery"": 630000, ""Coffee Shop"": 210000, ""Movie Ticket"": 210000, ""Gaming"": 210000}",2023-08-31
PLAN_04feef8a,USER_03222,434711,"{""Food Delivery"": 450000, ""Coffee Shop"": 150000, ""Movie Ticket"": 150000, ""Gaming"": 150000}",2023-08-31
PLAN_4bfb24f3,USER_01106,779611,"{""Food Delivery"": 945000, ""Coffee Shop"": 315000, ""Movie Ticket"": 315000, ""Gaming"": 315000}",2023-08-31
PLAN_a934552b,USER_02323,955149,"{""Food Delivery"": 1365000, ""Coffee Shop"": 455000, ""Movie Ticket"": 455000, ""Gaming"": 455000}",2023-08-31
PLAN_38780a8c,USER_04042,1862566,"{""Food Delivery"": 1620000, ""Coffee Shop"": 540000, ""Movie Ticket"": 540000, ""Gaming"": 540000}",2023-08-31
PLAN_893e0f03,USER_05667,1522882,"{""Food Delivery"": 2055000, ""Coffee Shop"": 685000, ""Movie Ticket"": 685000, ""Gaming"": 685000}",2023-08-31
PLAN_3c7caea1,USER_08121,1720901,"{""Food Delivery"": 1605000, ""Coffee Shop"": 535000, ""Movie Ticket"": 535000, ""Gaming"": 535000}",2023-08-31
PLAN_f0cd2ffc,USER_06232,1921574,"{""Food Delivery"": 2250000, ""Coffee Shop"": 750000, ""Movie Ticket"": 750000, ""Gaming"": 750000}",2023-08-31
PLAN_929f9869,USER_08314,1431665,"{""Food Delivery"": 1830000, ""Coffee Shop"": 610000, ""Movie Ticket"": 610000, ""Gaming"": 610000}",2023-08-31
PLAN_ea6a1d07,USER_03727,1752284,"{""Food Delivery"": 1905000, ""Coffee Shop"": 635000, ""Movie Ticket"": 635000, ""Gaming"": 635000}",2023-08-31
PLAN_a5b00ace,USER_08087,1999604,"{""Food Delivery"": 1665000, ""Coffee Shop"": 555000, ""Movie Ticket"": 555000, ""Gaming"": 555000}",2023-08-31
PLAN_9390e4fb,USER_02444,2046377,"{""Food Delivery"": 2205000, ""Coffee Shop"": 735000, ""Movie Ticket"": 735000, ""Gaming"": 735000}",2023-08-31
PLAN_9f4f8008,USER_07988,1750769,"{""Food Delivery"": 1500000, ""Coffee Shop"": 500000, ""Movie Ticket"": 500000, ""Gaming"": 500000}",2023-08-31
PLAN_b9fcd68e,USER_03060,1373093,"{""Food Delivery"": 1830000, ""Coffee Shop"": 610000, ""Movie Ticket"": 610000, ""Gaming"": 610000}",2023-08-31
PLAN_3c7e831c,USER_04013,2623701,"{""Food Delivery"": 2220000, ""Coffee Shop"": 740000, ""Movie Ticket"": 740000, ""Gaming"": 740000}",2023-08-31
PLAN_ab54221d,USER_01129,742159,"{""Food Delivery"": 900000, ""Coffee Shop"": 300000, ""Movie Ticket"": 300000, ""Gaming"": 300000}",2023-08-31
PLAN_40445c69,USER_04929,1559975,"{""Food Delivery"": 1395000, ""Coffee Shop"": 465000, ""Movie Ticket"": 465000, ""Gaming"": 465000}",2023-08-31
PLAN_57306ee4,USER_01992,845522,"{""Food Delivery"": 810000, ""Coffee Shop"": 270000, ""Movie Ticket"": 270000, ""Gaming"": 270000}",2023-08-31
PLAN_d9285a1f,USER_04949,1292526,"{""Food Delivery"": 1005000, ""Coffee Shop"": 335000, ""Movie Ticket"": 335000, ""Gaming"": 335000}",2023-08-31
PLAN_5c242f3d,USER_09979,596548,"{""Food Delivery"": 645000, ""Coffee Shop"": 215000, ""Movie Ticket"": 215000, ""Gaming"": 215000}",2023-08-31
PLAN_62ade9e0,USER_01265,394481,"{""Food Delivery"": 555000, ""Coffee Shop"": 185000, ""Movie Ticket"": 185000, ""Gaming"": 185000}",2023-08-31
PLAN_73674472,USER_06444,1222986,"{""Food Delivery"": 1800000, ""Coffee Shop"": 600000, ""Movie Ticket"": 600000, ""Gaming"": 600000}",2023-08-31
PLAN_efd94ffd,USER_05023,1516292,"{""Food Delivery"": 1245000, ""Coffee Shop"": 415000, ""Movie Ticket"": 415000, ""Gaming"": 415000}",2023-08-31
PLAN_6e09c3e9,USER_03447,472668,"{""Food Delivery"": 465000, ""Coffee Shop"": 155000, ""Movie Ticket"": 155000, ""Gaming"": 155000}",2023-08-31
PLAN_fc78b866,USER_03977,1952768,"{""Food Delivery"": 1650000, ""Coffee Shop"": 550000, ""Movie Ticket"": 550000, ""Gaming"": 550000}",2023-08-31
PLAN_5ddf239d,USER_09342,1604753,"{""Food Delivery"": 1950000, ""Coffee Shop"": 650000, ""Movie Ticket"": 650000, ""Gaming"": 650000}",2023-08-31
PLAN_5845bdb6,USER_06111,1439239,"{""Food Delivery"": 1605000, ""Coffee Shop"": 535000, ""Movie Ticket"": 535000, ""Gaming"": 535000}",2023-08-31
PLAN_605669eb,USER_04457,1215522,"{""Food Delivery"": 1770000, ""Coffee Shop"": 590000, ""Movie Ticket"": 590000, ""Gaming"": 590000}",2023-08-31
PLAN_d3b988da,USER_03670,1667268,"{""Food Delivery"": 1275000, ""Coffee Shop"": 425000, ""Movie Ticket"": 425000, ""Gaming"": 425000}",2023-08-31
PLAN_72fc10b3,USER_02881,2051477,"{""Food Delivery"": 1845000, ""Coffee Shop"": 615000, ""Movie Ticket"": 615000, ""Gaming"": 615000}",2023-08-31
PLAN_1b92b5a0,USER_09725,2358510,"{""Food Delivery"": 1830000, ""Coffee Shop"": 610000, ""Movie Ticket"": 610000, ""Gaming"": 610000}",2023-08-31
PLAN_9d41ce68,USER_01443,1430010,"{""Food Delivery"": 1695000, ""Coffee Shop"": 565000, ""Movie Ticket"": 565000, ""Gaming"": 565000}",2023-08-31
PLAN_1102ca86,USER_08118,1837068,"{""Food Delivery"": 1710000, ""Coffee Shop"": 570000, ""Movie Ticket"": 570000, ""Gaming"": 570000}",2023-08-31
PLAN_41630180,USER_01631,1510649,"{""Food Delivery"": 1350000, ""Coffee Shop"": 450000, ""Movie Ticket"": 450000, ""Gaming"": 450000}",2023-08-31
PLAN_433865a9,USER_09769,1923622,"{""Food Delivery"": 2190000, ""Coffee Shop"": 730000, ""Movie Ticket"": 730000, ""Gaming"": 730000}",2023-08-31
PLAN_e9c4e3b4,USER_03245,942535,"{""Food Delivery"": 765000, ""Coffee Shop"": 255000, ""Movie Ticket"": 255000, ""Gaming"": 255000}",2023-08-31
PLAN_bc171a38,USER_00064,1246183,"{""Food Delivery"": 960000, ""Coffee Shop"": 320000, ""Movie Ticket"": 320000, ""Gaming"": 320000}",2023-08-31
PLAN_511ebbfb,USER_00655,2450311,"{""Food Delivery"": 1950000, ""Coffee Shop"": 650000, ""Movie Ticket"": 650000, ""Gaming"": 650000}",2023-08-31
PLAN_9dfb77b1,USER_03026,782580,"{""Food Delivery"": 675000, ""Coffee Shop"": 225000, ""Movie Ticket"": 225000, ""Gaming"": 225000}",2023-08-31
PLAN_64619403,USER_00041,1009197,"{""Food Delivery"": 1185000, ""Coffee Shop"": 395000, ""Movie Ticket"": 395000, ""Gaming"": 395000}",2023-08-31
PLAN_435a92df,USER_07058,1819894,"{""Food Delivery"": 2130000, ""Coffee Shop"": 710000, ""Movie Ticket"": 710000, ""Gaming"": 710000}",2023-08-31
PLAN_83bdd4f1,USER_03009,1413619,"{""Food Delivery"": 1080000, ""Coffee Shop"": 360000, ""Movie Ticket"": 360000, ""Gaming"": 360000}",2023-08-31
PLAN_e70c76db,USER_01217,464730,"{""Food Delivery"": 690000, ""Coffee Shop"": 230000, ""Movie Ticket"": 230000, ""Gaming"": 230000}",2023-08-31
PLAN_b64d1ac5,USER_01781,1870494,"{""Food Delivery"": 1635000, ""Coffee Shop"": 545000, ""Movie Ticket"": 545000, ""Gaming"": 545000}",2023-08-31
PLAN_1e81bf02,USER_06892,1484434,"{""Food Delivery"": 1305000, ""Coffee Shop"": 435000, ""Movie Ticket"": 435000, ""Gaming"": 435000}",2023-08-31
PLAN_10c782c4,USER_07024,2401580,"{""Food Delivery"": 2220000, ""Coffee Shop"": 740000, ""Movie Ticket"": 740000, ""Gaming"": 740000}",2023-08-31
PLAN_ce88ab8e,USER_06828,616933,"{""Food Delivery"": 465000, ""Coffee Shop"": 155000, ""Movie Ticket"": 155000, ""Gaming"": 155000}",2023-08-31
PLAN_b7794bcb,USER_01763,432920,"{""Food Delivery"": 495000, ""Coffee Shop"": 165000, ""Movie Ticket"": 165000, ""Gaming"": 165000}",2023-08-31
PLAN_49854fe8,USER_08904,1527567,"{""Food Delivery"": 1710000, ""Coffee Shop"": 570000, ""Movie Ticket"": 570000, ""Gaming"": 570000}",2023-08-31
PLAN_86682c6c,USER_07448,733678,"{""Food Delivery"": 1020000, ""Coffee Shop"": 340000, ""Movie Ticket"": 340000, ""Gaming"": 340000}",2023-08-31
PLAN_17b6129a,USER_07022,1832353,"{""Food Delivery"": 1905000, ""Coffee Shop"": 635000, ""Movie Ticket"": 635000, ""Gaming"": 635000}",2023-08-31
PLAN_38f343d6,USER_03343,1551089,"{""Food Delivery"": 1845000, ""Coffee Shop"": 615000, ""Movie Ticket"": 615000, ""Gaming"": 615000}",2023-08-31
PLAN_8c34f521,USER_02431,470185,"{""Food Delivery"": 525000, ""Coffee Shop"": 175000, ""Movie Ticket"": 175000, ""Gaming"": 175000}",2023-08-31
PLAN_f12c5891,USER_06384,2018028,"{""Food Delivery"": 1650000, ""Coffee Shop"": 550000, ""Movie Ticket"": 550000, ""Gaming"": 550000}",2023-08-31
PLAN_4f08f50e,USER_04705,2554839,"{""Food Delivery"": 1980000, ""Coffee Shop"": 660000, ""Movie Ticket"": 660000, ""Gaming"": 660000}",2023-08-31
PLAN_ce5058a5,USER_05595,1399165,"{""Food Delivery"": 1770000, ""Coffee Shop"": 590000, ""Movie Ticket"": 590000, ""Gaming"": 590000}",2023-08-31
PLAN_721d1d49,USER_07390,1345058,"{""Food Delivery"": 1470000, ""Coffee Shop"": 490000, ""Movie Ticket"": 490000, ""Gaming"": 490000}",2023-08-31
PLAN_23e78cb3,USER_05718,1890057,"{""Food Delivery"": 1470000, ""Coffee Shop"": 490000, ""Movie Ticket"": 490000, ""Gaming"": 490000}",2023-08-31
PLAN_035e0241,USER_09469,520286,"{""Food Delivery"": 735000, ""Coffee Shop"": 245000, ""Movie Ticket"": 245000, ""Gaming"": 245000}",2023-08-31
PLAN_7a7e12ac,USER_05060,1015895,"{""Food Delivery"": 1395000, ""Coffee Shop"": 465000, ""Movie Ticket"": 465000, ""Gaming"": 465000}",2023-08-31
PLAN_04649d7b,USER_04374,523255,"{""Food Delivery"": 675000, ""Coffee Shop"": 225000, ""Movie Ticket"": 225000, ""Gaming"": 225000}",2023-08-31
PLAN_c1d4aca0,USER_07123,1276170,"{""Food Delivery"": 1200000, ""Coffee Shop"": 400000, ""Movie Ticket"": 400000, ""Gaming"": 400000}",2023-08-31
PLAN_c615ce6a,USER_09181,1541632,"{""Food Delivery"": 2010000, ""Coffee Shop"": 670000, ""Movie Ticket"": 670000, ""Gaming"": 670000}",2023-08-31
PLAN_9eca3e51,USER_04974,1298930,"{""Food Delivery"": 990000, ""Coffee Shop"": 330000, ""Movie Ticket"": 330000, ""Gaming"": 330000}",2023-08-31
PLAN_56afb608,USER_01429,1924130,"{""Food Delivery"": 1995000, ""Coffee Shop"": 665000, ""Movie Ticket"": 665000, ""Gaming"": 665000}",2023-08-31
PLAN_510dccd2,USER_02302,1531548,"{""Food Delivery"": 1530000, ""Coffee Shop"": 510000, ""Movie Ticket"": 510000, ""Gaming"": 510000}",2023-08-31
PLAN_15d2c492,USER_05354,1221725,"{""Food Delivery"": 1470000, ""Coffee Shop"": 490000, ""Movie Ticket"": 490000, ""Gaming"": 490000}",2023-08-31
PLAN_4344be9c,USER_01965,1044381,"{""Food Delivery"": 1065000, ""Coffee Shop"": 355000, ""Movie Ticket"": 355000, ""Gaming"": 355000}",2023-08-31
PLAN_d35b0de7,USER_02626,1429245,"{""Food Delivery"": 1290000, ""Coffee Shop"": 430000, ""Movie Ticket"": 430000, ""Gaming"": 430000}",2023-08-31
PLAN_61cafab4,USER_03951,1663618,"{""Food Delivery"": 1425000, ""Coffee Shop"": 475000, ""Movie Ticket"": 475000, ""Gaming"": 475000}",2023-08-31
PLAN_dd0de528,USER_06252,666469,"{""Food Delivery"": 570000, ""Coffee Shop"": 190000, ""Movie Ticket"": 190000, ""Gaming"": 190000}",2023-08-31
PLAN_0f5de1ab,USER_09579,2145931,"{""Food Delivery"": 2040000, ""Coffee Shop"": 680000, ""Movie Ticket"": 680000, ""Gaming"": 680000}",2023-08-31
PLAN_8630be33,USER_09589,2456624,"{""Food Delivery"": 1935000, ""Coffee Shop"": 645000, ""Movie Ticket"": 645000, ""Gaming"": 645000}",2023-08-31
PLAN_a921c526,USER_01507,2090019,"{""Food Delivery"": 1725000, ""Coffee Shop"": 575000, ""Movie Ticket"": 575000, ""Gaming"": 575000}",2023-08-31
PLAN_dd41e949,USER_03838,1634054,"{""Food Delivery"": 1395000, ""Coffee Shop"": 465000, ""Movie Ticket"": 465000, ""Gaming"": 465000}",2023-08-31
PLAN_0a522a4f,USER_00806,1213946,"{""Food Delivery"": 1725000, ""Coffee Shop"": 575000, ""Movie Ticket"": 575000, ""Gaming"": 575000}",2023-08-31
PLAN_f9ab9dd1,USER_00294,513507,"{""Food Delivery"": 765000, ""Coffee Shop"": 255000, ""Movie Ticket"": 255000, ""Gaming"": 255000}",2023-08-31
PLAN_74eb6918,USER_00609,763841,"{""Food Delivery"": 945000, ""Coffee Shop"": 315000, ""Movie Ticket"": 315000, ""Gaming"": 315000}",2023-08-31
PLAN_edeb370d,USER_04505,1397359,"{""Food Delivery"": 1260000, ""Coffee Shop"": 420000, ""Movie Ticket"": 420000, ""Gaming"": 420000}",2023-08-31
PLAN_5a6b02e8,USER_09390,818494,"{""Food Delivery"": 870000, ""Coffee Shop"": 290000, ""Movie Ticket"": 290000, ""Gaming"": 290000}",2023-08-31
PLAN_b297bbb8,USER_03355,939612,"{""Food Delivery"": 1005000, ""Coffee Shop"": 335000, ""Movie Ticket"": 335000, ""Gaming"": 335000}",2023-08-31
PLAN_b5058709,USER_08188,2619575,"{""Food Delivery"": 2085000, ""Coffee Shop"": 695000, ""Movie Ticket"": 695000, ""Gaming"": 695000}",2023-08-31
PLAN_d09a5a8e,USER_01284,2388409,"{""Food Delivery"": 1890000, ""Coffee Shop"": 630000, ""Movie Ticket"": 630000, ""Gaming"": 630000}",2023-08-31
PLAN_c17514d6,USER_06244,897312,"{""Food Delivery"": 705000, ""Coffee Shop"": 235000, ""Movie Ticket"": 235000, ""Gaming"": 235000}",2023-08-31
PLAN_fa9c9405,USER_08954,1313878,"{""Food Delivery"": 1500000, ""Coffee Shop"": 500000, ""Movie Ticket"": 500000, ""Gaming"": 500000}",2023-08-31
PLAN_fb265d1b,USER_08141,1589592,"{""Food Delivery"": 1410000, ""Coffee Shop"": 470000, ""Movie Ticket"": 470000, ""Gaming"": 470000}",2023-08-31
PLAN_8fb53539,USER_02681,1602257,"{""Food Delivery"": 1890000, ""Coffee Shop"": 630000, ""Movie Ticket"": 630000, ""Gaming"": 630000}",2023-08-31
PLAN_ab6360c2,USER_08078,357182,"{""Food Delivery"": 450000, ""Coffee Shop"": 150000, ""Movie Ticket"": 150000, ""Gaming"": 150000}",2023-08-31
PLAN_744732a6,USER_06289,1386019,"{""Food Delivery"": 1755000, ""Coffee Shop"": 585000, ""Movie Ticket"": 585000, ""Gaming"": 585000}",2023-08-31
PLAN_3889f7a4,USER_06459,442895,"{""Food Delivery"": 495000, ""Coffee Shop"": 165000, ""Movie Ticket"": 165000, ""Gaming"": 165000}",2023-08-31
PLAN_250f534a,USER_08449,471886,"{""Food Delivery"": 495000, ""Coffee Shop"": 165000, ""Movie Ticket"": 165000, ""Gaming"": 165000}",2023-08-31
PLAN_467a4eff,USER_03756,2032353,"{""Food Delivery"": 1665000, ""Coffee Shop"": 555000, ""Movie Ticket"": 555000, ""Gaming"": 555000}",2023-08-31
PLAN_c47b2af3,USER_05715,627139,"{""Food Delivery"": 840000, ""Coffee Shop"": 280000, ""Movie Ticket"": 280000, ""Gaming"": 280000}",2023-08-31
PLAN_c3c0aa56,USER_09107,1249146,"{""Food Delivery"": 1080000, ""Coffee Shop"": 360000, ""Movie Ticket"": 360000, ""Gaming"": 360000}",2023-08-31
PLAN_ea2fdc64,USER_04311,1347680,"{""Food Delivery"": 1320000, ""Coffee Shop"": 440000, ""Movie Ticket"": 440000, ""Gaming"": 440000}",2023-08-31
PLAN_06ff6b0b,USER_01949,785646,"{""Food Delivery"": 915000, ""Coffee Shop"": 305000, ""Movie Ticket"": 305000, ""Gaming"": 305000}",2023-08-31
PLAN_332ccf57,USER_06124,925548,"{""Food Delivery"": 930000, ""Coffee Shop"": 310000, ""Movie Ticket"": 310000, ""Gaming"": 310000}",2023-08-31
PLAN_12c14aa5,USER_04810,740966,"{""Food Delivery"": 855000, ""Coffee Shop"": 285000, ""Movie Ticket"": 285000, ""Gaming"": 285000}",2023-08-31
PLAN_a1d5677b,USER_06233,2154710,"{""Food Delivery"": 2025000, ""Coffee Shop"": 675000, ""Movie Ticket"": 675000, ""Gaming"": 675000}",2023-08-31
PLAN_bc650596,USER_09192,1921350,"{""Food Delivery"": 2010000, ""Coffee Shop"": 670000, ""Movie Ticket"": 670000, ""Gaming"": 670000}",2023-08-31
PLAN_ba3ba38a,USER_05106,978100,"{""Food Delivery"": 1260000, ""Coffee Shop"": 420000, ""Movie Ticket"": 420000, ""Gaming"": 420000}",2023-08-31
PLAN_24e44aff,USER_02631,1440392,"{""Food Delivery"": 1935000, ""Coffee Shop"": 645000, ""Movie Ticket"": 645000, ""Gaming"": 645000}",2023-08-31
PLAN_fa837016,USER_04661,1376559,"{""Food Delivery"": 1335000, ""Coffee Shop"": 445000, ""Movie Ticket"": 445000, ""Gaming"": 445000}",2023-08-31
PLAN_23ee4bd0,USER_07289,1883388,"{""Food Delivery"": 1485000, ""Coffee Shop"": 495000, ""Movie Ticket"": 495000, ""Gaming"": 495000}",2023-08-31
PLAN_6502e408,USER_04771,1223001,"{""Food Delivery"": 1365000, ""Coffee Shop"": 455000, ""Movie Ticket"": 455000, ""Gaming"": 455000}",2023-08-31
PLAN_84157fde,USER_06427,1888970,"{""Food Delivery"": 1635000, ""Coffee Shop"": 545000, ""Movie Ticket"": 545000, ""Gaming"": 545000}",2023-08-31
PLAN_aace3f76,USER_01773,1044956,"{""Food Delivery"": 945000, ""Coffee Shop"": 315000, ""Movie Ticket"": 315000, ""Gaming"": 315000}",2023-08-31
PLAN_69bd8243,USER_04301,2240603,"{""Food Delivery"": 1740000, ""Coffee Shop"": 580000, ""Movie Ticket"": 580000, ""Gaming"": 580000}",2023-08-31
PLAN_46af0271,USER_07764,2604002,"{""Food Delivery"": 2145000, ""Coffee Shop"": 715000, ""Movie Ticket"": 715000, ""Gaming"": 715000}",2023-08-31
PLAN_01e2acbe,USER_06206,2114917,"{""Food Delivery"": 2025000, ""Coffee Shop"": 675000, ""Movie Ticket"": 675000, ""Gaming"": 675000}",2023-08-31
PLAN_b54151ab,USER_01635,1938725,"{""Food Delivery"": 1755000, ""Coffee Shop"": 585000, ""Movie Ticket"": 585000, ""Gaming"": 585000}",2023-08-31
PLAN_f7387f48,USER_03918,1613628,"{""Food Delivery"": 1275000, ""Coffee Shop"": 425000, ""Movie Ticket"": 425000, ""Gaming"": 425000}",2023-08-31
PLAN_6ea78075,USER_09281,1987316,"{""Food Delivery"": 2130000, ""Coffee Shop"": 710000, ""Movie Ticket"": 710000, ""Gaming"": 710000}",2023-08-31
PLAN_94d5db54,USER_09925,557253,"{""Food Delivery"": 630000, ""Coffee Shop"": 210000, ""Movie Ticket"": 210000, ""Gaming"": 210000}",2023-08-31
PLAN_3f576dd7,USER_08419,859189,"{""Food Delivery"": 1275000, ""Coffee Shop"": 425000, ""Movie Ticket"": 425000, ""Gaming"": 425000}",2023-08-31
